HASH,HASH_W_LEADING_ZEROS,API_NAME
0x458e154d,0x458e154d,$I10_OUTPUT
0x6a41e9c3,0x6a41e9c3,1-1-0.AddDllDirectory
0xc010403e,0xc010403e,1-1-0.CreateRemoteThreadEx
0xb5c23d90,0xb5c23d90,1-1-0.DeleteProc
0x940882e4,0x940882e4,1-1-0.GetLogical
0x293adfe7,0x293adfe7,1-1-0.I_Query
0x7f3322a7,0x7f3322a7,1-1-0.I_Sc
0x12e31511,0x12e31511,1-1-0.I_ScValidate
0xae330cf7,0xae330cf7,1-1-0.InitializeProcThreadAttributeList
0x5768c2db,0x5768c2db,1-1-0.OpenProcessToken
0x2ed3fb4,0x02ed3fb4,1-1-0.OpenThreadToken
0xfbe7ee68,0xfbe7ee68,1-1-0.RemoveDllDirectory
0x9c4eb413,0x9c4eb413,1-1-0.SetDefaultDllDirectories
0x2a1ea90e,0x2a1ea90e,1-1-0.SetThreadToken
0x234be35c,0x234be35c,1-1-0.SetWaitableTimerEx
0x9534d92c,0x9534d92c,1-1-0.UpdateProcThreadAttribute
0x8c753479,0x8c753479,??$AddMarker@UTextMarker@markers@baseprofiler@mozilla@@V?$basic_string@DU?$char_traits@D@std@@V?$allocator@D@2@@std@@@baseprofiler@mozilla@@YA?AVProfileBufferBlockIndex@1@ABV?$ProfilerStringView@D@1@ABVMarkerCategory@1@$$QAVMarkerOptions@1@UTextMarker@mark
0x2fd6cb40,0x2fd6cb40,??$AddMarker@UTextMarker@markers@baseprofiler@mozilla@@V?$basic_string@DU?$char_traits@D@std@@V?$allocator@D@2@@std@@@baseprofiler@mozilla@@YA?AVProfileBufferBlockIndex@1@AEBV?$ProfilerStringView@D@1@AEBVMarkerCategory@1@$$QEAVMarkerOptions@1@UTextMarker@markers@01@AEBV?$basic_string@DU?$char_traits@D@std@@V?$allocator@D@2@@std@@@Z
0x76db9024,0x76db9024,??$AddMarkerToBuffer@UNoPayload@markers@baseprofiler@mozilla@@$$V@baseprofiler@mozilla@@YA?AVProfileBufferBlockIndex@1@AAVProfileChunkedBuffer@1@ABV?$ProfilerStringView@D@1@ABVMarkerCategory@1@$$QAVMarkerOptions@1@UNoPayload@markers@01@@Z
0x13151278,0x13151278,??$AddMarkerToBuffer@UNoPayload@markers@baseprofiler@mozilla@@$$V@baseprofiler@mozilla@@YA?AVProfileBufferBlockIndex@1@AEAVProfileChunkedBuffer@1@AEBV?$ProfilerStringView@D@1@AEBVMarkerCategory@1@$$QEAVMarkerOptions@1@UNoPayload@markers@01@@Z
0x42f220cf,0x42f220cf,??$AddMarkerToBuffer@UTextMarker@markers@baseprofiler@mozilla@@V?$basic_string@DU?$char_traits@D@std@@V?$allocator@D@2@@std@@@baseprofiler@mozilla@@YA?AVProfileBufferBlockIndex@1@AAVProfileChunkedBuffer@1@ABV?$ProfilerStringView@D@1@ABVMarkerCategory@1@$$Q
0xee7c49d8,0xee7c49d8,??$AddMarkerToBuffer@UTextMarker@markers@baseprofiler@mozilla@@V?$basic_string@DU?$char_traits@D@std@@V?$allocator@D@2@@std@@@baseprofiler@mozilla@@YA?AVProfileBufferBlockIndex@1@AEAVProfileChunkedBuffer@1@AEBV?$ProfilerStringView@D@1@AEBVMarkerCategory@1@$$QEAVMarkerOptions@1@UTextMarker@markers@01@AEBV?$basic_string@DU?$char_traits@D@std@@V?$allocator@D@2@@std@@@Z
0xd79550a8,0xd79550a8,??0AutoSuppressStackWalking@@QEAA@XZ
0xaacc813c,0xaacc813c,??0AwakeTimeDuration@mozilla@@QAE@XZ
0xb935b2b0,0xb935b2b0,??0ConditionVariableImpl@detail@mozilla@@QAE@XZ
0xe8f86f91,0xe8f86f91,??0ConditionVariableImpl@detail@mozilla@@QEAA@XZ
0x43b888c7,0x43b888c7,??0Decimal@blink@@QAE@ABV01@@Z
0x7913a6b3,0x7913a6b3,??0Decimal@blink@@QAE@ABVEncodedData@01@@Z
0x83a0ab35,0x83a0ab35,??0Decimal@blink@@QAE@H@Z
0xb6d2689c,0xb6d2689c,??0Decimal@blink@@QAE@W4Sign@01@H_K@Z
0xa8e0144d,0xa8e0144d,??0Decimal@blink@@QEAA@AEBV01@@Z
0xf6a2ab39,0xf6a2ab39,??0Decimal@blink@@QEAA@AEBVEncodedData@01@@Z
0x225836d6,0x225836d6,??0Decimal@blink@@QEAA@H@Z
0xa4f76dbd,0xa4f76dbd,??0Decimal@blink@@QEAA@W4Sign@01@H_K@Z
0xb5760ae2,0xb5760ae2,??0LZ4FrameCompressionContext@Compression@mozilla@@QAE@HI_N0@Z
0x9be2d65,0x09be2d65,??0LZ4FrameCompressionContext@Compression@mozilla@@QEAA@H_K_N1@Z
0x274f3eea,0x274f3eea,??0LZ4FrameDecompressionContext@Compression@mozilla@@QAE@_N@Z
0x8e8338ab,0x8e8338ab,??0LZ4FrameDecompressionContext@Compression@mozilla@@QEAA@_N@Z
0xae933c56,0xae933c56,??0MutexImpl@detail@mozilla@@QAE@XZ
0x8a072df7,0x8a072df7,??0MutexImpl@detail@mozilla@@QEAA@XZ
0xd50893b0,0xd50893b0,??0PrintfTarget@mozilla@@IAE@XZ
0x7f277091,0x7f277091,??0PrintfTarget@mozilla@@IEAA@XZ
0x95451072,0x95451072,??0RLBoxSoundTouch@mozilla@@QEAA@XZ
0x62b97815,0x62b97815,??0RWLockImpl@detail@mozilla@@QAE@XZ
0xdfbf10c0,0xdfbf10c0,??0SHA1Sum@mozilla@@QAE@XZ
0xe0ad8fa1,0xe0ad8fa1,??0SHA1Sum@mozilla@@QEAA@XZ
0x11c03880,0x11c03880,??0SoundTouch@soundtouch@@QAE@ABV01@@Z
0xa309d69e,0xa309d69e,??0SoundTouch@soundtouch@@QAE@XZ
0x36d49cce,0x36d49cce,??0TimeStampValue@mozilla@@AAE@_K0_N@Z
0xfce3c740,0xfce3c740,??0TimeStampValue@mozilla@@AEAA@_K0_N1@Z
0xa96143d9,0xa96143d9,??0UniqueJSONStrings@baseprofiler@mozilla@@QAE@ABV012@VProgressLogger@2@W4CollectionStyle@JSONWriter@2@@Z
0xe7c04ed0,0xe7c04ed0,??0UniqueJSONStrings@baseprofiler@mozilla@@QAE@W4CollectionStyle@JSONWriter@2@@Z
0x96b623e2,0x96b623e2,??0UniqueJSONStrings@baseprofiler@mozilla@@QEAA@AEBV012@W4CollectionStyle@JSONWriter@2@@Z
0xce740471,0xce740471,??0UniqueJSONStrings@baseprofiler@mozilla@@QEAA@W4CollectionStyle@JSONWriter@2@@Z
0x6b5d83d8,0x6b5d83d8,??0__non_rtti_object@@QAE@ABV0@@Z
0x1bb8b8e5,0x1bb8b8e5,??0__non_rtti_object@@QAE@PBD@Z
0x4d5e41b8,0x4d5e41b8,??0bad_cast@@AAE@PBQBD@Z
0x20800679,0x20800679,??0bad_cast@@QAE@ABQBD@Z
0x20d09128,0x20d09128,??0bad_cast@@QAE@ABV0@@Z
0x27683235,0x27683235,??0bad_cast@@QAE@PBD@Z
0x562442ec,0x562442ec,??0bad_typeid@@QAE@ABV0@@Z
0xeddca2f9,0xeddca2f9,??0bad_typeid@@QAE@PBD@Z
0x12bfae37,0x12bfae37,??0exception@@QAE@ABQBD@Z
0x131038e6,0x131038e6,??0exception@@QAE@ABV0@@Z
0xc0f369d5,0xc0f369d5,??0exception@@QAE@XZ
0xfc594c9,0x0fc594c9,??1AutoSuppressStackWalking@@QEAA@XZ
0x67928031,0x67928031,??1ConditionVariableImpl@detail@mozilla@@QAE@XZ
0x62eeed32,0x62eeed32,??1ConditionVariableImpl@detail@mozilla@@QEAA@XZ
0x65ebe6ad,0x65ebe6ad,??1LZ4FrameCompressionContext@Compression@mozilla@@QAE@XZ
0x2c75232e,0x2c75232e,??1LZ4FrameCompressionContext@Compression@mozilla@@QEAA@XZ
0x8497876,0x08497876,??1LZ4FrameDecompressionContext@Compression@mozilla@@QAE@XZ
0x1a84ee17,0x1a84ee17,??1LZ4FrameDecompressionContext@Compression@mozilla@@QEAA@XZ
0xbfcb0057,0xbfcb0057,??1MutexImpl@detail@mozilla@@QAE@XZ
0xc2377218,0xc2377218,??1MutexImpl@detail@mozilla@@QEAA@XZ
0x2d650e9d,0x2d650e9d,??1ProfilingStack@baseprofiler@mozilla@@QAE@XZ
0xe313491e,0xe313491e,??1ProfilingStack@baseprofiler@mozilla@@QEAA@XZ
0xa67cd473,0xa67cd473,??1RLBoxSoundTouch@mozilla@@QEAA@XZ
0x9ae9bc36,0x9ae9bc36,??1RWLockImpl@detail@mozilla@@QAE@XZ
0x45f7d4c3,0x45f7d4c3,??1SoundTouch@soundtouch@@UAE@XZ
0xfba42bb8,0xfba42bb8,??1UniqueJSONStrings@baseprofiler@mozilla@@QAE@XZ
0x79360999,0x79360999,??1UniqueJSONStrings@baseprofiler@mozilla@@QEAA@XZ
0x4a2eeb2c,0x4a2eeb2c,??1__non_rtti_object@@UAE@XZ
0x797955c,0x0797955c,??1bad_cast@@UAE@XZ
0xc6e0a0e0,0xc6e0a0e0,??1bad_typeid@@UAE@XZ
0xb85e2e7a,0xb85e2e7a,??1exception@@UAE@XZ
0x35206198,0x35206198,??1type_info@@UAE@XZ
0x6af66605,0x6af66605,??2@YAPAXI@Z
0xf088392c,0xf088392c,??2@YAPAXIABUnothrow_t@std@@@Z
0x82ad4ed5,0x82ad4ed5,??3@YAXPAX@Z
0x17dc35fc,0x17dc35fc,??3@YAXPAXABUnothrow_t@std@@@Z
0xd8574cbe,0xd8574cbe,??3@YAXPAXI@Z
0x43973664,0x43973664,??4Decimal@blink@@QAEAAV01@ABV01@@Z
0x9e30c6cf,0x9e30c6cf,??4Decimal@blink@@QEAAAEAV01@AEBV01@@Z
0xdc5065bd,0xdc5065bd,??4SoundTouch@soundtouch@@QAEAAV01@ABV01@@Z
0x6971a3c4,0x6971a3c4,??4__non_rtti_object@@QAEAAV0@ABV0@@Z
0x54f28494,0x54f28494,??4bad_cast@@QAEAAV0@ABV0@@Z
0xda76a958,0xda76a958,??4bad_typeid@@QAEAAV0@ABV0@@Z
0xbb756bd2,0xbb756bd2,??4exception@@QAEAAV0@ABV0@@Z
0xe6518994,0xe6518994,??8AwakeTimeDuration@mozilla@@QBE_NABV01@@Z
0x13f972d3,0x13f972d3,??8AwakeTimeStamp@mozilla@@QBE_NABV01@@Z
0x6cf0c9dd,0x6cf0c9dd,??8Decimal@blink@@QBE_NABV01@@Z
0x1cfc2543,0x1cfc2543,??8Decimal@blink@@QEBA_NAEBV01@@Z
0xbdeb3cf5,0xbdeb3cf5,??8type_info@@QBEHABV0@@Z
0xf989be95,0xf989be95,??9AwakeTimeDuration@mozilla@@QBE_NABV01@@Z
0xb500df74,0xb500df74,??9AwakeTimeStamp@mozilla@@QBE_NABV01@@Z
0x430cb55e,0x430cb55e,??9Decimal@blink@@QBE_NABV01@@Z
0xe9c0f504,0xe9c0f504,??9Decimal@blink@@QEBA_NAEBV01@@Z
0x8620dbb6,0x8620dbb6,??9type_info@@QBEHABV0@@Z
0xecc82913,0xecc82913,??DDecimal@blink@@QBE?AV01@ABV01@@Z
0xa3527539,0xa3527539,??DDecimal@blink@@QEBA?AV01@AEBV01@@Z
0xc32c6cd,0x0c32c6cd,??GAwakeTimeDuration@mozilla@@QBE?AV01@ABV01@@Z
0x2af4641a,0x2af4641a,??GAwakeTimeStamp@mozilla@@QBE?AVAwakeTimeDuration@1@ABV01@@Z
0x206f7516,0x206f7516,??GDecimal@blink@@QBE?AV01@ABV01@@Z
0x5b04dab4,0x5b04dab4,??GDecimal@blink@@QBE?AV01@XZ
0x5dfccdfc,0x5dfccdfc,??GDecimal@blink@@QEBA?AV01@AEBV01@@Z
0x580e29b5,0x580e29b5,??GDecimal@blink@@QEBA?AV01@XZ
0x586c8773,0x586c8773,??GTimeStampValue@mozilla@@QBE_KABV01@@Z
0x5a540cb9,0x5a540cb9,??GTimeStampValue@mozilla@@QEBA_KAEBV01@@Z
0xba8f944e,0xba8f944e,??HAwakeTimeDuration@mozilla@@QBE?AV01@ABV01@@Z
0x473da81b,0x473da81b,??HAwakeTimeStamp@mozilla@@QBE?AV01@ABVAwakeTimeDuration@1@@Z
0x31a73917,0x31a73917,??HDecimal@blink@@QBE?AV01@ABV01@@Z
0x9c35963d,0x9c35963d,??HDecimal@blink@@QEBA?AV01@AEBV01@@Z
0x654e851a,0x654e851a,??KDecimal@blink@@QBE?AV01@ABV01@@Z
0x56dfef00,0x56dfef00,??KDecimal@blink@@QEBA?AV01@AEBV01@@Z
0x79ede2a9,0x79ede2a9,??MAwakeTimeDuration@mozilla@@QBE_NABV01@@Z
0x49955c08,0x49955c08,??MAwakeTimeStamp@mozilla@@QBE_NABV01@@Z
0xfd3b1b72,0xfd3b1b72,??MDecimal@blink@@QBE_NABV01@@Z
0xe9213018,0xe9213018,??MDecimal@blink@@QEBA_NAEBV01@@Z
0x8d2617aa,0x8d2617aa,??NAwakeTimeDuration@mozilla@@QBE_NABV01@@Z
0xea9cc8a9,0xea9cc8a9,??NAwakeTimeStamp@mozilla@@QBE_NABV01@@Z
0xd35706f3,0xd35706f3,??NDecimal@blink@@QBE_NABV01@@Z
0xb5e5ffd9,0xb5e5ffd9,??NDecimal@blink@@QEBA_NAEBV01@@Z
0xa05e4cab,0xa05e4cab,??OAwakeTimeDuration@mozilla@@QBE_NABV01@@Z
0x8ba4354a,0x8ba4354a,??OAwakeTimeStamp@mozilla@@QBE_NABV01@@Z
0xa972f274,0xa972f274,??ODecimal@blink@@QBE_NABV01@@Z
0x82aacf9a,0x82aacf9a,??ODecimal@blink@@QEBA_NAEBV01@@Z
0xb39681ac,0xb39681ac,??PAwakeTimeDuration@mozilla@@QBE_NABV01@@Z
0x2caba1eb,0x2caba1eb,??PAwakeTimeStamp@mozilla@@QBE_NABV01@@Z
0x7f8eddf5,0x7f8eddf5,??PDecimal@blink@@QBE_NABV01@@Z
0x4f6f9f5b,0x4f6f9f5b,??PDecimal@blink@@QEBA_NAEBV01@@Z
0xccabf3a8,0xccabf3a8,??RFileHandleDeleter@detail@mozilla@@QAEXUFileHandleHelper@12@@Z
0xd5f385a9,0xd5f385a9,??RFileHandleDeleter@detail@mozilla@@QEAAXUFileHandleHelper@12@@Z
0xe37cfe9d,0xe37cfe9d,??RProfilerBacktraceDestructor@baseprofiler@mozilla@@QAEXPAVProfilerBacktrace@12@@Z
0x600a5f43,0x600a5f43,??RProfilerBacktraceDestructor@baseprofiler@mozilla@@QEAAXPEAVProfilerBacktrace@12@@Z
0xaf6ec688,0xaf6ec688,??XDecimal@blink@@QAEAAV01@ABV01@@Z
0x5db21473,0x5db21473,??XDecimal@blink@@QEAAAEAV01@AEBV01@@Z
0x155775bf,0x155775bf,??YAwakeTimeDuration@mozilla@@QAEXABV01@@Z
0x4bd0bec,0x04bd0bec,??YAwakeTimeStamp@mozilla@@QAEXABVAwakeTimeDuration@1@@Z
0xc0a68a89,0xc0a68a89,??YDecimal@blink@@QAEAAV01@ABV01@@Z
0x6303e4d4,0x6303e4d4,??YDecimal@blink@@QEAAAEAV01@AEBV01@@Z
0x169f9f22,0x169f9f22,??YTimeStampValue@mozilla@@QAEAAV01@_J@Z
0x4e0708c8,0x4e0708c8,??YTimeStampValue@mozilla@@QEAAAEAV01@_J@Z
0x15ec8ea0,0x15ec8ea0,??ZAwakeTimeDuration@mozilla@@QAEXABV01@@Z
0x1a239a8d,0x1a239a8d,??ZAwakeTimeStamp@mozilla@@QAEXABVAwakeTimeDuration@1@@Z
0xd1de4e8a,0xd1de4e8a,??ZDecimal@blink@@QAEAAV01@ABV01@@Z
0x6855b535,0x6855b535,??ZDecimal@blink@@QEAAAEAV01@AEBV01@@Z
0xb7a70bc3,0xb7a70bc3,??ZTimeStampValue@mozilla@@QAEAAV01@_J@Z
0x4e9c21a9,0x4e9c21a9,??ZTimeStampValue@mozilla@@QEAAAEAV01@_J@Z
0xde46ec3f,0xde46ec3f,??_0Decimal@blink@@QAEAAV01@ABV01@@Z
0x523872ca,0x523872ca,??_0Decimal@blink@@QEAAAEAV01@AEBV01@@Z
0x1a9994d3,0x1a9994d3,??_7SoundTouch@soundtouch@@6B@
0x868dd15c,0x868dd15c,??_7__non_rtti_object@@6B@
0xd8c993ec,0xd8c993ec,??_7bad_cast@@6B@
0xe1144330,0xe1144330,??_7bad_typeid@@6B@
0x3e22526a,0x3e22526a,??_7exception@@6B@
0x8473b8d2,0x8473b8d2,??_FDecimal@blink@@QAEXXZ
0x1bea76f3,0x1bea76f3,??_FDecimal@blink@@QEAAXXZ
0xa9f5d482,0xa9f5d482,??_FLZ4FrameDecompressionContext@Compression@mozilla@@QAEXXZ
0xf1b008a3,0xf1b008a3,??_FLZ4FrameDecompressionContext@Compression@mozilla@@QEAAXXZ
0x56a2c6c4,0x56a2c6c4,??_FUniqueJSONStrings@baseprofiler@mozilla@@QAEXXZ
0x33fb4325,0x33fb4325,??_FUniqueJSONStrings@baseprofiler@mozilla@@QEAAXXZ
0x3af7cae4,0x3af7cae4,??_Fbad_cast@@QAEXXZ
0xf9252368,0xf9252368,??_Fbad_typeid@@QAEXXZ
0xf4add247,0xf4add247,??_U@YAPAXI@Z
0x8d7101ee,0x8d7101ee,??_U@YAPAXIABUnothrow_t@std@@@Z
0xc64bb17,0x0c64bb17,??_V@YAXPAX@Z
0xb4c4febe,0xb4c4febe,??_V@YAXPAXABUnothrow_t@std@@@Z
0x98fc4140,0x98fc4140,??_V@YAXPAXI@Z
0x39b6e94f,0x39b6e94f,?AddRef@PageInformation@baseprofiler@mozilla@@QBEXXZ
0x7750a6f0,0x7750a6f0,?AddRef@PageInformation@baseprofiler@mozilla@@QEBAXXZ
0x3b14d7b0,0x3b14d7b0,?AddRef@ThreadInfo@baseprofiler@mozilla@@QBEXXZ
0xa46c6171,0xa46c6171,?AddRef@ThreadInfo@baseprofiler@mozilla@@QEBAXXZ
0xa6ddb446,0xa6ddb446,?BeginCompressing@LZ4FrameCompressionContext@Compression@mozilla@@QAE?AV?$Result@V?$Span@$$CBD$0PPPPPPPP@@mozilla@@I@3@V?$Span@D$0PPPPPPPP@@3@@Z
0xedfa70e6,0xedfa70e6,?BeginCompressing@LZ4FrameCompressionContext@Compression@mozilla@@QEAA?AV?$Result@V?$Span@$$CBD$0?0@mozilla@@_K@3@V?$Span@D$0?0@3@@Z
0x75e7c257,0x75e7c257,?BeginProcessRuntimeInit@detail@mscom@mozilla@@YAAAW4ProcessInitState@123@XZ
0x8bbe4ff4,0x8bbe4ff4,?BeginProcessRuntimeInit@detail@mscom@mozilla@@YAAEA_NXZ
0x4b8e17a6,0x4b8e17a6,?CacheNtDllThunk@mozilla@@YAXXZ
0x7f774081,0x7f774081,?CheckQPC@TimeStampValue@mozilla@@ABE_KABV12@@Z
0x1fb480c7,0x1fb480c7,?CheckQPC@TimeStampValue@mozilla@@AEBA_KAEBV12@@Z
0x93572515,0x93572515,?CleanupProcessRuntime@mozilla@@YAXXZ
0x6596a80a,0x6596a80a,?ComputeProcessUptime@TimeStamp@mozilla@@CA_KXZ
0xdc7f7f50,0xdc7f7f50,?ConsumePreXULSkeletonUIHandle@mozilla@@YAPAUHWND__@@XZ
0x96bd6a35,0x96bd6a35,?ConsumePreXULSkeletonUIHandle@mozilla@@YAPEAUHWND__@@XZ
0xfd2e0713,0xfd2e0713,?ContinueCompressing@LZ4FrameCompressionContext@Compression@mozilla@@QAE?AV?$Result@V?$Span@$$CBD$0PPPPPPPP@@mozilla@@I@3@V?$Span@$$CBD$0PPPPPPPP@@3@@Z
0xb60080d3,0xb60080d3,?ContinueCompressing@LZ4FrameCompressionContext@Compression@mozilla@@QEAA?AV?$Result@V?$Span@$$CBD$0?0@mozilla@@_K@3@V?$Span@$$CBD$0?0@3@@Z
0x70518938,0x70518938,?CreateAndStorePreXULSkeletonUI@mozilla@@YAXPAUHINSTANCE__@@HPAPAD@Z
0x50453487,0x50453487,?CreateAndStorePreXULSkeletonUI@mozilla@@YAXPEAUHINSTANCE__@@HPEAPEAD@Z
0x90fe1af0,0x90fe1af0,?CreateDecimalRepresentation@DoubleToStringConverter@double_conversion@@ABEXPBDHHHPAVStringBuilder@2@@Z
0x88296e5b,0x88296e5b,?CreateDecimalRepresentation@DoubleToStringConverter@double_conversion@@AEBAXPEBDHHHPEAVStringBuilder@2@@Z
0x9602e420,0x9602e420,?CreateExponentialRepresentation@DoubleToStringConverter@double_conversion@@ABEXPBDHHPAVStringBuilder@2@@Z
0xb64cd2cb,0xb64cd2cb,?CreateExponentialRepresentation@DoubleToStringConverter@double_conversion@@AEBAXPEBDHHPEAVStringBuilder@2@@Z
0x2677d4ee,0x2677d4ee,?Decompress@LZ4FrameDecompressionContext@Compression@mozilla@@QAE?AV?$Result@ULZ4FrameDecompressionResult@Compression@mozilla@@I@3@V?$Span@D$0PPPPPPPP@@3@V?$Span@$$CBD$0PPPPPPPP@@3@@Z
0xcf7f4d6e,0xcf7f4d6e,?Decompress@LZ4FrameDecompressionContext@Compression@mozilla@@QEAA?AV?$Result@ULZ4FrameDecompressionResult@Compression@mozilla@@_K@3@V?$Span@D$0?0@3@V?$Span@$$CBD$0?0@3@@Z
0x5cbf1ad4,0x5cbf1ad4,?DeserializerForTag@Streaming@base_profiler_markers_detail@mozilla@@SAP6AXAAVProfileBufferEntryReader@3@AAVSpliceableJSONWriter@baseprofiler@3@@ZE@Z
0x425a471e,0x425a471e,?DeserializerForTag@Streaming@base_profiler_markers_detail@mozilla@@SAP6AXAEAVProfileBufferEntryReader@3@AEAVSpliceableJSONWriter@baseprofiler@3@@ZE@Z
0x8beb9e6b,0x8beb9e6b,?DllBlocklist_CheckStatus@@YA_NXZ
0x772d41b7,0x772d41b7,?DllBlocklist_Initialize@@YAXI@Z
0x90705e44,0x90705e44,?DllBlocklist_SetBasicDllServices@@YAXPAVDllServicesBase@detail@glue@mozilla@@@Z
0xe2309c29,0xe2309c29,?DllBlocklist_SetBasicDllServices@@YAXPEAVDllServicesBase@detail@glue@mozilla@@@Z
0x337cc375,0x337cc375,?DllBlocklist_SetFullDllServices@@YAXPAVDllServicesBase@detail@glue@mozilla@@@Z
0xe6c9a77a,0xe6c9a77a,?DllBlocklist_SetFullDllServices@@YAXPEAVDllServicesBase@detail@glue@mozilla@@@Z
0x1cd1d8a4,0x1cd1d8a4,?DllBlocklist_WriteNotes@@YAXAAVAnnotationWriter@CrashReporter@@@Z
0x2b554249,0x2b554249,?DllBlocklist_WriteNotes@@YAXAEAVAnnotationWriter@CrashReporter@@@Z
0xd8b11380,0xd8b11380,?DoubleToAscii@DoubleToStringConverter@double_conversion@@SAXNW4DtoaMode@12@HPADHPA_NPAH3@Z
0x53907baf,0x53907baf,?DoubleToAscii@DoubleToStringConverter@double_conversion@@SAXNW4DtoaMode@12@HPEADHPEA_NPEAH3@Z
0x620c3fc0,0x620c3fc0,?EcmaScriptConverter@DoubleToStringConverter@double_conversion@@SAABV12@XZ
0xbb01aac5,0xbb01aac5,?EcmaScriptConverter@DoubleToStringConverter@double_conversion@@SAAEBV12@XZ
0xbc57b0ba,0xbc57b0ba,?EndCompressing@LZ4FrameCompressionContext@Compression@mozilla@@QAE?AV?$Result@V?$Span@$$CBD$0PPPPPPPP@@mozilla@@I@3@XZ
0xb09ceb0b,0xb09ceb0b,?EndCompressing@LZ4FrameCompressionContext@Compression@mozilla@@QEAA?AV?$Result@V?$Span@$$CBD$0?0@mozilla@@_K@3@XZ
0xbca97aca,0xbca97aca,?EndProcessRuntimeInit@detail@mscom@mozilla@@YAXXZ
0xc4fcfbc8,0xc4fcfbc8,?EnsureBufferForMainThreadAddMarker@base_profiler_markers_detail@mozilla@@YAXXZ
0xad4a2b52,0xad4a2b52,?ExtractBaseProfilerChunkManager@detail@baseprofiler@mozilla@@YA?AV?$UniquePtr@VProfileBufferChunkManagerWithLocalLimit@mozilla@@V?$DefaultDelete@VProfileBufferChunkManagerWithLocalLimit@mozilla@@@2@@3@XZ
0xfd024c03,0xfd024c03,?FilterHasPid@detail@profiler@mozilla@@YA_NPBDVBaseProfilerProcessId@baseprofiler@3@@Z
0xf86ca5f7,0xf86ca5f7,?FiltersExcludePid@detail@profiler@mozilla@@YA_NV?$Span@QBD$0PPPPPPPP@@3@VBaseProfilerProcessId@baseprofiler@3@@Z
0x4c0917f5,0x4c0917f5,?FirstTimeStamp@TimeStamp@mozilla@@SA?AV12@XZ
0xe5daf0f4,0xe5daf0f4,?FormatToStringSpan@MarkerSchema@mozilla@@CA?AV?$Span@$$CBD$0?0@2@W4Format@12@@Z
0xfb9c8945,0xfb9c8945,?FormatToStringSpan@MarkerSchema@mozilla@@CA?AV?$Span@$$CBD$0PPPPPPPP@@2@W4Format@12@@Z
0x3b326251,0x3b326251,?FramePointerStackWalk@mozilla@@YAXP6AXIPAX00@ZI0PAPAX0@Z
0x7a55b000,0x7a55b000,?FramePointerStackWalk@mozilla@@YAXP6AXIPEAX00@ZI0PEAPEAX0@Z
0xe993d2a2,0xe993d2a2,?GenerateRandomBytesFromOS@mozilla@@YA_NPAXI@Z
0x34c907b5,0x34c907b5,?GetAccessibilityResource@ActCtxResource@mscom@mozilla@@SA?AU123@XZ
0x3b33e77e,0x3b33e77e,?GetAccessibilityResourceId@ActCtxResource@mscom@mozilla@@SAGXZ
0x7e904cc5,0x7e904cc5,?GetCachedNtDllThunk@mozilla@@YAPAV?$Buffer@U_IMAGE_THUNK_DATA32@@@1@XZ
0xfbbb5d74,0xfbbb5d74,?GetClearedBufferForMainThreadAddMarker@base_profiler_markers_detail@mozilla@@YAPAVProfileChunkedBuffer@2@XZ
0x2865d94d,0x2865d94d,?GetFuzzyfoxEnabled@TimeStamp@mozilla@@SA_NXZ
0x4afd4271,0x4afd4271,?GetOrAddIndex@UniqueJSONStrings@baseprofiler@mozilla@@AAEIABV?$Span@$$CBD$0PPPPPPPP@@3@@Z
0x721537c6,0x721537c6,?GetOrAddIndex@UniqueJSONStrings@baseprofiler@mozilla@@AEAAIAEBV?$Span@$$CBD$0?0@3@@Z
0x1068920d,0x1068920d,?GetPreXULSkeletonUIEnabled@mozilla@@YA_NXZ
0x5d2ba9af,0x5d2ba9af,?GetPreXULSkeletonUIErrorReason@mozilla@@YA?AV?$Maybe@W4PreXULSkeletonUIError@mozilla@@@1@XZ
0x32fe9d3c,0x32fe9d3c,?GetPreXULSkeletonUIWasShown@mozilla@@YA_NXZ
0xd10e67e,0x0d10e67e,?GetProfilerEnvVarsForChildProcess@baseprofiler@mozilla@@YAX$$QAV?$function@$$A6AXPBD0@Z@std@@@Z
0x915451a8,0x915451a8,?GetProfilerEnvVarsForChildProcess@baseprofiler@mozilla@@YAX$$QEAV?$function@$$A6AXPEBD0@Z@std@@@Z
0x50e34235,0x50e34235,?GetProfilingCategoryPairInfo@baseprofiler@mozilla@@YAABUProfilingCategoryPairInfo@12@W4ProfilingCategoryPair@12@@Z
0xe85087da,0xe85087da,?GetProfilingCategoryPairInfo@baseprofiler@mozilla@@YAAEBUProfilingCategoryPairInfo@12@W4ProfilingCategoryPair@12@@Z
0x6f807db2,0x6f807db2,?GetProfilingStack@AutoProfilerLabel@baseprofiler@mozilla@@SAPAVProfilingStack@23@XZ
0x151df837,0x151df837,?GetProfilingStack@AutoProfilerLabel@baseprofiler@mozilla@@SAPEAVProfilingStack@23@XZ
0x81823d07,0x81823d07,?GetProfilingStartTime@detail@baseprofiler@mozilla@@YA?AVTimeStamp@3@XZ
0x16e2e8b8,0x16e2e8b8,?GetQueryPerformanceFrequencyPerSec@mozilla@@YA_KXZ
0x1d87a282,0x1d87a282,?GetThreadRegistrationTime@detail@baseprofiler@mozilla@@YA?AVTimeStamp@3@XZ
0x3d2ae7ac,0x3d2ae7ac,?HandleSpecialValues@DoubleToStringConverter@double_conversion@@ABE_NNPAVStringBuilder@2@@Z
0x2c77b592,0x2c77b592,?HandleSpecialValues@DoubleToStringConverter@double_conversion@@AEBA_NNPEAVStringBuilder@2@@Z
0x9778c561,0x9778c561,?HashBytes@mozilla@@YAIPBXI@Z
0xd7d1227,0x0d7d1227,?HashBytes@mozilla@@YAIPEBX_K@Z
0x3d6119e4,0x3d6119e4,?Init@RLBoxSoundTouch@mozilla@@QEAA_NXZ
0x3dd37db0,0x3dd37db0,?InitializeUptime@mozilla@@YAXXZ
0x8888b6f9,0x8888b6f9,?InitializeWin64ProfilerHooks@baseprofiler@mozilla@@YAXXZ
0xfd1f1f05,0xfd1f1f05,?InvalidArrayIndex_CRASH@detail@mozilla@@YAXII@Z
0xcc7e7610,0xcc7e7610,?IsActive@RacyFeatures@detail@baseprofiler@mozilla@@SA_NXZ
0xad8dd9e3,0xad8dd9e3,?IsActiveAndSamplingUnpaused@RacyFeatures@detail@baseprofiler@mozilla@@SA_NXZ
0x6275a748,0x6275a748,?IsActiveAndUnpaused@RacyFeatures@detail@baseprofiler@mozilla@@SA_NXZ
0x301b64e9,0x301b64e9,?IsActiveWithFeature@RacyFeatures@detail@baseprofiler@mozilla@@SA_NI@Z
0x323511f3,0x323511f3,?IsDynamicCodeDisabled@mozilla@@YA_NXZ
0x30fe6cd6,0x30fe6cd6,?IsEafPlusEnabled@mozilla@@YA_NXZ
0x8b9396b8,0x8b9396b8,?IsFloat32Representable@mozilla@@YA_NN@Z
0x6d78291e,0x6d78291e,?IsThreadBeingProfiled@detail@baseprofiler@mozilla@@YA_NXZ
0x535e00a0,0x535e00a0,?IsValidUtf8@detail@mozilla@@YA_NPBXI@Z
0x579e1926,0x579e1926,?IsValidUtf8@detail@mozilla@@YA_NPEBX_K@Z
0x91fe0cc3,0x91fe0cc3,?IsWin32kLockedDown@mozilla@@YA_NXZ
0xbe02c454,0xbe02c454,?LocationToStringSpan@MarkerSchema@mozilla@@CA?AV?$Span@$$CBD$0?0@2@W4Location@12@@Z
0xa7cb8ee5,0xa7cb8ee5,?LocationToStringSpan@MarkerSchema@mozilla@@CA?AV?$Span@$$CBD$0PPPPPPPP@@2@W4Location@12@@Z
0xe7cd7811,0xe7cd7811,?MapRemoteViewOfFile@mozilla@@YAPAXPAX0_K0KKK@Z
0xa012f61,0x0a012f61,?MapRemoteViewOfFile@mozilla@@YAPEAXPEAX0_K01KK@Z
0x1ef63c3a,0x1ef63c3a,?MarkerTypeFunctionsArray@Streaming@base_profiler_markers_detail@mozilla@@SA?AV?$Span@$$CBUMarkerTypeFunctions@Streaming@base_profiler_markers_detail@mozilla@@$0?0@3@XZ
0xf333ea8b,0xf333ea8b,?MarkerTypeFunctionsArray@Streaming@base_profiler_markers_detail@mozilla@@SA?AV?$Span@$$CBUMarkerTypeFunctions@Streaming@base_profiler_markers_detail@mozilla@@$0PPPPPPPP@@3@XZ
0x45be007d,0x45be007d,?MozDescribeCodeAddress@@YA_NPEAXPEAUMozCodeAddressDetails@@@Z
0x6ca50f86,0x6ca50f86,?MozFormatCodeAddress@@YAXPEADIIPEBXPEBD2_J2I@Z
0x9a485223,0x9a485223,?MozFormatCodeAddressDetails@@YAXPEADIIPEAXPEBUMozCodeAddressDetails@@@Z
0xe4cd77c7,0xe4cd77c7,?MozStackWalk@@YAXP6AXIPEAX00@ZII0@Z
0x7af14c6b,0x7af14c6b,?MozStackWalkThread@@YAXP6AXIPAX00@ZI00PAU_CONTEXT@@@Z
0x2dcf9995,0x2dcf9995,?MozStackWalkThread@@YAXP6AXIPEAX00@ZI00PEAU_CONTEXT@@@Z
0xf2b57d28,0xf2b57d28,?NotePreXULSkeletonUIRestarting@mozilla@@YA?AV?$Result@UOk@mozilla@@W4PreXULSkeletonUIError@2@@1@XZ
0x80725f32,0x80725f32,?Now@TimeStamp@mozilla@@CA?AV12@_N@Z
0x72d5aac6,0x72d5aac6,?NowFuzzy@TimeStamp@mozilla@@CA?AV12@VTimeStampValue@2@@Z
0xe97669f4,0xe97669f4,?NowFuzzyTime@TimeStamp@mozilla@@SA_JXZ
0xbb51ba1b,0xbb51ba1b,?NowLoRes@AwakeTimeStamp@mozilla@@SA?AV12@XZ
0xcfce348d,0xcfce348d,?NowUnfuzzed@TimeStamp@mozilla@@CA?AV12@_N@Z
0xdd8e3c4e,0xdd8e3c4e,?PersistPreXULSkeletonUIValues@mozilla@@YA?AV?$Result@UOk@mozilla@@W4PreXULSkeletonUIError@2@@1@ABUSkeletonUISettings@1@@Z
0x67263b33,0x67263b33,?PersistPreXULSkeletonUIValues@mozilla@@YA?AV?$Result@UOk@mozilla@@W4PreXULSkeletonUIError@2@@1@AEBUSkeletonUISettings@1@@Z
0xa6616d59,0xa6616d59,?PollPreXULSkeletonUIEvents@mozilla@@YAXXZ
0x5a61ea38,0x5a61ea38,?ProcessCreation@TimeStamp@mozilla@@SA?AV12@PEA_N@Z
0x4680dc2d,0x4680dc2d,?ProcessCreation@TimeStamp@mozilla@@SA?AV12@XZ
0x2844b4ec,0x2844b4ec,?ProcessUptimeExcludingSuspendMs@mozilla@@YA?AV?$Maybe@_K@1@XZ
0x17c02827,0x17c02827,?ProcessUptimeMs@mozilla@@YA?AV?$Maybe@_K@1@XZ
0x807508df,0x807508df,?RandomUint64@mozilla@@YA?AV?$Maybe@_K@1@XZ
0xe26965fa,0xe26965fa,?RandomUint64OrDie@mozilla@@YA_KXZ
0xd7f26c9b,0xd7f26c9b,?RecordProcessRestart@TimeStamp@mozilla@@SAXXZ
0x796d952a,0x796d952a,?RegisterJitCodeRegion@@YAXPEAE_K@Z
0xdb894ef5,0xdb894ef5,?RegisterProfilerLabelEnterExit@mozilla@@YAXP6APAXPBD0PAX@ZP6AX1@Z@Z
0x39610d84,0x39610d84,?RegisterProfilerLabelEnterExit@mozilla@@YAXP6APEAXPEBD0PEAX@ZP6AX1@Z@Z
0x52c756a,0x052c756a,?Release@PageInformation@baseprofiler@mozilla@@QBEXXZ
0xb177b66b,0xb177b66b,?Release@PageInformation@baseprofiler@mozilla@@QEBAXXZ
0x3830a6eb,0x3830a6eb,?Release@ThreadInfo@baseprofiler@mozilla@@QBEXXZ
0x4502180c,0x4502180c,?Release@ThreadInfo@baseprofiler@mozilla@@QEBAXXZ
0x95032337,0x95032337,?ReleaseBufferForMainThreadAddMarker@base_profiler_markers_detail@mozilla@@YAXXZ
0x97319524,0x97319524,?ResolutionInTicks@BaseTimeDurationPlatformUtils@mozilla@@SA_JXZ
0xd944cb6a,0xd944cb6a,?SetAccessibilityResourceId@ActCtxResource@mscom@mozilla@@SAXG@Z
0x6f61e77c,0x6f61e77c,?SetActive@RacyFeatures@detail@baseprofiler@mozilla@@SAXI@Z
0x61051e59,0x61051e59,?SetFuzzyfoxEnabled@TimeStamp@mozilla@@SAX_N@Z
0xfc7c68a2,0xfc7c68a2,?SetInactive@RacyFeatures@detail@baseprofiler@mozilla@@SAXXZ
0x5771611,0x05771611,?SetPaused@RacyFeatures@detail@baseprofiler@mozilla@@SAXXZ
0x7246652,0x07246652,?SetPreXULSkeletonUIEnabledIfAllowed@mozilla@@YA?AV?$Result@UOk@mozilla@@W4PreXULSkeletonUIError@2@@1@_N@Z
0xb09b897,0x0b09b897,?SetPreXULSkeletonUIThemeId@mozilla@@YA?AV?$Result@UOk@mozilla@@W4PreXULSkeletonUIError@2@@1@W4ThemeMode@1@@Z
0xcfeda78c,0xcfeda78c,?SetSamplingPaused@RacyFeatures@detail@baseprofiler@mozilla@@SAXXZ
0xee3c908f,0xee3c908f,?SetSamplingUnpaused@RacyFeatures@detail@baseprofiler@mozilla@@SAXXZ
0xabdbb454,0xabdbb454,?SetUnpaused@RacyFeatures@detail@baseprofiler@mozilla@@SAXXZ
0xe42ea485,0xe42ea485,?SetWin32kLockedDownInPolicy@mozilla@@YAXXZ
0x1284e4f4,0x1284e4f4,?Shutdown@TimeStamp@mozilla@@SAXXZ
0x48c1c5ec,0x48c1c5ec,?SpliceStringTableElements@UniqueJSONStrings@baseprofiler@mozilla@@QAEXAAVSpliceableJSONWriter@23@@Z
0x67b977f2,0x67b977f2,?SpliceStringTableElements@UniqueJSONStrings@baseprofiler@mozilla@@QEAAXAEAVSpliceableJSONWriter@23@@Z
0x98e5e26b,0x98e5e26b,?Startup@TimeStamp@mozilla@@SAXXZ
0x9fac516,0x09fac516,?Stream@MarkerSchema@mozilla@@QEHAAXAEAVJSONWriter@2@AEBV?$Span@$$CBD$0?0@2@@Z
0x5ef8be9c,0x5ef8be9c,?Stream@MarkerSchema@mozilla@@QHAEXAAVJSONWriter@2@ABV?$Span@$$CBD$0PPPPPPPP@@2@@Z
0x795ba287,0x795ba287,?StringToDouble@StringToDoubleConverter@double_conversion@@QBENPBDHPAH@Z
0x604a58ca,0x604a58ca,?StringToDouble@StringToDoubleConverter@double_conversion@@QBENPBGHPAH@Z
0x210af39f,0x210af39f,?TagForMarkerTypeFunctions@Streaming@base_profiler_markers_detail@mozilla@@SAEP6AXAAVProfileBufferEntryReader@3@AAVSpliceableJSONWriter@baseprofiler@3@@ZP6A?AV?$Span@$$CBD$0PPPPPPPP@@3@XZP6A?AVMarkerSchema@3@XZ@Z
0xf537b918,0xf537b918,?TagForMarkerTypeFunctions@Streaming@base_profiler_markers_detail@mozilla@@SAEP6AXAEAVProfileBufferEntryReader@3@AEAVSpliceableJSONWriter@baseprofiler@3@@ZP6A?AV?$Span@$$CBD$0?0@3@XZP6A?AVMarkerSchema@3@XZ@Z
0x2f402a9,0x02f402a9,?TicksFromMilliseconds@BaseTimeDurationPlatformUtils@mozilla@@SA_JN@Z
0x321e35d1,0x321e35d1,?ToExponential@DoubleToStringConverter@double_conversion@@QBE_NNHPAVStringBuilder@2@@Z
0xf255e417,0xf255e417,?ToExponential@DoubleToStringConverter@double_conversion@@QEBA_NNHPEAVStringBuilder@2@@Z
0xd92c979a,0xd92c979a,?ToFixed@DoubleToStringConverter@double_conversion@@QBE_NNHPAVStringBuilder@2@@Z
0x9683dc20,0x9683dc20,?ToFixed@DoubleToStringConverter@double_conversion@@QEBA_NNHPEAVStringBuilder@2@@Z
0xbf7cb9e8,0xbf7cb9e8,?ToMicroseconds@AwakeTimeDuration@mozilla@@QBENXZ
0x84f89005,0x84f89005,?ToMilliseconds@AwakeTimeDuration@mozilla@@QBENXZ
0xf598e5f6,0xf598e5f6,?ToPrecision@DoubleToStringConverter@double_conversion@@QBE_NNHPAVStringBuilder@2@@Z
0x7f3d317c,0x7f3d317c,?ToPrecision@DoubleToStringConverter@double_conversion@@QEBA_NNHPEAVStringBuilder@2@@Z
0xdbef2f0e,0xdbef2f0e,?ToSeconds@AwakeTimeDuration@mozilla@@QBENXZ
0x6eb19463,0x6eb19463,?ToSeconds@BaseTimeDurationPlatformUtils@mozilla@@SAN_J@Z
0x7216a78a,0x7216a78a,?ToSecondsSigDigits@BaseTimeDurationPlatformUtils@mozilla@@SAN_J@Z
0x7627eeea,0x7627eeea,?ToShortestIeeeNumber@DoubleToStringConverter@double_conversion@@ABE_NNPAVStringBuilder@2@W4DtoaMode@12@@Z
0x348f4c10,0x348f4c10,?ToShortestIeeeNumber@DoubleToStringConverter@double_conversion@@AEBA_NNPEAVStringBuilder@2@W4DtoaMode@12@@Z
0x92dc487d,0x92dc487d,?UnmapRemoteViewOfFile@mozilla@@YA_NPAX0@Z
0xf62f6f22,0xf62f6f22,?UnmapRemoteViewOfFile@mozilla@@YA_NPEAX0@Z
0x44bf80ed,0x44bf80ed,?UnregisterJitCodeRegion@@YAXPEAE_K@Z
0x84d4d99c,0x84d4d99c,?Unused@mozilla@@3Uunused_t@1@B
0x5a97ac33,0x5a97ac33,?UpdateFuzzyTime@TimeStamp@mozilla@@CAX_J@Z
0x2550f68,0x02550f68,?UpdateFuzzyTimeStamp@TimeStamp@mozilla@@CAXV12@@Z
0x3321fe55,0x3321fe55,?WasPreXULSkeletonUIMaximized@mozilla@@YA_NXZ
0x6ae9a85a,0x6ae9a85a,?WerNotifyProc@CrashReporter@@YAKPEAX@Z
0x7ef0f04d,0x7ef0f04d,?WindowsDpiInitialization@mozilla@@YA?AW4WindowsDpiInitializationResult@1@XZ
0x92d0aa67,0x92d0aa67,?_query_new_handler@@YAP6AHI@ZXZ
0xcbdd97a4,0xcbdd97a4,?_query_new_mode@@YAHXZ
0x95a820f7,0x95a820f7,?_set_new_handler@@YAP6AHI@ZP6AHI@Z@Z
0x15b2152a,0x15b2152a,?_set_new_mode@@YAHH@Z
0x43e1d668,0x43e1d668,?_set_se_translator@@YAP6AXIPAU_EXCEPTION_POINTERS@@@ZP6AXI0@Z@Z
0xce622766,0xce622766,?abs@Decimal@blink@@QBE?AV12@XZ
0x34c07067,0x34c07067,?abs@Decimal@blink@@QEBA?AV12@XZ
0x3cea3aaf,0x3cea3aaf,?aes_enabled@sse_private@mozilla@@3_NA
0x6e2289c6,0x6e2289c6,?alignOperands@Decimal@blink@@CA?AUAlignedOperands@12@ABV12@0@Z
0x37a53b2b,0x37a53b2b,?alignOperands@Decimal@blink@@CA?AUAlignedOperands@12@AEBV12@0@Z
0xf185b1b5,0xf185b1b5,?appendIntDec@PrintfTarget@mozilla@@QAE_NH@Z
0xf185b5f6,0xf185b5f6,?appendIntDec@PrintfTarget@mozilla@@QAE_NI@Z
0x2248ac96,0x2248ac96,?appendIntDec@PrintfTarget@mozilla@@QAE_N_J@Z
0x2248b0d7,0x2248b0d7,?appendIntDec@PrintfTarget@mozilla@@QAE_N_K@Z
0x5a968fd6,0x5a968fd6,?appendIntDec@PrintfTarget@mozilla@@QEAA_NH@Z
0x5a969417,0x5a969417,?appendIntDec@PrintfTarget@mozilla@@QEAA_NI@Z
0xad754ed7,0xad754ed7,?appendIntDec@PrintfTarget@mozilla@@QEAA_N_J@Z
0xad755318,0xad755318,?appendIntDec@PrintfTarget@mozilla@@QEAA_N_K@Z
0x230d2bef,0x230d2bef,?appendIntHex@PrintfTarget@mozilla@@QAE_NI@Z
0x84bee5f0,0x84bee5f0,?appendIntHex@PrintfTarget@mozilla@@QAE_N_K@Z
0xbd0cc930,0xbd0cc930,?appendIntHex@PrintfTarget@mozilla@@QEAA_NI@Z
0x5eb22b51,0x5eb22b51,?appendIntHex@PrintfTarget@mozilla@@QEAA_N_K@Z
0xf4746150,0xf4746150,?appendIntOct@PrintfTarget@mozilla@@QAE_NI@Z
0x830cc771,0x830cc771,?appendIntOct@PrintfTarget@mozilla@@QAE_N_K@Z
0xbb5aaab1,0xbb5aaab1,?appendIntOct@PrintfTarget@mozilla@@QEAA_NI@Z
0x26bc3cf2,0x26bc3cf2,?appendIntOct@PrintfTarget@mozilla@@QEAA_N_K@Z
0x76dabab7,0x76dabab7,?avx2_enabled@sse_private@mozilla@@3_NA
0xce74fa65,0xce74fa65,?avx_enabled@sse_private@mozilla@@3_NA
0xeb87aa43,0xeb87aa43,?baseprofiler_save_profile_to_file@baseprofiler@mozilla@@YAXPBD@Z
0x8a0b53d2,0x8a0b53d2,?before@type_info@@QBEHABV1@@Z
0x9952109f,0x9952109f,?calcEffectiveRateAndTempo@SoundTouch@soundtouch@@AAEXXZ
0x9f97c2d,0x09f97c2d,?ceil@Decimal@blink@@QBE?AV12@XZ
0xe3425e0e,0xe3425e0e,?ceil@Decimal@blink@@QEBA?AV12@XZ
0x87c4d372,0x87c4d372,?clear@SoundTouch@soundtouch@@UAEXXZ
0x50c431ee,0x50c431ee,?compareTo@Decimal@blink@@ABE?AV12@ABV12@@Z
0xdd350c14,0xdd350c14,?compareTo@Decimal@blink@@AEBA?AV12@AEBV12@@Z
0x87c9b129,0x87c9b129,?compress@LZ4@Compression@mozilla@@SAIPBDIPAD@Z
0xe3e06035,0xe3e06035,?compress@LZ4@Compression@mozilla@@SA_KPEBD_KPEAD@Z
0x8fa2712b,0x8fa2712b,?compressLimitedOutput@LZ4@Compression@mozilla@@SAIPBDIPADI@Z
0x63c2c01f,0x63c2c01f,?compressLimitedOutput@LZ4@Compression@mozilla@@SA_KPEBD_KPEAD1@Z
0x8e2ed285,0x8e2ed285,?createSoundTouchObj@soundtouch@@YAPAVSoundTouch@1@XZ
0x64a12939,0x64a12939,?decompress@LZ4@Compression@mozilla@@SA_NPBDIPADIPAI@Z
0x70064192,0x70064192,?decompress@LZ4@Compression@mozilla@@SA_NPEBD_KPEAD1PEA_K@Z
0x95d62406,0x95d62406,?decompressPartial@LZ4@Compression@mozilla@@SA_NPBDIPADIPAI@Z
0x8999047f,0x8999047f,?decompressPartial@LZ4@Compression@mozilla@@SA_NPEBD_KPEAD1PEA_K@Z
0xa705293b,0xa705293b,?destroySoundTouchObj@soundtouch@@YAXPAVSoundTouch@1@@Z
0xfc248fba,0xfc248fba,?ensureCapacitySlow@ProfilingStack@baseprofiler@mozilla@@AAEXXZ
0x89b62adb,0x89b62adb,?ensureCapacitySlow@ProfilingStack@baseprofiler@mozilla@@AEAAXXZ
0x5c305809,0x5c305809,?finish@SHA1Sum@mozilla@@QAEXAAY0BE@E@Z
0x6794274f,0x6794274f,?finish@SHA1Sum@mozilla@@QEAAXAEAY0BE@E@Z
0xa44ed4f2,0xa44ed4f2,?floor@Decimal@blink@@QBE?AV12@XZ
0xc842cf73,0xc842cf73,?floor@Decimal@blink@@QEBA?AV12@XZ
0xdec456fd,0xdec456fd,?flush@RLBoxSoundTouch@mozilla@@QEAAXXZ
0x6d90ba09,0x6d90ba09,?flush@SoundTouch@soundtouch@@QAEXXZ
0xca282dd1,0xca282dd1,?fromDouble@Decimal@blink@@SA?AV12@N@Z
0xf5e4ea4d,0xf5e4ea4d,?fromString@Decimal@blink@@SA?AV12@ABV?$basic_string@DU?$char_traits@D@std@@V?$allocator@D@2@@std@@@Z
0x76e4abf2,0x76e4abf2,?fromString@Decimal@blink@@SA?AV12@AEBV?$basic_string@DU?$char_traits@D@std@@V?$allocator@D@2@@std@@@Z
0xe3fe05b8,0xe3fe05b8,?gChaosFeatures@detail@mozilla@@3W4ChaosFeature@2@A
0x7f277855,0x7f277855,?gChaosModeCounter@detail@mozilla@@3V?$Atomic@I$01X@2@A
0x6ed246be,0x6ed246be,?gOOMAllocationSize@@3IA
0x703959c8,0x703959c8,?gTwoCharEscapes@detail@mozilla@@3QBDB
0x723a591f,0x723a591f,?getInputOutputSampleRatio@SoundTouch@soundtouch@@QAENXZ
0x58ebe406,0x58ebe406,?getSetting@SoundTouch@soundtouch@@QBEHH@Z
0x88bf4428,0x88bf4428,?getVersionId@SoundTouch@soundtouch@@SAIXZ
0x4eb5257f,0x4eb5257f,?getVersionString@SoundTouch@soundtouch@@SAPBDXZ
0xee0a32da,0xee0a32da,?has_constant_tsc@sse_private@mozilla@@3_NA
0x73072c7d,0x73072c7d,?infinity@Decimal@blink@@SA?AV12@W4Sign@12@@Z
0x2a8dba00,0x2a8dba00,?lock@MutexImpl@detail@mozilla@@IAEXXZ
0x85449de1,0x85449de1,?lock@MutexImpl@detail@mozilla@@IEAAXXZ
0x76683347,0x76683347,?memchr16@SIMD@mozilla@@SAPB_SPB_S_SI@Z
0x170bbd02,0x170bbd02,?memchr2x16@SIMD@mozilla@@SAPB_SPB_S_S1I@Z
0xf72356bc,0xf72356bc,?memchr2x8@SIMD@mozilla@@SAPBDPBDDDI@Z
0x817e51ee,0x817e51ee,?memchr8@SIMD@mozilla@@SAPBDPBDDI@Z
0xd922fd08,0xd922fd08,?mmx_enabled@sse_private@mozilla@@3_NA
0x31f71479,0x31f71479,?mozalloc_handle_oom@@YAXI@Z
0x70e5dfba,0x70e5dfba,?mozalloc_handle_oom@@YAX_K@Z
0x8d945d47,0x8d945d47,?mozalloc_set_oom_abort_handler@@YAXP6AX_K@Z@Z
0xce6e2d1c,0xce6e2d1c,?name@type_info@@QBEPBDXZ
0x9dc6ba89,0x9dc6ba89,?nan@Decimal@blink@@SA?AV12@XZ
0x607ba26a,0x607ba26a,?notify_all@ConditionVariableImpl@detail@mozilla@@QAEXXZ
0x78ef938b,0x78ef938b,?notify_all@ConditionVariableImpl@detail@mozilla@@QEAAXXZ
0xf1f860d3,0xf1f860d3,?notify_one@ConditionVariableImpl@detail@mozilla@@QAEXXZ
0x3a041f14,0x3a041f14,?notify_one@ConditionVariableImpl@detail@mozilla@@QEAAXXZ
0x4152ca88,0x4152ca88,?numChannels@RLBoxSoundTouch@mozilla@@QEAAIXZ
0x1b1c7455,0x1b1c7455,?numChannels@SoundTouch@soundtouch@@QBEIXZ
0x6d626d98,0x6d626d98,?numSamples@RLBoxSoundTouch@mozilla@@QEAA?AV?$tainted@IVrlbox_wasm2c_sandbox@rlbox@@@rlbox@@XZ
0x84623903,0x84623903,?numUnprocessedSamples@RLBoxSoundTouch@mozilla@@QEAA?AV?$tainted@IVrlbox_wasm2c_sandbox@rlbox@@@rlbox@@XZ
0xd5b6d9cd,0xd5b6d9cd,?numUnprocessedSamples@SoundTouch@soundtouch@@UBEIXZ
0xfa41cf7,0x0fa41cf7,?print@PrintfTarget@mozilla@@QAA_NPBDZZ
0x2f144da1,0x2f144da1,?print@PrintfTarget@mozilla@@QEAA_NPEBDZZ
0x45fecb3e,0x45fecb3e,?profiler_add_js_marker@baseprofiler@mozilla@@YAXPBD0@Z
0xcbe2c63,0x0cbe2c63,?profiler_add_js_marker@baseprofiler@mozilla@@YAXPEBD0@Z
0xf8805eb0,0xf8805eb0,?profiler_add_sampled_counter@baseprofiler@mozilla@@YAXPAVBaseProfilerCount@12@@Z
0x141c4535,0x141c4535,?profiler_add_sampled_counter@baseprofiler@mozilla@@YAXPEAVBaseProfilerCount@12@@Z
0x45a98596,0x45a98596,?profiler_capture_backtrace@baseprofiler@mozilla@@YA?AV?$UniquePtr@VProfileChunkedBuffer@mozilla@@V?$DefaultDelete@VProfileChunkedBuffer@mozilla@@@2@@2@XZ
0x7714db1d,0x7714db1d,?profiler_capture_backtrace_into@baseprofiler@mozilla@@YA_NAAVProfileChunkedBuffer@2@W4StackCaptureOptions@2@@Z
0xb4b1282,0x0b4b1282,?profiler_capture_backtrace_into@baseprofiler@mozilla@@YA_NAEAVProfileChunkedBuffer@2@W4StackCaptureOptions@2@@Z
0xf9f117e2,0xf9f117e2,?profiler_current_process_id@baseprofiler@mozilla@@YA?AVBaseProfilerProcessId@12@XZ
0x7eb52407,0x7eb52407,?profiler_current_process_id@baseprofiler@mozilla@@YAHXZ
0xb40b31d4,0xb40b31d4,?profiler_current_thread_id@baseprofiler@mozilla@@YA?AVBaseProfilerThreadId@12@XZ
0x640adb40,0x640adb40,?profiler_current_thread_id@baseprofiler@mozilla@@YAHXZ
0x2dac533b,0x2dac533b,?profiler_ensure_started@baseprofiler@mozilla@@YAXV?$PowerOfTwo@I@2@NIPAPBDIABV?$Maybe@N@2@@Z
0xc393b50a,0xc393b50a,?profiler_ensure_started@baseprofiler@mozilla@@YAXV?$PowerOfTwo@I@2@NIPEAPEBDIAEBV?$Maybe@N@2@@Z
0xb94d5c17,0xb94d5c17,?profiler_feature_active@baseprofiler@mozilla@@YA_NI@Z
0x3fa9bc19,0x3fa9bc19,?profiler_get_available_features@baseprofiler@mozilla@@YAIXZ
0x91e57524,0x91e57524,?profiler_get_backtrace@baseprofiler@mozilla@@YA?AV?$UniquePtr@VProfilerBacktrace@baseprofiler@mozilla@@UProfilerBacktraceDestructor@23@@2@XZ
0x7f270383,0x7f270383,?profiler_get_buffer_info@baseprofiler@mozilla@@YA?AV?$Maybe@UProfilerBufferInfo@baseprofiler@mozilla@@@2@XZ
0x514025ea,0x514025ea,?profiler_get_core_buffer@baseprofiler@mozilla@@YAAAVProfileChunkedBuffer@2@XZ
0x2066334f,0x2066334f,?profiler_get_core_buffer@baseprofiler@mozilla@@YAAEAVProfileChunkedBuffer@2@XZ
0xf8e0a786,0xf8e0a786,?profiler_get_profile@baseprofiler@mozilla@@YA?AV?$UniquePtr@$$BY0A@DV?$DefaultDelete@$$BY0A@D@mozilla@@@2@N_N0@Z
0xc4a4d4c7,0xc4a4d4c7,?profiler_get_start_params@baseprofiler@mozilla@@YAXPAHPAV?$Maybe@N@2@PANPAIPAV?$Vector@PBD$0A@VMallocAllocPolicy@mozilla@@@2@@Z
0xd8a37ca5,0xd8a37ca5,?profiler_get_start_params@baseprofiler@mozilla@@YAXPEAHPEAV?$Maybe@N@2@PEANPEAIPEAV?$Vector@PEBD$0A@VMallocAllocPolicy@mozilla@@@2@@Z
0x8230be6f,0x8230be6f,?profiler_init@baseprofiler@mozilla@@YAXPAX@Z
0xc884b4b4,0xc884b4b4,?profiler_init@baseprofiler@mozilla@@YAXPEAX@Z
0xbb58b7e5,0xbb58b7e5,?profiler_init_main_thread_id@baseprofiler@mozilla@@YAXXZ
0x593d58d6,0x593d58d6,?profiler_is_main_thread@baseprofiler@mozilla@@YA_NXZ
0x172c32fc,0x172c32fc,?profiler_is_paused@baseprofiler@mozilla@@YA_NXZ
0x32e93636,0x32e93636,?profiler_is_sampling_paused@baseprofiler@mozilla@@YA_NXZ
0x4f689296,0x4f689296,?profiler_main_thread_id@baseprofiler@mozilla@@YA?AVBaseProfilerThreadId@12@XZ
0x917a8328,0x917a8328,?profiler_pause@baseprofiler@mozilla@@YAXXZ
0x2de52a2,0x02de52a2,?profiler_pause_sampling@baseprofiler@mozilla@@YAXXZ
0xefeffc6b,0xefeffc6b,?profiler_register_page@baseprofiler@mozilla@@YAX_K0ABV?$basic_string@DU?$char_traits@D@std@@V?$allocator@D@2@@std@@0@Z
0x3ea9e470,0x3ea9e470,?profiler_register_page@baseprofiler@mozilla@@YAX_K0AEBV?$basic_string@DU?$char_traits@D@std@@V?$allocator@D@2@@std@@0@Z
0x21941cbf,0x21941cbf,?profiler_register_thread@baseprofiler@mozilla@@YAPAVProfilingStack@12@PBDPAX@Z
0x3705f18e,0x3705f18e,?profiler_register_thread@baseprofiler@mozilla@@YAPEAVProfilingStack@12@PEBDPEAX@Z
0x999ffc1a,0x999ffc1a,?profiler_remove_sampled_counter@baseprofiler@mozilla@@YAXPEAVBaseProfilerCount@12@@Z
0xe755f7db,0xe755f7db,?profiler_resume@baseprofiler@mozilla@@YAXXZ
0xbc3fc0b5,0xbc3fc0b5,?profiler_resume_sampling@baseprofiler@mozilla@@YAXXZ
0xb8ef6f8d,0xb8ef6f8d,?profiler_save_profile_to_file@baseprofiler@mozilla@@YAXPEBD@Z
0x41f88523,0x41f88523,?profiler_set_process_name@baseprofiler@mozilla@@YAXAEBV?$basic_string@DU?$char_traits@D@std@@V?$allocator@D@2@@std@@PEBV34@@Z
0x58f18166,0x58f18166,?profiler_shutdown@baseprofiler@mozilla@@YAXXZ
0x68531750,0x68531750,?profiler_start@baseprofiler@mozilla@@YAXV?$PowerOfTwo@I@2@NIPEAPEBDIAEBV?$Maybe@N@2@@Z
0xe7a34ed0,0xe7a34ed0,?profiler_stop@baseprofiler@mozilla@@YAXXZ
0x454290de,0x454290de,?profiler_stream_json_for_this_process@baseprofiler@mozilla@@YA_NAEAVSpliceableJSONWriter@12@N_N1@Z
0x6581d11c,0x6581d11c,?profiler_suspend_and_sample_thread@baseprofiler@mozilla@@YAXHIAEAVProfilerStackCollector@12@_N@Z
0x8425dba8,0x8425dba8,?profiler_thread_is_sleeping@baseprofiler@mozilla@@YA_NXZ
0xdd789cda,0xdd789cda,?profiler_thread_sleep@baseprofiler@mozilla@@YAXXZ
0xd5aa7e69,0xd5aa7e69,?profiler_thread_wake@baseprofiler@mozilla@@YAXXZ
0x1a27290f,0x1a27290f,?profiler_time@baseprofiler@mozilla@@YANXZ
0xa5e75da0,0xa5e75da0,?profiler_unregister_page@baseprofiler@mozilla@@YAX_K@Z
0x7fb6d149,0x7fb6d149,?profiler_unregister_thread@baseprofiler@mozilla@@YAXXZ
0x72bbeb9e,0x72bbeb9e,?putSamples@RLBoxSoundTouch@mozilla@@QEAAXPEBMI@Z
0x769aac69,0x769aac69,?putSamples@SoundTouch@soundtouch@@UAEXPBMI@Z
0x869a3ea5,0x869a3ea5,?raw_name@type_info@@QBEPBDXZ
0xfae65918,0xfae65918,?receiveSamples@RLBoxSoundTouch@mozilla@@QEAAIPEAMI@Z
0x8f9fc5c5,0x8f9fc5c5,?receiveSamples@SoundTouch@soundtouch@@UAEII@Z
0xdc11fec3,0xdc11fec3,?receiveSamples@SoundTouch@soundtouch@@UAEIPAMI@Z
0x98df7a51,0x98df7a51,?remainder@Decimal@blink@@QEBA?AV12@AEBV12@@Z
0x3878df4a,0x3878df4a,?resizeSampleBuffer@RLBoxSoundTouch@mozilla@@AEAAXI@Z
0x4478f8f9,0x4478f8f9,?round@Decimal@blink@@QEBA?AV12@XZ
0xd3096ee3,0xd3096ee3,?scProfilerMainThreadId@baseprofiler@mozilla@@3HA
0xcdac50a4,0xcdac50a4,?setChannels@RLBoxSoundTouch@mozilla@@QEAAXI@Z
0xb02854f0,0xb02854f0,?setChannels@SoundTouch@soundtouch@@QAEXI@Z
0x8db29a75,0x8db29a75,?setPitch@RLBoxSoundTouch@mozilla@@QEAAXN@Z
0x474c0a41,0x474c0a41,?setPitch@SoundTouch@soundtouch@@QAEXN@Z
0x1c7f63d6,0x1c7f63d6,?setPitchOctaves@SoundTouch@soundtouch@@QAEXN@Z
0xf234832,0x0f234832,?setPitchSemiTones@SoundTouch@soundtouch@@QAEXH@Z
0xf2361b8,0x0f2361b8,?setPitchSemiTones@SoundTouch@soundtouch@@QAEXN@Z
0x1814489,0x01814489,?setRate@RLBoxSoundTouch@mozilla@@QEAAXN@Z
0x85e8ccd5,0x85e8ccd5,?setRate@SoundTouch@soundtouch@@QAEXN@Z
0x32cf157b,0x32cf157b,?setRateChange@SoundTouch@soundtouch@@QAEXN@Z
0xb3189166,0xb3189166,?setSampleRate@RLBoxSoundTouch@mozilla@@QEAAXI@Z
0x51247cf2,0x51247cf2,?setSampleRate@SoundTouch@soundtouch@@QAEXI@Z
0x2c1dbd9d,0x2c1dbd9d,?setSetting@RLBoxSoundTouch@mozilla@@QEAAXHH@Z
0xa67c303e,0xa67c303e,?setSetting@SoundTouch@soundtouch@@QAE_NHH@Z
0x3d4af222,0x3d4af222,?setTempo@RLBoxSoundTouch@mozilla@@QEAAXN@Z
0x7fcab90e,0x7fcab90e,?setTempo@SoundTouch@soundtouch@@QAEXN@Z
0x25298874,0x25298874,?setTempoChange@SoundTouch@soundtouch@@QAEXN@Z
0x4ea126b6,0x4ea126b6,?set_new_handler@@YAP6AXXZP6AXXZ@Z
0xe9c392b8,0xe9c392b8,?set_terminate@@YAP6AXXZP6AXXZ@Z
0x2811e604,0x2811e604,?set_unexpected@@YAP6AXXZP6AXXZ@Z
0x93e31994,0x93e31994,?sse3_enabled@sse_private@mozilla@@3_NA
0x661fe185,0x661fe185,?sse4_1_enabled@sse_private@mozilla@@3_NA
0xa458a9c6,0xa458a9c6,?sse4_2_enabled@sse_private@mozilla@@3_NA
0x5bcb5416,0x5bcb5416,?sse4a_enabled@sse_private@mozilla@@3_NA
0xcbe64a07,0xcbe64a07,?ssse3_enabled@sse_private@mozilla@@3_NA
0x6d37857b,0x6d37857b,?swprintf@@YAHPAGIPBGZZ
0x75ebdeb9,0x75ebdeb9,?swprintf@@YAHPA_WIPB_WZZ
0xa992ce7b,0xa992ce7b,?terminate@@YAXXZ
0x44beba44,0x44beba44,?toDouble@Decimal@blink@@QEBANXZ
0xc24e691d,0xc24e691d,?toString@Decimal@blink@@QEBA?AV?$basic_string@DU?$char_traits@D@std@@V?$allocator@D@2@@std@@XZ
0xeda45ecb,0xeda45ecb,?toString@Decimal@blink@@QEBA_NPEAD_K@Z
0xcf6fbb15,0xcf6fbb15,?tryLock@MutexImpl@detail@mozilla@@IEAA_NXZ
0x9c21c7e7,0x9c21c7e7,?unexpected@@YAXXZ
0x2d123b24,0x2d123b24,?unlock@MutexImpl@detail@mozilla@@IEAAXXZ
0x37c8ad4d,0x37c8ad4d,?update@SHA1Sum@mozilla@@QEAAXPEBXI@Z
0x76504ef7,0x76504ef7,?vprint@PrintfTarget@mozilla@@QEAA_NPEBDPEAD@Z
0xa74e9ec,0x0a74e9ec,?vswprintf@@YAHPAGIPBGPAD@Z
0xb94937ea,0xb94937ea,?vswprintf@@YAHPA_WIPB_WPAD@Z
0xcb6b5d3e,0xcb6b5d3e,?wait@ConditionVariableImpl@detail@mozilla@@QEAAXAEAVMutexImpl@23@@Z
0xeb3ae435,0xeb3ae435,?wait_for@ConditionVariableImpl@detail@mozilla@@QEAA?AW4CVStatus@3@AEAVMutexImpl@23@AEBV?$BaseTimeDuration@VTimeDurationValueCalculator@mozilla@@@3@@Z
0xe8b5c135,0xe8b5c135,?what@exception@@UBEPBDXZ
0x6abe14dd,0x6abe14dd,?xgetbv@mozilla@@YA_KI@Z
0x681f7373,0x681f7373,?zero@Decimal@blink@@SA?AV12@W4Sign@12@@Z
0x40a6cf7b,0x40a6cf7b,@$xp$21Actitlebar@TsTitleBar
0xadbbc2eb,0xadbbc2eb,@$xp$22Actitlebar@TacBtnStyle
0xe01a5807,0xe01a5807,@$xp$22Actitlebar@TacFontData
0xe7bc9d11,0xe7bc9d11,@$xp$23Actitlebar@TacItemAlign
0x92eb8cfc,0x92eb8cfc,@$xp$24Actitlebar@TacTitleItems
0x35fea06f,0x35fea06f,@$xp$25Actinyjpg@TacTinyJPGImage
0xdca2cfe0,0xdca2cfe0,@$xp$26Actitlebar@TacTitleBarItem
0x8c005b3a,0x8c005b3a,@$xp$27Actitlebar@TacDrawItemEvent
0x703f836a,0x703f836a,@$xp$27Actitlebar@TacItemAnimation
0xc5725bf9,0xc5725bf9,@@Form_main@Finalize
0x4fb8b679,0x4fb8b679,@@Form_main@Initialize
0xec3b0ed,0x0ec3b0ed,@@Myfunction@Finalize
0x32b3186d,0x32b3186d,@@Myfunction@Initialize
0x1d8918ce,0x1d8918ce,@Actinyjpg@Finalization$qqrv
0x98dbfb38,0x98dbfb38,@Actinyjpg@TacTinyJPGImage@
0xd0fe87e1,0xd0fe87e1,@Actinyjpg@TacTinyJPGImage@LoadFromFile$qqrx20System@UnicodeString
0x4bcf3f97,0x4bcf3f97,@Actinyjpg@TacTinyJPGImage@LoadFromStream$qqrp22System@Classes@TStream
0x189903ae,0x189903ae,@Actinyjpg@initialization$qqrv
0x3fc89bc0,0x3fc89bc0,@Actitlebar@Finalization$qqrv
0xb213afa9,0xb213afa9,@Actitlebar@HideHintWnd$qqrp26Actitlebar@TacTitleBarItem
0x3a281b83,0x3a281b83,@Actitlebar@PaintItemNoAlpha$qqrxp20Vcl@Graphics@TBitmapt1rx18System@Types@TRectt3t3
0xc4c00810,0xc4c00810,@Actitlebar@ShowHintWnd$qqrp26Actitlebar@TacTitleBarItem
0x63ebc75a,0x63ebc75a,@Actitlebar@StartItemAnimation$qqrxp26Actitlebar@TacTitleBarItemxixop15Vcl@Forms@TForm
0x54012313,0x54012313,@Actitlebar@TacFontData@
0x109a4cd0,0x109a4cd0,@Actitlebar@TacFontData@$bctr$qqrv
0xfcdc21b1,0xfcdc21b1,@Actitlebar@TacFontData@$bdtr$qqrv
0xcfa9b198,0xcfa9b198,@Actitlebar@TacFontData@GetBool$qqrxi
0xdc41882,0x0dc41882,@Actitlebar@TacFontData@Invalidate$qqrv
0x835ac8b,0x0835ac8b,@Actitlebar@TacFontData@SetBool$qqrxixo
0x7258f580,0x7258f580,@Actitlebar@TacFontData@SetFont$qqrxp18Vcl@Graphics@TFont
0xf9b54d75,0xf9b54d75,@Actitlebar@TacFontData@SetGlowColor$qqrx21System@Uitypes@TColor
0x9db7010c,0x9db7010c,@Actitlebar@TacFontData@SetGlowSize$qqrxi
0x568734d1,0x568734d1,@Actitlebar@TacItemAnimation@
0xef244689,0xef244689,@Actitlebar@TacItemAnimation@$bctr$qqrp25System@Classes@TComponent
0x81b9f8ef,0x81b9f8ef,@Actitlebar@TacItemAnimation@$bdtr$qqrv
0xe9b355e8,0xe9b355e8,@Actitlebar@TacItemAnimation@ChangeState$qqrio
0x1e459a53,0x1e459a53,@Actitlebar@TacItemAnimation@CheckMouseLeave$qqrv
0x8c4b929e,0x8c4b929e,@Actitlebar@TacItemAnimation@GetFormBounds$qqrv
0x39d0e951,0x39d0e951,@Actitlebar@TacItemAnimation@MakeForm$qqrv
0x72c33c3a,0x72c33c3a,@Actitlebar@TacItemAnimation@MakeImg$qqrv
0xf8e313c6,0xf8e313c6,@Actitlebar@TacItemAnimation@Offset$qqrv
0x2c6d9731,0x2c6d9731,@Actitlebar@TacItemAnimation@OnAnimTimer$qqrp14System@TObject
0xa3cc04f,0x0a3cc04f,@Actitlebar@TacItemAnimation@StartAnimation$qqrio
0x4976609b,0x4976609b,@Actitlebar@TacItemAnimation@Step$qqrv
0x9c1faae9,0x9c1faae9,@Actitlebar@TacItemAnimation@UpdateForm$qqri
0xf293ae88,0xf293ae88,@Actitlebar@TacTitleBarItem@
0xc773aa5a,0xc773aa5a,@Actitlebar@TacTitleBarItem@$bctr$qqrp26System@Classes@TCollection
0xc3b74366,0xc3b74366,@Actitlebar@TacTitleBarItem@$bdtr$qqrv
0xcb902098,0xcb902098,@Actitlebar@TacTitleBarItem@AssignTo$qqrp26System@Classes@TPersistent
0x16202fa0,0x16202fa0,@Actitlebar@TacTitleBarItem@Changed$qqrv
0xd949ea8f,0xd949ea8f,@Actitlebar@TacTitleBarItem@DoClick$qqrv
0x7e8b2fb,0x07e8b2fb,@Actitlebar@TacTitleBarItem@DoMouseDown$qqr27System@Uitypes@TMouseButton60System@%Set$32System@Classes@System_Classes__1t1$i0$t1$i10$%ii
0x20689548,0x20689548,@Actitlebar@TacTitleBarItem@DoMouseUp$qqr27System@Uitypes@TMouseButton60System@%Set$32System@Classes@System_Classes__1t1$i0$t1$i10$%ii
0x4d80eded,0x4d80eded,@Actitlebar@TacTitleBarItem@GetDisplayName$qqrv
0x98a87a37,0x98a87a37,@Actitlebar@TacTitleBarItem@GetState$qqrv
0xcb30c21,0x0cb30c21,@Actitlebar@TacTitleBarItem@InitFont$qqrv
0x6adb8b7,0x06adb8b7,@Actitlebar@TacTitleBarItem@IntXMargin$qqrv
0xf5f19350,0xf5f19350,@Actitlebar@TacTitleBarItem@Invalidate$qqro
0x9156b1ec,0x9156b1ec,@Actitlebar@TacTitleBarItem@OnGlyphChange$qqrp14System@TObject
0xc1220761,0xc1220761,@Actitlebar@TacTitleBarItem@SetAlign$qqrx23Actitlebar@TacItemAlign
0x77dfa9c7,0x77dfa9c7,@Actitlebar@TacTitleBarItem@SetAutoSize$qqrxo
0xd1073837,0xd1073837,@Actitlebar@TacTitleBarItem@SetCaption$qqrx20System@UnicodeString
0xbbad280b,0xbbad280b,@Actitlebar@TacTitleBarItem@SetDown$qqrxo
0x89728c41,0x89728c41,@Actitlebar@TacTitleBarItem@SetGlyph$qqrxp20Vcl@Graphics@TBitmap
0xa0ae4332,0xa0ae4332,@Actitlebar@TacTitleBarItem@SetGroupIndex$qqrxi
0x7682e806,0x7682e806,@Actitlebar@TacTitleBarItem@SetHeight$qqrxi
0x5ea43509,0x5ea43509,@Actitlebar@TacTitleBarItem@SetImageIndex$qqrxixi
0x6eb5202a,0x6eb5202a,@Actitlebar@TacTitleBarItem@SetName$qqrx20System@UnicodeString
0x79105894,0x79105894,@Actitlebar@TacTitleBarItem@SetNumGlyphs$qqrxi
0x2698b3b3,0x2698b3b3,@Actitlebar@TacTitleBarItem@SetSkinSection$qqrx20System@UnicodeString
0xec2be432,0xec2be432,@Actitlebar@TacTitleBarItem@SetSpacing$qqrxi
0x74ba754e,0x74ba754e,@Actitlebar@TacTitleBarItem@SetState$qqrxi
0xac7861c1,0xac7861c1,@Actitlebar@TacTitleBarItem@SetStyle$qqrx22Actitlebar@TacBtnStyle
0x5a865e21,0x5a865e21,@Actitlebar@TacTitleBarItem@SetVisible$qqrxo
0xa21d172d,0xa21d172d,@Actitlebar@TacTitleBarItem@SetWidth$qqrxi
0xd80788d,0x0d80788d,@Actitlebar@TacTitleBarItem@UpdateSize$qqro
0x98cdbb66,0x98cdbb66,@Actitlebar@TacTitleItems@
0x1e33125d,0x1e33125d,@Actitlebar@TacTitleItems@$bctr$qqrp26System@Classes@TPersistent
0xf9557dc4,0xf9557dc4,@Actitlebar@TacTitleItems@$bdtr$qqrv
0x6073c19d,0x6073c19d,@Actitlebar@TacTitleItems@Add$qqrv
0xeb107c96,0xeb107c96,@Actitlebar@TacTitleItems@GetItem$qqri
0x59d45e9f,0x59d45e9f,@Actitlebar@TacTitleItems@GetOwner$qqrv
0x4b84ab3c,0x4b84ab3c,@Actitlebar@TacTitleItems@Insert$qqri
0xe0236db3,0xe0236db3,@Actitlebar@TacTitleItems@SetItem$qqrip26Actitlebar@TacTitleBarItem
0xcbca9a48,0xcbca9a48,@Actitlebar@TsTitleBar@
0xba964a60,0xba964a60,@Actitlebar@TsTitleBar@$bctr$qqrp25System@Classes@TComponent
0x3857df26,0x3857df26,@Actitlebar@TsTitleBar@$bdtr$qqrv
0x735b8ff7,0x735b8ff7,@Actitlebar@TsTitleBar@CalcSizes$qqrv
0x1472528a,0x1472528a,@Actitlebar@TsTitleBar@ImageListChange$qqrp14System@TObject
0x9e098717,0x9e098717,@Actitlebar@TsTitleBar@Invalidate$qqrv
0xd3ea82ff,0xd3ea82ff,@Actitlebar@TsTitleBar@Loaded$qqrv
0x609d0ef7,0x609d0ef7,@Actitlebar@TsTitleBar@Notification$qqrp25System@Classes@TComponent25System@Classes@TOperation
0x13168640,0x13168640,@Actitlebar@TsTitleBar@SetImages$qqrxp28Vcl@Imglist@TCustomImageList
0x32903e33,0x32903e33,@Actitlebar@TsTitleBar@SetItems$qqrxp24Actitlebar@TacTitleItems
0x604d588d,0x604d588d,@Actitlebar@TsTitleBar@SetItemsMargin$qqrxi
0xab02d894,0xab02d894,@Actitlebar@TsTitleBar@SetItemsSpacing$qqrxi
0x77d813a2,0x77d813a2,@Actitlebar@TsTitleBar@SetShowCaption$qqrxo
0xc8c50b20,0xc8c50b20,@Actitlebar@initialization$qqrv
0x6d163246,0x6d163246,ADVANCEDSETUPDIALOG
0xa9fcb13a,0xa9fcb13a,ATOB_AsciiToData
0xb6c634f7,0xb6c634f7,ATOB_AsciiToData_Util
0x9530e230,0x9530e230,ATOB_ConvertAsciiToItem
0xf7ed6fad,0xf7ed6fad,ATOB_ConvertAsciiToItem_Util
0x28b8c1b5,0x28b8c1b5,A_SHAFinal
0x5692f5ff,0x5692f5ff,A_SHAInit
0x63478aee,0x63478aee,A_SHAUpdate
0x8347ff5d,0x8347ff5d,AbortDoc
0xec4e4694,0xec4e4694,AbortPath
0x7f27986b,0x7f27986b,AbortPrinter
0x851c9c29,0x851c9c29,AbortSystemShutdownA
0x851c9c3f,0x851c9c3f,AbortSystemShutdownW
0xb357ab5c,0xb357ab5c,AcceptEx
0xa2f9ca3c,0xa2f9ca3c,AcceptSecurityContext
0xca5c8f3f,0xca5c8f3f,AccessCheck
0xb34b23b7,0xb34b23b7,AccessCheckAndAuditAlarmA
0xb34b23cd,0xb34b23cd,AccessCheckAndAuditAlarmW
0x7b92f25c,0x7b92f25c,AccessCheckByType
0x698a3594,0x698a3594,AccessCheckByTypeAndAuditAlarmA
0x698a35aa,0x698a35aa,AccessCheckByTypeAndAuditAlarmW
0xbf71c5b7,0xbf71c5b7,AccessCheckByTypeResultList
0xd191862e,0xd191862e,AccessCheckByTypeResultListAndAuditAlarm
0x3c24c2f,0x03c24c2f,AccessCheckByTypeResultListAndAuditAlarmA
0x3c24c45,0x03c24c45,AccessCheckByTypeResultListAndAuditAlarmW
0x7657bd26,0x7657bd26,AccessibleChildren
0x7389beea,0x7389beea,AccessibleObjectFromEvent
0x744d06d2,0x744d06d2,AccessibleObjectFromPoint
0xdd7fda0,0x0dd7fda0,AccessibleObjectFromWindow
0xdcd013f4,0xdcd013f4,AcquireCredentialsHandleA
0xdcd0140a,0xdcd0140a,AcquireCredentialsHandleW
0x1e38d342,0x1e38d342,AcquireDDThreadLock
0xbe79a81,0x0be79a81,AcquireDPCache
0x96c3f776,0x96c3f776,AcquireSRWLockExclusive
0xfe3b15d5,0xfe3b15d5,AcquireSRWLockShared
0x7a1bf2a7,0x7a1bf2a7,ActivateActCtx
0x836be7cf,0x836be7cf,ActivateKeyboardLayout
0xa02e6daa,0xa02e6daa,ActivityIdControl
0x798a9efb,0x798a9efb,AddAccessAllowedAce
0x6ae5318,0x06ae5318,AddAccessAllowedAceEx
0xca2b7732,0xca2b7732,AddAccessAllowedObjectAce
0xd31d547c,0xd31d547c,AddAccessDeniedAce
0xfc46cd9,0x0fc46cd9,AddAccessDeniedAceEx
0x404a8973,0x404a8973,AddAccessDeniedObjectAce
0xa0cb2041,0xa0cb2041,AddAce
0x1dbfca,0x001dbfca,AddAtomA
0x1dbfe0,0x001dbfe0,AddAtomW
0x1abafb8a,0x1abafb8a,AddAuditAccessAce
0xb5680f67,0xb5680f67,AddAuditAccessAceEx
0x7cf8c301,0x7cf8c301,AddAuditAccessObjectAce
0xbeeaaeb7,0xbeeaaeb7,AddClipboardFormatListener
0x45044c55,0x45044c55,AddConditionalAce
0x64d6d776,0x64d6d776,AddConsoleAliasA
0x64d6d78c,0x64d6d78c,AddConsoleAliasW
0x20a81027,0x20a81027,AddCredentialsA
0x20a8103d,0x20a8103d,AddCredentialsW
0x7fbbcfe9,0x7fbbcfe9,AddDllDirectory
0xe6158d53,0xe6158d53,AddFontMemResourceEx
0x50bd57f8,0x50bd57f8,AddFontResourceA
0x757356b5,0x757356b5,AddFontResourceExA
0x757356cb,0x757356cb,AddFontResourceExW
0x730de44a,0x730de44a,AddFontResourceTracking
0x50bd580e,0x50bd580e,AddFontResourceW
0x75892d,0x0075892d,AddFormA
0x758943,0x00758943,AddFormW
0xd5775c7d,0xd5775c7d,AddIntegrityLabelToBoundaryDescriptor
0xba344ab4,0xba344ab4,AddJobA
0xba344aca,0xba344aca,AddJobW
0xb8196ab4,0xb8196ab4,AddLocalAlternateComputerNameA
0xb8196aca,0xb8196aca,AddLocalAlternateComputerNameW
0x61dea5da,0x61dea5da,AddMRUStringW
0x653c6170,0x653c6170,AddMandatoryAce
0xdfdb4221,0xdfdb4221,AddMonitorA
0xdfdb4237,0xdfdb4237,AddMonitorW
0x72372054,0x72372054,AddPersonalTrustDBPages
0x12a7f1e,0x012a7f1e,AddPortA
0xf5c6df5b,0xf5c6df5b,AddPortExA
0xf5c6df71,0xf5c6df71,AddPortExW
0x12a7f34,0x012a7f34,AddPortW
0x3ba338c6,0x3ba338c6,AddPrintProcessorA
0x3ba338dc,0x3ba338dc,AddPrintProcessorW
0xa2bdd75b,0xa2bdd75b,AddPrintProvidorA
0xa2bdd771,0xa2bdd771,AddPrintProvidorW
0x803ffbdd,0x803ffbdd,AddPrinterA
0x69a09e3f,0x69a09e3f,AddPrinterConnection2A
0x69a09e55,0x69a09e55,AddPrinterConnection2W
0xcce5d64d,0xcce5d64d,AddPrinterConnectionA
0xcce5d663,0xcce5d663,AddPrinterConnectionW
0x399ff9c9,0x399ff9c9,AddPrinterDriverA
0x2185b0c6,0x2185b0c6,AddPrinterDriverExA
0x2185b0dc,0x2185b0dc,AddPrinterDriverExW
0x399ff9df,0x399ff9df,AddPrinterDriverW
0x803ffbf3,0x803ffbf3,AddPrinterW
0x20cd87bc,0x20cd87bc,AddRefActCtx
0xf75801de,0xf75801de,AddSIDToBoundaryDescriptor
0x6b2605f9,0x6b2605f9,AddSecureMemoryCacheCallback
0xa882b8fd,0xa882b8fd,AddSecurityPackageA
0xa882b913,0xa882b913,AddSecurityPackageW
0x1a86bbbb,0x1a86bbbb,AddUsersToEncryptedFile
0xd7249fd8,0xd7249fd8,AddUsersToEncryptedFileEx
0x3b480737,0x3b480737,AddVectoredContinueHandler
0x8ac6bfc1,0x8ac6bfc1,AddVectoredExceptionHandler
0x81d64672,0x81d64672,AdjustCalendarDate
0x60bbf41b,0x60bbf41b,AdjustTokenGroups
0x5eb34135,0x5eb34135,AdjustTokenPrivileges
0xf86075c0,0xf86075c0,AdjustWindowRect
0x9254ef1d,0x9254ef1d,AdjustWindowRectEx
0x668e5f72,0x668e5f72,AdvancedDocumentPropertiesA
0x668e5f88,0x668e5f88,AdvancedDocumentPropertiesW
0x27b4dc46,0x27b4dc46,AdvancedSetupDialog
0x1ccf11fb,0x1ccf11fb,AlignRects
0xab7b17ed,0xab7b17ed,AllocConsole
0xbcd573f9,0xbcd573f9,AllocateAndInitializeSid
0x4931fa88,0x4931fa88,AllocateLocallyUniqueId
0x3eeb4c40,0x3eeb4c40,AllocateUserPhysicalPages
0x206431f1,0x206431f1,AllocateUserPhysicalPagesNuma
0x3c465ddb,0x3c465ddb,AllowForegroundActivation
0x9f3b044d,0x9f3b044d,AllowSetForegroundWindow
0xd45d5f84,0xd45d5f84,AlpcAdjustCompletionListConcurrencyCount
0x8c36856c,0x8c36856c,AlpcFreeCompletionListMessage
0x597eb744,0x597eb744,AlpcGetCompletionListLastMessageInformation
0x14c75d1,0x014c75d1,AlpcGetCompletionListMessageAttributes
0xcf22f6f3,0xcf22f6f3,AlpcGetHeaderSize
0x57dc3c28,0x57dc3c28,AlpcGetMessageAttribute
0x7a48299e,0x7a48299e,AlpcGetMessageFromCompletionList
0xd2e51ba3,0xd2e51ba3,AlpcGetOutstandingCompletionListMessageCount
0xfaf77cfa,0xfaf77cfa,AlpcInitializeMessageAttribute
0x77a64444,0x77a64444,AlpcMaxAllowedMessageLength
0xa929422a,0xa929422a,AlpcRegisterCompletionList
0x7046921c,0x7046921c,AlpcRegisterCompletionListWorkerThread
0x89635692,0x89635692,AlpcRundownCompletionList
0xa0faf5ad,0xa0faf5ad,AlpcUnregisterCompletionList
0xbadea21f,0xbadea21f,AlpcUnregisterCompletionListWorkerThread
0xc02566fa,0xc02566fa,AlphaBlend
0x4adaeeae,0x4adaeeae,AmdPowerXpressRequestHighPerformance
0xbe4ba4c,0x0be4ba4c,AngleArc
0x516bbabd,0x516bbabd,AnimatePalette
0xfc17c3a6,0xfc17c3a6,AnimateWindow
0x33ed2bab,0x33ed2bab,AnyPopup
0x6067c199,0x6067c199,AppCacheCheckManifest
0xa76fa646,0xa76fa646,AppCacheCloseHandle
0xcc9e4254,0xcc9e4254,AppCacheCreateAndCommitFile
0x8bee7a44,0x8bee7a44,AppCacheDeleteGroup
0x6f9d0272,0x6f9d0272,AppCacheDeleteIEGroup
0x3e1797cb,0x3e1797cb,AppCacheDuplicateHandle
0x3bed5d16,0x3bed5d16,AppCacheFinalize
0x729694fa,0x729694fa,AppCacheFreeDownloadList
0x4a93702f,0x4a93702f,AppCacheFreeGroupList
0x63f4b340,0x63f4b340,AppCacheFreeIESpace
0x5ab10352,0x5ab10352,AppCacheFreeSpace
0x40dd9418,0x40dd9418,AppCacheGetDownloadList
0x99ea3bc7,0x99ea3bc7,AppCacheGetFallbackUrl
0xaaaf940d,0xaaaf940d,AppCacheGetGroupList
0x849dfa7b,0x849dfa7b,AppCacheGetIEGroupList
0xb27116d0,0xb27116d0,AppCacheGetInfo
0xa20aa0ee,0xa20aa0ee,AppCacheGetManifestUrl
0x8de3e21e,0x8de3e21e,AppCacheLookup
0x8c2a357b,0x8c2a357b,AppCompat_RunDLLW
0x460a921d,0x460a921d,AppendMenuA
0x460a9233,0x460a9233,AppendMenuW
0x458828dc,0x458828dc,ApplicationRecoveryFinished
0x1679621e,0x1679621e,ApplicationRecoveryInProgress
0xf4e80617,0xf4e80617,ApplyControlToken
0xa70c765,0x0a70c765,Arc
0x69c03fe8,0x69c03fe8,ArcTo
0x5cfbaf6f,0x5cfbaf6f,AreAllAccessesGranted
0x21625fde,0x21625fde,AreAnyAccessesGranted
0x6895125f,0x6895125f,AreFileApisANSI
0x69c04a60,0x69c04a60,Arecv
0xaee2f32f,0xaee2f32f,ArrangeIconicWindows
0x69c0d81a,0x69c0d81a,Asend
0x870cc0a8,0x870cc0a8,AssignProcessToJobObject
0x5114639c,0x5114639c,AssocCreate
0xd35b6ad1,0xd35b6ad1,AssocCreateForClasses
0x9f24cfed,0x9f24cfed,AssocGetDetailsOfPropKey
0xb426d781,0xb426d781,AssocGetPerceivedType
0xd68c3f2c,0xd68c3f2c,AssocIsDangerous
0x2abc63a8,0x2abc63a8,AssocQueryKeyA
0x2abc63be,0x2abc63be,AssocQueryKeyW
0xc24a0f36,0xc24a0f36,AssocQueryStringA
0x46ef9c7a,0x46ef9c7a,AssocQueryStringByKeyA
0x46ef9c90,0x46ef9c90,AssocQueryStringByKeyW
0xc24a0f4c,0xc24a0f4c,AssocQueryStringW
0x184dd7b6,0x184dd7b6,AsyncIoOperation
0x8148fbd7,0x8148fbd7,AttachConsole
0xda2386c,0x0da2386c,AttachThreadInput
0x8597517f,0x8597517f,AuditComputeEffectivePolicyBySid
0x48c73b40,0x48c73b40,AuditComputeEffectivePolicyByToken
0x33dd0db2,0x33dd0db2,AuditEnumerateCategories
0xc22eac2,0x0c22eac2,AuditEnumeratePerUserPolicy
0x5efcb73c,0x5efcb73c,AuditEnumerateSubCategories
0x116cd3e8,0x116cd3e8,AuditFree
0x53a907c6,0x53a907c6,AuditLookupCategoryGuidFromCategoryId
0xaceeca86,0xaceeca86,AuditLookupCategoryIdFromCategoryGuid
0xc4f4ab00,0xc4f4ab00,AuditLookupCategoryNameA
0xc4f4ab16,0xc4f4ab16,AuditLookupCategoryNameW
0xf95a0bca,0xf95a0bca,AuditLookupSubCategoryNameA
0xf95a0be0,0xf95a0be0,AuditLookupSubCategoryNameW
0x428273b1,0x428273b1,AuditQueryGlobalSaclA
0x428273c7,0x428273c7,AuditQueryGlobalSaclW
0xa29d52f2,0xa29d52f2,AuditQueryPerUserPolicy
0xf0ee3954,0xf0ee3954,AuditQuerySecurity
0xdcdd0a31,0xdcdd0a31,AuditQuerySystemPolicy
0x1a1a3907,0x1a1a3907,AuditSetGlobalSaclA
0x1a1a391d,0x1a1a391d,AuditSetGlobalSaclW
0xbf3bc5c8,0xbf3bc5c8,AuditSetPerUserPolicy
0x340e0e6a,0x340e0e6a,AuditSetSecurity
0xa76d7a47,0xa76d7a47,AuditSetSystemPolicy
0xb193b57,0x0b193b57,BCryptAddContextFunction
0x7fef6a82,0x7fef6a82,BCryptAddContextFunctionProvider
0xae5f79eb,0xae5f79eb,BCryptCloseAlgorithmProvider
0xd64cb32a,0xd64cb32a,BCryptConfigureContext
0x51f08f50,0x51f08f50,BCryptConfigureContextFunction
0xc2be82fc,0xc2be82fc,BCryptCreateContext
0x19b0483b,0x19b0483b,BCryptCreateHash
0xe90bee06,0xe90bee06,BCryptCreateMultiHash
0xfa9e459e,0xfa9e459e,BCryptDecrypt
0x4b7507db,0x4b7507db,BCryptDeleteContext
0x88b4542b,0x88b4542b,BCryptDeriveKey
0xb5eeda88,0xb5eeda88,BCryptDeriveKeyCapi
0x91cd6e4,0x091cd6e4,BCryptDeriveKeyPBKDF2
0x9056e31,0x09056e31,BCryptDestroyHash
0xd1ba65f6,0xd1ba65f6,BCryptDestroyKey
0x7a025153,0x7a025153,BCryptDestroySecret
0xc2cd00e2,0xc2cd00e2,BCryptDuplicateHash
0xb091e687,0xb091e687,BCryptDuplicateKey
0x5c96f008,0x5c96f008,BCryptEncrypt
0x46452c12,0x46452c12,BCryptEnumAlgorithms
0x1683eb61,0x1683eb61,BCryptEnumContextFunctionProviders
0x6c006ad6,0x6c006ad6,BCryptEnumContextFunctions
0x6cf6a6f0,0x6cf6a6f0,BCryptEnumContexts
0xcc47996,0x0cc47996,BCryptEnumProviders
0x524b7a64,0x524b7a64,BCryptEnumRegisteredProviders
0xf9dde3ce,0xf9dde3ce,BCryptExportKey
0x14e5634a,0x14e5634a,BCryptFinalizeKeyPair
0xc1738568,0xc1738568,BCryptFinishHash
0xe6490e1f,0xe6490e1f,BCryptFreeBuffer
0x7b23661e,0x7b23661e,BCryptGenRandom
0xd3e67083,0xd3e67083,BCryptGenerateKeyPair
0xa2dee0d4,0xa2dee0d4,BCryptGenerateSymmetricKey
0x7d683821,0x7d683821,BCryptGetFipsAlgorithmMode
0xd3c36248,0xd3c36248,BCryptGetProperty
0x37d5ee27,0x37d5ee27,BCryptHash
0xf0059f61,0xf0059f61,BCryptHashData
0xa4fb8227,0xa4fb8227,BCryptImportKey
0xdddbc693,0xdddbc693,BCryptImportKeyPair
0x6001ec21,0x6001ec21,BCryptKeyDerivation
0x7d0aaec7,0x7d0aaec7,BCryptOpenAlgorithmProvider
0xe84f8451,0xe84f8451,BCryptProcessMultiOperations
0x89b92e36,0x89b92e36,BCryptQueryContextConfiguration
0xf631ac1c,0xf631ac1c,BCryptQueryContextFunctionConfiguration
0x7d56a9c9,0x7d56a9c9,BCryptQueryContextFunctionProperty
0x2551605f,0x2551605f,BCryptQueryProviderRegistration
0x5291de1d,0x5291de1d,BCryptRegisterConfigChangeNotify
0xab9e5913,0xab9e5913,BCryptRegisterProvider
0x6058379c,0x6058379c,BCryptRemoveContextFunction
0x17f4dbc7,0x17f4dbc7,BCryptRemoveContextFunctionProvider
0x139bd5e1,0x139bd5e1,BCryptResolveProviders
0x7217f2a1,0x7217f2a1,BCryptSecretAgreement
0x7cac1dd5,0x7cac1dd5,BCryptSetAuditingInterface
0x6aa13cdf,0x6aa13cdf,BCryptSetContextFunctionProperty
0x141be154,0x141be154,BCryptSetProperty
0x631c87f8,0x631c87f8,BCryptSignHash
0xb381e820,0xb381e820,BCryptUnregisterConfigChangeNotify
0x15e27356,0x15e27356,BCryptUnregisterProvider
0xb2c0334a,0xb2c0334a,BCryptVerifySignature
0x457a6950,0x457a6950,BTOA_ConvertItemToAscii
0x70e86acd,0x70e86acd,BTOA_ConvertItemToAscii_Util
0xf3ad45fa,0xf3ad45fa,BTOA_DataToAscii
0x89d1c1b7,0x89d1c1b7,BTOA_DataToAscii_Util
0xf89eacea,0xf89eacea,BackupEventLogA
0xf89ead00,0xf89ead00,BackupEventLogW
0xdc475421,0xdc475421,BackupRead
0xdc47e10d,0xdc47e10d,BackupSeek
0x65939830,0x65939830,BackupWrite
0x1ac6b061,0x1ac6b061,BaseCheckAppcompatCache
0xe73455fe,0xe73455fe,BaseCheckAppcompatCacheEx
0x2fc76e5e,0x2fc76e5e,BaseCheckRunApp
0x660989e8,0x660989e8,BaseCleanupAppcompatCacheSupport
0x4a77cccd,0x4a77cccd,BaseDllReadWriteIniFile
0x62a4bf19,0x62a4bf19,BaseDumpAppcompatCache
0xecc8a085,0xecc8a085,BaseFlushAppcompatCache
0xa9eaeb11,0xa9eaeb11,BaseFormatObjectAttributes
0x514bf49a,0x514bf49a,BaseFormatTimeOut
0x596e5194,0x596e5194,BaseGenerateAppCompatData
0xe5207b,0x00e5207b,BaseGetNamedObjectDirectory
0x1e8f05b4,0x1e8f05b4,BaseInitAppcompatCacheSupport
0x15b54d04,0x15b54d04,BaseIsAppcompatInfrastructureDisabled
0x31208dc0,0x31208dc0,BaseQueryModuleData
0x4d235296,0x4d235296,BaseSetLastNTError
0xe6561b60,0xe6561b60,BaseThreadInitThunk
0x3c9f3a26,0x3c9f3a26,BaseUpdateAppcompatCache
0xe3c3265d,0xe3c3265d,BaseVerifyUnicodeString
0x2bb9548e,0x2bb9548e,Basep8BitStringToDynamicUnicodeString
0x6796c5b3,0x6796c5b3,BasepAllocateActivationContextActivationBlock
0xbaac8662,0xbaac8662,BasepAnsiStringToDynamicUnicodeString
0x1e410c5d,0x1e410c5d,BasepCheckAppCompat
0x1cc0ea40,0x1cc0ea40,BasepCheckBadapp
0x50a71e60,0x50a71e60,BasepCheckWinSaferRestrictions
0xe27359b0,0xe27359b0,BasepFreeActivationContextActivationBlock
0xe5d574bb,0xe5d574bb,BasepFreeAppCompatData
0xf24aecca,0xf24aecca,BasepMapModuleHandle
0x588a09cb,0x588a09cb,Beep
0xc3b23264,0xc3b23264,BeginDeferWindowPos
0xb2bd1210,0xb2bd1210,BeginPaint
0xa8534f81,0xa8534f81,BeginPath
0x3b544000,0x3b544000,BeginUpdateResourceA
0x3b544016,0x3b544016,BeginUpdateResourceW
0xfeb3fc8b,0xfeb3fc8b,BindIoCompletionCallback
0x9a0ce21,0x09a0ce21,BindMoniker
0xa3838ef0,0xa3838ef0,BitBlt
0x6ede7dca,0x6ede7dca,BlockInput
0xc4f15272,0xc4f15272,BoundaryDescriptor
0xd855778f,0xd855778f,BringWindowToTop
0xfe1712ac,0xfe1712ac,BroadcastSystemMessage
0xc0f9686d,0xc0f9686d,BroadcastSystemMessageA
0xe4f5586a,0xe4f5586a,BroadcastSystemMessageExA
0xe4f55880,0xe4f55880,BroadcastSystemMessageExW
0xc0f96883,0xc0f96883,BroadcastSystemMessageW
0xf83802b5,0xf83802b5,BuildCommDCBA
0xa40f6982,0xa40f6982,BuildCommDCBAndTimeoutsA
0xa40f6998,0xa40f6998,BuildCommDCBAndTimeoutsW
0xf83802cb,0xf83802cb,BuildCommDCBW
0x9dd1bcd1,0x9dd1bcd1,BuildExplicitAccessWithNameA
0x9dd1bce7,0x9dd1bce7,BuildExplicitAccessWithNameW
0x75985738,0x75985738,BuildImpersonateExplicitAccessWithNameA
0x7598574e,0x7598574e,BuildImpersonateExplicitAccessWithNameW
0xc190d493,0xc190d493,BuildImpersonateTrusteeA
0xc190d4a9,0xc190d4a9,BuildImpersonateTrusteeW
0xbccf66c6,0xbccf66c6,BuildReasonArray
0xa0ce3197,0xa0ce3197,BuildSecurityDescriptorA
0xa0ce31ad,0xa0ce31ad,BuildSecurityDescriptorW
0xa97bbb89,0xa97bbb89,BuildTrusteeWithNameA
0xa97bbb9f,0xa97bbb9f,BuildTrusteeWithNameW
0xe4e52aa6,0xe4e52aa6,BuildTrusteeWithObjectsAndNameA
0xe4e52abc,0xe4e52abc,BuildTrusteeWithObjectsAndNameW
0x6409d065,0x6409d065,BuildTrusteeWithObjectsAndSidA
0x6409d07b,0x6409d07b,BuildTrusteeWithObjectsAndSidW
0xafd050e8,0xafd050e8,BuildTrusteeWithSidA
0xafd050fe,0xafd050fe,BuildTrusteeWithSidW
0xb88c74f7,0xb88c74f7,ByHandleA
0xb88c750d,0xb88c750d,ByHandleW
0x295c63a3,0x295c63a3,ByeByeGDI
0x1a2ef437,0x1a2ef437,CDefFolderMenu_Create2
0x77c6e3bb,0x77c6e3bb,CERTAltNameTemplate
0x122b2b8,0x0122b2b8,CERTAuthInfoAccessItemTemplate
0x7e6af2a9,0x7e6af2a9,CERTAuthInfoAccessTemplate
0x7a9e5a61,0x7a9e5a61,CERTAuthKeyIDTemplate
0xff8dbef7,0xff8dbef7,CERTCRLDistributionPointsTemplate
0x7f9b20cd,0x7f9b20cd,CERTSignedDataTemplate
0x795a017d,0x795a017d,CERT_AddAVA
0x112d4904,0x112d4904,CERT_AddCertToListHead
0x2f71a3ba,0x2f71a3ba,CERT_AddCertToListHeadWithData
0x2c0af1e3,0x2c0af1e3,CERT_AddCertToListSorted
0x1133cd9c,0x1133cd9c,CERT_AddCertToListTail
0x299f4052,0x299f4052,CERT_AddCertToListTailWithData
0xa170fb82,0xa170fb82,CERT_AddExtension
0xba728199,0xba728199,CERT_AddExtensionByOID
0xba53ed4b,0xba53ed4b,CERT_AddNameConstraint
0x1dbad185,0x1dbad185,CERT_AddNameConstraintByGeneralName
0x4a9aefc0,0x4a9aefc0,CERT_AddOCSPAcceptableResponses
0xe2754d78,0xe2754d78,CERT_AddOKDomainName
0x795a4789,0x795a4789,CERT_AddRDN
0x3c8d9c80,0x3c8d9c80,CERT_AddTempCertToPerm
0xec3e6a1c,0xec3e6a1c,CERT_AllocCERTRevocationFlags
0x77ac6189,0x77ac6189,CERT_AsciiToName
0xb1cbe44c,0xb1cbe44c,CERT_AttributeTemplate
0xc31e17bb,0xc31e17bb,CERT_CRLCacheRefreshIssuer
0x29ea2851,0x29ea2851,CERT_CacheCRL
0xb023e266,0xb023e266,CERT_CacheOCSPResponseFromSideChannel
0x3013710f,0x3013710f,CERT_CertChainFromCert
0x1d7117e3,0x1d7117e3,CERT_CertExtensionTemplate
0xbe0f6cf,0x0be0f6cf,CERT_CertKeyTemplate
0x284b63c8,0x284b63c8,CERT_CertListFromCert
0xc9df8a1c,0xc9df8a1c,CERT_CertTimesValid
0xea5a473,0x0ea5a473,CERT_CertificatePoliciesTemplate
0xb9aaca4,0x0b9aaca4,CERT_CertificateRequestTemplate
0xb7e9d8fb,0xb7e9d8fb,CERT_CertificateTemplate
0xfdf31512,0xfdf31512,CERT_ChangeCertTrust
0x4914f29b,0x4914f29b,CERT_CheckCRL
0xfbe651dd,0xfbe651dd,CERT_CheckCertUsage
0xe8ee94da,0xe8ee94da,CERT_CheckCertValidTimes
0x8767f5d8,0x8767f5d8,CERT_CheckKeyUsage
0xa8317187,0xa8317187,CERT_CheckNameSpace
0xbce70793,0xbce70793,CERT_CheckOCSPStatus
0xb8736a2c,0xb8736a2c,CERT_ClearOCSPCache
0x48500a5b,0x48500a5b,CERT_CompareAVA
0x9ca957a4,0x9ca957a4,CERT_CompareCerts
0x4c5f1b03,0x4c5f1b03,CERT_CompareCertsForRedirection
0x39ac6f89,0x39ac6f89,CERT_CompareDERPrintableStrings
0x5258ab84,0x5258ab84,CERT_CompareName
0xa5818410,0xa5818410,CERT_CompareNameSpace
0x48505067,0x48505067,CERT_CompareRDN
0x8ed66cb,0x08ed66cb,CERT_CompareValidityTimes
0x8c267b94,0x8c267b94,CERT_CompleteCRLDecodeEntries
0xe7847f77,0xe7847f77,CERT_ConvertAndDecodeCertificate
0x592eee6f,0x592eee6f,CERT_CopyAVA
0x1857c1d6,0x1857c1d6,CERT_CopyGeneralName
0x7f141218,0x7f141218,CERT_CopyName
0x2dcb9efd,0x2dcb9efd,CERT_CopyNameConstraint
0x592f347b,0x592f347b,CERT_CopyRDN
0x90b9e27d,0x90b9e27d,CERT_CopyValidity
0xa2508028,0xa2508028,CERT_CreateAVA
0xdb7846a6,0xdb7846a6,CERT_CreateAVAFromRaw
0xde0dfd26,0xde0dfd26,CERT_CreateAVAFromSECItem
0x87754873,0x87754873,CERT_CreateCertificate
0x33461c9c,0x33461c9c,CERT_CreateCertificateRequest
0x76b97670,0x76b97670,CERT_CreateEncodedOCSPErrorResponse
0x1d4f09ff,0x1d4f09ff,CERT_CreateEncodedOCSPSuccessResponse
0x524d26cb,0x524d26cb,CERT_CreateGeneralNameList
0xec67daf1,0xec67daf1,CERT_CreateName
0x9ee30b60,0x9ee30b60,CERT_CreateOCSPCertID
0xfddcf82e,0xfddcf82e,CERT_CreateOCSPRequest
0x9522ed3f,0x9522ed3f,CERT_CreateOCSPSingleResponseGood
0xd3ede726,0xd3ede726,CERT_CreateOCSPSingleResponseRevoked
0xcf138486,0xcf138486,CERT_CreateOCSPSingleResponseUnknown
0xa250c634,0xa250c634,CERT_CreateRDN
0xea07c4ca,0xea07c4ca,CERT_CreateSubjectCertList
0xa2086fd6,0xa2086fd6,CERT_CreateValidity
0x3bdf4ef9,0x3bdf4ef9,CERT_CrlTemplate
0xa86dc195,0xa86dc195,CERT_CrlTemplateEntriesOnly
0xe43131f0,0xe43131f0,CERT_CrlTemplateNoEntries
0x6828faf5,0x6828faf5,CERT_DecodeAVAValue
0xb596fd7f,0xb596fd7f,CERT_DecodeAltNameExtension
0x86c594cd,0x86c594cd,CERT_DecodeAuthInfoAccessExtension
0x87863288,0x87863288,CERT_DecodeAuthKeyID
0x38d46b04,0x38d46b04,CERT_DecodeBasicConstraintValue
0x8f8ffd9e,0x8f8ffd9e,CERT_DecodeCRLDistributionPoints
0x6363f04e,0x6363f04e,CERT_DecodeCertFromPackage
0xec1e059a,0xec1e059a,CERT_DecodeCertPackage
0xe055dd38,0xe055dd38,CERT_DecodeCertificatePoliciesExtension
0xbfffa4de,0xbfffa4de,CERT_DecodeDERCertificate
0x8a46addc,0x8a46addc,CERT_DecodeDERCrl
0x6ca45c65,0x6ca45c65,CERT_DecodeDERCrlWithFlags
0x9192a55f,0x9192a55f,CERT_DecodeGeneralName
0x9177fd2c,0x9177fd2c,CERT_DecodeInhibitAnyExtension
0xc6243d56,0xc6243d56,CERT_DecodeNameConstraintsExtension
0xf307a0fe,0xf307a0fe,CERT_DecodeOCSPRequest
0x5850fe44,0x5850fe44,CERT_DecodeOCSPResponse
0xe0725595,0xe0725595,CERT_DecodeOidSequence
0xead98945,0xead98945,CERT_DecodePolicyConstraintsExtension
0x5562484c,0x5562484c,CERT_DecodePolicyMappingsExtension
0x45ec039f,0x45ec039f,CERT_DecodePrivKeyUsagePeriodExtension
0x20c2d839,0x20c2d839,CERT_DecodeTrustString
0x11c41c01,0x11c41c01,CERT_DecodeUserNotice
0xb6646264,0xb6646264,CERT_DerNameToAscii
0xada6775b,0xada6775b,CERT_DestroyCERTRevocationFlags
0x451afbf3,0x451afbf3,CERT_DestroyCertArray
0xd3925650,0xd3925650,CERT_DestroyCertList
0xe24340c9,0xe24340c9,CERT_DestroyCertificate
0xe043f805,0xe043f805,CERT_DestroyCertificateList
0x1476e97e,0x1476e97e,CERT_DestroyCertificatePoliciesExtension
0xe9ca9832,0xe9ca9832,CERT_DestroyCertificateRequest
0xa46e8ec7,0xa46e8ec7,CERT_DestroyCrl
0xf735f4e5,0xf735f4e5,CERT_DestroyGeneralName
0xd96b5a21,0xd96b5a21,CERT_DestroyGeneralNameList
0x32462807,0x32462807,CERT_DestroyName
0x350850f6,0x350850f6,CERT_DestroyOCSPCertID
0x58aaf084,0x58aaf084,CERT_DestroyOCSPRequest
0x725e3e8a,0x725e3e8a,CERT_DestroyOCSPResponse
0x4615a51b,0x4615a51b,CERT_DestroyOidSequence
0x273310d2,0x273310d2,CERT_DestroyPolicyMappingsExtension
0x14d892c7,0x14d892c7,CERT_DestroyUserNotice
0x19d357ec,0x19d357ec,CERT_DestroyValidity
0x169e2ea1,0x169e2ea1,CERT_DisableOCSPChecking
0xd6ce07c,0x0d6ce07c,CERT_DisableOCSPDefaultResponder
0x5ee5a35,0x05ee5a35,CERT_DisplayTextTypeTemplate
0x733f1082,0x733f1082,CERT_DistNamesFromCertList
0xf83c1571,0xf83c1571,CERT_DistNamesFromNicknames
0xfacf1baf,0xfacf1baf,CERT_DupCertList
0xfc39fdc8,0xfc39fdc8,CERT_DupCertificate
0xc75045cd,0xc75045cd,CERT_DupDistNames
0x5a667ea0,0x5a667ea0,CERT_DupGeneralNameList
0xd4847f34,0xd4847f34,CERT_EnableOCSPChecking
0x1818140f,0x1818140f,CERT_EnableOCSPDefaultResponder
0x1b816a9,0x01b816a9,CERT_EncodeAltNameExtension
0x221254fb,0x221254fb,CERT_EncodeAndAddBitStrExtension
0xe8da42a3,0xe8da42a3,CERT_EncodeAndAddExtension
0x400fa6f2,0x400fa6f2,CERT_EncodeAuthKeyID
0x74d2092e,0x74d2092e,CERT_EncodeBasicConstraintValue
0x4b416108,0x4b416108,CERT_EncodeCRLDistributionPoints
0xab575e0d,0xab575e0d,CERT_EncodeCertPoliciesExtension
0x924adc49,0x924adc49,CERT_EncodeGeneralName
0x64b4c188,0x64b4c188,CERT_EncodeIA5TypeExtension
0x5713c145,0x5713c145,CERT_EncodeInfoAccessExtension
0x83c57e16,0x83c57e16,CERT_EncodeInhibitAnyExtension
0xe6b8e080,0xe6b8e080,CERT_EncodeNameConstraintsExtension
0xb560805b,0xb560805b,CERT_EncodeNoticeReference
0xf3bfd7e8,0xf3bfd7e8,CERT_EncodeOCSPRequest
0x83239eef,0x83239eef,CERT_EncodePolicyConstraintsExtension
0x4e87cba3,0x4e87cba3,CERT_EncodePolicyMappingExtension
0x119f9c86,0x119f9c86,CERT_EncodePrivateKeyUsagePeriod
0x3fdb8850,0x3fdb8850,CERT_EncodeSubjectKeyID
0x217b0f23,0x217b0f23,CERT_EncodeTrustString
0xdb7c1dab,0xdb7c1dab,CERT_EncodeUserNotice
0x7f0f0374,0x7f0f0374,CERT_ExtractNicknameString
0x4655d4bf,0x4655d4bf,CERT_ExtractPublicKey
0xdf9bd1df,0xdf9bd1df,CERT_FilterCertListByCANames
0xfb861a11,0xfb861a11,CERT_FilterCertListByCertList
0x32b576cd,0x32b576cd,CERT_FilterCertListByNickname
0x8aa2f43c,0x8aa2f43c,CERT_FilterCertListByUsage
0xb951dc33,0xb951dc33,CERT_FilterCertListForUserCerts
0xc7b91589,0xc7b91589,CERT_FindAuthKeyIDExten
0x64ed23c8,0x64ed23c8,CERT_FindBasicConstraintExten
0x72ee0270,0x72ee0270,CERT_FindBitStringExtension
0x64c32ddb,0x64c32ddb,CERT_FindCRLDistributionPoints
0x340e0d1c,0x340e0d1c,CERT_FindCRLEntryReasonExten
0xea6893db,0xea6893db,CERT_FindCRLExtension
0x95843992,0x95843992,CERT_FindCRLExtensionByOID
0x1d2b65ab,0x1d2b65ab,CERT_FindCRLNumberExten
0x1ff85d0f,0x1ff85d0f,CERT_FindCertByDERCert
0x6a2d3435,0x6a2d3435,CERT_FindCertByIssuerAndSN
0xaa4b1e70,0xaa4b1e70,CERT_FindCertByIssuerAndSNCX
0x571a9ddc,0x571a9ddc,CERT_FindCertByKeyID
0x38f2dd47,0x38f2dd47,CERT_FindCertByName
0xd05b0d9e,0xd05b0d9e,CERT_FindCertByNameString
0x5747084c,0x5747084c,CERT_FindCertByNickname
0x197aca90,0x197aca90,CERT_FindCertByNicknameOrEmailAddr
0x6357b78b,0x6357b78b,CERT_FindCertByNicknameOrEmailAddrCX
0xb553dc2c,0xb553dc2c,CERT_FindCertByNicknameOrEmailAddrForUsage
0x59bba027,0x59bba027,CERT_FindCertByNicknameOrEmailAddrForUsageCX
0x4fd7a9ac,0x4fd7a9ac,CERT_FindCertBySubjectKeyID
0x4cd16468,0x4cd16468,CERT_FindCertExtension
0x32d66a3f,0x32d66a3f,CERT_FindCertExtensionByOID
0x48ef04c6,0x48ef04c6,CERT_FindCertIssuer
0x4f431086,0x4f431086,CERT_FindInvalidDateExten
0x8bc37d98,0x8bc37d98,CERT_FindKeyUsageExtension
0xee1c38b6,0xee1c38b6,CERT_FindMatchingCert
0x47cec54b,0x47cec54b,CERT_FindNSCertTypeExtension
0x3e9b2232,0x3e9b2232,CERT_FindNSStringExtension
0xe04f567a,0xe04f567a,CERT_FindNameConstraintsExten
0xc9bda809,0xc9bda809,CERT_FindSMimeProfile
0x398de140,0x398de140,CERT_FindSubjectKeyIDExtension
0x7e7fce1a,0x7e7fce1a,CERT_FindUserCertByUsage
0x4f34e06d,0x4f34e06d,CERT_FindUserCertsByUsage
0xf85b2430,0xf85b2430,CERT_FinishCertificateRequestAttributes
0x1500076d,0x1500076d,CERT_FinishExtensions
0x2a15210b,0x2a15210b,CERT_FixupEmailAddr
0xc25568e,0x0c25568e,CERT_ForcePostMethodForOCSP
0xae24f66,0x0ae24f66,CERT_FormatName
0x815ac586,0x815ac586,CERT_FreeDistNames
0x2bd805f7,0x2bd805f7,CERT_FreeNicknames
0x12235ba6,0x12235ba6,CERT_GenTime2FormattedAscii
0xaf9442e3,0xaf9442e3,CERT_GenTime2FormattedAscii_Util
0x55b953ea,0x55b953ea,CERT_GeneralNamesTemplate
0xaabca590,0xaabca590,CERT_GetAVATag
0xf4ca0b0f,0xf4ca0b0f,CERT_GetCertChainFromCert
0xc71a3014,0xc71a3014,CERT_GetCertCommentString
0x33f918b8,0x33f918b8,CERT_GetCertEmailAddress
0xd900f81a,0xd900f81a,CERT_GetCertIsPerm
0xd90328fc,0xd90328fc,CERT_GetCertIsTemp
0xdedcdb9,0x0dedcdb9,CERT_GetCertIssuerAndSN
0x7548f4d5,0x7548f4d5,CERT_GetCertKeyType
0x4dcc84d2,0x4dcc84d2,CERT_GetCertNicknameWithValidity
0x912c7ac3,0x912c7ac3,CERT_GetCertNicknames
0xa27c432c,0xa27c432c,CERT_GetCertTimes
0xa281566c,0xa281566c,CERT_GetCertTrust
0xc2cb3cec,0xc2cb3cec,CERT_GetCertUid
0xcb1cb67a,0xcb1cb67a,CERT_GetCertificateDer
0x80e74aad,0x80e74aad,CERT_GetCertificateEmailAddress
0x5d6f8b3,0x05d6f8b3,CERT_GetCertificateNames
0xffaf12f8,0xffaf12f8,CERT_GetCertificateRequestExtensions
0xb886415b,0xb886415b,CERT_GetClassicOCSPDisabledPolicy
0x3e470435,0x3e470435,CERT_GetClassicOCSPEnabledHardFailurePolicy
0x45364192,0x45364192,CERT_GetClassicOCSPEnabledSoftFailurePolicy
0x604f366,0x0604f366,CERT_GetCommonName
0x13d0b12d,0x13d0b12d,CERT_GetConstrainedCertificateNames
0xe4001031,0xe4001031,CERT_GetCountryName
0x8c89b63,0x08c89b63,CERT_GetDBContentVersion
0x95db3475,0x95db3475,CERT_GetDefaultCertDB
0xb3f96e50,0xb3f96e50,CERT_GetDnQualifier
0xd7c99308,0xd7c99308,CERT_GetDomainComponentName
0x22e70c12,0x22e70c12,CERT_GetEncodedOCSPResponse
0x2634dfae,0x2634dfae,CERT_GetEncodedOCSPResponseByMethod
0xdbb0c381,0xdbb0c381,CERT_GetExtenCriticality
0x381b0052,0x381b0052,CERT_GetFirstEmailAddress
0x86e56c58,0x86e56c58,CERT_GetGeneralNameByType
0x81f90fa8,0x81f90fa8,CERT_GetGeneralNameTypeFromString
0x20386d06,0x20386d06,CERT_GetImposedNameConstraints
0xc9fb593e,0xc9fb593e,CERT_GetLocalityName
0xfb91549f,0xfb91549f,CERT_GetNameConstraintByType
0xcd3d5e12,0xcd3d5e12,CERT_GetNamesLength
0x1dc31329,0x1dc31329,CERT_GetNextEmailAddress
0x6466cbfa,0x6466cbfa,CERT_GetNextGeneralName
0x390a26a1,0x390a26a1,CERT_GetNextNameConstraint
0x13967991,0x13967991,CERT_GetOCSPAuthorityInfoAccessLocation
0x4fbbdd04,0x4fbbdd04,CERT_GetOCSPResponseStatus
0x67bc7357,0x67bc7357,CERT_GetOCSPStatusForCertID
0x48f7430f,0x48f7430f,CERT_GetOidString
0x7bfd75c5,0x7bfd75c5,CERT_GetOrgName
0xdc05f5e5,0xdc05f5e5,CERT_GetOrgUnitName
0xcf905975,0xcf905975,CERT_GetPKIXVerifyNistRevocationPolicy
0x2b119ad8,0x2b119ad8,CERT_GetPrevGeneralName
0xe8e3f0bf,0xe8e3f0bf,CERT_GetPrevNameConstraint
0x53cbc13,0x053cbc13,CERT_GetSSLCACerts
0xf3df6b09,0xf3df6b09,CERT_GetSlopTime
0xa6a563de,0xa6a563de,CERT_GetStateName
0x35c07276,0x35c07276,CERT_GetStatusConfig
0x35e2268d,0x35e2268d,CERT_GetSubjectNameDigest
0xcb4d4a94,0xcb4d4a94,CERT_GetSubjectPublicKeyDigest
0xfe94f777,0xfe94f777,CERT_GetUsePKIXForValidation
0x89ba9ea4,0x89ba9ea4,CERT_GetValidDNSPatternsFromCert
0x96df11c8,0x96df11c8,CERT_GovtApprovedBitSet
0x89cbda69,0x89cbda69,CERT_Hexify
0x8ca7125e,0x8ca7125e,CERT_ImportCAChain
0xa0794109,0xa0794109,CERT_ImportCAChainTrusted
0x2f3ee398,0x2f3ee398,CERT_ImportCRL
0xfa9145d8,0xfa9145d8,CERT_ImportCerts
0x40c2ce67,0x40c2ce67,CERT_InhibitAnyTemplate
0xcf948b6a,0xcf948b6a,CERT_IsCACert
0xe37fc1e5,0xe37fc1e5,CERT_IsCADERCert
0xe0c6ce6b,0xe0c6ce6b,CERT_IsInList
0x2defac99,0x2defac99,CERT_IsNewer
0xb52c905,0x0b52c905,CERT_IsRootDERCert
0xfc8690e5,0xfc8690e5,CERT_IsUserCert
0x258eb27,0x0258eb27,CERT_IssuerAndSNTemplate
0xc41fbe15,0xc41fbe15,CERT_IssuerNameFromDERCert
0xe01fe742,0xe01fe742,CERT_KeyFromDERCert
0xb93746b5,0xb93746b5,CERT_KeyFromDERCrl
0xaaa49fe8,0xaaa49fe8,CERT_KeyFromIssuerAndSN
0x738cfd99,0x738cfd99,CERT_KeyUsageAndTypeForCertUsage
0xf45073d9,0xf45073d9,CERT_LockCertRefCount
0xe045455d,0xe045455d,CERT_LockCertTempPerm
0x6638eab5,0x6638eab5,CERT_LockCertTrust
0xb1cac384,0xb1cac384,CERT_MakeCANickname
0x968e7cfa,0x968e7cfa,CERT_MapStanError
0x845864cf,0x845864cf,CERT_MatchNickname
0xfd10b6,0x00fd10b6,CERT_MatchUserCert
0x60be4e2b,0x60be4e2b,CERT_MaybeLockCertTempPerm
0xf74bb62e,0xf74bb62e,CERT_MaybeUnlockCertTempPerm
0x10aff9dc,0x10aff9dc,CERT_MergeExtensions
0x8ad2ebc2,0x8ad2ebc2,CERT_NameConstraintSubtreeSubTemplate
0x8b59dbda,0x8b59dbda,CERT_NameFromDERCert
0x9881d2f9,0x9881d2f9,CERT_NameTemplate
0xbbc0b009,0xbbc0b009,CERT_NameToAscii
0x64878d1d,0x64878d1d,CERT_NameToAsciiInvertible
0x1f2c3530,0x1f2c3530,CERT_NewCertList
0xc265e7c5,0xc265e7c5,CERT_NewGeneralName
0x9d782cdf,0x9d782cdf,CERT_NewTempCertificate
0x422286a,0x0422286a,CERT_NicknameStringsFromCertList
0x24752829,0x24752829,CERT_NoticeReferenceTemplate
0x13141a76,0x13141a76,CERT_OCSPCacheSettings
0xba22b05d,0xba22b05d,CERT_OidSeqTemplate
0x60cb6cc3,0x60cb6cc3,CERT_OpenCertDBFilename
0x3ac8ebbb,0x3ac8ebbb,CERT_PKIXVerifyCert
0x4d06b34a,0x4d06b34a,CERT_ParseURL
0xeb029be0,0xeb029be0,CERT_PolicyConstraintsTemplate
0x43774294,0x43774294,CERT_PolicyInfoTemplate
0x47bfde66,0x47bfde66,CERT_PolicyMapTemplate
0x59af8387,0x59af8387,CERT_PolicyMappingsTemplate
0x233b83ca,0x233b83ca,CERT_PolicyQualifierTemplate
0xbdc999e0,0xbdc999e0,CERT_PostOCSPRequest
0x3750d136,0x3750d136,CERT_PublicKeyAndChallengeTemplate
0xabd29bbc,0xabd29bbc,CERT_RDNTemplate
0x6034313a,0x6034313a,CERT_RFC1485_EscapeAndQuote
0xeb64cffa,0xeb64cffa,CERT_RegisterAlternateOCSPAIAInfoCallBack
0xf661cefa,0xf661cefa,CERT_RemoveCertListNode
0x7795fcf7,0x7795fcf7,CERT_SaveSMimeProfile
0xc9278ef1,0xc9278ef1,CERT_SequenceOfCertExtensionTemplate
0x7cdfdbc2,0x7cdfdbc2,CERT_SerialNumberFromDERCert
0x2a654fe0,0x2a654fe0,CERT_SetCAPolicyStringCallback
0x2858fb01,0x2858fb01,CERT_SetDefaultCertDB
0x28fc9dd4,0x28fc9dd4,CERT_SetOCSPDefaultResponder
0x9f29b96a,0x9f29b96a,CERT_SetOCSPFailureMode
0x5c3a0a24,0x5c3a0a24,CERT_SetOCSPTimeout
0x6c0540d,0x06c0540d,CERT_SetOfAttributeTemplate
0xdbc940f4,0xdbc940f4,CERT_SetOfSignedCrlTemplate
0x3437ea15,0x3437ea15,CERT_SetSlopTime
0xdd199782,0xdd199782,CERT_SetStatusConfig
0x61186883,0x61186883,CERT_SetUsePKIXForValidation
0x86d4d133,0x86d4d133,CERT_SignedCrlTemplate
0xa2fe2a8c,0xa2fe2a8c,CERT_SignedDataTemplate
0x1722e4af,0x1722e4af,CERT_SortCBValidity
0xf88ed08d,0xf88ed08d,CERT_StartCRLEntryExtensions
0x74733e1b,0x74733e1b,CERT_StartCRLExtensions
0xc2fbede8,0xc2fbede8,CERT_StartCertExtensions
0xa12a2b3d,0xa12a2b3d,CERT_StartCertificateRequestAttributes
0x1a4f58fc,0x1a4f58fc,CERT_SubjectPublicKeyInfoTemplate
0x6cc94cf2,0x6cc94cf2,CERT_TimeChoiceTemplate
0xc1433739,0xc1433739,CERT_TrustFlagsForCACertUsage
0xab1e0398,0xab1e0398,CERT_UTCTime2FormattedAscii
0x634b51d4,0x634b51d4,CERT_UncacheCRL
0x8878705c,0x8878705c,CERT_UnlockCertRefCount
0x746d41e0,0x746d41e0,CERT_UnlockCertTempPerm
0x794f7e18,0x794f7e18,CERT_UnlockCertTrust
0xac763639,0xac763639,CERT_UserNoticeTemplate
0x965932de,0x965932de,CERT_ValidityTemplate
0x6869e35f,0x6869e35f,CERT_VerifyCACertForUsage
0x96c4539f,0x96c4539f,CERT_VerifyCert
0x854b8ac2,0x854b8ac2,CERT_VerifyCertChain
0x421f7bc0,0x421f7bc0,CERT_VerifyCertName
0x7e1ffdd3,0x7e1ffdd3,CERT_VerifyCertNow
0x6f614874,0x6f614874,CERT_VerifyCertificate
0x677d3e88,0x677d3e88,CERT_VerifyCertificateNow
0xd31d347,0x0d31d347,CERT_VerifyOCSPResponseSignature
0x9b9d2265,0x9b9d2265,CERT_VerifySignedData
0xb67b60e9,0xb67b60e9,CERT_VerifySignedDataWithPublicKey
0x55cd9695,0x55cd9695,CERT_VerifySignedDataWithPublicKeyInfo
0x1d88bc18,0x1d88bc18,CIDLData_CreateFromIDArray
0xa23e4f20,0xa23e4f20,CLIPFORMAT_UserFree
0x2b0e9e4a,0x2b0e9e4a,CLIPFORMAT_UserFree64
0x8ce2b091,0x8ce2b091,CLIPFORMAT_UserFreeExt
0x810624e6,0x810624e6,CLIPFORMAT_UserMarshal
0xdb22fd90,0xdb22fd90,CLIPFORMAT_UserMarshal64
0x3f82f897,0x3f82f897,CLIPFORMAT_UserMarshalExt
0xa2454c79,0xa2454c79,CLIPFORMAT_UserSize
0x48ca55e3,0x48ca55e3,CLIPFORMAT_UserSize64
0x62155b4a,0x62155b4a,CLIPFORMAT_UserSizeExt
0xd43d1289,0xd43d1289,CLIPFORMAT_UserUnmarshal
0xd7cbdff3,0xd7cbdff3,CLIPFORMAT_UserUnmarshal64
0xd148275a,0xd148275a,CLIPFORMAT_UserUnmarshalExt
0x97051a19,0x97051a19,CLSIDFromOle1Class
0x3ebce937,0x3ebce937,CLSIDFromProgID
0xe19c1c54,0xe19c1c54,CLSIDFromProgIDEx
0x45e246a9,0x45e246a9,CLSIDFromString
0x2f3a7cc,0x02f3a7cc,COMBASE.#110
0x2f3a7cd,0x02f3a7cd,COMBASE.#111
0x2f3a7ce,0x02f3a7ce,COMBASE.#112
0x243a520f,0x243a520f,COMBASE.CoDecodeProxy
0xd95c2d06,0xd95c2d06,COMBASE.DcomChannelSetHResult
0x5846c6b7,0x5846c6b7,COMBASE.NdrProxyForwardingFunction10
0x5846c6b8,0x5846c6b8,COMBASE.NdrProxyForwardingFunction11
0x5846c6b9,0x5846c6b9,COMBASE.NdrProxyForwardingFunction12
0x5846c6ba,0x5846c6ba,COMBASE.NdrProxyForwardingFunction13
0x5846c6bb,0x5846c6bb,COMBASE.NdrProxyForwardingFunction14
0x5846c6bc,0x5846c6bc,COMBASE.NdrProxyForwardingFunction15
0x5846c6bd,0x5846c6bd,COMBASE.NdrProxyForwardingFunction16
0x5846c6be,0x5846c6be,COMBASE.NdrProxyForwardingFunction17
0x5846c6bf,0x5846c6bf,COMBASE.NdrProxyForwardingFunction18
0x5846c6c0,0x5846c6c0,COMBASE.NdrProxyForwardingFunction19
0x5846c6d8,0x5846c6d8,COMBASE.NdrProxyForwardingFunction20
0x5846c6d9,0x5846c6d9,COMBASE.NdrProxyForwardingFunction21
0x5846c6da,0x5846c6da,COMBASE.NdrProxyForwardingFunction22
0x5846c6db,0x5846c6db,COMBASE.NdrProxyForwardingFunction23
0x5846c6dc,0x5846c6dc,COMBASE.NdrProxyForwardingFunction24
0x5846c6dd,0x5846c6dd,COMBASE.NdrProxyForwardingFunction25
0x5846c6de,0x5846c6de,COMBASE.NdrProxyForwardingFunction26
0x5846c6df,0x5846c6df,COMBASE.NdrProxyForwardingFunction27
0x5846c6e0,0x5846c6e0,COMBASE.NdrProxyForwardingFunction28
0x5846c6e1,0x5846c6e1,COMBASE.NdrProxyForwardingFunction29
0x21b491a9,0x21b491a9,COMBASE.NdrProxyForwardingFunction3
0x5846c6f9,0x5846c6f9,COMBASE.NdrProxyForwardingFunction30
0x5846c6fa,0x5846c6fa,COMBASE.NdrProxyForwardingFunction31
0x5846c6fb,0x5846c6fb,COMBASE.NdrProxyForwardingFunction32
0x21b491aa,0x21b491aa,COMBASE.NdrProxyForwardingFunction4
0x21b491ab,0x21b491ab,COMBASE.NdrProxyForwardingFunction5
0x21b491ac,0x21b491ac,COMBASE.NdrProxyForwardingFunction6
0x21b491ad,0x21b491ad,COMBASE.NdrProxyForwardingFunction7
0x21b491ae,0x21b491ae,COMBASE.NdrProxyForwardingFunction8
0x21b491af,0x21b491af,COMBASE.NdrProxyForwardingFunction9
0xfd199083,0xfd199083,COMBASE.ObjectStublessClient10
0xfd199084,0xfd199084,COMBASE.ObjectStublessClient11
0xfd199085,0xfd199085,COMBASE.ObjectStublessClient12
0xfd199086,0xfd199086,COMBASE.ObjectStublessClient13
0xfd199087,0xfd199087,COMBASE.ObjectStublessClient14
0xfd199088,0xfd199088,COMBASE.ObjectStublessClient15
0xfd199089,0xfd199089,COMBASE.ObjectStublessClient16
0xfd19908a,0xfd19908a,COMBASE.ObjectStublessClient17
0xfd19908b,0xfd19908b,COMBASE.ObjectStublessClient18
0xfd19908c,0xfd19908c,COMBASE.ObjectStublessClient19
0xfd1990a4,0xfd1990a4,COMBASE.ObjectStublessClient20
0xfd1990a5,0xfd1990a5,COMBASE.ObjectStublessClient21
0xfd1990a6,0xfd1990a6,COMBASE.ObjectStublessClient22
0xfd1990a7,0xfd1990a7,COMBASE.ObjectStublessClient23
0xfd1990a8,0xfd1990a8,COMBASE.ObjectStublessClient24
0xfd1990a9,0xfd1990a9,COMBASE.ObjectStublessClient25
0xfd1990aa,0xfd1990aa,COMBASE.ObjectStublessClient26
0xfd1990ab,0xfd1990ab,COMBASE.ObjectStublessClient27
0xfd1990ac,0xfd1990ac,COMBASE.ObjectStublessClient28
0xfd1990ad,0xfd1990ad,COMBASE.ObjectStublessClient29
0x172f51f5,0x172f51f5,COMBASE.ObjectStublessClient3
0xfd1990c5,0xfd1990c5,COMBASE.ObjectStublessClient30
0xfd1990c6,0xfd1990c6,COMBASE.ObjectStublessClient31
0xfd1990c7,0xfd1990c7,COMBASE.ObjectStublessClient32
0x172f51f6,0x172f51f6,COMBASE.ObjectStublessClient4
0x172f51f7,0x172f51f7,COMBASE.ObjectStublessClient5
0x172f51f8,0x172f51f8,COMBASE.ObjectStublessClient6
0x172f51f9,0x172f51f9,COMBASE.ObjectStublessClient7
0x172f51fa,0x172f51fa,COMBASE.ObjectStublessClient8
0x172f51fb,0x172f51fb,COMBASE.ObjectStublessClient9
0x18b5e648,0x18b5e648,COMBASE.WdtpInterfacePointer_UserFree
0x1dc89f72,0x1dc89f72,COMBASE.WdtpInterfacePointer_UserFree64
0xcb004b0e,0xcb004b0e,COMBASE.WdtpInterfacePointer_UserMarshal
0x8c3f4db8,0x8c3f4db8,COMBASE.WdtpInterfacePointer_UserMarshal64
0x18bce3a1,0x18bce3a1,COMBASE.WdtpInterfacePointer_UserSize
0x3b84570b,0x3b84570b,COMBASE.WdtpInterfacePointer_UserSize64
0x855962b1,0x855962b1,COMBASE.WdtpInterfacePointer_UserUnmarshal
0x413cda1b,0x413cda1b,COMBASE.WdtpInterfacePointer_UserUnmarshal64
0x4e9e6760,0x4e9e6760,CRLCache_Empty_TokenFetch_Interval
0x8872c8cd,0x8872c8cd,CRLCache_ExistenceCheck_Interval
0x986ca609,0x986ca609,CRLCache_TokenRefetch_Interval
0xdc9c3a7a,0xdc9c3a7a,CStdStubBuffer_AddRef
0x248511de,0x248511de,CStdStubBuffer_Connect
0x75ee958d,0x75ee958d,CStdStubBuffer_CountRefs
0x6c230479,0x6c230479,CStdStubBuffer_DebugServerQueryInterface
0x82273513,0x82273513,CStdStubBuffer_DebugServerRelease
0x4bf2b8be,0x4bf2b8be,CStdStubBuffer_Disconnect
0xf004cf80,0xf004cf80,CStdStubBuffer_Invoke
0x9e7ce2ec,0x9e7ce2ec,CStdStubBuffer_IsIIDSupported
0xbbaa689b,0xbbaa689b,CStdStubBuffer_QueryInterface
0x332c233,0x0332c233,C_GetFunctionList
0x5d46cec2,0x5d46cec2,C_GetInterface
0x2ddfda7e,0x2ddfda7e,C_GetInterfaceList
0x822092cc,0x822092cc,CalcMenuBar
0xaddaf75e,0xaddaf75e,CalculatePopupWindowPosition
0x16d6ef38,0x16d6ef38,CallMsgFilter
0xf1b4d679,0xf1b4d679,CallMsgFilterA
0xf1b4d68f,0xf1b4d68f,CallMsgFilterW
0x932d79df,0x932d79df,CallNamedPipeA
0x932d79f5,0x932d79f5,CallNamedPipeW
0xcf80a9f8,0xcf80a9f8,CallNextHookEx
0xf9a4ea58,0xf9a4ea58,CallWindowProcA
0xf9a4ea6e,0xf9a4ea6e,CallWindowProcW
0x75bfa7c,0x075bfa7c,Callback
0x1d7b7e88,0x1d7b7e88,CallbackMayRunLong
0xb653efc,0x0b653efc,CancelDC
0x834d9efb,0x834d9efb,CancelDeviceWakeupRequest
0xb653fcd,0x0b653fcd,CancelIo
0x79b4706a,0x79b4706a,CancelIoEx
0x35a2c8d9,0x35a2c8d9,CancelOverlappedAccess
0xb58d36f1,0xb58d36f1,CancelShutdown
0xeb56e8f8,0xeb56e8f8,CancelSynchronousIo
0xc440e6df,0xc440e6df,CancelThreadpoolIo
0xe1c8913c,0xe1c8913c,CancelTimerQueueTimer
0x4a859dbf,0x4a859dbf,CancelWaitableTimer
0x3f021b42,0x3f021b42,CascadeChildWindows
0x59d8b1be,0x59d8b1be,CascadeWindows
0xb117c0ca,0xb117c0ca,CatalogCompactHashDatabase
0xacbe6abc,0xacbe6abc,CertAddCRLContextToStore
0xc528b67e,0xc528b67e,CertAddCTLContextToStore
0x4a6a0c7e,0x4a6a0c7e,CertAddCertificateContextToStore
0x3711ddc7,0x3711ddc7,CertAddCertificateLinkToStore
0xcd1ec2a9,0xcd1ec2a9,CertAddEncodedCRLToStore
0xb617a4ab,0xb617a4ab,CertAddEncodedCTLToStore
0x935b4cab,0x935b4cab,CertAddEncodedCertificateToStore
0x5eb3a431,0x5eb3a431,CertAddEncodedCertificateToSystemStoreA
0x5eb3a447,0x5eb3a447,CertAddEncodedCertificateToSystemStoreW
0x4d552b1d,0x4d552b1d,CertAddEnhancedKeyUsageIdentifier
0x7b9334ec,0x7b9334ec,CertAddSerializedElementToStore
0x1d2a6702,0x1d2a6702,CertAddStoreToCollection
0xf974707d,0xf974707d,CertAlgIdToOID
0x6ec8d00,0x06ec8d00,CertCloseStore
0xa4983047,0xa4983047,CertCompareCertificate
0x9a616c68,0x9a616c68,CertCompareCertificateName
0x5e8842d1,0x5e8842d1,CertCompareIntegerBlob
0x87b7238,0x087b7238,CertComparePublicKeyInfo
0xcadfa06b,0xcadfa06b,CertControlStore
0x50796ab7,0x50796ab7,CertCreateCRLContext
0x39724cb9,0x39724cb9,CertCreateCTLContext
0x67b0f78d,0x67b0f78d,CertCreateCertificateChainEngine
0x81c3ddb9,0x81c3ddb9,CertCreateCertificateContext
0x57dbdf96,0x57dbdf96,CertCreateContext
0x35574d4f,0x35574d4f,CertCreateSelfSignCertificate
0xdaf5df2,0x0daf5df2,CertDeleteCRLFromStore
0x1868c874,0x1868c874,CertDeleteCTLFromStore
0x9aea6874,0x9aea6874,CertDeleteCertificateFromStore
0x55f45e5e,0x55f45e5e,CertDuplicateCRLContext
0x3eed4060,0x3eed4060,CertDuplicateCTLContext
0x8ecabc1e,0x8ecabc1e,CertDuplicateCertificateChain
0x7daf8860,0x7daf8860,CertDuplicateCertificateContext
0x56077665,0x56077665,CertDuplicateStore
0x1b9bb245,0x1b9bb245,CertEnumCRLContextProperties
0x1fa733ea,0x1fa733ea,CertEnumCRLsInStore
0x7d507ec7,0x7d507ec7,CertEnumCTLContextProperties
0x27bc562c,0x27bc562c,CertEnumCTLsInStore
0x55e6c0c7,0x55e6c0c7,CertEnumCertificateContextProperties
0x98b0582c,0x98b0582c,CertEnumCertificatesInStore
0xde13e0fc,0xde13e0fc,CertEnumPhysicalStore
0x274f2c84,0x274f2c84,CertEnumSystemStore
0xaf5ec152,0xaf5ec152,CertFindAttribute
0xf701c9a3,0xf701c9a3,CertFindCRLInStore
0xdffaaba5,0xdffaaba5,CertFindCTLInStore
0x41b68679,0x41b68679,CertFindCertificateInCRL
0x8aa6d9a5,0x8aa6d9a5,CertFindCertificateInStore
0x73faac5,0x073faac5,CertFindChainInStore
0x146861fb,0x146861fb,CertFindExtension
0x3fc3f9bd,0x3fc3f9bd,CertFindRDNAttr
0xe5115c48,0xe5115c48,CertFindSubjectInCTL
0xc487b405,0xc487b405,CertFreeCRLContext
0xad809607,0xad809607,CertFreeCTLContext
0xad077305,0xad077305,CertFreeCertificateChain
0xa969a5db,0xa969a5db,CertFreeCertificateChainEngine
0x1df59507,0x1df59507,CertFreeCertificateContext
0x7b912ca8,0x7b912ca8,CertGetCRLContextProperty
0x757a467f,0x757a467f,CertGetCRLFromStore
0xa144f0aa,0xa144f0aa,CertGetCTLContextProperty
0x715dbe03,0x715dbe03,CertGetCertificateChain
0xcd6a8daa,0xcd6a8daa,CertGetCertificateContextProperty
0x3b58e331,0x3b58e331,CertGetEnhancedKeyUsage
0xf6090986,0xf6090986,CertGetIntendedKeyUsage
0xeb5139dc,0xeb5139dc,CertGetIssuerCertificateFromStore
0x8b3d6dd6,0x8b3d6dd6,CertGetNameStringA
0x8b3d6dec,0x8b3d6dec,CertGetNameStringW
0x4e482c67,0x4e482c67,CertGetPublicKeyLength
0xc41f108f,0xc41f108f,CertGetStoreProperty
0xc774dff1,0xc774dff1,CertGetSubjectCertificateFromStore
0xc709af55,0xc709af55,CertGetValidUsages
0x1b7ac246,0x1b7ac246,CertIsRDNAttrsInCertificateName
0x7fd3514,0x07fd3514,CertIsValidCRLForCertificate
0xfe15ea1b,0xfe15ea1b,CertNameToStrA
0xfe15ea31,0xfe15ea31,CertNameToStrW
0x5f151d1d,0x5f151d1d,CertOIDToAlgId
0x128a49c,0x0128a49c,CertOpenStore
0x6d328302,0x6d328302,CertOpenSystemStoreA
0x6d328318,0x6d328318,CertOpenSystemStoreW
0x30d74b5b,0x30d74b5b,CertRDNValueToStrA
0x30d74b71,0x30d74b71,CertRDNValueToStrW
0xab58c84c,0xab58c84c,CertRegisterPhysicalStore
0x9891ffd4,0x9891ffd4,CertRegisterSystemStore
0xa8294402,0xa8294402,CertRemoveEnhancedKeyUsageIdentifier
0xa83b1478,0xa83b1478,CertRemoveStoreFromCollection
0x2de8a99,0x02de8a99,CertSaveStore
0xf95f18bd,0xf95f18bd,CertSerializeCRLStoreElement
0x6fdf8bff,0x6fdf8bff,CertSerializeCTLStoreElement
0xd5b1b0ff,0xd5b1b0ff,CertSerializeCertificateStoreElement
0x482ceab4,0x482ceab4,CertSetCRLContextProperty
0x6de0aeb6,0x6de0aeb6,CertSetCTLContextProperty
0xd6b997b6,0xd6b997b6,CertSetCertificateContextProperty
0x8595ae3d,0x8595ae3d,CertSetEnhancedKeyUsage
0x569cd71b,0x569cd71b,CertSetStoreProperty
0x74dff09b,0x74dff09b,CertStrToNameA
0x74dff0b1,0x74dff0b1,CertStrToNameW
0x1d36d2ef,0x1d36d2ef,CertUnregisterPhysicalStore
0xd51705b7,0xd51705b7,CertUnregisterSystemStore
0x1ee5e4d,0x01ee5e4d,CertVerifyCRLRevocation
0xeb160ea8,0xeb160ea8,CertVerifyCRLTimeValidity
0xc9d16eca,0xc9d16eca,CertVerifyCTLUsage
0x4ecde8e8,0x4ecde8e8,CertVerifyCertificateChainPolicy
0xebb61a6c,0xebb61a6c,CertVerifyRevocation
0x5cdbdeea,0x5cdbdeea,CertVerifySubjectCertificateContext
0x65bd4e87,0x65bd4e87,CertVerifyTimeValidity
0x21267410,0x21267410,CertVerifyValidityNesting
0x995b7b36,0x995b7b36,ChangeAccountPasswordA
0x995b7b4c,0x995b7b4c,ChangeAccountPasswordW
0xd060cfc8,0xd060cfc8,ChangeClipboardChain
0x87c9777d,0x87c9777d,ChangeDisplaySettingsA
0xa0056b7a,0xa0056b7a,ChangeDisplaySettingsExA
0xa0056b90,0xa0056b90,ChangeDisplaySettingsExW
0x87c97793,0x87c97793,ChangeDisplaySettingsW
0x92f2cfcb,0x92f2cfcb,ChangeMenuA
0x92f2cfe1,0x92f2cfe1,ChangeMenuW
0xfc0ffe8f,0xfc0ffe8f,ChangeServiceConfig2A
0xfc0ffea5,0xfc0ffea5,ChangeServiceConfig2W
0x83c26c9d,0x83c26c9d,ChangeServiceConfigA
0x83c26cb3,0x83c26cb3,ChangeServiceConfigW
0x86f6d6dc,0x86f6d6dc,ChangeTimerQueueTimer
0xe52cba98,0xe52cba98,ChangeWindowMessageFilter
0xe345c9f5,0xe345c9f5,ChangeWindowMessageFilterEx
0xf26bad97,0xf26bad97,CharLowerA
0x757aa13a,0x757aa13a,CharLowerBuffA
0x757aa150,0x757aa150,CharLowerBuffW
0xf26badad,0xf26badad,CharLowerW
0x267f15cd,0x267f15cd,CharNextA
0xc29bddca,0xc29bddca,CharNextExA
0x267f15e3,0x267f15e3,CharNextW
0x26aa172b,0x26aa172b,CharPrevA
0x798caea8,0x798caea8,CharPrevExA
0x26aa1741,0x26aa1741,CharPrevW
0x4ff02d2,0x04ff02d2,CharToOemA
0x9fdc1bf5,0x9fdc1bf5,CharToOemBuffA
0x9fdc1c0b,0x9fdc1c0b,CharToOemBuffW
0x4ff02e8,0x04ff02e8,CharToOemW
0x7785d1a,0x07785d1a,CharUpperA
0x98895a3d,0x98895a3d,CharUpperBuffA
0x98895a53,0x98895a53,CharUpperBuffW
0x7785d30,0x07785d30,CharUpperW
0x9ba712b4,0x9ba712b4,CheckColorsInGamut
0xbecd23e7,0xbecd23e7,CheckDesktopByThreadId
0x5bfd57a0,0x5bfd57a0,CheckDlgButton
0xae6776f4,0xae6776f4,CheckElevation
0xe282507f,0xe282507f,CheckElevationEnabled
0xb5290e48,0xb5290e48,CheckEscapesW
0x8b4905ba,0x8b4905ba,CheckForReadOnlyResource
0x930bfe8e,0x930bfe8e,CheckInitDde
0xfc85e711,0xfc85e711,CheckMenuItem
0xd826e940,0xd826e940,CheckMenuRadioItem
0x42de7c8c,0x42de7c8c,CheckNameLegalDOS8Dot3A
0x42de7ca2,0x42de7ca2,CheckNameLegalDOS8Dot3W
0xcd772ab8,0xcd772ab8,CheckRadioButton
0x12525bf,0x012525bf,CheckRemoteDebuggerPresent
0xe17a4e56,0xe17a4e56,CheckSignatureInFile
0xafc991a,0x0afc991a,CheckTokenMembership
0x2d350857,0x2d350857,CheckWindowThreadDesktop
0x854da429,0x854da429,ChildWindowFromPoint
0xf475bc6,0x0f475bc6,ChildWindowFromPointEx
0xc606b8bb,0xc606b8bb,ChoosePixelFormat
0x69df2bff,0x69df2bff,Chord
0x2d52ef56,0x2d52ef56,ChrCmpIA
0x2d52ef6c,0x2d52ef6c,ChrCmpIW
0x80a4812,0x080a4812,ChromeMain
0x5f5c9e5a,0x5f5c9e5a,CleanROTForApartment
0xc19091e4,0xc19091e4,CleanupGroup
0x29e21c27,0x29e21c27,ClearCommBreak
0x2a189ecc,0x2a189ecc,ClearCommError
0x269f30db,0x269f30db,ClearEventLogA
0x269f30f1,0x269f30f1,ClearEventLogW
0xd2c3d9ab,0xd2c3d9ab,ClearPropVariantArray
0xa823032a,0xa823032a,ClearVariantArray
0x24ba774a,0x24ba774a,CliImmSetHotKey
0x6fc9dc57,0x6fc9dc57,ClientThreadSetup
0xb37bd1f1,0xb37bd1f1,ClientToScreen
0x77e341f5,0x77e341f5,ClipCursor
0xe7e99ef3,0xe7e99ef3,ClipboardProcessUninitialize
0x4ff18635,0x4ff18635,CloseClipboard
0x316bb6e4,0x316bb6e4,CloseCodeAuthzLevel
0x8e513564,0x8e513564,CloseConsoleHandle
0xf9f3c77f,0xf9f3c77f,CloseDesktop
0xbae590d1,0xbae590d1,CloseDriver
0x26fc43bd,0x26fc43bd,CloseEncryptedFileRaw
0x563e6cc7,0x563e6cc7,CloseEnhMetaFile
0x20da1129,0x20da1129,CloseEventLog
0xbeebea27,0xbeebea27,CloseFigure
0xdae7507c,0xdae7507c,CloseGestureInfoHandle
0xc30904f1,0xc30904f1,CloseHandle
0x884413cc,0x884413cc,CloseMetaFile
0xb34e5f89,0xb34e5f89,ClosePrinter
0x92bf9b0d,0x92bf9b0d,ClosePrivateNamespace
0x6f93d501,0x6f93d501,CloseProfileUserMapping
0xb3178e22,0xb3178e22,CloseServiceHandle
0x1f58957e,0x1f58957e,CloseSpoolFileHandle
0x91bc8d9,0x091bc8d9,CloseThreadWaitChainSession
0xbd600437,0xbd600437,CloseThreadpool
0xe23f43ec,0xe23f43ec,CloseThreadpoolCleanupGroup
0x278f58d7,0x278f58d7,CloseThreadpoolCleanupGroupMembers
0x9571f7cf,0x9571f7cf,CloseThreadpoolIo
0xf479b9d8,0xf479b9d8,CloseThreadpoolTimer
0xb9d6a74c,0xb9d6a74c,CloseThreadpoolWait
0xb9d6e3fa,0xb9d6e3fa,CloseThreadpoolWork
0x94be0d04,0x94be0d04,CloseTouchInputHandle
0x3556e414,0x3556e414,CloseTrace
0xe6972add,0xe6972add,CloseWindow
0x834d7dff,0x834d7dff,CloseWindowStation
0x6e09581,0x06e09581,CmdBatNotification
0x76db5abd,0x76db5abd,CoAddRefServerProcess
0x8b7c7a35,0x8b7c7a35,CoAicGetTokenForCOM
0xcc3f6b1f,0xcc3f6b1f,CoAllowSetForegroundWindow
0x7cfdcbd1,0x7cfdcbd1,CoAllowUnmarshalerCLSID
0x34f2f3d7,0x34f2f3d7,CoBuildVersion
0x4781eee3,0x4781eee3,CoCancelCall
0x8649d891,0x8649d891,CoCheckElevationEnabled
0xd89a1d1e,0xd89a1d1e,CoCopyProxy
0xcbdaec37,0xcbdaec37,CoCreateFreeThreadedMarshaler
0x3e01b69e,0x3e01b69e,CoCreateGuid
0x1570064a,0x1570064a,CoCreateInstance
0x318aca27,0x318aca27,CoCreateInstanceEx
0x8be30c1f,0x8be30c1f,CoCreateInstanceFromApp
0x9e9d1828,0x9e9d1828,CoCreateObjectInContext
0xc49f4332,0xc49f4332,CoDeactivateObject
0x82aa2b27,0x82aa2b27,CoDecodeProxy
0x9abfc08f,0x9abfc08f,CoDecrementMTAUsage
0x966f915e,0x966f915e,CoDisableCallCancellation
0xf00d0ad0,0xf00d0ad0,CoDisconnectContext
0xa6376642,0xa6376642,CoDisconnectObject
0x6179d7c6,0x6179d7c6,CoDosDateTimeToFileTime
0x92fc4ad1,0x92fc4ad1,CoEnableCallCancellation
0xb7117104,0xb7117104,CoFileTimeNow
0xe33ad586,0xe33ad586,CoFileTimeToDosDateTime
0x1038be39,0x1038be39,CoFreeAllLibraries
0x4377f2b8,0x4377f2b8,CoFreeLibrary
0xf45282b4,0xf45282b4,CoFreeUnusedLibraries
0x52fe0911,0x52fe0911,CoFreeUnusedLibrariesEx
0xd043b814,0xd043b814,CoGetActivationState
0xe08e917a,0xe08e917a,CoGetApartmentID
0x3e7fd06f,0x3e7fd06f,CoGetApartmentType
0x6fe1f662,0x6fe1f662,CoGetCallContext
0x3f4ddf9e,0x3f4ddf9e,CoGetCallState
0x409242f5,0x409242f5,CoGetCallerTID
0x8c12423e,0x8c12423e,CoGetCancelObject
0x3431d56e,0x3431d56e,CoGetClassObject
0xdcdc30fd,0xdcdc30fd,CoGetClassVersion
0x40ae33db,0x40ae33db,CoGetComCatalog
0x8476e5c7,0x8476e5c7,CoGetContextToken
0xdc00f2e4,0xdc00f2e4,CoGetCurrentLogicalThreadId
0x599706a3,0x599706a3,CoGetCurrentProcess
0xe049194b,0xe049194b,CoGetDefaultContext
0xb584994a,0xb584994a,CoGetInstanceFromFile
0xe846dbe8,0xe846dbe8,CoGetInstanceFromIStorage
0xf7fcbaf0,0xf7fcbaf0,CoGetInterceptor
0xdcffccfc,0xdcffccfc,CoGetInterceptorForOle32
0x5bd1d8b2,0x5bd1d8b2,CoGetInterceptorFromTypeInfo
0x94849fd2,0x94849fd2,CoGetInterfaceAndReleaseStream
0x3e6fcff9,0x3e6fcff9,CoGetMalloc
0x8e8093ea,0x8e8093ea,CoGetMarshalSizeMax
0x3c39a6c9,0x3c39a6c9,CoGetModuleType
0x432b01b8,0x432b01b8,CoGetObject
0xe66347fd,0xe66347fd,CoGetObjectContext
0xcfca7213,0xcfca7213,CoGetPSClsid
0xa26f6143,0xa26f6143,CoGetProcessIdentifier
0xf1afd7a,0x0f1afd7a,CoGetStandardMarshal
0xc745b7f1,0xc745b7f1,CoGetStdMarshalEx
0x4c2c22ba,0x4c2c22ba,CoGetSystemSecurityPermissions
0xacd208b9,0xacd208b9,CoGetSystemWow64DirectoryW
0xd5a8906b,0xd5a8906b,CoGetTreatAsClass
0x6a68031f,0x6a68031f,CoHandlePriorityEventsFromMessagePump
0x1dceea7,0x01dceea7,CoImpersonateClient
0xe6df7f7d,0xe6df7f7d,CoIncrementMTAUsage
0xd20c2773,0xd20c2773,CoInitialize
0x85b3d990,0x85b3d990,CoInitializeEx
0x4eb0220b,0x4eb0220b,CoInitializeSecurity
0x3c2f5330,0x3c2f5330,CoInitializeWOW
0x5e26f4f8,0x5e26f4f8,CoInstall
0x1ed82871,0x1ed82871,CoInvalidateRemoteMachineBindings
0x8858f68e,0x8858f68e,CoIsHandlerConnected
0x4a4e8984,0x4a4e8984,CoIsOle1Class
0x9950e5f6,0x9950e5f6,CoLoadLibrary
0xe060fb44,0xe060fb44,CoLockObjectExternal
0xd7930bb0,0xd7930bb0,CoMarshalHresult
0x90f34f37,0x90f34f37,CoMarshalInterThreadInterfaceInStream
0x2dc1543a,0x2dc1543a,CoMarshalInterface
0xe7827bd9,0xe7827bd9,CoPopServiceDomain
0x5fbd9fca,0x5fbd9fca,CoPushServiceDomain
0x4494edbb,0x4494edbb,CoQueryAuthenticationServices
0x782df797,0x782df797,CoQueryClientBlanket
0xf41ade5a,0xf41ade5a,CoQueryProxyBlanket
0xc43b07af,0xc43b07af,CoQueryReleaseObject
0x6f875580,0x6f875580,CoReactivateObject
0x99e7b0fe,0x99e7b0fe,CoRegisterActivationFilter
0xe064b730,0xe064b730,CoRegisterChannelHook
0xdac759d3,0xdac759d3,CoRegisterClassObject
0x27c8ac14,0x27c8ac14,CoRegisterInitializeSpy
0x2c4a907a,0x2c4a907a,CoRegisterMallocSpy
0x56470c11,0x56470c11,CoRegisterMessageFilter
0xc94b8bf8,0xc94b8bf8,CoRegisterPSClsid
0x3838a5e2,0x3838a5e2,CoRegisterSurrogate
0x28f9afbf,0x28f9afbf,CoRegisterSurrogateEx
0xd42c3da4,0xd42c3da4,CoReleaseMarshalData
0x90263538,0x90263538,CoReleaseServerProcess
0x661e7832,0x661e7832,CoResumeClassObjects
0xb722a3,0x00b722a3,CoRetireServer
0xbc7ce6a6,0xbc7ce6a6,CoRevertToSelf
0x85d5d85a,0x85d5d85a,CoRevokeClassObject
0xd070e85b,0xd070e85b,CoRevokeInitializeSpy
0x3ac9c141,0x3ac9c141,CoRevokeMallocSpy
0x336b674a,0x336b674a,CoSetCancelObject
0xd66ab9b9,0xd66ab9b9,CoSetMessageDispatcher
0x34db7bb0,0x34db7bb0,CoSetProxyBlanket
0xa8d5ffce,0xa8d5ffce,CoSetState
0xc10c3063,0xc10c3063,CoSuspendClassObjects
0x259ede94,0x259ede94,CoSwitchCallContext
0x46accf5e,0x46accf5e,CoTaskMemAlloc
0x76843215,0x76843215,CoTaskMemFree
0xb09f8d95,0xb09f8d95,CoTaskMemRealloc
0xc80fb047,0xc80fb047,CoTestCancel
0x955e588b,0x955e588b,CoTreatAsClass
0xc52c42f6,0xc52c42f6,CoUninitialize
0x14fe22bf,0x14fe22bf,CoUnloadingWOW
0x4c8b30b3,0x4c8b30b3,CoUnmarshalHresult
0xc156c5fd,0xc156c5fd,CoUnmarshalInterface
0x425a2346,0x425a2346,CoVrfCheckThreadState
0x5d7a5dc8,0x5d7a5dc8,CoVrfGetThreadState
0xf47e5509,0xf47e5509,CoVrfReleaseThreadState
0xaa77f08,0x0aa77f08,CoWaitForMultipleHandles
0x278c56f3,0x278c56f3,CoWaitForMultipleObjects
0xfcd0ade8,0xfcd0ade8,ColorAdjustLuma
0xc129986f,0xc129986f,ColorCorrectPalette
0xf5a706f3,0xf5a706f3,ColorHLSToRGB
0xab828985,0xab828985,ColorMatchToTarget
0x87ae4b73,0x87ae4b73,ColorRGBToHLS
0x8245db59,0x8245db59,ComPs_NdrDllCanUnloadNow
0xfc72c73d,0xfc72c73d,ComPs_NdrDllGetClassObject
0xadb2afb7,0xadb2afb7,ComPs_NdrDllRegisterProxy
0xa255781a,0xa255781a,ComPs_NdrDllUnregisterProxy
0xa8ce43f3,0xa8ce43f3,CombineRgn
0x4ac66d28,0x4ac66d28,CombineTransform
0x499c5d42,0x499c5d42,CommConfigDialogA
0x499c5d58,0x499c5d58,CommConfigDialogW
0x418554b2,0x418554b2,CommandLineFromMsiDescriptor
0x1b600220,0x1b600220,CommandLineToArgvW
0x9462bf1,0x09462bf1,CommitComplete
0x115fe33b,0x115fe33b,CommitEnlistment
0xfda178df,0xfda178df,CommitSpoolData
0x8ce6a67e,0x8ce6a67e,CommitTransaction
0xefc1bedc,0xefc1bedc,CommitTransactionAsync
0xdc687f52,0xdc687f52,CommitUrlCacheEntryA
0x6798fbb5,0x6798fbb5,CommitUrlCacheEntryBinaryBlob
0xdc687f68,0xdc687f68,CommitUrlCacheEntryW
0xe23b8d81,0xe23b8d81,CompareCalendarDates
0x896e0c43,0x896e0c43,CompareExchange64
0xf6211f25,0xf6211f25,CompareFileTime
0x95e54e2e,0x95e54e2e,CompareStringA
0x528f14ea,0x528f14ea,CompareStringEx
0x80729f6,0x080729f6,CompareStringOrdinal
0x95e54e44,0x95e54e44,CompareStringW
0x80a259b,0x080a259b,CompleteAuthToken
0x52637623,0x52637623,CompleteCreateSysmemSurface
0x50e12772,0x50e12772,ComputeAccessTokenFromCodeAuthzLevel
0x81fe773c,0x81fe773c,ConditionVariable
0xa6429905,0xa6429905,Config
0xa13ea8d7,0xa13ea8d7,ConfigurePortA
0xa13ea8ed,0xa13ea8ed,ConfigurePortW
0x7d4b5f36,0x7d4b5f36,ConnectEx
0x16a7632c,0x16a7632c,ConnectNamedPipe
0x431398b6,0x431398b6,ConnectToConnectionPoint
0xc11452b7,0xc11452b7,ConnectToPrinterDlg
0xf9083643,0xf9083643,ConsoleControl
0xeadb7718,0xeadb7718,ConsoleMenuControl
0x25f8849d,0x25f8849d,ContinueDebugEvent
0x289f592,0x0289f592,ContinueHandler
0x1c72f249,0x1c72f249,ControlMagnification
0x16604cc1,0x16604cc1,ControlService
0x2477d65f,0x2477d65f,ControlServiceExA
0x2477d675,0x2477d675,ControlServiceExW
0xb650f420,0xb650f420,ControlTraceA
0xb650f436,0xb650f436,ControlTraceW
0x85fa67e0,0x85fa67e0,Control_RunDLL
0x45476421,0x45476421,Control_RunDLLA
0x9d08684a,0x9d08684a,Control_RunDLLAsUserW
0x45476437,0x45476437,Control_RunDLLW
0xabc7233d,0xabc7233d,ConvertAccessToSecurityDescriptorA
0xabc72353,0xabc72353,ConvertAccessToSecurityDescriptorW
0x4b06afad,0x4b06afad,ConvertAnsiDevModeToUnicodeDevmode
0x6a776bc4,0x6a776bc4,ConvertCalDateTimeToSystemTime
0xc04a0d85,0xc04a0d85,ConvertDefaultLocale
0x2b3b7073,0x2b3b7073,ConvertFiberToThread
0xa83fe911,0xa83fe911,ConvertNLSDayOfWeekToWin32DayOfWeek
0xf1a08eb5,0xf1a08eb5,ConvertSDToStringSDRootDomainA
0xf1a08ecb,0xf1a08ecb,ConvertSDToStringSDRootDomainW
0xba7ed0bd,0xba7ed0bd,ConvertSecurityDescriptorToAccessA
0x88ba802,0x088ba802,ConvertSecurityDescriptorToAccessNamedA
0x88ba818,0x088ba818,ConvertSecurityDescriptorToAccessNamedW
0xba7ed0d3,0xba7ed0d3,ConvertSecurityDescriptorToAccessW
0x38a176e1,0x38a176e1,ConvertSecurityDescriptorToString
0x36d5826b,0x36d5826b,ConvertSidToStringSidA
0x36d58281,0x36d58281,ConvertSidToStringSidW
0x29ff5131,0x29ff5131,ConvertStringSDToSDDomainA
0x29ff5147,0x29ff5147,ConvertStringSDToSDDomainW
0x7121aeb5,0x7121aeb5,ConvertStringSDToSDRootDomainA
0x7121aecb,0x7121aecb,ConvertStringSDToSDRootDomainW
0xb9350a1e,0xb9350a1e,ConvertStringSecurityDescriptor
0xd9e4328b,0xd9e4328b,ConvertStringSidToSidA
0xd9e432a1,0xd9e432a1,ConvertStringSidToSidW
0xb2ecd924,0xb2ecd924,ConvertSystemTimeToCalDateTime
0xcd4a5d13,0xcd4a5d13,ConvertThreadToFiber
0x4955f730,0x4955f730,ConvertThreadToFiberEx
0xd22dce49,0xd22dce49,ConvertToAutoInheritPrivateObjectSecurity
0xc753366d,0xc753366d,ConvertUnicodeDevModeToAnsiDevmode
0x1ce62378,0x1ce62378,CopyAcceleratorTableA
0x1ce6238e,0x1ce6238e,CopyAcceleratorTableW
0xefdbd42f,0xefdbd42f,CopyContext
0xae4b59ed,0xae4b59ed,CopyEnhMetaFileA
0xae4b5a03,0xae4b5a03,CopyEnhMetaFileW
0x2ebacc2b,0x2ebacc2b,CopyFileA
0xc89ea3a8,0xc89ea3a8,CopyFileExA
0xc89ea3be,0xc89ea3be,CopyFileExW
0x7e311cd4,0x7e311cd4,CopyFileTransactedA
0x7e311cea,0x7e311cea,CopyFileTransactedW
0x2ebacc41,0x2ebacc41,CopyFileW
0x473d82b3,0x473d82b3,CopyIcon
0x2ef318cd,0x2ef318cd,CopyImage
0x12ef1650,0x12ef1650,CopyLZFile
0x47bdd7b2,0x47bdd7b2,CopyMetaFileA
0x47bdd7c8,0x47bdd7c8,CopyMetaFileW
0x47427918,0x47427918,CopyRect
0x6ec3f8ea,0x6ec3f8ea,CopySid
0x34f29fc9,0x34f29fc9,CorePrinterDriverInstalledA
0x34f29fdf,0x34f29fdf,CorePrinterDriverInstalledW
0xcb6ef204,0xcb6ef204,CountClipboardFormats
0x3c39138c,0x3c39138c,CounterValue
0x27c28fb3,0x27c28fb3,CrashForExceptionInNonABICompliantCodeRange
0xdbf635b1,0xdbf635b1,CreateAcceleratorTableA
0xdbf635c7,0xdbf635c7,CreateAcceleratorTableW
0x2f8fae2b,0x2f8fae2b,CreateActCtxA
0x2f8fae41,0x2f8fae41,CreateActCtxW
0x2146a984,0x2146a984,CreateAntiMoniker
0x8a2d936f,0x8a2d936f,CreateBindCtx
0x32bf0480,0x32bf0480,CreateBitmap
0x14f77d72,0x14f77d72,CreateBitmapIndirect
0x2cd2e187,0x2cd2e187,CreateBoundaryDescriptorA
0x2cd2e19d,0x2cd2e19d,CreateBoundaryDescriptorW
0x7a1d4679,0x7a1d4679,CreateBrushIndirect
0x75f46e12,0x75f46e12,CreateCaret
0x41f3696c,0x41f3696c,CreateCdmInstance
0xbc94f94e,0xbc94f94e,CreateClassMoniker
0xc9e1b502,0xc9e1b502,CreateCodeAuthzLevel
0xf4ac1c6f,0xf4ac1c6f,CreateColorSpaceA
0xf4ac1c85,0xf4ac1c85,CreateColorSpaceW
0x3f794a00,0x3f794a00,CreateCompatibleBitmap
0x2e5c4a8a,0x2e5c4a8a,CreateCompatibleDC
0xa08bff90,0xa08bff90,CreateConsoleScreenBuffer
0x35ec55c1,0x35ec55c1,CreateCursor
0x7001668b,0x7001668b,CreateDCA
0x700166a1,0x700166a1,CreateDCW
0x170a1af4,0x170a1af4,CreateDIBPatternBrush
0x1fcb2b8,0x01fcb2b8,CreateDIBPatternBrushPt
0x56995467,0x56995467,CreateDIBSection
0xa2ee500d,0xa2ee500d,CreateDIBitmap
0xc9e3b9d7,0xc9e3b9d7,CreateDataAdviseHolder
0x199da211,0x199da211,CreateDataCache
0x80bdf73e,0x80bdf73e,CreateDesktopA
0xa818df7b,0xa818df7b,CreateDesktopExA
0xa818df91,0xa818df91,CreateDesktopExW
0x80bdf754,0x80bdf754,CreateDesktopW
0x323d9d17,0x323d9d17,CreateDialogIndirectParamA
0xbb4300ef,0xbb4300ef,CreateDialogIndirectParamAorW
0x323d9d2d,0x323d9d2d,CreateDialogIndirectParamW
0x53793a5,0x053793a5,CreateDialogParamA
0x53793bb,0x053793bb,CreateDialogParamW
0xf43cb4f7,0xf43cb4f7,CreateDirect3D11DeviceFromDXGIDevice
0x2e381f49,0x2e381f49,CreateDirect3D11SurfaceFromDXGISurface
0x989e5d19,0x989e5d19,CreateDirectoryA
0x39aa2816,0x39aa2816,CreateDirectoryExA
0x39aa282c,0x39aa282c,CreateDirectoryExW
0x1f92f42,0x01f92f42,CreateDirectoryTransactedA
0x1f92f58,0x01f92f58,CreateDirectoryTransactedW
0x989e5d2f,0x989e5d2f,CreateDirectoryW
0x5c50d88e,0x5c50d88e,CreateDiscardableBitmap
0x1c42bee0,0x1c42bee0,CreateEllipticRgn
0xea3f97d2,0xea3f97d2,CreateEllipticRgnIndirect
0xa60fe486,0xa60fe486,CreateEnhMetaFileA
0xa60fe49c,0xa60fe49c,CreateEnhMetaFileW
0xb2c651c6,0xb2c651c6,CreateEnlistment
0xc8727a79,0xc8727a79,CreateErrorInfo
0x3aa189c6,0x3aa189c6,CreateEventA
0x692b3403,0x692b3403,CreateEventExA
0x692b3419,0x692b3419,CreateEventExW
0x3aa189dc,0x3aa189dc,CreateEventW
0x12e8c561,0x12e8c561,CreateFX
0x762ed68b,0x762ed68b,CreateFiber
0xbd3eaea8,0xbd3eaea8,CreateFiberEx
0x762f00e4,0x762f00e4,CreateFileA
0x813f8c30,0x813f8c30,CreateFileMappingA
0xf2b76781,0xf2b76781,CreateFileMappingNumaA
0xf2b76797,0xf2b76797,CreateFileMappingNumaW
0x813f8c46,0x813f8c46,CreateFileMappingW
0x52f68298,0x52f68298,CreateFileMoniker
0xdb754ccd,0xdb754ccd,CreateFileTransactedA
0xdb754ce3,0xdb754ce3,CreateFileTransactedW
0x762f00f8,0x762f00f8,CreateFileU
0x762f00fa,0x762f00fa,CreateFileW
0x7632559b,0x7632559b,CreateFontA
0x983226cd,0x983226cd,CreateFontIndirectA
0x6d572eca,0x6d572eca,CreateFontIndirectExA
0x6d572ee0,0x6d572ee0,CreateFontIndirectExW
0x983226e3,0x983226e3,CreateFontIndirectW
0x763255b1,0x763255b1,CreateFontW
0xcbdb6673,0xcbdb6673,CreateGenericComposite
0x2ed28503,0x2ed28503,CreateHalftonePalette
0x5941d511,0x5941d511,CreateHardLinkA
0x746cfd3a,0x746cfd3a,CreateHardLinkTransactedA
0x746cfd50,0x746cfd50,CreateHardLinkTransactedW
0x5941d527,0x5941d527,CreateHardLinkW
0x4b96fd0f,0x4b96fd0f,CreateHatchBrush
0x70017bd0,0x70017bd0,CreateICA
0x70017be6,0x70017be6,CreateICW
0x3d9963f2,0x3d9963f2,CreateILockBytesOnHGlobal
0x7031844c,0x7031844c,CreateIcon
0x125fc368,0x125fc368,CreateIconFromResource
0x295e46c5,0x295e46c5,CreateIconFromResourceEx
0x33a3093e,0x33a3093e,CreateIconIndirect
0xd36badf8,0xd36badf8,CreateInstance
0x1f90c73a,0x1f90c73a,CreateIoCompletionPort
0x42286ec7,0x42286ec7,CreateItemMoniker
0x71a0956,0x071a0956,CreateJobObjectA
0x71a096c,0x071a096c,CreateJobObjectW
0x45ca8faa,0x45ca8faa,CreateJobSet
0x9b36282,0x09b36282,CreateMD5SSOHash
0xe8530316,0xe8530316,CreateMDIWindowA
0xe853032c,0xe853032c,CreateMDIWindowW
0xd04a3fca,0xd04a3fca,CreateMRUListW
0x509289,0x00509289,CreateMailslotA
0x50929f,0x0050929f,CreateMailslotW
0x5fd94597,0x5fd94597,CreateMappedBitmap
0xd35776cb,0xd35776cb,CreateMemoryResourceNotification
0x7033be38,0x7033be38,CreateMenu
0xe33fc0eb,0xe33fc0eb,CreateMetaFileA
0xe33fc101,0xe33fc101,CreateMetaFileW
0x4d40ca37,0x4d40ca37,CreateMutexA
0xa09c54b4,0xa09c54b4,CreateMutexExA
0xa09c54ca,0xa09c54ca,CreateMutexExW
0x4d40ca4d,0x4d40ca4d,CreateMutexW
0x7fa1b917,0x7fa1b917,CreateNamedPipeA
0x7fa1b92d,0x7fa1b92d,CreateNamedPipeW
0x4770ea70,0x4770ea70,CreateObjrefMoniker
0x74dd2f1d,0x74dd2f1d,CreateOleAdviseHolder
0xad10ccb2,0xad10ccb2,CreatePalette
0x6e5f0465,0x6e5f0465,CreatePatternBrush
0x70019e26,0x70019e26,CreatePen
0x5c745d18,0x5c745d18,CreatePenIndirect
0x70357491,0x70357491,CreatePipe
0xe95420b9,0xe95420b9,CreatePointerMoniker
0xd16c9f36,0xd16c9f36,CreatePolyPolygonRgn
0x702a3d2,0x0702a3d2,CreatePolygonRgn
0x78ee2c6c,0x78ee2c6c,CreatePopupMenu
0x842f1340,0x842f1340,CreatePrintAsyncNotifyChannel
0x12dda2d3,0x12dda2d3,CreatePrinterIC
0x3660ae4c,0x3660ae4c,CreatePrivateNamespaceA
0x3660ae62,0x3660ae62,CreatePrivateNamespaceW
0xef12a0ad,0xef12a0ad,CreatePrivateObjectSecurity
0xfe3d894a,0xfe3d894a,CreatePrivateObjectSecurityEx
0x729b78c3,0x729b78c3,CreateProcessA
0xbc75ee56,0xbc75ee56,CreateProcessAsUserA
0xbc75ee6c,0xbc75ee6c,CreateProcessAsUserW
0xead40160,0xead40160,CreateProcessInternalA
0xead40176,0xead40176,CreateProcessInternalW
0x729b78d9,0x729b78d9,CreateProcessW
0xc5da0c34,0xc5da0c34,CreateProcessWithLogonW
0xd8855836,0xd8855836,CreateProcessWithTokenW
0xe3d5c9de,0xe3d5c9de,CreatePropertySheetPage
0x5e8f05df,0x5e8f05df,CreatePropertySheetPageA
0x5e8f05f5,0x5e8f05f5,CreatePropertySheetPageW
0xcfee7a07,0xcfee7a07,CreateProxyFromTypeInfo
0x4fbeb398,0x4fbeb398,CreateRectRgn
0xbde0c48a,0xbde0c48a,CreateRectRgnIndirect
0x38300707,0x38300707,CreateRemoteThread
0x44dee24,0x044dee24,CreateRemoteThreadEx
0xa1bdda6,0x0a1bdda6,CreateResourceManager
0x5ee95cfd,0x5ee95cfd,CreateRestrictedToken
0xc6456420,0xc6456420,CreateRoundRectRgn
0x7c127ada,0x7c127ada,CreateScalableFontResourceA
0x7c127af0,0x7c127af0,CreateScalableFontResourceW
0x4f92e628,0x4f92e628,CreateSemaphoreA
0x7fe530e5,0x7fe530e5,CreateSemaphoreExA
0x7fe530fb,0x7fe530fb,CreateSemaphoreExW
0x4f92e63e,0x4f92e63e,CreateSemaphoreW
0x570518b5,0x570518b5,CreateServiceA
0x570518cb,0x570518cb,CreateServiceW
0x32b65858,0x32b65858,CreateSocketHandle
0x39538a82,0x39538a82,CreateSolidBrush
0x7881f09f,0x7881f09f,CreateStatusWindow
0x88c004c0,0x88c004c0,CreateStatusWindowA
0x88c004d6,0x88c004d6,CreateStatusWindowW
0x49825693,0x49825693,CreateStdAccessibleObject
0x4cfc189f,0x4cfc189f,CreateStdAccessibleProxyA
0x4cfc18b5,0x4cfc18b5,CreateStdAccessibleProxyW
0x28d45680,0x28d45680,CreateStdProgressIndicator
0xe4c4bc05,0xe4c4bc05,CreateStreamOnHGlobal
0xe3823863,0xe3823863,CreateStubFromTypeInfo
0x9d9872f4,0x9d9872f4,CreateSymbolicLinkA
0xb8a092dd,0xb8a092dd,CreateSymbolicLinkTransactedA
0xb8a092f3,0xb8a092f3,CreateSymbolicLinkTransactedW
0x9d98730a,0x9d98730a,CreateSymbolicLinkW
0x23b85a93,0x23b85a93,CreateSystemThreads
0x8efd4967,0x8efd4967,CreateTapePartition
0x5ca88c7b,0x5ca88c7b,CreateThread
0x5effa355,0x5effa355,CreateThreadpool
0x3e68800a,0x3e68800a,CreateThreadpoolCleanupGroup
0x1d75d66d,0x1d75d66d,CreateThreadpoolIo
0x9baf7bb6,0x9baf7bb6,CreateThreadpoolTimer
0x524ca56a,0x524ca56a,CreateThreadpoolWait
0x524ce218,0x524ce218,CreateThreadpoolWork
0x5c856129,0x5c856129,CreateTimerQueue
0xa1d8fe0a,0xa1d8fe0a,CreateTimerQueueTimer
0x1dbc9b6,0x01dbc9b6,CreateToolbar
0xe7f51893,0xe7f51893,CreateToolbarEx
0x1de039bf,0x1de039bf,CreateToolhelp32Snapshot
0x1e6cd5b4,0x1e6cd5b4,CreateTraceInstanceId
0x5b1ae669,0x5b1ae669,CreateTransaction
0xb7a29d24,0xb7a29d24,CreateTransactionManager
0x8a260481,0x8a260481,CreateUpDownControl
0x77c8802e,0x77c8802e,CreateUrlCacheContainerA
0x77c88044,0x77c88044,CreateUrlCacheContainerW
0x91293b5d,0x91293b5d,CreateUrlCacheEntryA
0x8065a770,0x8065a770,CreateUrlCacheEntryExW
0x91293b73,0x91293b73,CreateUrlCacheEntryW
0xed469537,0xed469537,CreateUrlCacheGroup
0x156860ee,0x156860ee,CreateWaitableTimerA
0x1104752b,0x1104752b,CreateWaitableTimerExA
0x11047541,0x11047541,CreateWaitableTimerExW
0x15686104,0x15686104,CreateWaitableTimerW
0xe9ba3c04,0xe9ba3c04,CreateWellKnownSid
0x5d328259,0x5d328259,CreateWindowExA
0x5d32826f,0x5d32826f,CreateWindowExW
0x85733c3e,0x85733c3e,CreateWindowStationA
0x85733c54,0x85733c54,CreateWindowStationW
0x46c1e271,0x46c1e271,CredBackupCredentials
0xceb6af01,0xceb6af01,CredDeleteA
0xceb6af17,0xceb6af17,CredDeleteW
0xd7edb411,0xd7edb411,CredEncryptAndMarshalBinaryBlob
0xeb7b2b74,0xeb7b2b74,CredEnumerateA
0xeb7b2b8a,0xeb7b2b8a,CredEnumerateW
0x2f8a7b78,0x2f8a7b78,CredFindBestCredentialA
0x2f8a7b8e,0x2f8a7b8e,CredFindBestCredentialW
0x130610cf,0x130610cf,CredFree
0x14e3f2e6,0x14e3f2e6,CredGetSessionTypes
0xd2f73381,0xd2f73381,CredGetTargetInfoA
0xd2f73397,0xd2f73397,CredGetTargetInfoW
0x3c117796,0x3c117796,CredIsMarshaledCredentialA
0x3c1177ac,0x3c1177ac,CredIsMarshaledCredentialW
0xa328bfb4,0xa328bfb4,CredIsProtectedA
0xa328bfca,0xa328bfca,CredIsProtectedW
0xd82ea571,0xd82ea571,CredMarshalCredentialA
0xd82ea587,0xd82ea587,CredMarshalCredentialW
0x9c627ba8,0x9c627ba8,CredMarshalTargetInfo
0xa5a52627,0xa5a52627,CredProfileLoaded
0xbf4b336a,0xbf4b336a,CredProfileUnloaded
0xa95e4d8f,0xa95e4d8f,CredProtectA
0xa95e4da5,0xa95e4da5,CredProtectW
0x749a1eea,0x749a1eea,CredReadA
0x798b7391,0x798b7391,CredReadByTokenHandle
0x4f2a0af0,0x4f2a0af0,CredReadDomainCredentialsA
0x4f2a0b06,0x4f2a0b06,CredReadDomainCredentialsW
0x749a1f00,0x749a1f00,CredReadW
0x487e346,0x0487e346,CredRenameA
0x487e35c,0x0487e35c,CredRenameW
0x6eb133f,0x06eb133f,CredRestoreCredentials
0x28d9ef4,0x028d9ef4,CredUnmarshalCredentialA
0x28d9f0a,0x028d9f0a,CredUnmarshalCredentialW
0xcc36d0cb,0xcc36d0cb,CredUnmarshalTargetInfo
0x2737f752,0x2737f752,CredUnprotectA
0x2737f768,0x2737f768,CredUnprotectW
0x1477b1d9,0x1477b1d9,CredWriteA
0x2ac7b9bf,0x2ac7b9bf,CredWriteDomainCredentialsA
0x2ac7b9d5,0x2ac7b9d5,CredWriteDomainCredentialsW
0x1477b1ef,0x1477b1ef,CredWriteW
0xb85e4459,0xb85e4459,CredpConvertCredential
0x42905076,0x42905076,CredpConvertOneCredentialSize
0x276a00d1,0x276a00d1,CredpConvertTargetInfo
0xf96193dc,0xf96193dc,CredpDecodeCredential
0xc3199586,0xc3199586,CredpEncodeCredential
0xcdbefe51,0xcdbefe51,CredpEncodeSecret
0xae66206f,0xae66206f,CriticalSection
0x5485d46,0x05485d46,CriticalSectionOnCompletion
0x41957652,0x41957652,CryptAcquireCertificatePrivateKey
0xac091671,0xac091671,CryptAcquireContextA
0xac091685,0xac091685,CryptAcquireContextU
0xac091687,0xac091687,CryptAcquireContextW
0x3fc905a1,0x3fc905a1,CryptBinaryToStringA
0x3fc905b7,0x3fc905b7,CryptBinaryToStringW
0xbfa7f3f1,0xbfa7f3f1,CryptCATAdminAcquireContext
0xb4a67243,0xb4a67243,CryptCATAdminAcquireContext2
0xf2007126,0xf2007126,CryptCATAdminAddCatalog
0xcd947919,0xcd947919,CryptCATAdminCalcHashFromFileHandle
0xe317290a,0xe317290a,CryptCATAdminEnumCatalogFromHash
0xb50732ee,0xb50732ee,CryptCATAdminPauseServiceForBackup
0xdc61bac3,0xdc61bac3,CryptCATAdminReleaseCatalogContext
0x57459ba8,0x57459ba8,CryptCATAdminReleaseContext
0x6018f00b,0x6018f00b,CryptCATAdminRemoveCatalog
0xa12889aa,0xa12889aa,CryptCATAdminResolveCatalogPath
0xfc19797c,0xfc19797c,CryptCATCDFClose
0x3efdda62,0x3efdda62,CryptCATCDFEnumAttributes
0xfa728607,0xfa728607,CryptCATCDFEnumAttributesWithCDFTag
0x8574dc7a,0x8574dc7a,CryptCATCDFEnumCatAttributes
0x7b031a46,0x7b031a46,CryptCATCDFEnumMembers
0x380392aa,0x380392aa,CryptCATCDFEnumMembersByCDFTag
0x4732ee87,0x4732ee87,CryptCATCDFEnumMembersByCDFTagEx
0x45b9d678,0x45b9d678,CryptCATCDFOpen
0x93988f19,0x93988f19,CryptCATCatalogInfoFromContext
0x505065ef,0x505065ef,CryptCATClose
0xf7a6121a,0xf7a6121a,CryptCATEnumerateAttr
0x155ca7b2,0x155ca7b2,CryptCATEnumerateCatAttr
0x945d6b57,0x945d6b57,CryptCATEnumerateMember
0x981b2640,0x981b2640,CryptCATGetAttrInfo
0xfd58bd98,0xfd58bd98,CryptCATGetCatAttrInfo
0x64ca3c7d,0x64ca3c7d,CryptCATGetMemberInfo
0x324f07e6,0x324f07e6,CryptCATHandleFromStore
0x19bb808b,0x19bb808b,CryptCATOpen
0x9ddb7bd0,0x9ddb7bd0,CryptCATPersistStore
0x89069799,0x89069799,CryptCATPutAttrInfo
0x88b5c51,0x088b5c51,CryptCATPutCatAttrInfo
0x3e576816,0x3e576816,CryptCATPutMemberInfo
0xc7571526,0xc7571526,CryptCATStoreFromHandle
0xe613a8e6,0xe613a8e6,CryptCATVerifyMember
0xcc2e9c21,0xcc2e9c21,CryptCloseAsyncHandle
0x537282c,0x0537282c,CryptContextAddRef
0x7fbd1d3f,0x7fbd1d3f,CryptCreateAsyncHandle
0xb9623a59,0xb9623a59,CryptCreateHash
0x39770d4a,0x39770d4a,CryptDecodeMessage
0xa915615c,0xa915615c,CryptDecodeObject
0x43f331b9,0x43f331b9,CryptDecodeObjectEx
0xbbd23c7c,0xbbd23c7c,CryptDecrypt
0xe040c0db,0xe040c0db,CryptDecryptAndVerifyMessageSignature
0xf498e261,0xf498e261,CryptDecryptMessage
0x66c17a89,0x66c17a89,CryptDeriveKey
0x9ef5a40f,0x9ef5a40f,CryptDestroyHash
0x716c5814,0x716c5814,CryptDestroyKey
0x95a22640,0x95a22640,CryptDuplicateHash
0x488d825,0x0488d825,CryptDuplicateKey
0x8a4b1e06,0x8a4b1e06,CryptEncodeObject
0x498ac0e3,0x498ac0e3,CryptEncodeObjectEx
0x1dcae6e6,0x1dcae6e6,CryptEncrypt
0xfa30718b,0xfa30718b,CryptEncryptMessage
0xd71b8e58,0xd71b8e58,CryptEnumOIDFunction
0xd944dc5e,0xd944dc5e,CryptEnumOIDInfo
0xff3e817,0x0ff3e817,CryptEnumProviderTypesA
0xff3e82d,0x0ff3e82d,CryptEnumProviderTypesW
0xd2cd7db5,0xd2cd7db5,CryptEnumProvidersA
0xd2cd7dc9,0xd2cd7dc9,CryptEnumProvidersU
0xd2cd7dcb,0xd2cd7dcb,CryptEnumProvidersW
0xd7eb0a2c,0xd7eb0a2c,CryptExportKey
0x7f21a30c,0x7f21a30c,CryptExportPKCS8
0x8000a677,0x8000a677,CryptExportPublicKeyInfo
0x82c42994,0x82c42994,CryptExportPublicKeyInfoEx
0xc23bf861,0xc23bf861,CryptFindCertificateKeyProvInfo
0xd094d9da,0xd094d9da,CryptFindLocalizedName
0xccb5290a,0xccb5290a,CryptFindOIDInfo
0x5224e041,0x5224e041,CryptFormatObject
0xf2a364b,0x0f2a364b,CryptFreeOIDFunctionAddress
0x23fbb4a4,0x23fbb4a4,CryptGenKey
0x59308c7c,0x59308c7c,CryptGenRandom
0x7659f290,0x7659f290,CryptGetAsyncParam
0xc14cd7fa,0xc14cd7fa,CryptGetDefaultOIDDllList
0x3eb30b6e,0x3eb30b6e,CryptGetDefaultOIDFunctionAddress
0xf9246a72,0xf9246a72,CryptGetDefaultProviderA
0xf9246a88,0xf9246a88,CryptGetDefaultProviderW
0x6b9e3fb6,0x6b9e3fb6,CryptGetHashParam
0xf8c3ac1b,0xf8c3ac1b,CryptGetKeyParam
0xcc793a3c,0xcc793a3c,CryptGetMessageCertificates
0x90629f37,0x90629f37,CryptGetMessageSignerCount
0xb975a049,0xb975a049,CryptGetOIDFunctionAddress
0x2b41f420,0x2b41f420,CryptGetOIDFunctionValue
0xaca03079,0xaca03079,CryptGetProvParam
0x191ce1e9,0x191ce1e9,CryptGetUserKey
0x102ef4c8,0x102ef4c8,CryptHashCertificate
0x160d8dfa,0x160d8dfa,CryptHashCertificate2
0xd7b871ff,0xd7b871ff,CryptHashData
0x5954db8a,0x5954db8a,CryptHashMessage
0xb4d55af9,0xb4d55af9,CryptHashPublicKeyInfo
0x6cb65312,0x6cb65312,CryptHashSessionKey
0x5b92e9e9,0x5b92e9e9,CryptHashToBeSigned
0x8308a885,0x8308a885,CryptImportKey
0x68203ba5,0x68203ba5,CryptImportPKCS8
0x876c810,0x0876c810,CryptImportPublicKeyInfo
0x149156d,0x0149156d,CryptImportPublicKeyInfoEx
0x2a6bc33f,0x2a6bc33f,CryptImportPublicKeyInfoEx2
0x30194023,0x30194023,CryptInitOIDFunctionSet
0xe36b7e20,0xe36b7e20,CryptInstallOIDFunctionAddress
0x3acb37ed,0x3acb37ed,CryptLoadSip
0x983ffb4b,0x983ffb4b,CryptMemAlloc
0x713b1462,0x713b1462,CryptMemFree
0xb3ad68c2,0xb3ad68c2,CryptMemRealloc
0x21101d6a,0x21101d6a,CryptMsgCalculateEncodedLength
0xc014985e,0xc014985e,CryptMsgClose
0x1e8a5ba9,0x1e8a5ba9,CryptMsgControl
0xf75c7419,0xf75c7419,CryptMsgCountersign
0x4607a1eb,0x4607a1eb,CryptMsgCountersignEncoded
0x6f38fc23,0x6f38fc23,CryptMsgDuplicate
0x9aef969d,0x9aef969d,CryptMsgEncodeAndSignCTL
0x39142018,0x39142018,CryptMsgGetAndVerifySigner
0xaa80ffb9,0xaa80ffb9,CryptMsgGetParam
0x8044f141,0x8044f141,CryptMsgOpenToDecode
0x833cf66b,0x833cf66b,CryptMsgOpenToEncode
0xdfac729c,0xdfac729c,CryptMsgSignCTL
0xece68f0b,0xece68f0b,CryptMsgUpdate
0x7a6676e1,0x7a6676e1,CryptMsgVerifyCountersignatureEncoded
0xaddfbc7e,0xaddfbc7e,CryptMsgVerifyCountersignatureEncodedEx
0x3cd6147c,0x3cd6147c,CryptProtectData
0xdff0673b,0xdff0673b,CryptProtectMemory
0x3ca7280e,0x3ca7280e,CryptQueryObject
0xd4e57acd,0xd4e57acd,CryptRegisterDefaultOIDFunction
0x9795a3a8,0x9795a3a8,CryptRegisterOIDFunction
0x39e8c9ae,0x39e8c9ae,CryptRegisterOIDInfo
0x5ec4b7e7,0x5ec4b7e7,CryptReleaseContext
0xc9e2ae21,0xc9e2ae21,CryptSIPAddProvider
0xfa0260d,0x0fa0260d,CryptSIPCreateIndirectData
0xfd5f6159,0xfd5f6159,CryptSIPGetInfo
0x5faf2319,0x5faf2319,CryptSIPGetRegWorkingFlags
0x23268d48,0x23268d48,CryptSIPGetSignedDataMsg
0xfbbe85ad,0xfbbe85ad,CryptSIPLoad
0xc57bbe41,0xc57bbe41,CryptSIPPutSignedDataMsg
0xd4b6a9c6,0xd4b6a9c6,CryptSIPRemoveProvider
0x4908acf6,0x4908acf6,CryptSIPRemoveSignedDataMsg
0xb2d972c,0x0b2d972c,CryptSIPRetrieveSubjectGuid
0x729cc02e,0x729cc02e,CryptSIPRetrieveSubjectGuidForCatalogFile
0xf50c262e,0xf50c262e,CryptSIPVerifyIndirectData
0x2ece649c,0x2ece649c,CryptSetAsyncParam
0xb706a042,0xb706a042,CryptSetHashParam
0xd8550b3e,0xd8550b3e,CryptSetKeyIdentifierProperty
0x391c2b27,0x391c2b27,CryptSetKeyParam
0x757ebf2c,0x757ebf2c,CryptSetOIDFunctionValue
0xf8089105,0xf8089105,CryptSetProvParam
0xf9ce6579,0xf9ce6579,CryptSetProviderA
0xa6fdc876,0xa6fdc876,CryptSetProviderExA
0xa6fdc88c,0xa6fdc88c,CryptSetProviderExW
0xf9ce658d,0xf9ce658d,CryptSetProviderU
0xf9ce658f,0xf9ce658f,CryptSetProviderW
0x6731a816,0x6731a816,CryptSignAndEncodeCertificate
0xd3993eaf,0xd3993eaf,CryptSignAndEncryptMessage
0x5b823755,0x5b823755,CryptSignCertificate
0xa4baad97,0xa4baad97,CryptSignHashA
0xa4baadab,0xa4baadab,CryptSignHashU
0xa4baadad,0xa4baadad,CryptSignHashW
0x485adf97,0x485adf97,CryptSignMessage
0xf8c44dbc,0xf8c44dbc,CryptSignMessageWithKey
0xd39c57a1,0xd39c57a1,CryptStringToBinaryA
0xd39c57b7,0xd39c57b7,CryptStringToBinaryW
0x1521e85f,0x1521e85f,CryptUnprotectData
0xfa80bfde,0xfa80bfde,CryptUnprotectMemory
0x67298450,0x67298450,CryptUnregisterDefaultOIDFunction
0x665caa8b,0x665caa8b,CryptUnregisterOIDFunction
0x39f1d711,0x39f1d711,CryptUnregisterOIDInfo
0x460c9deb,0x460c9deb,CryptVerifyCertificateSignature
0xfbabce08,0xfbabce08,CryptVerifyCertificateSignatureEx
0x101cce71,0x101cce71,CryptVerifyDetachedMessageHash
0xecacff7f,0xecacff7f,CryptVerifyDetachedMessageSignature
0x5b209f,0x005b209f,CryptVerifyMessageHash
0x65fbde6d,0x65fbde6d,CryptVerifyMessageSignature
0x52a37fd2,0x52a37fd2,CryptVerifyMessageSignatureWithKey
0x7df92d69,0x7df92d69,CryptVerifySignatureA
0x7df92d7d,0x7df92d7d,CryptVerifySignatureU
0x7df92d7f,0x7df92d7f,CryptVerifySignatureW
0x81038aaa,0x81038aaa,CsrAllocateCaptureBuffer
0x12afc162,0x12afc162,CsrAllocateMessagePointer
0x93eeff68,0x93eeff68,CsrBroadcastSystemMessageExW
0x61cd926a,0x61cd926a,CsrCaptureMessageBuffer
0x735a1a88,0x735a1a88,CsrCaptureMessageMultiUnicodeStringsInPlace
0x8969cf07,0x8969cf07,CsrCaptureMessageString
0xdd834cd2,0xdd834cd2,CsrCaptureTimeout
0x6c5c9489,0x6c5c9489,CsrClientCallServer
0xe098a4ba,0xe098a4ba,CsrClientConnectToServer
0xedb84747,0xedb84747,CsrFreeCaptureBuffer
0x7c96ae03,0x7c96ae03,CsrGetProcessId
0xb05127d7,0xb05127d7,CsrIdentifyAlertableThread
0x31dd4f7b,0x31dd4f7b,CsrSetPriorityClass
0x79ed05b0,0x79ed05b0,CsrVerifyRegion
0x70da06ea,0x70da06ea,CtrlRoutine
0x41a94bb6,0x41a94bb6,CtxInitUser32
0x7a3ae8fc,0x7a3ae8fc,D2D1ComputeMaximumScaleFactor
0x4d825e46,0x4d825e46,D2D1ConvertColorSpace
0x25a05b1e,0x25a05b1e,D2D1CreateDevice
0xd87552a3,0xd87552a3,D2D1CreateDeviceContext
0x68fa01a6,0x68fa01a6,D2D1CreateFactory
0x89f8024,0x089f8024,D2D1GetGradientMeshInteriorPointsFromCoonsPatch
0xb621d27,0x0b621d27,D2D1InvertMatrix
0x5a03dbf,0x05a03dbf,D2D1IsMatrixInvertible
0xf589cfc,0x0f589cfc,D2D1MakeRotateMatrix
0x8f537e7,0x08f537e7,D2D1MakeSkewMatrix
0x2519e729,0x2519e729,D2D1SinCos
0x2a2fd91d,0x2a2fd91d,D2D1Tan
0x51ed836d,0x51ed836d,D2D1Vec3Length
0x42d68a5b,0x42d68a5b,D2DTkCreateAlgorithmFactory
0x2c795aac,0x2c795aac,D2DTkCreateOn12Device
0x694b12ee,0x694b12ee,D3D10CompileEffectFromMemory
0x2df9a86b,0x2df9a86b,D3D10CompileShader
0xe0a7459e,0xe0a7459e,D3D10CreateBlob
0xabbecc6f,0xabbecc6f,D3D10CreateDevice
0x7a43b2a0,0x7a43b2a0,D3D10CreateDeviceAndSwapChain
0x1faf92b9,0x1faf92b9,D3D10CreateEffectFromMemory
0x50608e73,0x50608e73,D3D10CreateEffectPoolFromMemory
0xcdcec7ab,0xcdcec7ab,D3D10CreateStateBlock
0x55b1ec84,0x55b1ec84,D3D10DisassembleEffect
0x767b946e,0x767b946e,D3D10DisassembleShader
0x71aa5aff,0x71aa5aff,D3D10GetGeometryShaderProfile
0x431704b0,0x431704b0,D3D10GetInputAndOutputSignatureBlob
0x7da7c5ec,0x7da7c5ec,D3D10GetInputSignatureBlob
0xc428a70d,0xc428a70d,D3D10GetOutputSignatureBlob
0xd5b48075,0xd5b48075,D3D10GetPixelShaderProfile
0x155decd5,0x155decd5,D3D10GetShaderDebugInfo
0x6da358f1,0x6da358f1,D3D10GetVersion
0xdcecde71,0xdcecde71,D3D10GetVertexShaderProfile
0x7c7d5ba8,0x7c7d5ba8,D3D10PreprocessShader
0x97bda747,0x97bda747,D3D10ReflectShader
0x5e5433a0,0x5e5433a0,D3D10RegisterLayers
0x42f641ee,0x42f641ee,D3D10StateBlockMaskDifference
0xb9fe1670,0xb9fe1670,D3D10StateBlockMaskDisableAll
0x9fd987cb,0x9fd987cb,D3D10StateBlockMaskDisableCapture
0x6b046cc3,0x6b046cc3,D3D10StateBlockMaskEnableAll
0x7df8cf9e,0x7df8cf9e,D3D10StateBlockMaskEnableCapture
0xb257aa21,0xb257aa21,D3D10StateBlockMaskGetSetting
0xfafd0554,0xfafd0554,D3D10StateBlockMaskIntersect
0x5ea988ec,0x5ea988ec,D3D10StateBlockMaskUnion
0x7cf15619,0x7cf15619,D3D11CoreCreateDevice
0x55e8625f,0x55e8625f,D3D11CoreCreateLayeredDevice
0xbcba7766,0xbcba7766,D3D11CoreGetLayeredDeviceSize
0x464fcfca,0x464fcfca,D3D11CoreRegisterLayers
0xfb1dd5f0,0xfb1dd5f0,D3D11CreateDevice
0x265c05a1,0x265c05a1,D3D11CreateDeviceAndSwapChain
0x90250c35,0x90250c35,D3D11CreateDeviceForD3D12
0x90ea2850,0x90ea2850,D3D11On12CreateDevice
0x24d1d940,0x24d1d940,D3D12CoreCreateLayeredDevice
0x68d2ca67,0x68d2ca67,D3D12CoreGetLayeredDeviceSize
0xf72a360b,0xf72a360b,D3D12CoreRegisterLayers
0x4a7cdf71,0x4a7cdf71,D3D12CreateDevice
0xdcc775da,0xdcc775da,D3D12CreateRootSignatureDeserializer
0x6720bb89,0x6720bb89,D3D12CreateVersionedRootSignatureDeserializer
0xc5bb75a1,0xc5bb75a1,D3D12EnableExperimentalFeatures
0x934cb3a5,0x934cb3a5,D3D12GetDebugInterface
0x98d288eb,0x98d288eb,D3D12SerializeRootSignature
0x244e0a9a,0x244e0a9a,D3D12SerializeVersionedRootSignature
0x410a4e8c,0x410a4e8c,D3DKMTCheckVidPnExclusiveOwnership
0x36a6356d,0x36a6356d,D3DKMTCloseAdapter
0xaa94b8b0,0xaa94b8b0,D3DKMTCreateAllocation
0xf3928d4f,0xf3928d4f,D3DKMTCreateContext
0xf118b93e,0xf118b93e,D3DKMTCreateDCFromMemory
0x5e5b44fa,0x5e5b44fa,D3DKMTCreateDevice
0xbe5e1f13,0xbe5e1f13,D3DKMTCreateSynchronizationObject
0xe891ad86,0xe891ad86,D3DKMTDestroyAllocation
0x4e19c1e5,0x4e19c1e5,D3DKMTDestroyContext
0xa2263b94,0xa2263b94,D3DKMTDestroyDCFromMemory
0x87e33ed0,0x87e33ed0,D3DKMTDestroyDevice
0xa74aa229,0xa74aa229,D3DKMTDestroySynchronizationObject
0xf6d8cfc7,0xf6d8cfc7,D3DKMTEscape
0x267ff423,0x267ff423,D3DKMTGetContextSchedulingPriority
0xec3794e7,0xec3794e7,D3DKMTGetDeviceState
0x8d2bded,0x08d2bded,D3DKMTGetDisplayModeList
0xcec8c9c0,0xcec8c9c0,D3DKMTGetMultisampleMethodList
0xdc954694,0xdc954694,D3DKMTGetRuntimeData
0x87bb69d,0x087bb69d,D3DKMTGetSharedPrimaryHandle
0x5b73a21f,0x5b73a21f,D3DKMTLock
0x27d902e8,0x27d902e8,D3DKMTOpenAdapterFromGdiDisplayName
0x4fffce0c,0x4fffce0c,D3DKMTOpenAdapterFromHdc
0x96f4b6b0,0x96f4b6b0,D3DKMTOpenResource
0x1e8c1ef7,0x1e8c1ef7,D3DKMTPresent
0x7c23fcf9,0x7c23fcf9,D3DKMTQueryAdapterInfo
0xa1e04e78,0xa1e04e78,D3DKMTQueryAllocationResidency
0x4e4b56c0,0x4e4b56c0,D3DKMTQueryResourceInfo
0x69b60257,0x69b60257,D3DKMTQueryStatistics
0x14349c76,0x14349c76,D3DKMTRender
0x7e575eaa,0x7e575eaa,D3DKMTSetAllocationPriority
0x45cfecaf,0x45cfecaf,D3DKMTSetContextSchedulingPriority
0x89ce063d,0x89ce063d,D3DKMTSetDisplayMode
0x84488ee8,0x84488ee8,D3DKMTSetDisplayPrivateDriverFormat
0x4e0d4855,0x4e0d4855,D3DKMTSetGammaRamp
0xa785d72a,0xa785d72a,D3DKMTSetQueuedLimit
0x7e654fdf,0x7e654fdf,D3DKMTSetVidPnSourceOwner
0x6e7e387d,0x6e7e387d,D3DKMTSignalSynchronizationObject
0x1bd608a2,0x1bd608a2,D3DKMTUnlock
0x80c8c0fb,0x80c8c0fb,D3DKMTWaitForSynchronizationObject
0xd511bf16,0xd511bf16,D3DKMTWaitForVerticalBlankEvent
0x9bbfc8dd,0x9bbfc8dd,D3DPERF_BeginEvent
0x52918f0f,0x52918f0f,D3DPERF_EndEvent
0x2f91937a,0x2f91937a,D3DPERF_GetStatus
0xd9cecb8,0x0d9cecb8,D3DPERF_QueryRepeatFrame
0x96194444,0x96194444,D3DPERF_SetMarker
0x1656ea6e,0x1656ea6e,D3DPERF_SetOptions
0xa2056206,0xa2056206,D3DPERF_SetRegion
0xae899ab4,0xae899ab4,D3DParseUnknownCommand
0x1857862,0x01857862,D3DPerformance_BeginEvent
0x89ab9954,0x89ab9954,D3DPerformance_EndEvent
0x49ece65f,0x49ece65f,D3DPerformance_GetStatus
0xb0749729,0xb0749729,D3DPerformance_SetMarker
0xad486a1f,0xad486a1f,DAD_AutoScroll
0xb71946d0,0xb71946d0,DAD_DragEnterEx
0x9a422102,0x9a422102,DAD_DragEnterEx2
0xb52eb222,0xb52eb222,DAD_DragLeave
0x5311a7ac,0x5311a7ac,DAD_DragMove
0x91220664,0x91220664,DAD_SetDragImage
0xb3237ef9,0xb3237ef9,DAD_ShowDragImage
0xba216136,0xba216136,DCIBeginAccess
0x20a55ca0,0x20a55ca0,DCICloseProvider
0xe9baaece,0xe9baaece,DCICreateOffscreen
0x859c97f5,0x859c97f5,DCICreateOverlay
0xc987a9b7,0xc987a9b7,DCICreatePrimary
0x5feef589,0x5feef589,DCIDestroy
0x523cf12d,0x523cf12d,DCIDraw
0xdf987768,0xdf987768,DCIEndAccess
0x523d6f14,0x523d6f14,DCIEnum
0x9d847a7c,0x9d847a7c,DCIOpenProvider
0x320e20af,0x320e20af,DCISetClipList
0x1aef528d,0x1aef528d,DCISetDestination
0x64c62ceb,0x64c62ceb,DCISetSrcDestClip
0x8deeadf9,0x8deeadf9,DDGetAttachedSurfaceLcl
0xe2a1291d,0xe2a1291d,DDInternalLock
0x24814720,0x24814720,DDInternalUnlock
0xc6e42c24,0xc6e42c24,DER_AsciiToTime
0xb3411221,0xb3411221,DER_AsciiToTime_Util
0xc848e027,0xc848e027,DER_DecodeTimeChoice
0x1ab5c004,0x1ab5c004,DER_DecodeTimeChoice_Util
0x6a93cc77,0x6a93cc77,DER_Encode
0x9200e1d1,0x9200e1d1,DER_EncodeTimeChoice
0x99235bee,0x99235bee,DER_EncodeTimeChoice_Util
0xf750de54,0xf750de54,DER_Encode_Util
0x1f5eb0dd,0x1f5eb0dd,DER_GeneralizedDayToAscii
0x78727a,0x0078727a,DER_GeneralizedDayToAscii_Util
0xd1a791b4,0xd1a791b4,DER_GeneralizedTimeToTime
0xd8d271b1,0xd8d271b1,DER_GeneralizedTimeToTime_Util
0x3b8ea337,0x3b8ea337,DER_GetInteger
0x645fed14,0x645fed14,DER_GetInteger_Util
0x935da70c,0x935da70c,DER_GetUInteger
0x903ac2ad,0x903ac2ad,DER_LengthLength
0xc3a9865e,0xc3a9865e,DER_Lengths
0xeab9e09b,0xeab9e09b,DER_Lengths_Util
0x6c0d70c3,0x6c0d70c3,DER_SetInteger
0xd3b62618,0xd3b62618,DER_SetUInteger
0x9f047edf,0x9f047edf,DER_StoreHeader
0x2054788d,0x2054788d,DER_TimeChoiceDayToAscii
0xafae882a,0xafae882a,DER_TimeChoiceDayToAscii_Util
0x491ae6f4,0x491ae6f4,DER_TimeToGeneralizedTime
0xc9ddd79b,0xc9ddd79b,DER_TimeToGeneralizedTimeArena
0x71937ff8,0x71937ff8,DER_TimeToGeneralizedTimeArena_Util
0xcbed0ef1,0xcbed0ef1,DER_TimeToGeneralizedTime_Util
0xb9356dd6,0xb9356dd6,DER_TimeToUTCTime
0xfca9fbbd,0xfca9fbbd,DER_TimeToUTCTimeArena
0xfeb93313,0xfeb93313,DER_TimeToUTCTime_Util
0xb4dd2b3f,0xb4dd2b3f,DER_UTCDayToAscii
0x2eacba1c,0x2eacba1c,DER_UTCDayToAscii_Util
0x4a950f70,0x4a950f70,DER_UTCTimeToAscii
0x393fe4ed,0x393fe4ed,DER_UTCTimeToAscii_Util
0x67260c16,0x67260c16,DER_UTCTimeToTime
0x706b953,0x0706b953,DER_UTCTimeToTime_Util
0x64fd9c29,0x64fd9c29,DEVICECAPABILITIES
0x767d0cc4,0x767d0cc4,DEVICEMODE
0x812eefa,0x0812eefa,DG
0xa87297d4,0xa87297d4,DPA_Clone
0xb72c7497,0xb72c7497,DPA_Create
0x341bffb4,0x341bffb4,DPA_CreateEx
0xb4f3cbd8,0xb4f3cbd8,DPA_DeleteAllPtrs
0x50ed124c,0x50ed124c,DPA_DeletePtr
0xcc69ef8d,0xcc69ef8d,DPA_Destroy
0x7f45c9da,0x7f45c9da,DPA_DestroyCallback
0xcd83bce5,0xcd83bce5,DPA_EnumCallback
0xbf9dc9f9,0xbf9dc9f9,DPA_GetPtr
0x30def2f1,0x30def2f1,DPA_GetPtrIndex
0x71b830a2,0x71b830a2,DPA_Grow
0x67752e,0x0067752e,DPA_InsertPtr
0x5c19828f,0x5c19828f,DPA_LoadStream
0xa923c213,0xa923c213,DPA_Merge
0xc7f5ff9e,0xc7f5ff9e,DPA_SaveStream
0xdb91d4b9,0xdb91d4b9,DPA_Search
0xdb9bb185,0xdb9bb185,DPA_SetPtr
0x71beb8cb,0x71beb8cb,DPA_Sort
0x15b99e90,0x15b99e90,DPCache_Lookup
0xa66a36c2,0xa66a36c2,DPtoLP
0xc8679806,0xc8679806,DSAU_ConvertSignedToFixedUnsigned
0x9dd46936,0x9dd46936,DSAU_ConvertUnsignedToSigned
0x2ddf711d,0x2ddf711d,DSAU_DecodeDerSig
0x9201e45f,0x9201e45f,DSAU_DecodeDerSigToLen
0xf152dc7,0x0f152dc7,DSAU_EncodeDerSig
0x572ca22,0x0572ca22,DSAU_EncodeDerSigWithLen
0x14a1c79a,0x14a1c79a,DSA_Create
0xb7c09b4,0x0b7c09b4,DSA_DeleteAllItems
0x5ca8a068,0x5ca8a068,DSA_DeleteItem
0xd889a2f0,0xd889a2f0,DSA_Destroy
0x4988303d,0x4988303d,DSA_DestroyCallback
0xb75a0628,0xb75a0628,DSA_EnumCallback
0xbf72e495,0xbf72e495,DSA_GetItem
0x5f8b7c2b,0x5f8b7c2b,DSA_GetItemPtr
0xfb6f5f8a,0xfb6f5f8a,DSA_InsertItem
0x5b2dbda1,0x5b2dbda1,DSA_SetItem
0x90adb3f4,0x90adb3f4,DSA_SignatureTemplate
0x8937e5a5,0x8937e5a5,DSoundHelp
0xf0da2b53,0xf0da2b53,DTLS_GetHandshakeTimeout
0x77745baa,0x77745baa,DTLS_ImportFD
0xc3af32eb,0xc3af32eb,DbgBreakPoint
0xb84ca64e,0xb84ca64e,DbgHelpCreateUserDump
0xc1e17065,0xc1e17065,DbgHelpCreateUserDumpW
0x32fc7c69,0x32fc7c69,DbgPrint
0xe40d4406,0xe40d4406,DbgPrintEx
0xd31b132d,0xd31b132d,DbgPrintReturnControlC
0x928f4f7e,0x928f4f7e,DbgPrompt
0x989e660,0x0989e660,DbgQueryDebugFilterState
0xf2883ac2,0xf2883ac2,DbgReadRegistrySettings
0x6e0e83f6,0x6e0e83f6,DbgSetDebugFilterState
0xb90048b4,0xb90048b4,DbgUiConnectToDbg
0xd690c3df,0xd690c3df,DbgUiContinue
0x878f22b3,0x878f22b3,DbgUiConvertStateChangeStructure
0xfbb69f1c,0xfbb69f1c,DbgUiDebugActiveProcess
0x35114930,0x35114930,DbgUiGetThreadDebugObject
0xfda55aab,0xfda55aab,DbgUiIssueRemoteBreakin
0xfd0b6ac2,0xfd0b6ac2,DbgUiRemoteBreakin
0xc6e775bc,0xc6e775bc,DbgUiSetThreadDebugObject
0x88a3dcc,0x088a3dcc,DbgUiStopDebugging
0x21452916,0x21452916,DbgUiWaitStateChange
0x5405568a,0x5405568a,DbgUserBreakPoint
0x8bd4ae33,0x8bd4ae33,DceErrorInqTextA
0x8bd4ae49,0x8bd4ae49,DceErrorInqTextW
0x9e3f9e1e,0x9e3f9e1e,DcomChannelSetHResult
0xbd067bd5,0xbd067bd5,DdeAbandonTransaction
0xb3f78548,0xb3f78548,DdeAccessData
0x50bee6df,0x50bee6df,DdeAddData
0xe2d91f33,0xe2d91f33,DdeBindToObject
0xdc139421,0xdc139421,DdeClientTransaction
0xb1dc6e92,0xb1dc6e92,DdeCmpStringHandles
0x5282b26,0x05282b26,DdeConnect
0x6620c8e2,0x6620c8e2,DdeConnectList
0xb0b495f6,0xb0b495f6,DdeCreateDataHandle
0x74b0b7b4,0x74b0b7b4,DdeCreateStringHandleA
0x74b0b7ca,0x74b0b7ca,DdeCreateStringHandleW
0x9b92ad06,0x9b92ad06,DdeDisconnect
0x4fb93ac2,0x4fb93ac2,DdeDisconnectList
0x2e5d9270,0x2e5d9270,DdeEnableCallback
0x6b44b384,0x6b44b384,DdeFreeDataHandle
0x35fbce21,0x35fbce21,DdeFreeStringHandle
0x22130416,0x22130416,DdeGetData
0x764362ba,0x764362ba,DdeGetLastError
0xf0fc520b,0xf0fc520b,DdeGetQualityOfService
0xebfb5362,0xebfb5362,DdeImpersonateClient
0xf41d4a8f,0xf41d4a8f,DdeInitializeA
0xf41d4aa5,0xf41d4aa5,DdeInitializeW
0x917a6144,0x917a6144,DdeKeepStringHandle
0xc0c0966e,0xc0c0966e,DdeNameService
0x379c5d7e,0x379c5d7e,DdePostAdvise
0xaf03bc34,0xaf03bc34,DdeQueryConvInfo
0xd5d0bc68,0xd5d0bc68,DdeQueryNextServer
0x4d784bca,0x4d784bca,DdeQueryStringA
0x4d784be0,0x4d784be0,DdeQueryStringW
0x3cd5195d,0x3cd5195d,DdeReconnect
0x3b391d17,0x3b391d17,DdeSetQualityOfService
0xcc7e9313,0xcc7e9313,DdeSetUserHandle
0xa1e0538b,0xa1e0538b,DdeUnaccessData
0xb73f06d1,0xb73f06d1,DdeUninitialize
0xcf925b70,0xcf925b70,DeactivateActCtx
0x706df411,0x706df411,DebugActiveProcess
0x1fab1437,0x1fab1437,DebugActiveProcessStop
0xa7fbb13b,0xa7fbb13b,DebugBreak
0x97265b3a,0x97265b3a,DebugBreakProcess
0xa36b67b0,0xa36b67b0,DebugHr
0x10d8737d,0x10d8737d,DebugMsg
0x3474907a,0x3474907a,DebugSetLevel
0x94fc967d,0x94fc967d,DebugSetMute
0x5dcc76c4,0x5dcc76c4,DebugSetProcessKillOnExit
0x869e6a54,0x869e6a54,DecodePointer
0xe9fe0499,0xe9fe0499,DecodeSystemPointer
0xb057dacb,0xb057dacb,DecryptFileA
0xb057dae1,0xb057dae1,DecryptFileW
0x37c3aeef,0x37c3aeef,DecryptMessage
0x159c072a,0x159c072a,DefDlgProcA
0x159c0740,0x159c0740,DefDlgProcW
0xcf277b5e,0xcf277b5e,DefDriverProc
0xbe0d291e,0xbe0d291e,DefFrameProcA
0xbe0d2934,0xbe0d2934,DefFrameProcW
0xf20c8db1,0xf20c8db1,DefMDIChildProcA
0xf20c8dc7,0xf20c8dc7,DefMDIChildProcW
0xd28d50ec,0xd28d50ec,DefRawInputProc
0x8e9ac6f2,0x8e9ac6f2,DefSubclassProc
0x2cd6a8eb,0x2cd6a8eb,DefWindowProcA
0x2cd6a901,0x2cd6a901,DefWindowProcW
0x4b49a09f,0x4b49a09f,DeferWindowPos
0xaa6ce131,0xaa6ce131,DefineDosDeviceA
0xaa6ce147,0xaa6ce147,DefineDosDeviceW
0x9b687937,0x9b687937,DelayLoadFailureHook
0x9524b6b,0x09524b6b,DeleteAce
0x339c02d3,0x339c02d3,DeleteAtom
0x80d32c05,0x80d32c05,DeleteBoundaryDescriptor
0x86349aed,0x86349aed,DeleteColorSpace
0xbded2ae2,0xbded2ae2,DeleteCriticalSection
0x27120289,0x27120289,DeleteDC
0x83edcc04,0x83edcc04,DeleteEnhMetaFile
0xa77097aa,0xa77097aa,DeleteFiber
0xa770c203,0xa770c203,DeleteFileA
0x5cd640ac,0x5cd640ac,DeleteFileTransactedA
0x5cd640c2,0x5cd640c2,DeleteFileTransactedW
0xa770c219,0xa770c219,DeleteFileW
0xa77426d7,0xa77426d7,DeleteFormA
0xa77426ed,0xa77426ed,DeleteFormW
0x861e0cb7,0x861e0cb7,DeleteIE3Cache
0x72f2ceb7,0x72f2ceb7,DeleteInstance
0xda4129a7,0xda4129a7,DeleteJobNamedProperty
0x33a25777,0x33a25777,DeleteMenu
0x701c7429,0x701c7429,DeleteMetaFile
0x648df78b,0x648df78b,DeleteMonitorA
0x648df7a1,0x648df7a1,DeleteMonitorW
0xaa07b099,0xaa07b099,DeleteObject
0xa71cb98b,0xa71cb98b,DeletePatternAndExtensionTables
0xa8291cc8,0xa8291cc8,DeletePortA
0xa8291cde,0xa8291cde,DeletePortW
0xa2da72f0,0xa2da72f0,DeletePrintProcessorA
0xa2da7306,0xa2da7306,DeletePrintProcessorW
0x31817445,0x31817445,DeletePrintProvidorA
0x3181745b,0x3181745b,DeletePrintProvidorW
0x5d3da846,0x5d3da846,DeletePrinter
0x1ca1d837,0x1ca1d837,DeletePrinterConnectionA
0x1ca1d84d,0x1ca1d84d,DeletePrinterConnectionW
0xb6557141,0xb6557141,DeletePrinterDataA
0xa176e63e,0xa176e63e,DeletePrinterDataExA
0xa176e654,0xa176e654,DeletePrinterDataExW
0xb6557157,0xb6557157,DeletePrinterDataW
0xc86396b3,0xc86396b3,DeletePrinterDriverA
0x6fa43030,0x6fa43030,DeletePrinterDriverExA
0x6fa43046,0x6fa43046,DeletePrinterDriverExW
0xd12915ff,0xd12915ff,DeletePrinterDriverPackageA
0xd1291615,0xd1291615,DeletePrinterDriverPackageW
0xc86396c9,0xc86396c9,DeletePrinterDriverW
0xa348db72,0xa348db72,DeletePrinterIC
0x98ef3930,0x98ef3930,DeletePrinterKeyA
0x98ef3946,0x98ef3946,DeletePrinterKeyW
0xb74a45e,0x0b74a45e,DeleteProcThreadAttributeList
0xfa66fe9f,0xfa66fe9f,DeleteSecurityContext
0xf6a13867,0xf6a13867,DeleteSecurityPackageA
0xf6a1387d,0xf6a1387d,DeleteSecurityPackageW
0x26805ed3,0x26805ed3,DeleteService
0xfa57ada8,0xfa57ada8,DeleteTimerQueue
0xeef9c105,0xeef9c105,DeleteTimerQueueEx
0x2339f1e9,0x2339f1e9,DeleteTimerQueueTimer
0x82e2dbad,0x82e2dbad,DeleteUrlCacheContainerA
0x82e2dbc3,0x82e2dbc3,DeleteUrlCacheContainerW
0xbba4b7bb,0xbba4b7bb,DeleteUrlCacheEntry
0x303baf5c,0x303baf5c,DeleteUrlCacheEntryA
0x303baf72,0x303baf72,DeleteUrlCacheEntryW
0xbbcb0556,0xbbcb0556,DeleteUrlCacheGroup
0xa4afd5f8,0xa4afd5f8,DeleteVolumeMountPointA
0xa4afd60e,0xa4afd60e,DeleteVolumeMountPointW
0x53da9ba6,0x53da9ba6,DeleteWpadCacheForNetworks
0xca55b50,0x0ca55b50,DeregisterEventSource
0x82cc999e,0x82cc999e,DeregisterShellHookWindow
0x1acc097b,0x1acc097b,DescribePixelFormat
0x5c8643e6,0x5c8643e6,DestroyAcceleratorTable
0x22a1f848,0x22a1f848,DestroyCaret
0x784b26b7,0x784b26b7,DestroyCursor
0x2f9b9fc2,0x2f9b9fc2,DestroyIcon
0x2f9dd9ae,0x2f9dd9ae,DestroyMenu
0xc389d6e3,0xc389d6e3,DestroyPrivateObjectSecurity
0xf52e5514,0xf52e5514,DestroyPropertySheetPage
0xddd36234,0xddd36234,DestroyReasons
0xbacd5dd9,0xbacd5dd9,DestroyRunningObjectTable
0xa616bbf1,0xa616bbf1,DestroyWindow
0xce3dfdb6,0xce3dfdb6,DetectAutoProxyUrl
0xfe53a491,0xfe53a491,DevQueryPrint
0xe1cf162e,0xe1cf162e,DevQueryPrintEx
0x34a81229,0x34a81229,DeviceCapabilities
0xc9aa578a,0xc9aa578a,DeviceCapabilitiesA
0xfef549c6,0xfef549c6,DeviceCapabilitiesEx
0xdd9e82c7,0xdd9e82c7,DeviceCapabilitiesExA
0xdd9e82dd,0xdd9e82dd,DeviceCapabilitiesExW
0xc9aa57a0,0xc9aa57a0,DeviceCapabilitiesW
0x3de75fb,0x03de75fb,DeviceEventWorker
0x4643e0b8,0x4643e0b8,DeviceIoControl
0x7a7611c4,0x7a7611c4,DeviceMode
0xef28aeb0,0xef28aeb0,DevicePropertySheets
0x4131b8ec,0x4131b8ec,DialogBoxIndirectParamA
0xe4fa08a4,0xe4fa08a4,DialogBoxIndirectParamAorW
0x4131b902,0x4131b902,DialogBoxIndirectParamW
0x2ebaa7a,0x02ebaa7a,DialogBoxParamA
0x2ebaa90,0x02ebaa90,DialogBoxParamW
0x7691135f,0x7691135f,Direct3D8EnableMaximizedWindowedModeShim
0xdbefdb40,0xdbefdb40,Direct3D9EnableMaximizedWindowedModeShim
0xc32b6ded,0xc32b6ded,Direct3DCreate8
0xc32b6dee,0xc32b6dee,Direct3DCreate9
0x3bbeaacb,0x3bbeaacb,Direct3DCreate9Ex
0x557d79ab,0x557d79ab,Direct3DShaderValidatorCreate9
0x3e1f37ac,0x3e1f37ac,DirectDrawCreate
0x4f4cc9db,0x4f4cc9db,DirectDrawCreateClipper
0x42cbdc09,0x42cbdc09,DirectDrawCreateEx
0x992bbb9f,0x992bbb9f,DirectDrawEnumerateA
0x9309401c,0x9309401c,DirectDrawEnumerateExA
0x93094032,0x93094032,DirectDrawEnumerateExW
0x992bbbb5,0x992bbbb5,DirectDrawEnumerateW
0xef836aa6,0xef836aa6,DirectInput8Create
0xaaf95b2f,0xaaf95b2f,DirectInputCreateA
0xa24c20b,0x0a24c20b,DirectInputCreateEx
0xaaf95b45,0xaaf95b45,DirectInputCreateW
0x4da7d8b4,0x4da7d8b4,DirectPlayCreate
0x59a82ba6,0x59a82ba6,DirectPlayEnumerate
0x8eada0a7,0x8eada0a7,DirectPlayEnumerateA
0x8eada0bd,0x8eada0bd,DirectPlayEnumerateW
0xf8457acd,0xf8457acd,DirectPlayLobbyCreateA
0xf8457ae3,0xf8457ae3,DirectPlayLobbyCreateW
0xfc3dddfb,0xfc3dddfb,DirectSoundCaptureCreate
0x83f99d93,0x83f99d93,DirectSoundCaptureCreate8
0xf7c2f16e,0xf7c2f16e,DirectSoundCaptureEnumerateA
0xf7c2f184,0xf7c2f184,DirectSoundCaptureEnumerateW
0x1149f1a7,0x1149f1a7,DirectSoundCreate
0x3a8826bf,0x3a8826bf,DirectSoundCreate8
0x16c8fb1a,0x16c8fb1a,DirectSoundEnumerateA
0x16c8fb30,0x16c8fb30,DirectSoundEnumerateW
0x5e12330c,0x5e12330c,DirectSoundFullDuplexCreate
0xcb1cf8f0,0xcb1cf8f0,DisableProcessWindowsGhosting
0xf5c5815f,0xf5c5815f,DisableThreadLibraryCalls
0x9e7d5985,0x9e7d5985,DisableThreadProfiling
0xf662c127,0xf662c127,DisassociateCurrentThreadFromCallback
0x52d13036,0x52d13036,DisconnectEx
0xa358142c,0xa358142c,DisconnectNamedPipe
0x478ddfd5,0x478ddfd5,DispatchAPICall
0x243fd85,0x0243fd85,DispatchMessageA
0x243fd9b,0x0243fd9b,DispatchMessageW
0xdf3b77,0x00df3b77,DisplayConfigGetDeviceInfo
0xb953ad83,0xb953ad83,DisplayConfigSetDeviceInfo
0x22045eb3,0x22045eb3,DisplayExitWindowsWarnings
0xd8cf3a82,0xd8cf3a82,DlgDirListA
0x9d42f0bb,0x9d42f0bb,DlgDirListComboBoxA
0x9d42f0d1,0x9d42f0d1,DlgDirListComboBoxW
0xd8cf3a98,0xd8cf3a98,DlgDirListW
0xaea0431c,0xaea0431c,DlgDirSelectComboBoxExA
0xaea04332,0xaea04332,DlgDirSelectComboBoxExW
0xe3f76a3,0x0e3f76a3,DlgDirSelectExA
0xe3f76b9,0x0e3f76b9,DlgDirSelectExW
0x7d877cb4,0x7d877cb4,DllCanUnloadNow
0x12567ebf,0x12567ebf,DllDebugObjectRPCHook
0xfc86fb75,0xfc86fb75,DllGetActivationFactory
0xcea22b58,0xcea22b58,DllGetClassObject
0xfb2808f5,0xfb2808f5,DllGetClassObjectWOW
0xef68d771,0xef68d771,DllGetVersion
0xf67a185d,0xf67a185d,DllInitialize
0xeabe7e22,0xeabe7e22,DllInstall
0xb45e74b0,0xb45e74b0,DllMain
0xf67b6a42,0xf67b6a42,DllOnCompletion
0x3c4de087,0x3c4de087,DllRegisterServer
0xeb3280a,0x0eb3280a,DllUnregisterServer
0xbdc4f727,0xbdc4f727,DnsHostnameToComputerNameA
0xbdc4f73d,0xbdc4f73d,DnsHostnameToComputerNameW
0x92b80935,0x92b80935,DoDragDrop
0xd7ffd209,0xd7ffd209,DoEnvironmentSubstA
0xd7ffd21f,0xd7ffd21f,DoEnvironmentSubstW
0xa1db275,0x0a1db275,DoSoundConnect
0xc29a25f5,0xc29a25f5,DoSoundDisconnect
0xaf350bf0,0xaf350bf0,DocumentEvent
0xe0ccc5c,0x0e0ccc5c,DocumentPropertiesA
0xe0ccc72,0x0e0ccc72,DocumentPropertiesW
0xf7911cbf,0xf7911cbf,DocumentPropertySheets
0xbdb24fb4,0xbdb24fb4,DosDateTimeToFileTime
0x21616b97,0x21616b97,DosPathToSessionPathA
0x21616bad,0x21616bad,DosPathToSessionPathW
0xd04cc1f0,0xd04cc1f0,DragAcceptFiles
0x21322b86,0x21322b86,DragDetect
0xf37084ac,0xf37084ac,DragDropSetFDT
0x2621a78e,0x2621a78e,DragFinish
0x3a9f2524,0x3a9f2524,DragObject
0x4f5f0063,0x4f5f0063,DragQueryFile
0x3b3f0d04,0x3b3f0d04,DragQueryFileA
0xee0405bc,0xee0405bc,DragQueryFileAorW
0x3b3f0d1a,0x3b3f0d1a,DragQueryFileW
0x3bf740ed,0x3bf740ed,DragQueryPoint
0x9700a321,0x9700a321,DrawAnimatedRects
0xb505fc0b,0xb505fc0b,DrawCaption
0x93f585e2,0x93f585e2,DrawCaptionTempA
0x93f585f8,0x93f585f8,DrawCaptionTempW
0x85a5e291,0x85a5e291,DrawDibBegin
0x60a97e1,0x060a97e1,DrawDibChangePalette
0x85bbf502,0x85bbf502,DrawDibClose
0x1391f91a,0x1391f91a,DrawDibDraw
0xf113f403,0xf113f403,DrawDibEnd
0xa8e936e6,0xa8e936e6,DrawDibGetBuffer
0xcd8480bb,0xcd8480bb,DrawDibGetPalette
0x1397f93e,0x1397f93e,DrawDibOpen
0x4045a8f3,0x4045a8f3,DrawDibProfileDisplay
0x55e1a3d8,0x55e1a3d8,DrawDibRealize
0xfe034e47,0xfe034e47,DrawDibSetPalette
0x86e1a47a,0x86e1a47a,DrawDibStart
0x139a3d12,0x139a3d12,DrawDibStop
0x139a9a5b,0x139a9a5b,DrawDibTime
0xf74a4d12,0xf74a4d12,DrawEdge
0xf41f156e,0xf41f156e,DrawEscape
0x71c929eb,0x71c929eb,DrawFocusRect
0xe0ad9d08,0xe0ad9d08,DrawFrame
0xae1c3f69,0xae1c3f69,DrawFrameControl
0xf74c7b66,0xf74c7b66,DrawIcon
0xfc58f643,0xfc58f643,DrawIconEx
0xfd2214d2,0xfd2214d2,DrawInsert
0xbffcb1c7,0xbffcb1c7,DrawMenuBar
0xef2e093d,0xef2e093d,DrawMenuBarTemp
0x14d89d3f,0x14d89d3f,DrawStateA
0x14d89d55,0x14d89d55,DrawStateW
0x75e4566,0x075e4566,DrawStatusText
0xf326f267,0xf326f267,DrawStatusTextA
0xf326f27d,0xf326f27d,DrawStatusTextW
0xe1a435c3,0xe1a435c3,DrawTextA
0xdb88d340,0xdb88d340,DrawTextExA
0xdb88d356,0xdb88d356,DrawTextExW
0xe1a435d9,0xe1a435d9,DrawTextW
0x484b452b,0x484b452b,DriveType
0xeda2d928,0xeda2d928,DriverCallback
0x34e20353,0x34e20353,DriverCleanupPolicy
0x66ffb875,0x66ffb875,DriverFinalPolicy
0xc6ce1e9d,0xc6ce1e9d,DriverInitializePolicy
0xe73714ad,0xe73714ad,DrvGetModuleHandle
0x58575afc,0x58575afc,DumpCompleteHeap
0xb950af98,0xb950af98,DumpJSStack
0x21e8ccc9,0x21e8ccc9,DuplicateConsoleHandle
0xf308b041,0xf308b041,DuplicateEncryptionInfoFile
0x2f4653f6,0x2f4653f6,DuplicateHandle
0xe53f2d73,0xe53f2d73,DuplicateIcon
0x8df26c2b,0x8df26c2b,DuplicateToken
0xd43e2c48,0xd43e2c48,DuplicateTokenEx
0xa6c5a569,0xa6c5a569,DwmAttachMilContent
0xc37b0312,0xc37b0312,DwmDefWindowProc
0x3a35a8bd,0x3a35a8bd,DwmDetachMilContent
0x3b81d255,0x3b81d255,DwmEnableBlurBehindWindow
0xbfad5992,0xbfad5992,DwmEnableComposition
0xf7d0afa1,0xf7d0afa1,DwmEnableMMCSS
0xb8fbb1c,0x0b8fbb1c,DwmExtendFrameIntoClientArea
0x90ca6059,0x90ca6059,DwmFlush
0x9faf1933,0x9faf1933,DwmGetColorizationColor
0xebee433f,0xebee433f,DwmGetCompositionTimingInfo
0x907580b3,0x907580b3,DwmGetDxSharedSurface
0xbb4abf13,0xbb4abf13,DwmGetGraphicsStreamClient
0xbc5ca543,0xbc5ca543,DwmGetGraphicsStreamTransformHint
0xcfbb76cb,0xcfbb76cb,DwmGetTransportAttributes
0xe23010bb,0xe23010bb,DwmGetUnmetTabRequirements
0x77b99e03,0x77b99e03,DwmGetWindowAttribute
0xb49c1a1d,0xb49c1a1d,DwmInvalidateIconicBitmaps
0xb44d432,0x0b44d432,DwmIsCompositionEnabled
0xa7104409,0xa7104409,DwmModifyPreviousDxFrameDuration
0x4727b47d,0x4727b47d,DwmQueryThumbnailSourceSize
0x2bfd5e0,0x02bfd5e0,DwmRegisterThumbnail
0x895110f6,0x895110f6,DwmRenderGesture
0x2fce9ad0,0x2fce9ad0,DwmSetDxFrameDuration
0xeac75a47,0xeac75a47,DwmSetIconicLivePreviewBitmap
0xea39631c,0xea39631c,DwmSetIconicThumbnail
0x3cc90b98,0x3cc90b98,DwmSetPresentParameters
0xa0c3378f,0xa0c3378f,DwmSetWindowAttribute
0xb082bf84,0xb082bf84,DwmShowContact
0x8bdfc5dd,0x8bdfc5dd,DwmStartRedirection
0x30248e15,0x30248e15,DwmStopRedirection
0x3b7579cf,0x3b7579cf,DwmTetherContact
0xe0460d14,0xe0460d14,DwmTetherTextContact
0xa56381d7,0xa56381d7,DwmTransitionOwnedWindow
0xde78fd83,0xde78fd83,DwmUnregisterThumbnail
0x3919528b,0x3919528b,DwmUpdateThumbnailProperties
0x8d0afcc3,0x8d0afcc3,DwmpAllocateSecurityDescriptor
0x632f321e,0x632f321e,DwmpDxBindSwapChain
0x95897d3b,0x95897d3b,DwmpDxGetWindowSharedSurface
0x5f78a341,0x5f78a341,DwmpDxUnbindSwapChain
0x6afe6501,0x6afe6501,DwmpDxUpdateWindowRedirectionBltSurface
0x3a8b05be,0x3a8b05be,DwmpDxUpdateWindowSharedSurface
0x28d5bcf8,0x28d5bcf8,DwmpDxgiIsThreadDesktopComposited
0x5c628a34,0x5c628a34,DwmpEnableDDASupport
0xe5c79b80,0xe5c79b80,DwmpFreeSecurityDescriptor
0xaef6da38,0xaef6da38,DwmpGetColorizationParameters
0xe7b78d0,0x0e7b78d0,DwmpRenderFlick
0xc01abe44,0xc01abe44,DwmpSetColorizationParameters
0x6466bcd5,0x6466bcd5,EXTDEVICEMODE
0x1dfdcb2,0x01dfdcb2,EditWndProc
0x2d7d2101,0x2d7d2101,ElfBackupEventLogFileA
0x2d7d2117,0x2d7d2117,ElfBackupEventLogFileW
0x39232745,0x39232745,ElfChangeNotify
0x46100e92,0x46100e92,ElfClearEventLogFileA
0x46100ea8,0x46100ea8,ElfClearEventLogFileW
0xfec7b400,0xfec7b400,ElfCloseEventLog
0x1b97e527,0x1b97e527,ElfDeregisterEventSource
0x6a86630c,0x6a86630c,ElfFlushEventLog
0x605db536,0x605db536,ElfNumberOfRecords
0x2c141710,0x2c141710,ElfOldestRecord
0x68765213,0x68765213,ElfOpenBackupEventLogA
0x68765229,0x68765229,ElfOpenBackupEventLogW
0xd2f8ecbd,0xd2f8ecbd,ElfOpenEventLogA
0xd2f8ecd3,0xd2f8ecd3,ElfOpenEventLogW
0x68c485c7,0x68c485c7,ElfReadEventLogA
0x68c485dd,0x68c485dd,ElfReadEventLogW
0xd77fd4ff,0xd77fd4ff,ElfRegisterEventSourceA
0xd77fd515,0xd77fd515,ElfRegisterEventSourceW
0xcd604225,0xcd604225,ElfReportEventA
0x8014eb1f,0x8014eb1f,ElfReportEventAndSourceW
0xcd60423b,0xcd60423b,ElfReportEventW
0x1684d1d,0x01684d1d,Ellipse
0x1cf46c2e,0x1cf46c2e,EmptyClipboard
0x2f9c13f7,0x2f9c13f7,EnableEUDC
0x3a78b4e2,0x3a78b4e2,EnableFeatureLevelUpgrade
0xa2eb24be,0xa2eb24be,EnableHookObject
0x9e4120ba,0x9e4120ba,EnableMenuItem
0x712a941a,0x712a941a,EnableScrollBar
0xc9c032d8,0xc9c032d8,EnableThreadProfiling
0x243e6945,0x243e6945,EnableTrace
0x2d7dd7e2,0x2d7dd7e2,EnableTraceEx
0xdd38d454,0xdd38d454,EnableTraceEx2
0xb26f562e,0xb26f562e,EnableWindow
0x8e8bbc3e,0x8e8bbc3e,EncodePointer
0xf99f9e03,0xf99f9e03,EncodeSystemPointer
0x918d9775,0x918d9775,EncryptFileA
0x918d978b,0x918d978b,EncryptFileW
0x3d5b3e19,0x3d5b3e19,EncryptMessage
0xa6bd3732,0xa6bd3732,EncryptedFileKeyInfo
0x77d4160e,0x77d4160e,EncryptionDisable
0xb8c70e96,0xb8c70e96,EndDeferWindowPos
0x168a8ef6,0x168a8ef6,EndDialog
0xaad4c61c,0xaad4c61c,EndDoc
0x95f6bc20,0x95f6bc20,EndDocPrinter
0x572505b,0x0572505b,EndMenu
0x573e383,0x0573e383,EndPage
0x6b4fdfa7,0x6b4fdfa7,EndPagePrinter
0xb3f05e02,0xb3f05e02,EndPaint
0x573e533,0x0573e533,EndPath
0x5761699,0x05761699,EndTask
0xd304a272,0xd304a272,EndUpdateResourceA
0xd304a288,0xd304a288,EndUpdateResourceW
0xcc90d96d,0xcc90d96d,EnterCriticalSection
0x84cf8025,0x84cf8025,EnterReaderModeHelper
0xe91ffcb,0x0e91ffcb,EnumCalendarInfoA
0xfb113f48,0xfb113f48,EnumCalendarInfoExA
0x5d392944,0x5d392944,EnumCalendarInfoExEx
0xfb113f5e,0xfb113f5e,EnumCalendarInfoExW
0xe91ffe1,0x0e91ffe1,EnumCalendarInfoW
0xa123dfd3,0xa123dfd3,EnumChildWindows
0x81554590,0x81554590,EnumClipboardFormats
0xc644f21f,0xc644f21f,EnumDateFormatsA
0x6b4a169c,0x6b4a169c,EnumDateFormatsExA
0xd48ceb18,0xd48ceb18,EnumDateFormatsExEx
0x6b4a16b2,0x6b4a16b2,EnumDateFormatsExW
0xc644f235,0xc644f235,EnumDateFormatsW
0x79764c20,0x79764c20,EnumDependentServicesA
0x79764c36,0x79764c36,EnumDependentServicesW
0xee157b69,0xee157b69,EnumDesktopWindows
0xd5166ed2,0xd5166ed2,EnumDesktopsA
0xd5166ee8,0xd5166ee8,EnumDesktopsW
0x69153bb3,0x69153bb3,EnumDirTree
0x8bbcb26a,0x8bbcb26a,EnumDirTreeW
0x9d9e201e,0x9d9e201e,EnumDisplayDevicesA
0x9d9e2034,0x9d9e2034,EnumDisplayDevicesW
0xdb153395,0xdb153395,EnumDisplayMonitors
0xa4d25e6c,0xa4d25e6c,EnumDisplaySettingsA
0x22e3ca29,0x22e3ca29,EnumDisplaySettingsExA
0x22e3ca3f,0x22e3ca3f,EnumDisplaySettingsExW
0xa4d25e82,0xa4d25e82,EnumDisplaySettingsW
0xf4f24506,0xf4f24506,EnumEnhMetaFile
0x8251ffa6,0x8251ffa6,EnumFontFamiliesA
0x5ed0a1e3,0x5ed0a1e3,EnumFontFamiliesExA
0x5ed0a1f9,0x5ed0a1f9,EnumFontFamiliesExW
0x8251ffbc,0x8251ffbc,EnumFontFamiliesW
0x9ba9446f,0x9ba9446f,EnumFontsA
0x9ba94485,0x9ba94485,EnumFontsW
0x9bab582c,0x9bab582c,EnumFormsA
0x9bab5842,0x9bab5842,EnumFormsW
0x6d673bc2,0x6d673bc2,EnumICMProfilesA
0x6d673bd8,0x6d673bd8,EnumICMProfilesW
0x9d7fb91,0x09d7fb91,EnumJobNamedProperties
0x90a2a513,0x90a2a513,EnumJobsA
0x90a2a529,0x90a2a529,EnumJobsW
0xed6042d9,0xed6042d9,EnumLanguageGroupLocalesA
0xed6042ef,0xed6042ef,EnumLanguageGroupLocalesW
0xab56a8cb,0xab56a8cb,EnumMRUListW
0xaba1bc6b,0xaba1bc6b,EnumMetaFile
0xa27b4020,0xa27b4020,EnumMonitorsA
0xa27b4036,0xa27b4036,EnumMonitorsW
0xa6fa0c2e,0xa6fa0c2e,EnumObjects
0xb2ff0c3d,0xb2ff0c3d,EnumPortsA
0xb2ff0c53,0xb2ff0c53,EnumPortsW
0x3f337221,0x3f337221,EnumPrintProcessorDatatypesA
0x3f337237,0x3f337237,EnumPrintProcessorDatatypesW
0xf68b41e5,0xf68b41e5,EnumPrintProcessorsA
0xf68b41fb,0xf68b41fb,EnumPrintProcessorsW
0x47e90a83,0x47e90a83,EnumPrinterDataA
0xe655d800,0xe655d800,EnumPrinterDataExA
0xe655d816,0xe655d816,EnumPrinterDataExW
0x47e90a99,0x47e90a99,EnumPrinterDataW
0xb5939dc8,0xb5939dc8,EnumPrinterDriversA
0xb5939dde,0xb5939dde,EnumPrinterDriversW
0x9f3b232,0x09f3b232,EnumPrinterKeyA
0x9f3b248,0x09f3b248,EnumPrinterKeyW
0x4f77315c,0x4f77315c,EnumPrintersA
0x4f773172,0x4f773172,EnumPrintersW
0xb3339f99,0xb3339f99,EnumPropsA
0x4e9a0a96,0x4e9a0a96,EnumPropsExA
0x4e9a0aac,0x4e9a0aac,EnumPropsExW
0xb3339faf,0xb3339faf,EnumPropsW
0x2af7f0e9,0x2af7f0e9,EnumProtocols
0x89f60e4a,0x89f60e4a,EnumProtocolsA
0x89f60e60,0x89f60e60,EnumProtocolsW
0xa1b488e4,0xa1b488e4,EnumResourceLanguagesA
0xe0fa72a1,0xe0fa72a1,EnumResourceLanguagesExA
0xe0fa72b7,0xe0fa72b7,EnumResourceLanguagesExW
0xa1b488fa,0xa1b488fa,EnumResourceLanguagesW
0x99011b21,0x99011b21,EnumResourceNamesA
0xddb4881e,0xddb4881e,EnumResourceNamesExA
0xddb48834,0xddb48834,EnumResourceNamesExW
0x99011b37,0x99011b37,EnumResourceNamesW
0xa8b40022,0xa8b40022,EnumResourceTypesA
0xa5b4b15f,0xa5b4b15f,EnumResourceTypesExA
0xa5b4b175,0xa5b4b175,EnumResourceTypesExW
0xa8b40038,0xa8b40038,EnumResourceTypesW
0xcd01bf39,0xcd01bf39,EnumServiceGroupW
0x67b44e0d,0x67b44e0d,EnumServicesStatusA
0x2600260a,0x2600260a,EnumServicesStatusExA
0x26002620,0x26002620,EnumServicesStatusExW
0x67b44e23,0x67b44e23,EnumServicesStatusW
0xd77b8b35,0xd77b8b35,EnumSystemCodePagesA
0xd77b8b4b,0xd77b8b4b,EnumSystemCodePagesW
0x205e5341,0x205e5341,EnumSystemFirmwareTables
0x59bf2f71,0x59bf2f71,EnumSystemGeoID
0xf673deee,0xf673deee,EnumSystemLanguageGroupsA
0xf673df04,0xf673df04,EnumSystemLanguageGroupsW
0x143e5e2d,0x143e5e2d,EnumSystemLocalesA
0x9c0a24c9,0x9c0a24c9,EnumSystemLocalesEx
0x143e5e43,0x143e5e43,EnumSystemLocalesW
0xcc371aa7,0xcc371aa7,EnumThreadWindows
0xe4167a50,0xe4167a50,EnumTimeFormatsA
0x66e5c54c,0x66e5c54c,EnumTimeFormatsEx
0xe4167a66,0xe4167a66,EnumTimeFormatsW
0x9ac571ba,0x9ac571ba,EnumUILanguagesA
0x9ac571d0,0x9ac571d0,EnumUILanguagesW
0x95f8e892,0x95f8e892,EnumWindowStationsA
0x95f8e8a8,0x95f8e8a8,EnumWindowStationsW
0x1f6817af,0x1f6817af,EnumWindows
0xea1a9097,0xea1a9097,EnumerateLoadedModules
0xdb011981,0xdb011981,EnumerateLoadedModules64
0xdb011bb4,0xdb011bb4,EnumerateLoadedModulesEx
0x3b24928b,0x3b24928b,EnumerateLoadedModulesExW
0x3b24d678,0x3b24d678,EnumerateLoadedModulesW64
0x1126c964,0x1126c964,EnumerateLocalComputerNamesA
0x1126c97a,0x1126c97a,EnumerateLocalComputerNamesW
0x9eaad72d,0x9eaad72d,EnumerateSecurityPackagesA
0x9eaad743,0x9eaad743,EnumerateSecurityPackagesW
0xe4364ae0,0xe4364ae0,EnumerateTraceGuids
0xcaf48c3d,0xcaf48c3d,EnumerateTraceGuidsEx
0x7f71f63f,0x7f71f63f,EqualDomainSid
0x5dea21d5,0x5dea21d5,EqualPrefixSid
0x3bc1a135,0x3bc1a135,EqualRect
0xc3c00cee,0xc3c00cee,EqualRgn
0xc3c01167,0xc3c01167,EqualSid
0x4df5f029,0x4df5f029,EraseTape
0xab2f2fc0,0xab2f2fc0,Escape
0xa84b11f2,0xa84b11f2,EscapeCommFunction
0xc7d4a44,0x0c7d4a44,EtwCreateTraceInstanceId
0xc114410f,0xc114410f,EtwDeliverDataBlock
0x6178d43e,0x6178d43e,EtwEnumerateProcessRegGuids
0x4a005d9c,0x4a005d9c,EtwEventActivityIdControl
0xbf45a0cc,0xbf45a0cc,EtwEventEnabled
0xc6215b97,0xc6215b97,EtwEventProviderEnabled
0x1071d46,0x01071d46,EtwEventRegister
0x59f13409,0x59f13409,EtwEventUnregister
0xb63b6d8c,0xb63b6d8c,EtwEventWrite
0x600bef57,0x600bef57,EtwEventWriteEndScenario
0x32cd09e9,0x32cd09e9,EtwEventWriteEx
0x1a37b61f,0x1a37b61f,EtwEventWriteFull
0x74ddfc64,0x74ddfc64,EtwEventWriteNoRegistration
0xd6c72ece,0xd6c72ece,EtwEventWriteStartScenario
0xa541fda3,0xa541fda3,EtwEventWriteString
0x28badcb1,0x28badcb1,EtwEventWriteTransfer
0xd46b1b82,0xd46b1b82,EtwGetTraceEnableFlags
0xd4d430ed,0xd4d430ed,EtwGetTraceEnableLevel
0x1353057a,0x1353057a,EtwGetTraceLoggerHandle
0xc5594012,0xc5594012,EtwLogTraceEvent
0x93f01a0b,0x93f01a0b,EtwNotificationRegister
0x4b0c760e,0x4b0c760e,EtwNotificationUnregister
0xf05b4ca2,0xf05b4ca2,EtwProcessPrivateLoggerRequest
0x33b69fe7,0x33b69fe7,EtwRegisterSecurityProvider
0x8c97dc10,0x8c97dc10,EtwRegisterTraceGuidsA
0x8c97dc26,0x8c97dc26,EtwRegisterTraceGuidsW
0x50dbc372,0x50dbc372,EtwReplyNotification
0x24e8d1d0,0x24e8d1d0,EtwSendNotification
0xa6456556,0xa6456556,EtwSetMark
0xc74f6ba5,0xc74f6ba5,EtwTraceEventInstance
0xf2d90113,0xf2d90113,EtwTraceMessage
0xd1d9d4a,0x0d1d9d4a,EtwTraceMessageVa
0x628553f2,0x628553f2,EtwUnregisterTraceGuids
0x7b90ecc6,0x7b90ecc6,EtwWriteUMSecurityEvent
0xb15ba16b,0xb15ba16b,EtwpCreateEtwThread
0xfbd87968,0xfbd87968,EtwpGetCpuSpeed
0x1733736e,0x1733736e,EtwpNotificationThread
0x81ff5b44,0x81ff5b44,EventAccessControl
0xa0811119,0xa0811119,EventAccessQuery
0xb1db2b11,0xb1db2b11,EventAccessRemove
0x99e1570c,0x99e1570c,EventActivityIdControl
0x5b2b0e3c,0x5b2b0e3c,EventEnabled
0x69953907,0x69953907,EventProviderEnabled
0x199a38b6,0x199a38b6,EventRegister
0xe3b8eb79,0xe3b8eb79,EventUnregister
0x3206befc,0x3206befc,EventWrite
0x71fb7ac7,0x71fb7ac7,EventWriteEndScenario
0xceb27759,0xceb27759,EventWriteEx
0x22c7563e,0x22c7563e,EventWriteStartScenario
0x6800a313,0x6800a313,EventWriteString
0x95b89e21,0x95b89e21,EventWriteTransfer
0x4344e795,0x4344e795,EvtIntReportAuthzEventAndSourceAsync
0xb32b0789,0xb32b0789,EvtIntReportEventAndSourceAsync
0x3a46797c,0x3a46797c,ExceptionHandler
0xc308064f,0xc308064f,ExcludeClipRect
0x64567c23,0x64567c23,ExcludeUpdateRgn
0x42016e88,0x42016e88,ExitProcess
0x5072da01,0x5072da01,ExitThread
0x1d357e90,0x1d357e90,ExitVDM
0x5f3fe771,0x5f3fe771,ExitWindowsEx
0x4fda7157,0x4fda7157,ExpInterlockedPopEntrySListEnd
0xb047715c,0xb047715c,ExpInterlockedPopEntrySListFault
0xd57af371,0xd57af371,ExpInterlockedPopEntrySListResume
0x174755af,0x174755af,ExpandEnvironmentStringsA
0x174755c5,0x174755c5,ExpandEnvironmentStringsW
0x140cccce,0x140cccce,ExportSecurityContext
0xe7d54fb0,0xe7d54fb0,ExpungeConsoleCommandHistoryA
0xe7d54fc6,0xe7d54fc6,ExpungeConsoleCommandHistoryW
0xbb65dc57,0xbb65dc57,ExtCreatePen
0xbac058f8,0xbac058f8,ExtCreateRegion
0x32621615,0x32621615,ExtDeviceMode
0x23cbb391,0x23cbb391,ExtEscape
0xb08caddb,0xb08caddb,ExtFloodFill
0xeb7d9c6f,0xeb7d9c6f,ExtSelectClipRgn
0x19f563fe,0x19f563fe,ExtTextOutA
0x19f56414,0x19f56414,ExtTextOutW
0xb26e6d0c,0xb26e6d0c,ExtensionApiVersion
0x4c454654,0x4c454654,ExtractAssociatedIconA
0x72b04c11,0x72b04c11,ExtractAssociatedIconExA
0x72b04c27,0x72b04c27,ExtractAssociatedIconExW
0x4c45466a,0x4c45466a,ExtractAssociatedIconW
0xfd325174,0xfd325174,ExtractIconA
0xa37c80f0,0xa37c80f0,ExtractIconEx
0x130c9f31,0x130c9f31,ExtractIconExA
0x130c9f47,0x130c9f47,ExtractIconExW
0xfd32518a,0xfd32518a,ExtractIconW
0x67945919,0x67945919,FC_GetFunctionList
0xc575f68,0x0c575f68,FC_GetInterface
0x1e744e24,0x1e744e24,FC_GetInterfaceList
0xcce771,0x00cce771,FREEBL_GetVector
0xddb5713,0x0ddb5713,FatalAppExitA
0xddb5729,0x0ddb5729,FatalAppExitW
0x9f1fb811,0x9f1fb811,FatalExit
0xd0f8f6ff,0xd0f8f6ff,FileEncryptionStatusA
0xd0f8f715,0xd0f8f715,FileEncryptionStatusW
0x3f734d74,0x3f734d74,FileTimeToDosDateTime
0x7cef47db,0x7cef47db,FileTimeToLocalFileTime
0x2bd9b4b5,0x2bd9b4b5,FileTimeToSystemTime
0xe392c4e,0x0e392c4e,FillConsoleOutputAttribute
0xcc23c8c8,0xcc23c8c8,FillConsoleOutputCharacterA
0xcc23c8de,0xcc23c8de,FillConsoleOutputCharacterW
0x33e98283,0x33e98283,FillPath
0x33eaaa24,0x33eaaa24,FillRect
0x476433fd,0x476433fd,FillRgn
0xc9dcf695,0xc9dcf695,FindActCtxSectionGuid
0xeda016c4,0xeda016c4,FindActCtxSectionStringA
0xeda016da,0xeda016da,FindActCtxSectionStringW
0x375feea2,0x375feea2,FindAtomA
0x375feeb8,0x375feeb8,FindAtomW
0xb94174a7,0xb94174a7,FindCertsByIssuer
0x3282af66,0x3282af66,FindCertsEmailCallback
0x377fbd86,0x377fbd86,FindClose
0x659e0153,0x659e0153,FindCloseChangeNotification
0x79870517,0x79870517,FindClosePrinterChangeNotification
0xd93b118d,0xd93b118d,FindCloseUrlCache
0xab5afe03,0xab5afe03,FindDebugInfoFile
0xee129420,0xee129420,FindDebugInfoFileEx
0xb0651877,0xb0651877,FindDebugInfoFileExW
0x7420ddb3,0x7420ddb3,FindExecutableA
0x30bcb2d5,0x30bcb2d5,FindExecutableImage
0x52b4c572,0x52b4c572,FindExecutableImageEx
0xa94d7409,0xa94d7409,FindExecutableImageExW
0x7420ddc9,0x7420ddc9,FindExecutableW
0x4783cce1,0x4783cce1,FindExt
0x514a5094,0x514a5094,FindFileInPath
0x99dcaeca,0x99dcaeca,FindFileInSearchPath
0x7bca4be6,0x7bca4be6,FindFirstChangeNotificationA
0x7bca4bfc,0x7bca4bfc,FindFirstChangeNotificationW
0x720c8179,0x720c8179,FindFirstFileA
0x2732e476,0x2732e476,FindFirstFileExA
0x2732e48c,0x2732e48c,FindFirstFileExW
0xd00d51b9,0xd00d51b9,FindFirstFileNameTransactedW
0xc014e250,0xc014e250,FindFirstFileNameW
0x9284ba2,0x09284ba2,FindFirstFileTransactedA
0x9284bb8,0x09284bb8,FindFirstFileTransactedW
0x720c818f,0x720c818f,FindFirstFileW
0x3bb29303,0x3bb29303,FindFirstFreeAce
0xedbd289,0x0edbd289,FindFirstPrinterChangeNotification
0x92c60324,0x92c60324,FindFirstStreamTransactedW
0x29fdc1fb,0x29fdc1fb,FindFirstStreamW
0xabf78ae3,0xabf78ae3,FindFirstUrlCacheContainerA
0xabf78af9,0xabf78af9,FindFirstUrlCacheContainerW
0xd85d3392,0xd85d3392,FindFirstUrlCacheEntryA
0x647880cf,0x647880cf,FindFirstUrlCacheEntryExA
0x647880e5,0x647880e5,FindFirstUrlCacheEntryExW
0xd85d33a8,0xd85d33a8,FindFirstUrlCacheEntryW
0x7b11dacc,0x7b11dacc,FindFirstUrlCacheGroup
0x4df1211,0x04df1211,FindFirstVolumeA
0xadb0766e,0xadb0766e,FindFirstVolumeMountPointA
0xadb07684,0xadb07684,FindFirstVolumeMountPointW
0x4df1227,0x04df1227,FindFirstVolumeW
0x8f95634,0x08f95634,FindNLSString
0x2ca7bc91,0x2ca7bc91,FindNLSStringEx
0x8642a49c,0x8642a49c,FindNextChangeNotification
0x8546d9b0,0x8546d9b0,FindNextFileA
0x1c9e7e07,0x1c9e7e07,FindNextFileNameW
0x8546d9c6,0x8546d9c6,FindNextFileW
0x42fbfc40,0x42fbfc40,FindNextPrinterChangeNotification
0xf52f03f2,0xf52f03f2,FindNextStreamW
0x7c0d447a,0x7c0d447a,FindNextUrlCacheContainerA
0x7c0d4490,0x7c0d4490,FindNextUrlCacheContainerW
0xacffb9a9,0xacffb9a9,FindNextUrlCacheEntryA
0xebd4e8a6,0xebd4e8a6,FindNextUrlCacheEntryExA
0xebd4e8bc,0xebd4e8bc,FindNextUrlCacheEntryExW
0xacffb9bf,0xacffb9bf,FindNextUrlCacheEntryW
0xf5e07a03,0xf5e07a03,FindNextUrlCacheGroup
0xd0105408,0xd0105408,FindNextVolumeA
0x2099d925,0x2099d925,FindNextVolumeMountPointA
0x2099d93b,0x2099d93b,FindNextVolumeMountPointW
0xd010541e,0xd010541e,FindNextVolumeW
0xce02eb99,0xce02eb99,FindResourceA
0x5a6c5696,0x5a6c5696,FindResourceExA
0x5a6c56ac,0x5a6c56ac,FindResourceExW
0xce02ebaf,0xce02ebaf,FindResourceW
0xfd9658f0,0xfd9658f0,FindStringOrdinal
0x6a093f9e,0x6a093f9e,FindVolumeClose
0x6e7907b,0x06e7907b,FindVolumeMountPointClose
0x12d86429,0x12d86429,FindWindowA
0x2a823326,0x2a823326,FindWindowExA
0x2a82333c,0x2a82333c,FindWindowExW
0x12d8643f,0x12d8643f,FindWindowW
0xbae2757f,0xbae2757f,FixBrushOrgEx
0xfecdd2d5,0xfecdd2d5,FlashWindow
0xe98de572,0xe98de572,FlashWindowEx
0x23126755,0x23126755,FlatSB_EnableScrollBar
0xa2da9f05,0xa2da9f05,FlatSB_GetScrollInfo
0xa01641cb,0xa01641cb,FlatSB_GetScrollPos
0xa2de87da,0xa2de87da,FlatSB_GetScrollProp
0x689e1550,0x689e1550,FlatSB_GetScrollPropPtr
0xfeca5ca6,0xfeca5ca6,FlatSB_GetScrollRange
0x5b4f1111,0x5b4f1111,FlatSB_SetScrollInfo
0xeb7ea257,0xeb7ea257,FlatSB_SetScrollPos
0x5b52f9e6,0x5b52f9e6,FlatSB_SetScrollProp
0xc5cd1032,0xc5cd1032,FlatSB_SetScrollRange
0xb33423ef,0xb33423ef,FlatSB_ShowScrollBar
0xa7bcb48a,0xa7bcb48a,FlattenPath
0x65286faa,0x65286faa,FloodFill
0x2831c03f,0x2831c03f,FlsAlloc
0x4ece0ad6,0x4ece0ad6,FlsFree
0xef954271,0xef954271,FlsGetValue
0x2ab3cfd,0x02ab3cfd,FlsSetValue
0x770673ce,0x770673ce,FlushConsoleInputBuffer
0xda890503,0xda890503,FlushEfsCache
0x5709b9be,0x5709b9be,FlushFileBuffers
0x48435547,0x48435547,FlushInstructionCache
0x232d5d15,0x232d5d15,FlushPrinter
0xdbffe6c8,0xdbffe6c8,FlushProcessWriteBuffers
0xd1da43e0,0xd1da43e0,FlushSList
0x1222e2e1,0x1222e2e1,FlushTraceA
0x1222e2f7,0x1222e2f7,FlushTraceW
0xd068e381,0xd068e381,FlushViewOfFile
0x7253d696,0x7253d696,FmtIdToPropStgName
0x2829ce6c,0x2829ce6c,FoldStringA
0x2829ce82,0x2829ce82,FoldStringW
0x9d0f4ed9,0x9d0f4ed9,FontIsLinked
0xb7ecaa8b,0xb7ecaa8b,ForceNexusLookup
0x1df1d7ff,0x1df1d7ff,ForceNexusLookupExW
0xd66e4f7e,0xd66e4f7e,FormatMessageA
0xd66e4f94,0xd66e4f94,FormatMessageW
0xb4726408,0xb4726408,FrameRect
0xcf2a4161,0xcf2a4161,FrameRgn
0x147fbcf5,0x147fbcf5,FreeAddrInfoEx
0xb30ba0ef,0xb30ba0ef,FreeAddrInfoW
0x1593c744,0x1593c744,FreeConsole
0x5ee635b0,0x5ee635b0,FreeContextBuffer
0xa8890d4b,0xa8890d4b,FreeCredentialsHandle
0x2871c49b,0x2871c49b,FreeDDElParam
0xfb40f094,0xfb40f094,FreeEncryptedFileKeyInfo
0x31e59dc0,0x31e59dc0,FreeEncryptedFileMetadata
0xccb6847f,0xccb6847f,FreeEncryptionCertificateHashList
0x7c6ef611,0x7c6ef611,FreeEnvironmentStringsA
0x7c6ef627,0x7c6ef627,FreeEnvironmentStringsW
0xb7c44656,0xb7c44656,FreeIconList
0xf0840397,0xf0840397,FreeImageColorMatcher
0xd2ff7ce0,0xd2ff7ce0,FreeInheritedFromArray
0xbb870926,0xbb870926,FreeLibrary
0x997e02cb,0x997e02cb,FreeLibraryAndExitThread
0x4fbf1258,0x4fbf1258,FreeLibraryWhenCallbackReturns
0xd1daaca1,0xd1daaca1,FreeMRUList
0x8ecfc8e7,0x8ecfc8e7,FreePrintNamedPropertyArray
0xde8f0200,0xde8f0200,FreePrintPropertyValue
0x7815701a,0x7815701a,FreePrinterNotifyInfo
0x4ef93166,0x4ef93166,FreePropVariantArray
0xa9869679,0xa9869679,FreeResource
0x5be023f1,0x5be023f1,FreeSid
0xf1cc3b65,0xf1cc3b65,FreeUrlCacheSpaceA
0xf1cc3b7b,0xf1cc3b7b,FreeUrlCacheSpaceW
0x9f06435d,0x9f06435d,FreeUserPhysicalPages
0x40f72c0f,0x40f72c0f,FrostCrashedWindow
0xf47fa1d9,0xf47fa1d9,FtpCommandA
0xf47fa1ef,0xf47fa1ef,FtpCommandW
0x82c4efe3,0x82c4efe3,FtpCreateDirectoryA
0x82c4eff9,0x82c4eff9,FtpCreateDirectoryW
0x96d3ee8d,0x96d3ee8d,FtpDeleteFileA
0x96d3eea3,0x96d3eea3,FtpDeleteFileW
0x62fbd9c3,0x62fbd9c3,FtpFindFirstFileA
0x62fbd9d9,0x62fbd9d9,FtpFindFirstFileW
0x26767dd2,0x26767dd2,FtpGetCurrentDirectoryA
0x26767de8,0x26767de8,FtpGetCurrentDirectoryW
0xb157513a,0xb157513a,FtpGetFileA
0xdc417976,0xdc417976,FtpGetFileEx
0xf28d2c94,0xf28d2c94,FtpGetFileSize
0xb1575150,0xb1575150,FtpGetFileW
0x7f2313ec,0x7f2313ec,FtpOpenFileA
0x7f231402,0x7f231402,FtpOpenFileW
0xcf4b9933,0xcf4b9933,FtpPutFileA
0xb8bec08f,0xb8bec08f,FtpPutFileEx
0xcf4b9949,0xcf4b9949,FtpPutFileW
0x825ca21d,0x825ca21d,FtpRemoveDirectoryA
0x825ca233,0x825ca233,FtpRemoveDirectoryW
0xfeffbd52,0xfeffbd52,FtpRenameFileA
0xfeffbd68,0xfeffbd68,FtpRenameFileW
0xb84caa5e,0xb84caa5e,FtpSetCurrentDirectoryA
0xb84caa74,0xb84caa74,FtpSetCurrentDirectoryW
0x88a0e33e,0x88a0e33e,GIFFT_TimingDistributionAccumulateRawMillis
0xc5586aec,0xc5586aec,GIFFT_TimingDistributionCancel
0xefe0d874,0xefe0d874,GIFFT_TimingDistributionStart
0x549cc483,0x549cc483,GIFFT_TimingDistributionStopAndAccumulate
0x88d068ee,0x88d068ee,GdiAlphaBlend
0xd23c5456,0xd23c5456,GdiAssociateObject
0x371ba301,0x371ba301,GdiCleanCacheDC
0xc23c8e96,0xc23c8e96,GdiComment
0x47bfe83c,0x47bfe83c,GdiConvertAndCheckDC
0x63f3c901,0x63f3c901,GdiConvertBitmap
0x77696ee8,0x77696ee8,GdiConvertBrush
0xa595710b,0xa595710b,GdiConvertDC
0x9d8aacc6,0x9d8aacc6,GdiConvertEnhMetaFile
0x60b7c25b,0x60b7c25b,GdiConvertFont
0xa18303db,0xa18303db,GdiConvertMetaFilePict
0x4de2153,0x04de2153,GdiConvertPalette
0x88f6c0e8,0x88f6c0e8,GdiConvertRegion
0xdb460c22,0xdb460c22,GdiConvertToDevmodeW
0x15da707f,0x15da707f,GdiCreateLocalBitmap
0x2f3a1ea6,0x2f3a1ea6,GdiCreateLocalBrush
0x229bb304,0x229bb304,GdiCreateLocalEnhMetaFile
0x9327259,0x09327259,GdiCreateLocalFont
0xc8b4d1d9,0xc8b4d1d9,GdiCreateLocalMetaFilePict
0xf399b891,0xf399b891,GdiCreateLocalPalette
0x3add6866,0x3add6866,GdiCreateLocalRegion
0xdf1196a,0x0df1196a,GdiDciBeginAccess
0x2f75b0cb,0x2f75b0cb,GdiDciCreateOffscreenSurface
0x13276b12,0x13276b12,GdiDciCreateOverlaySurface
0xc9b8ae94,0xc9b8ae94,GdiDciCreatePrimarySurface
0x40eb4326,0x40eb4326,GdiDciDestroySurface
0xd9dbbaca,0xd9dbbaca,GdiDciDrawSurface
0xabf4929c,0xabf4929c,GdiDciEndAccess
0x2e34aed1,0x2e34aed1,GdiDciEnumSurface
0x3bb2dda5,0x3bb2dda5,GdiDciInitialize
0x85ddd8e3,0x85ddd8e3,GdiDciSetClipList
0x75608e41,0x75608e41,GdiDciSetDestination
0xafbe8e68,0xafbe8e68,GdiDeleteLocalDC
0x8bc513f8,0x8bc513f8,GdiDeleteLocalObject
0xb87a7def,0xb87a7def,GdiDescribePixelFormat
0x845745d1,0x845745d1,GdiDllInitialize
0xdd8cb17d,0xdd8cb17d,GdiDrawStream
0x5a5d95d9,0x5a5d95d9,GdiEntry13
0x95a8ba25,0x95a8ba25,GdiFlush
0x467a2524,0x467a2524,GdiGetBatchLimit
0x1e6d431a,0x1e6d431a,GdiGetCharDimensions
0xd7a21fbb,0xd7a21fbb,GdiGetCodePage
0xbc3e58b,0x0bc3e58b,GdiGetLocalBitmap
0x8c032232,0x8c032232,GdiGetLocalBrush
0xda48d895,0xda48d895,GdiGetLocalDC
0x8fe33465,0x8fe33465,GdiGetLocalFont
0x34ef0035,0x34ef0035,GdiGetSpoolMessage
0x23c771f8,0x23c771f8,GdiGradientFill
0xed69dfc4,0xed69dfc4,GdiInitSpool
0x37b90758,0x37b90758,GdiInitializeLanguagePack
0xc39e886d,0xc39e886d,GdiIsMetaFileDC
0x4e03d5ba,0x4e03d5ba,GdiIsMetaPrintDC
0x8e0bd643,0x8e0bd643,GdiIsPlayMetafileDC
0xab882175,0xab882175,GdiPlayDCScript
0xcf8755d4,0xcf8755d4,GdiPlayJournal
0xebe1c4ee,0xebe1c4ee,GdiPlayScript
0x2923d231,0x2923d231,GdiRealizationInfo
0x9f6d2156,0x9f6d2156,GdiReleaseLocalDC
0xd965897d,0xd965897d,GdiSetAttrs
0xfeee9730,0xfeee9730,GdiSetBatchLimit
0x18f6bcba,0x18f6bcba,GdiSetPixelFormat
0xef3d3041,0xef3d3041,GdiSetServerAttr
0xe2d81bab,0xe2d81bab,GdiSwapBuffers
0x447233d7,0x447233d7,GdiTransparentBlt
0x3448ad3e,0x3448ad3e,GdiWinWatchClose
0xde6b8e23,0xde6b8e23,GdiWinWatchDidStatusChange
0x150bd22c,0x150bd22c,GdiWinWatchGetClipList
0xd31099fa,0xd31099fa,GdiWinWatchOpen
0x76835c1f,0x76835c1f,GdipAddPathArc
0x46eee048,0x46eee048,GdipAddPathArcI
0xbf9f2eaa,0xbf9f2eaa,GdipAddPathBezier
0xb3850433,0xb3850433,GdipAddPathBezierI
0xb385045d,0xb385045d,GdipAddPathBeziers
0x24259046,0x24259046,GdipAddPathBeziersI
0xf40f59a8,0xf40f59a8,GdipAddPathClosedCurve
0x75fa8eda,0x75fa8eda,GdipAddPathClosedCurve2
0x354c6a63,0x354c6a63,GdipAddPathClosedCurve2I
0x75fa8ef1,0x75fa8ef1,GdipAddPathClosedCurveI
0x24f1056e,0x24f1056e,GdipAddPathCurve
0xc311b360,0xc311b360,GdipAddPathCurve2
0x25481fa9,0x25481fa9,GdipAddPathCurve2I
0xc311b361,0xc311b361,GdipAddPathCurve3
0x25481fca,0x25481fca,GdipAddPathCurve3I
0xc311b377,0xc311b377,GdipAddPathCurveI
0xa9caaed7,0xa9caaed7,GdipAddPathEllipse
0xe3208a00,0xe3208a00,GdipAddPathEllipseI
0x46f4c3b1,0x46f4c3b1,GdipAddPathLine
0x258d3a03,0x258d3a03,GdipAddPathLine2
0xd7347aac,0xd7347aac,GdipAddPathLine2I
0x258d3a1a,0x258d3a1a,GdipAddPathLineI
0x46f6d3f6,0x46f6d3f6,GdipAddPathPath
0x76839ac7,0x76839ac7,GdipAddPathPie
0x46f6f3f0,0x46f6f3f0,GdipAddPathPieI
0xff936451,0xff936451,GdipAddPathPolygon
0xf1ffeeba,0xf1ffeeba,GdipAddPathPolygonI
0x1f8130fe,0x1f8130fe,GdipAddPathRectangle
0xfa75107,0x0fa75107,GdipAddPathRectangleI
0xfa75131,0x0fa75131,GdipAddPathRectangles
0x491779a,0x0491779a,GdipAddPathRectanglesI
0xe851ef00,0xe851ef00,GdipAddPathString
0xf28fcf49,0xf28fcf49,GdipAddPathStringI
0xa9a97f9e,0xa9a97f9e,GdipAlloc
0x91cc353b,0x91cc353b,GdipBeginContainer
0xcb52dccd,0xcb52dccd,GdipBeginContainer2
0xcb52dce4,0xcb52dce4,GdipBeginContainerI
0x62490b2,0x062490b2,GdipBitmapGetPixel
0x7f5f5aeb,0x7f5f5aeb,GdipBitmapLockBits
0x193a8b3e,0x193a8b3e,GdipBitmapSetPixel
0x5e5073b0,0x5e5073b0,GdipBitmapSetResolution
0x53c0c16e,0x53c0c16e,GdipBitmapUnlockBits
0xaa37bc5c,0xaa37bc5c,GdipClearPathMarkers
0x7cf6eeba,0x7cf6eeba,GdipCloneBitmapArea
0x1bd4c643,0x1bd4c643,GdipCloneBitmapAreaI
0x54757d28,0x54757d28,GdipCloneBrush
0x6a43ef3b,0x6a43ef3b,GdipCloneCustomLineCap
0x295b089b,0x295b089b,GdipCloneFont
0x9965c81d,0x9965c81d,GdipCloneFontFamily
0x54f11427,0x54f11427,GdipCloneImage
0xa5ec714e,0xa5ec714e,GdipCloneImageAttributes
0xfb99b079,0xfb99b079,GdipCloneMatrix
0x29604991,0x29604991,GdipClonePath
0xda774887,0xda774887,GdipClonePen
0x7849728,0x07849728,GdipCloneRegion
0xd922b64,0x0d922b64,GdipCloneStringFormat
0x461fe9f8,0x461fe9f8,GdipClosePathFigure
0xa1d296b,0x0a1d296b,GdipClosePathFigures
0xebbac161,0xebbac161,GdipCombineRegionPath
0xebbbe902,0xebbbe902,GdipCombineRegionRect
0x6339098b,0x6339098b,GdipCombineRegionRectI
0xca5c42f8,0xca5c42f8,GdipCombineRegionRegion
0x5b0ce966,0x5b0ce966,GdipComment
0xd661e265,0xd661e265,GdipCreateAdjustableArrowCap
0xb178444a,0xb178444a,GdipCreateBitmapFromDirectDrawSurface
0x14b273f8,0x14b273f8,GdipCreateBitmapFromFile
0x6f0ad071,0x6f0ad071,GdipCreateBitmapFromFileICM
0xd17dc7b,0x0d17dc7b,GdipCreateBitmapFromGdiDib
0xd8a2c989,0xd8a2c989,GdipCreateBitmapFromGraphics
0xab837e1d,0xab837e1d,GdipCreateBitmapFromHBITMAP
0xab12e6e9,0xab12e6e9,GdipCreateBitmapFromHICON
0x40b3e360,0x40b3e360,GdipCreateBitmapFromResource
0xabe8b9cd,0xabe8b9cd,GdipCreateBitmapFromScan0
0x2a3cc6e4,0x2a3cc6e4,GdipCreateBitmapFromStream
0x3dcd4bdd,0x3dcd4bdd,GdipCreateBitmapFromStreamICM
0x300267dc,0x300267dc,GdipCreateCachedBitmap
0x661e9ede,0x661e9ede,GdipCreateCustomLineCap
0x11773cde,0x11773cde,GdipCreateFont
0xac1c4375,0xac1c4375,GdipCreateFontFamilyFromName
0x218ba799,0x218ba799,GdipCreateFontFromDC
0xb1c42bec,0xb1c42bec,GdipCreateFontFromLogfontA
0xb1c42c02,0xb1c42c02,GdipCreateFontFromLogfontW
0xda866f2a,0xda866f2a,GdipCreateFromHDC
0x2b54549c,0x2b54549c,GdipCreateFromHDC2
0x2b54a6ec,0x2b54a6ec,GdipCreateFromHWND
0xb65d8ee5,0xb65d8ee5,GdipCreateFromHWNDICM
0xb66d21fd,0xb66d21fd,GdipCreateHBITMAPFromBitmap
0xde2e5209,0xde2e5209,GdipCreateHICONFromBitmap
0x7d5eed47,0x7d5eed47,GdipCreateHalftonePalette
0x83ac2ad3,0x83ac2ad3,GdipCreateHatchBrush
0x33195b1,0x033195b1,GdipCreateImageAttributes
0xa2831453,0xa2831453,GdipCreateLineBrush
0xdeeeb975,0xdeeeb975,GdipCreateLineBrushFromRect
0xbcc5e85e,0xbcc5e85e,GdipCreateLineBrushFromRectI
0x5c803c78,0x5c803c78,GdipCreateLineBrushFromRectWithAngle
0xec87cbc1,0xec87cbc1,GdipCreateLineBrushFromRectWithAngleI
0xf2e59efc,0xf2e59efc,GdipCreateLineBrushI
0x5b94017c,0x5b94017c,GdipCreateMatrix
0xce14312e,0xce14312e,GdipCreateMatrix2
0xce14312f,0xce14312f,GdipCreateMatrix3
0x909a5758,0x909a5758,GdipCreateMatrix3I
0xfacd763a,0xfacd763a,GdipCreateMetafileFromEmf
0x547cba02,0x547cba02,GdipCreateMetafileFromFile
0x85b0b76e,0x85b0b76e,GdipCreateMetafileFromStream
0xfacdc2cc,0xfacdc2cc,GdipCreateMetafileFromWmf
0x5e72784c,0x5e72784c,GdipCreateMetafileFromWmfFile
0x117c7dd4,0x117c7dd4,GdipCreatePath
0x410c3886,0x410c3886,GdipCreatePath2
0x6293498f,0x6293498f,GdipCreatePath2I
0xbef971a2,0xbef971a2,GdipCreatePathGradient
0x38d7ce23,0x38d7ce23,GdipCreatePathGradientFromPath
0x9e27a62b,0x9e27a62b,GdipCreatePathGradientI
0x54994a68,0x54994a68,GdipCreatePathIter
0x117c8ddb,0x117c8ddb,GdipCreatePen1
0x117c8ddc,0x117c8ddc,GdipCreatePen2
0x677ee82b,0x677ee82b,GdipCreateRegion
0x5fe6739a,0x5fe6739a,GdipCreateRegionHrgn
0x5fea8ff8,0x5fea8ff8,GdipCreateRegionPath
0x5febb799,0x5febb799,GdipCreateRegionRect
0x5d62ab02,0x5d62ab02,GdipCreateRegionRectI
0x4610f58c,0x4610f58c,GdipCreateRegionRgnData
0xcd243e29,0xcd243e29,GdipCreateSolidFill
0x269bf090,0x269bf090,GdipCreateStreamOnFile
0x1533f2a7,0x1533f2a7,GdipCreateStringFormat
0xf28a2a38,0xf28a2a38,GdipCreateTexture
0x43cf716a,0x43cf716a,GdipCreateTexture2
0xbdbd9ef3,0xbdbd9ef3,GdipCreateTexture2I
0xbdbda1e2,0xbdbda1e2,GdipCreateTextureIA
0x7571de6b,0x7571de6b,GdipCreateTextureIAI
0x7159faea,0x7159faea,GdipDeleteBrush
0x8b99d01b,0x8b99d01b,GdipDeleteCachedBitmap
0x34a30efd,0x34a30efd,GdipDeleteCustomLineCap
0xd4e5d61d,0xd4e5d61d,GdipDeleteFont
0xbe292f1f,0xbe292f1f,GdipDeleteFontFamily
0x96bd88d7,0x96bd88d7,GdipDeleteGraphics
0xb50de67b,0xb50de67b,GdipDeleteMatrix
0xd4eb1713,0xd4eb1713,GdipDeletePath
0xf4206b27,0xf4206b27,GdipDeletePathIter
0x2d3d6dc9,0x2d3d6dc9,GdipDeletePen
0xa0839ea4,0xa0839ea4,GdipDeletePrivateFontCollection
0xc0f8cd2a,0xc0f8cd2a,GdipDeleteRegion
0x70cb5ae6,0x70cb5ae6,GdipDeleteStringFormat
0xb6cf1c4d,0xb6cf1c4d,GdipDisposeImage
0x26b760f4,0x26b760f4,GdipDisposeImageAttributes
0xae325d17,0xae325d17,GdipDrawArc
0x747e0040,0x747e0040,GdipDrawArcI
0x8d762ca2,0x8d762ca2,GdipDrawBezier
0x3c3bc12b,0x3c3bc12b,GdipDrawBezierI
0x3c3bc155,0x3c3bc155,GdipDrawBeziers
0xc3b3ec3e,0xc3b3ec3e,GdipDrawBeziersI
0xbcc557f6,0xbcc557f6,GdipDrawCachedBitmap
0x434bd2a0,0x434bd2a0,GdipDrawClosedCurve
0xacc626d2,0xacc626d2,GdipDrawClosedCurve2
0x458b015b,0x458b015b,GdipDrawClosedCurve2I
0xacc626e9,0xacc626e9,GdipDrawClosedCurveI
0x4642466,0x04642466,GdipDrawCurve
0x90e8b158,0x90e8b158,GdipDrawCurve2
0xadfedca1,0xadfedca1,GdipDrawCurve2I
0x90e8b159,0x90e8b159,GdipDrawCurve3
0xadfedcc2,0xadfedcc2,GdipDrawCurve3I
0x90e8b16f,0x90e8b16f,GdipDrawCurveI
0x9e0b3e24,0x9e0b3e24,GdipDrawDriverString
0x32816bcf,0x32816bcf,GdipDrawEllipse
0x82aee5f8,0x82aee5f8,GdipDrawEllipseI
0x4cc0a24,0x04cc0a24,GdipDrawImage
0x9e4d4eed,0x9e4d4eed,GdipDrawImageI
0x987e7d3c,0x987e7d3c,GdipDrawImagePointRect
0xa84e2505,0xa84e2505,GdipDrawImagePointRectI
0xca0cde81,0xca0cde81,GdipDrawImagePoints
0xba8aeea,0x0ba8aeea,GdipDrawImagePointsI
0xaa98e8ef,0xaa98e8ef,GdipDrawImagePointsRect
0xfdb60718,0xfdb60718,GdipDrawImagePointsRectI
0x427b2e12,0x427b2e12,GdipDrawImageRect
0x91e0f09b,0x91e0f09b,GdipDrawImageRectI
0x49d69900,0x49d69900,GdipDrawImageRectRect
0x84a9b949,0x84a9b949,GdipDrawImageRectRectI
0x7483e3a9,0x7483e3a9,GdipDrawLine
0x5005912,0x05005912,GdipDrawLineI
0x500593c,0x0500593c,GdipDrawLines
0xa50b8105,0xa50b8105,GdipDrawLinesI
0x7485f3ee,0x7485f3ee,GdipDrawPath
0xae329bbf,0xae329bbf,GdipDrawPie
0x748613e8,0x748613e8,GdipDrawPieI
0x884a2149,0x884a2149,GdipDrawPolygon
0x918e4ab2,0x918e4ab2,GdipDrawPolygonI
0xb0db0bf6,0xb0db0bf6,GdipDrawRectangle
0xcc3c8aff,0xcc3c8aff,GdipDrawRectangleI
0xcc3c8b29,0xcc3c8b29,GdipDrawRectangles
0x53cdf092,0x53cdf092,GdipDrawRectanglesI
0xb628ecf8,0xb628ecf8,GdipDrawString
0xb44f89ea,0xb44f89ea,GdipEmfToWmfBits
0x6fde292d,0x6fde292d,GdipEndContainer
0xcbed28ba,0xcbed28ba,GdipEnumerateMetafileDestPoint
0x49924043,0x49924043,GdipEnumerateMetafileDestPointI
0x4992406d,0x4992406d,GdipEnumerateMetafileDestPoints
0x7bda4e56,0x7bda4e56,GdipEnumerateMetafileDestPointsI
0xe72724fe,0xe72724fe,GdipEnumerateMetafileDestRect
0xcc0bc507,0xcc0bc507,GdipEnumerateMetafileDestRectI
0xd8322b90,0xd8322b90,GdipEnumerateMetafileSrcRectDestPoint
0xde779dd9,0xde779dd9,GdipEnumerateMetafileSrcRectDestPointI
0xde779e03,0xde779e03,GdipEnumerateMetafileSrcRectDestPoints
0xad6b5eac,0xad6b5eac,GdipEnumerateMetafileSrcRectDestPointsI
0xfecc2514,0xfecc2514,GdipEnumerateMetafileSrcRectDestRect
0xd850c7dd,0xd850c7dd,GdipEnumerateMetafileSrcRectDestRectI
0xc3390cd9,0xc3390cd9,GdipFillClosedCurve
0x2a5aa82b,0x2a5aa82b,GdipFillClosedCurve2
0x75afadd4,0x75afadd4,GdipFillClosedCurve2I
0x2a5aa842,0x2a5aa842,GdipFillClosedCurveI
0xf3607188,0xf3607188,GdipFillEllipse
0x5f6ea2d1,0x5f6ea2d1,GdipFillEllipseI
0xb11f2c47,0xb11f2c47,GdipFillPath
0x33e9acf8,0x33e9acf8,GdipFillPie
0xb11f4c41,0xb11f4c41,GdipFillPieI
0x49292702,0x49292702,GdipFillPolygon
0x6e4e0774,0x6e4e0774,GdipFillPolygon2
0x380ef63d,0x380ef63d,GdipFillPolygon2I
0x6e4e078b,0x6e4e078b,GdipFillPolygonI
0x259263ef,0x259263ef,GdipFillRectangle
0xd7dee218,0xd7dee218,GdipFillRectangleI
0xd7dee242,0xd7dee242,GdipFillRectangles
0xd3bb2acb,0xd3bb2acb,GdipFillRectanglesI
0x7a86ff5e,0x7a86ff5e,GdipFillRegion
0x71e937ce,0x71e937ce,GdipFlattenPath
0xaa0420f5,0xaa0420f5,GdipFlush
0x988bda55,0x988bda55,GdipFree
0x59c698b9,0x59c698b9,GdipGetAdjustableArrowCapFillState
0x27d344aa,0x27d344aa,GdipGetAdjustableArrowCapHeight
0xe523b0c3,0xe523b0c3,GdipGetAdjustableArrowCapMiddleInset
0x30d222f1,0x30d222f1,GdipGetAdjustableArrowCapWidth
0x34ae7533,0x34ae7533,GdipGetAllPropertyItems
0xcb6a7cb9,0xcb6a7cb9,GdipGetBrushType
0x90764c51,0x90764c51,GdipGetCellAscent
0x66a69c99,0x66a69c99,GdipGetCellDescent
0x780a06db,0x780a06db,GdipGetClip
0x3117a226,0x3117a226,GdipGetClipBounds
0x540be72f,0x540be72f,GdipGetClipBoundsI
0xb4e6ee24,0xb4e6ee24,GdipGetCompositingMode
0x17732da8,0x17732da8,GdipGetCompositingQuality
0xc52d2a99,0xc52d2a99,GdipGetCustomLineCapBaseCap
0xc5960308,0xc5960308,GdipGetCustomLineCapBaseInset
0xc65d1a89,0xc65d1a89,GdipGetCustomLineCapStrokeCaps
0xc6612bd2,0xc6612bd2,GdipGetCustomLineCapStrokeJoin
0x7a3c7f4c,0x7a3c7f4c,GdipGetCustomLineCapType
0x62446812,0x62446812,GdipGetCustomLineCapWidthScale
0xaa12585a,0xaa12585a,GdipGetDC
0x780aa428,0x780aa428,GdipGetDpiX
0x780aa429,0x780aa429,GdipGetDpiY
0xc10ff05e,0xc10ff05e,GdipGetEmHeight
0x5648b5f0,0x5648b5f0,GdipGetEncoderParameterList
0x16c1802b,0x16c1802b,GdipGetEncoderParameterListSize
0xa8e1b815,0xa8e1b815,GdipGetFamily
0x34a62b36,0x34a62b36,GdipGetFamilyName
0xf030fb01,0xf030fb01,GdipGetFontCollectionFamilyCount
0xff8a3294,0xff8a3294,GdipGetFontCollectionFamilyList
0x792210e3,0x792210e3,GdipGetFontHeight
0xc0111c19,0xc0111c19,GdipGetFontHeightGivenDPI
0xa0edb0a5,0xa0edb0a5,GdipGetFontSize
0xbea9ca7b,0xbea9ca7b,GdipGetFontStyle
0xa0eedc8a,0xa0eedc8a,GdipGetFontUnit
0xe388aa8e,0xe388aa8e,GdipGetGenericFontFamilyMonospace
0xb9e57f97,0xb9e57f97,GdipGetGenericFontFamilySansSerif
0x8900db42,0x8900db42,GdipGetGenericFontFamilySerif
0xcca10ada,0xcca10ada,GdipGetHatchBackgroundColor
0x181f46f5,0x181f46f5,GdipGetHatchForegroundColor
0xd8bba9cc,0xd8bba9cc,GdipGetHatchStyle
0x3488236e,0x3488236e,GdipGetHemfFromMetafile
0xb34b5a00,0xb34b5a00,GdipGetImageAttributesAdjustedPalette
0xa2e44a61,0xa2e44a61,GdipGetImageBounds
0x99f2c19f,0x99f2c19f,GdipGetImageDecoders
0xf2d7cb5a,0xf2d7cb5a,GdipGetImageDecodersSize
0x74818e3c,0x74818e3c,GdipGetImageDimension
0x3b00b949,0x3b00b949,GdipGetImageEncoders
0xd40d8804,0xd40d8804,GdipGetImageEncodersSize
0xf5b22b23,0xf5b22b23,GdipGetImageFlags
0x1526394c,0x1526394c,GdipGetImageGraphicsContext
0xb027974f,0xb027974f,GdipGetImageHeight
0x886e614,0x0886e614,GdipGetImageHorizontalResolution
0x13cd28e5,0x13cd28e5,GdipGetImagePalette
0x168065a0,0x168065a0,GdipGetImagePaletteSize
0xda510a61,0xda510a61,GdipGetImagePixelFormat
0x2ac924a9,0x2ac924a9,GdipGetImageRawFormat
0x49a5edba,0x49a5edba,GdipGetImageThumbnail
0x3dc77b38,0x3dc77b38,GdipGetImageType
0xf9900784,0xf9900784,GdipGetImageVerticalResolution
0xf6e434f6,0xf6e434f6,GdipGetImageWidth
0x45a4540,0x045a4540,GdipGetInterpolationMode
0xcbd3b960,0xcbd3b960,GdipGetLineBlend
0x96f9dd89,0x96f9dd89,GdipGetLineBlendCount
0x48da34ad,0x48da34ad,GdipGetLineColors
0x50372b16,0x50372b16,GdipGetLineGammaCorrection
0x32e3a633,0x32e3a633,GdipGetLinePresetBlend
0x2d0dc63c,0x2d0dc63c,GdipGetLinePresetBlendCount
0x5b8b3189,0x5b8b3189,GdipGetLineRect
0xccf162f2,0xccf162f2,GdipGetLineRectI
0x354bf660,0x354bf660,GdipGetLineSpacing
0x1f7cab37,0x1f7cab37,GdipGetLineTransform
0x2aa2779a,0x2aa2779a,GdipGetLineWrapMode
0x16f3994d,0x16f3994d,GdipGetLogFontA
0x16f39963,0x16f39963,GdipGetLogFontW
0x39351725,0x39351725,GdipGetMatrixElements
0x68e16058,0x68e16058,GdipGetMetafileDownLevelRasterizationLimit
0x979126f,0x0979126f,GdipGetMetafileHeaderFromEmf
0x389bdcd7,0x389bdcd7,GdipGetMetafileHeaderFromFile
0xfedaee1e,0xfedaee1e,GdipGetMetafileHeaderFromMetafile
0xee23e383,0xee23e383,GdipGetMetafileHeaderFromStream
0x9795f01,0x09795f01,GdipGetMetafileHeaderFromWmf
0x8ea8eba4,0x8ea8eba4,GdipGetNearestColor
0x220dccf8,0x220dccf8,GdipGetPageScale
0x946e4ed0,0x946e4ed0,GdipGetPageUnit
0xb2ee201a,0xb2ee201a,GdipGetPathData
0xed74140c,0xed74140c,GdipGetPathFillMode
0x12708d53,0x12708d53,GdipGetPathGradientBlend
0xc668215c,0xc668215c,GdipGetPathGradientBlendCount
0x55e729ae,0x55e729ae,GdipGetPathGradientCenterColor
0x56d25b59,0x56d25b59,GdipGetPathGradientCenterPoint
0x311dc6c2,0x311dc6c2,GdipGetPathGradientCenterPointI
0xe8eab729,0xe8eab729,GdipGetPathGradientFocusScales
0x8a37cac9,0x8a37cac9,GdipGetPathGradientGammaCorrection
0xf112ab7b,0xf112ab7b,GdipGetPathGradientPath
0x32cb41c1,0x32cb41c1,GdipGetPathGradientPointCount
0x501a6466,0x501a6466,GdipGetPathGradientPresetBlend
0xa7225c4f,0xa7225c4f,GdipGetPathGradientPresetBlendCount
0xf113d31c,0xf113d31c,GdipGetPathGradientRect
0x138e36e5,0x138e36e5,GdipGetPathGradientRectI
0xe1d37658,0xe1d37658,GdipGetPathGradientSurroundColorCount
0x85c89e07,0x85c89e07,GdipGetPathGradientSurroundColorsWithCount
0x4f7840aa,0x4f7840aa,GdipGetPathGradientTransform
0xaff7aaad,0xaff7aaad,GdipGetPathGradientWrapMode
0x2289e33e,0x2289e33e,GdipGetPathLastPoint
0x43ec0bbd,0x43ec0bbd,GdipGetPathPoints
0xc16d83a6,0xc16d83a6,GdipGetPathPointsI
0x11e0c475,0x11e0c475,GdipGetPathTypes
0xa4994493,0xa4994493,GdipGetPathWorldBounds
0x37c1d73c,0x37c1d73c,GdipGetPathWorldBoundsI
0xe741f721,0xe741f721,GdipGetPenBrushFill
0xd6525735,0xd6525735,GdipGetPenColor
0x9827a21a,0x9827a21a,GdipGetPenCompoundArray
0x984a3c64,0x984a3c64,GdipGetPenCompoundCount
0xbca8d03c,0xbca8d03c,GdipGetPenCustomEndCap
0x3ff19e93,0x3ff19e93,GdipGetPenCustomStartCap
0x699507b5,0x699507b5,GdipGetPenDashArray
0xe1d27eed,0xe1d27eed,GdipGetPenDashCap197819
0x69b7a1ff,0x69b7a1ff,GdipGetPenDashCount
0xbbfec6fd,0xbbfec6fd,GdipGetPenDashOffset
0x6adbf8a7,0x6adbf8a7,GdipGetPenDashStyle
0xa53056a1,0xa53056a1,GdipGetPenEndCap
0x33876ddf,0x33876ddf,GdipGetPenFillType
0xc13869ae,0xc13869ae,GdipGetPenLineJoin
0xd96424d6,0xd96424d6,GdipGetPenMiterLimit
0xd036851b,0xd036851b,GdipGetPenMode
0x68745238,0x68745238,GdipGetPenStartCap
0x9a412f2,0x09a412f2,GdipGetPenTransform
0xd03ae496,0xd03ae496,GdipGetPenUnit
0xd7b8d596,0xd7b8d596,GdipGetPenWidth
0x6db83d41,0x6db83d41,GdipGetPixelOffsetMode
0x9aa46866,0x9aa46866,GdipGetPointCount
0x50773de1,0x50773de1,GdipGetPropertyCount
0x6c804fc1,0x6c804fc1,GdipGetPropertyIdList
0xbca22147,0xbca22147,GdipGetPropertyItem
0x97febf02,0x97febf02,GdipGetPropertyItemSize
0xbca770f3,0xbca770f3,GdipGetPropertySize
0x9a828802,0x9a828802,GdipGetRegionBounds
0xead3888b,0xead3888b,GdipGetRegionBoundsI
0xb3beb0f1,0xb3beb0f1,GdipGetRegionData
0xe4cf13ac,0xe4cf13ac,GdipGetRegionDataSize
0xb3c0a106,0xb3c0a106,GdipGetRegionHRgn
0x2ca508af,0x2ca508af,GdipGetRegionScans
0x223c1638,0x223c1638,GdipGetRegionScansCount
0xc1461ed8,0xc1461ed8,GdipGetRegionScansI
0x54e803f9,0x54e803f9,GdipGetRenderingOrigin
0x78909bd0,0x78909bd0,GdipGetSmoothingMode
0x2e2c3d54,0x2e2c3d54,GdipGetSolidFillColor
0x51fb711e,0x51fb711e,GdipGetStringFormatAlign
0x6cb6e8e1,0x6cb6e8e1,GdipGetStringFormatDigitSubstitution
0x5255c9a0,0x5255c9a0,GdipGetStringFormatFlags
0x6447ea75,0x6447ea75,GdipGetStringFormatHotkeyPrefix
0x8c45c1a6,0x8c45c1a6,GdipGetStringFormatLineAlign
0x67ea32b7,0x67ea32b7,GdipGetStringFormatMeasurableCharacterRangeCount
0x4da2ff59,0x4da2ff59,GdipGetStringFormatTabStopCount
0xba8b9fa3,0xba8b9fa3,GdipGetStringFormatTabStops
0xe950517a,0xe950517a,GdipGetStringFormatTrimming
0x5b1b02c6,0x5b1b02c6,GdipGetTextContrast
0x3649bc49,0x3649bc49,GdipGetTextRenderingHint
0x4eda0227,0x4eda0227,GdipGetTextureImage
0x2fa0a80,0x02fa0a80,GdipGetTextureTransform
0x86dc91c3,0x86dc91c3,GdipGetTextureWrapMode
0x7d985814,0x7d985814,GdipGetVisibleClipBounds
0x30a35add,0x30a35add,GdipGetVisibleClipBoundsI
0x375f88b7,0x375f88b7,GdipGetWorldTransform
0x31f20fcb,0x31f20fcb,GdipGraphicsClear
0xb1bd5550,0xb1bd5550,GdipImageForceValidation
0x93cc3c0a,0x93cc3c0a,GdipImageGetFrameCount
0xcc110cc3,0xcc110cc3,GdipImageGetFrameDimensionsCount
0xeeee1416,0xeeee1416,GdipImageGetFrameDimensionsList
0x69702290,0x69702290,GdipImageRotateFlip
0xcbbda5dd,0xcbbda5dd,GdipImageSelectActiveFrame
0x2ca0a980,0x2ca0a980,GdipInvertMatrix
0xddb7c726,0xddb7c726,GdipIsClipEmpty
0x7d033942,0x7d033942,GdipIsEmptyRegion
0x6203d04b,0x6203d04b,GdipIsEqualRegion
0xbae9009,0x0bae9009,GdipIsInfiniteRegion
0xf79b08bc,0xf79b08bc,GdipIsMatrixEqual
0x3e76428e,0x3e76428e,GdipIsMatrixIdentity
0x3996e8d8,0x3996e8d8,GdipIsMatrixInvertible
0xef228514,0xef228514,GdipIsOutlineVisiblePathPoint
0xd37327dd,0xd37327dd,GdipIsOutlineVisiblePathPointI
0xed7cf541,0xed7cf541,GdipIsStyleAvailable
0xf6b633d4,0xf6b633d4,GdipIsVisibleClipEmpty
0xf7132a34,0xf7132a34,GdipIsVisiblePathPoint
0xd97870fd,0xd97870fd,GdipIsVisiblePathPointI
0xe8caa147,0xe8caa147,GdipIsVisiblePoint
0x21eca70,0x021eca70,GdipIsVisiblePointI
0xd0c13feb,0xd0c13feb,GdipIsVisibleRect
0xe8e93d94,0xe8e93d94,GdipIsVisibleRectI
0x738e886b,0x738e886b,GdipIsVisibleRegionPoint
0xe55f9614,0xe55f9614,GdipIsVisibleRegionPointI
0x4952d28f,0x4952d28f,GdipIsVisibleRegionRect
0x73ad24b8,0x73ad24b8,GdipIsVisibleRegionRectI
0x4759c54a,0x4759c54a,GdipLoadImageFromFile
0x20e97883,0x20e97883,GdipLoadImageFromFileICM
0xa3fdb4b6,0xa3fdb4b6,GdipLoadImageFromStream
0xe1f6406f,0xe1f6406f,GdipLoadImageFromStreamICM
0x28ee6d12,0x28ee6d12,GdipMeasureCharacterRanges
0xef401e68,0xef401e68,GdipMeasureDriverString
0x295bea3c,0x295bea3c,GdipMeasureString
0xd77e477,0x0d77e477,GdipMultiplyLineTransform
0x57eef248,0x57eef248,GdipMultiplyMatrix
0xdcb8b9ea,0xdcb8b9ea,GdipMultiplyPathGradientTransform
0x9c7d2432,0x9c7d2432,GdipMultiplyPenTransform
0x9279bbc0,0x9279bbc0,GdipMultiplyTextureTransform
0xe4c1e9f7,0xe4c1e9f7,GdipMultiplyWorldTransform
0x3ef1d440,0x3ef1d440,GdipNewInstalledFontCollection
0xcf9b459b,0xcf9b459b,GdipNewPrivateFontCollection
0x31956609,0x31956609,GdipPathIterCopyData
0xc83ca99a,0xc83ca99a,GdipPathIterEnumerate
0xe671b9fd,0xe671b9fd,GdipPathIterGetCount
0x48ddb1d4,0x48ddb1d4,GdipPathIterGetSubpathCount
0x9c78b1b5,0x9c78b1b5,GdipPathIterHasCurve
0x817a64a0,0x817a64a0,GdipPathIterIsValid
0x8247e2d5,0x8247e2d5,GdipPathIterNextMarker
0x56a4cfa2,0x56a4cfa2,GdipPathIterNextMarkerPath
0xfcfc4ca2,0xfcfc4ca2,GdipPathIterNextPathType
0xc6a9fc0a,0xc6a9fc0a,GdipPathIterNextSubpath
0xc42a7b57,0xc42a7b57,GdipPathIterNextSubpathPath
0xe9741e1d,0xe9741e1d,GdipPathIterRewind
0xb414b5af,0xb414b5af,GdipPlayMetafileRecord
0x3e8d248e,0x3e8d248e,GdipPrivateAddFontFile
0xa060efc7,0xa060efc7,GdipPrivateAddMemoryFont
0xa0d74cb9,0xa0d74cb9,GdipRecordMetafile
0xd73155da,0xd73155da,GdipRecordMetafileFileName
0xbd5c1163,0xbd5c1163,GdipRecordMetafileFileNameI
0xbbc0e422,0xbbc0e422,GdipRecordMetafileI
0x5b05b7e5,0x5b05b7e5,GdipRecordMetafileStream
0xbbbcb4ce,0xbbbcb4ce,GdipRecordMetafileStreamI
0x8abbcc7b,0x8abbcc7b,GdipReleaseDC
0x4b910175,0x4b910175,GdipRemovePropertyItem
0xa6d117de,0xa6d117de,GdipResetClip
0xc0c2be0,0x0c0c2be0,GdipResetImageAttributes
0x9de68f9a,0x9de68f9a,GdipResetLineTransform
0xae3ed5cf,0xae3ed5cf,GdipResetPageTransform
0xa6d80b63,0xa6d80b63,GdipResetPath
0x7a5d80d,0x07a5d80d,GdipResetPathGradientTransform
0xb06176f5,0xb06176f5,GdipResetPenTransform
0xd1ffb803,0xd1ffb803,GdipResetTextureTransform
0x8305f97a,0x8305f97a,GdipResetWorldTransform
0xf1a3a728,0xf1a3a728,GdipRestoreGraphics
0xd2626d9c,0xd2626d9c,GdipReversePath
0xeba326a6,0xeba326a6,GdipRotateLineTransform
0xe65edb57,0xe65edb57,GdipRotateMatrix
0x2ddebb19,0x2ddebb19,GdipRotatePathGradientTransform
0x46215c81,0x46215c81,GdipRotatePenTransform
0x690f838f,0x690f838f,GdipRotateTextureTransform
0x88557206,0x88557206,GdipRotateWorldTransform
0xaa65bab,0x0aa65bab,GdipSaveAdd
0x7c1fcaee,0x7c1fcaee,GdipSaveAddImage
0x3719c033,0x3719c033,GdipSaveGraphics
0x86e90ac8,0x86e90ac8,GdipSaveImageToFile
0x47451b4,0x047451b4,GdipSaveImageToStream
0x88bce3bf,0x88bce3bf,GdipScaleLineTransform
0xf5b41290,0xf5b41290,GdipScaleMatrix
0x138c8132,0x138c8132,GdipScalePathGradientTransform
0xa7fb5a7a,0xa7fb5a7a,GdipScalePenTransform
0x339d608,0x0339d608,GdipScaleTextureTransform
0xc8a6d23f,0xc8a6d23f,GdipScaleWorldTransform
0x8cf6e445,0x8cf6e445,GdipSetAdjustableArrowCapFillState
0x11805bb6,0x11805bb6,GdipSetAdjustableArrowCapHeight
0xa5950f4f,0xa5950f4f,GdipSetAdjustableArrowCapMiddleInset
0x6672887d,0x6672887d,GdipSetAdjustableArrowCapWidth
0xd298dff8,0xd298dff8,GdipSetClipGraphics
0x2999e956,0x2999e956,GdipSetClipHrgn
0x299e05b4,0x299e05b4,GdipSetClipPath
0x299f2d55,0x299f2d55,GdipSetClipRect
0x5d84d83e,0x5d84d83e,GdipSetClipRectI
0xe21e80b,0x0e21e80b,GdipSetClipRegion
0xddf087b0,0xddf087b0,GdipSetCompositingMode
0xe40eebb4,0xe40eebb4,GdipSetCompositingQuality
0x27b09ba5,0x27b09ba5,GdipSetCustomLineCapBaseCap
0xd6b9e714,0xd6b9e714,GdipSetCustomLineCapBaseInset
0xfbfd8015,0xfbfd8015,GdipSetCustomLineCapStrokeCaps
0xfc01915e,0xfc01915e,GdipSetCustomLineCapStrokeJoin
0x97e4cd9e,0x97e4cd9e,GdipSetCustomLineCapWidthScale
0x8c85b8ee,0x8c85b8ee,GdipSetEmpty
0xd8df0cc1,0xd8df0cc1,GdipSetImageAttributesCachedBackground
0x4c9d0604,0x4c9d0604,GdipSetImageAttributesColorKeys
0xec55d21d,0xec55d21d,GdipSetImageAttributesColorMatrix
0x264b2c8c,0x264b2c8c,GdipSetImageAttributesGamma
0x2034e125,0x2034e125,GdipSetImageAttributesNoOp
0x9f266633,0x9f266633,GdipSetImageAttributesOutputChannel
0x64aec763,0x64aec763,GdipSetImageAttributesOutputChannelColorProfile
0x42885726,0x42885726,GdipSetImageAttributesRemapTable
0x49bfb376,0x49bfb376,GdipSetImageAttributesThreshold
0x6d5ef256,0x6d5ef256,GdipSetImageAttributesToIdentity
0x63c317c8,0x63c317c8,GdipSetImageAttributesWrapMode
0xbb264df1,0xbb264df1,GdipSetImagePalette
0x45afec75,0x45afec75,GdipSetInfinite
0x963071cc,0x963071cc,GdipSetInterpolationMode
0x173c19ec,0x173c19ec,GdipSetLineBlend
0x14ea6b9,0x014ea6b9,GdipSetLineColors
0xb04aaaa2,0xb04aaaa2,GdipSetLineGammaCorrection
0x164e6107,0x164e6107,GdipSetLineLinearBlend
0x5bed3fbf,0x5bed3fbf,GdipSetLinePresetBlend
0xe4e4b71d,0xe4e4b71d,GdipSetLineSigmaBlend
0xb1fa71c3,0xb1fa71c3,GdipSetLineTransform
0xd1fb9ca6,0xd1fb9ca6,GdipSetLineWrapMode
0x1b6baf31,0x1b6baf31,GdipSetMatrixElements
0xf53a77e4,0xf53a77e4,GdipSetMetafileDownLevelRasterizationLimit
0x6d762d84,0x6d762d84,GdipSetPageScale
0xd4c6cddc,0xd4c6cddc,GdipSetPageUnit
0x94cd3918,0x94cd3918,GdipSetPathFillMode
0xa446b9df,0xa446b9df,GdipSetPathGradientBlend
0x8b878f3a,0x8b878f3a,GdipSetPathGradientCenterColor
0x8c72c0e5,0x8c72c0e5,GdipSetPathGradientCenterPoint
0x1acaddce,0x1acaddce,GdipSetPathGradientCenterPointI
0x1e8b1cb5,0x1e8b1cb5,GdipSetPathGradientFocusScales
0xbd681655,0xbd681655,GdipSetPathGradientGammaCorrection
0x401beb3a,0x401beb3a,GdipSetPathGradientLinearBlend
0x3b4f7687,0x3b4f7687,GdipSetPathGradientPath
0x85bac9f2,0x85bac9f2,GdipSetPathGradientPresetBlend
0x434046f0,0x434046f0,GdipSetPathGradientSigmaBlend
0x1221b593,0x1221b593,GdipSetPathGradientSurroundColorsWithCount
0x269d336,0x0269d336,GdipSetPathGradientTransform
0x127b1bb9,0x127b1bb9,GdipSetPathGradientWrapMode
0xf4688d8e,0xf4688d8e,GdipSetPathMarker
0x8e9b1c2d,0x8e9b1c2d,GdipSetPenBrushFill
0x16aad641,0x16aad641,GdipSetPenColor
0xe2646d26,0xe2646d26,GdipSetPenCompoundArray
0xe5b269c8,0xe5b269c8,GdipSetPenCustomEndCap
0xd1c7cb1f,0xd1c7cb1f,GdipSetPenCustomStartCap
0x10ee2cc1,0x10ee2cc1,GdipSetPenDashArray
0x2c0f49f9,0x2c0f49f9,GdipSetPenDashCap197819
0x4e7c8d89,0x4e7c8d89,GdipSetPenDashOffset
0x12351db3,0x12351db3,GdipSetPenDashStyle
0xf098b72d,0xf098b72d,GdipSetPenEndCap
0x87b34361,0x87b34361,GdipSetPenLineCap197819
0x883b1d3a,0x883b1d3a,GdipSetPenLineJoin
0x6be1eb62,0x6be1eb62,GdipSetPenMiterLimit
0xb552a7,0x00b552a7,GdipSetPenMode
0x2f7705c4,0x2f7705c4,GdipSetPenStartCap
0xb0fd37fe,0xb0fd37fe,GdipSetPenTransform
0xb9b222,0x00b9b222,GdipSetPenUnit
0x181154a2,0x181154a2,GdipSetPenWidth
0x96c1d6cd,0x96c1d6cd,GdipSetPixelOffsetMode
0x63fb4653,0x63fb4653,GdipSetPropertyItem
0x7df19d85,0x7df19d85,GdipSetRenderingOrigin
0xb0e625c,0x0b0e625c,GdipSetSmoothingMode
0x1062d560,0x1062d560,GdipSetSolidFillColor
0xe3d19daa,0xe3d19daa,GdipSetStringFormatAlign
0x2d28476d,0x2d28476d,GdipSetStringFormatDigitSubstitution
0xe42bf62c,0xe42bf62c,GdipSetStringFormatFlags
0x4df50181,0x4df50181,GdipSetStringFormatHotkeyPrefix
0x3f375432,0x3f375432,GdipSetStringFormatLineAlign
0x1430fe8d,0x1430fe8d,GdipSetStringFormatMeasurableCharacterRanges
0x1d0f10af,0x1d0f10af,GdipSetStringFormatTabStops
0x4bd3c286,0x4bd3c286,GdipSetStringFormatTrimming
0x27427d2,0x027427d2,GdipSetTextContrast
0xc81fe8d5,0xc81fe8d5,GdipSetTextRenderingHint
0x4d36d58c,0x4d36d58c,GdipSetTextureTransform
0xafe62b4f,0xafe62b4f,GdipSetTextureWrapMode
0x199620c3,0x199620c3,GdipSetWorldTransform
0x9dbb9c5b,0x9dbb9c5b,GdipShearMatrix
0x9ce14f70,0x9ce14f70,GdipStartPathFigure
0x83376e75,0x83376e75,GdipStringFormatGetGenericDefault
0xbcf5c5a,0x0bcf5c5a,GdipStringFormatGetGenericTypographic
0x2cf31634,0x2cf31634,GdipTestControl
0x940413e1,0x940413e1,GdipTransformMatrixPoints
0x1486904a,0x1486904a,GdipTransformMatrixPointsI
0xa9211dc,0x0a9211dc,GdipTransformPath
0xf85570ac,0xf85570ac,GdipTransformPoints
0x3038675,0x03038675,GdipTransformPointsI
0xfc499e33,0xfc499e33,GdipTransformRegion
0x62805649,0x62805649,GdipTranslateClip
0xb28b1fb2,0xb28b1fb2,GdipTranslateClipI
0x2e063665,0x2e063665,GdipTranslateLineTransform
0x1a81b3f6,0x1a81b3f6,GdipTranslateMatrix
0x56b919d8,0x56b919d8,GdipTranslatePathGradientTransform
0x7e71f060,0x7e71f060,GdipTranslatePenTransform
0x266c9aa5,0x266c9aa5,GdipTranslateRegion
0xf3ffef8e,0xf3ffef8e,GdipTranslateRegionI
0xbd34eeee,0xbd34eeee,GdipTranslateTextureTransform
0x171a79a5,0x171a79a5,GdipTranslateWorldTransform
0x76c46ab4,0x76c46ab4,GdipVectorTransformMatrixPoints
0x4f51c17d,0x4f51c17d,GdipVectorTransformMatrixPointsI
0x7f3befa,0x07f3befa,GdipWarpPath
0x1b377197,0x1b377197,GdipWidenPath
0x331853a8,0x331853a8,GdipWindingModeOutline
0x387fb61f,0x387fb61f,GdiplusNotificationHook
0x7582faa2,0x7582faa2,GdiplusNotificationUnhook
0xa85e3243,0xa85e3243,GdiplusShutdown
0xca57f4ba,0xca57f4ba,GdiplusStartup
0x73c16904,0x73c16904,GenerateConsoleCtrlEvent
0xf76872b4,0xf76872b4,GenericChainCertificateTrust
0xe8cbc400,0xe8cbc400,GenericChainFinalProv
0xaee4ee63,0xaee4ee63,GetACP
0x38f61a1a,0x38f61a1a,GetAcceptExSockaddrs
0x43bc95d7,0x43bc95d7,GetAcceptLanguagesA
0x43bc95ed,0x43bc95ed,GetAcceptLanguagesW
0xbe304ddc,0xbe304ddc,GetAccessPermissionsForObjectA
0xbe304df2,0xbe304df2,GetAccessPermissionsForObjectW
0xaee4f298,0xaee4f298,GetAce
0x78b91da5,0x78b91da5,GetAclInformation
0x1da81813,0x1da81813,GetActiveObjectExt
0x7cf31bd4,0x7cf31bd4,GetActiveProcessorCount
0x71348981,0x71348981,GetActiveProcessorGroupCount
0x2e313543,0x2e313543,GetActiveWindow
0x8aa9af33,0x8aa9af33,GetAddrInfoEx
0x2e2df8b9,0x2e2df8b9,GetAddrInfoExCancel
0xa7cd6c44,0xa7cd6c44,GetAddrInfoExOverlappedResult
0x3a81436d,0x3a81436d,GetAddrInfoW
0x345559b1,0x345559b1,GetAddressByName
0xbf009012,0xbf009012,GetAddressByNameA
0xbf009028,0xbf009028,GetAddressByNameW
0x246a28b3,0x246a28b3,GetAltTabInfo
0xb1af3f54,0xb1af3f54,GetAltTabInfoA
0xb1af3f6a,0xb1af3f6a,GetAltTabInfoW
0xd1d7534e,0xd1d7534e,GetAncestor
0x35aa4421,0x35aa4421,GetAppCompatFlags
0xeaf2c873,0xeaf2c873,GetAppCompatFlags2
0x1e88d91f,0x1e88d91f,GetApplicationRecoveryCallback
0x93a72e79,0x93a72e79,GetApplicationRestartSettings
0xed8c2766,0xed8c2766,GetArcDirection
0xe1483f31,0xe1483f31,GetAspectRatioFilterEx
0x68a4ae9,0x068a4ae9,GetAsymmetricEncryptionInterface
0x67c7e337,0x67c7e337,GetAsyncKeyState
0x4208d8a2,0x4208d8a2,GetAtomNameA
0x4208d8b8,0x4208d8b8,GetAtomNameW
0x5fd19070,0x5fd19070,GetAuditedPermissionsFromAclA
0x5fd19086,0x5fd19086,GetAuditedPermissionsFromAclW
0x40b80f3c,0x40b80f3c,GetBehaviorValue
0x53779dd6,0x53779dd6,GetBinaryType
0xc26b58d7,0xc26b58d7,GetBinaryTypeA
0xc26b58ed,0xc26b58ed,GetBinaryTypeW
0x5068c29e,0x5068c29e,GetBitmapBits
0x9686b78f,0x9686b78f,GetBitmapDimensionEx
0x447777b,0x0447777b,GetBkColor
0x7c45b4a1,0x7c45b4a1,GetBkMode
0x4bcdf088,0x4bcdf088,GetBoundsRect
0x31013478,0x31013478,GetBrushOrgEx
0x7cb0122e,0x7cb0122e,GetCPInfo
0x88a940ac,0x88a940ac,GetCPInfoExA
0x88a940c2,0x88a940c2,GetCPInfoExW
0x52f98070,0x52f98070,GetCalendarDateFormat
0xf75b65cd,0xf75b65cd,GetCalendarDateFormatEx
0xc62ebb37,0xc62ebb37,GetCalendarDaysInMonth
0xa73d143c,0xa73d143c,GetCalendarDifferenceInDays
0x7a2681b6,0x7a2681b6,GetCalendarInfoA
0xbef6b972,0xbef6b972,GetCalendarInfoEx
0x7a2681cc,0x7a2681cc,GetCalendarInfoW
0xeb18006a,0xeb18006a,GetCalendarMonthsInYear
0xd99cc75a,0xd99cc75a,GetCalendarSupportedDateRange
0x7ac8e91e,0x7ac8e91e,GetCalendarWeekNumber
0x3d1f5123,0x3d1f5123,GetCapture
0x4c79f3bd,0x4c79f3bd,GetCaretBlinkTime
0xe4a33bf0,0xe4a33bf0,GetCaretPos
0xe34a01c7,0xe34a01c7,GetCharABCWidthsA
0xba6fe19d,0xba6fe19d,GetCharABCWidthsFloatA
0xba6fe1b3,0xba6fe1b3,GetCharABCWidthsFloatW
0xe34a01cf,0xe34a01cf,GetCharABCWidthsI
0xe34a01dd,0xe34a01dd,GetCharABCWidthsW
0xad84d493,0xad84d493,GetCharWidth32A
0xad84d4a9,0xad84d4a9,GetCharWidth32W
0xc037d5ee,0xc037d5ee,GetCharWidthA
0x941b6624,0x941b6624,GetCharWidthFloatA
0x941b663a,0x941b663a,GetCharWidthFloatW
0xc037d5f6,0xc037d5f6,GetCharWidthI
0x5e2c7bb9,0x5e2c7bb9,GetCharWidthInfo
0xc037d604,0xc037d604,GetCharWidthW
0xad85718a,0xad85718a,GetCharWidthWOW
0x639c9676,0x639c9676,GetCharacterPlacementA
0x639c968c,0x639c968c,GetCharacterPlacementW
0xda409fb,0x0da409fb,GetCipherInterface
0xa3d16145,0xa3d16145,GetClassFile
0x1e367952,0x1e367952,GetClassInfoA
0x85ba368f,0x85ba368f,GetClassInfoExA
0x85ba36a5,0x85ba36a5,GetClassInfoExW
0x1e367968,0x1e367968,GetClassInfoW
0x1e6d7036,0x1e6d7036,GetClassLongA
0x1e6d704c,0x1e6d704c,GetClassLongW
0x1e89ef67,0x1e89ef67,GetClassNameA
0x1e89ef7d,0x1e89ef7d,GetClassNameW
0xa3dace01,0xa3dace01,GetClassWord
0x41e6c01c,0x41e6c01c,GetClientRect
0x564659c0,0x564659c0,GetClipBox
0x2c7d6b15,0x2c7d6b15,GetClipCursor
0x56469cbe,0x56469cbe,GetClipRgn
0xe3c9f459,0xe3c9f459,GetClipboardData
0x35fedc2a,0x35fedc2a,GetClipboardFormatNameA
0x35fedc40,0x35fedc40,GetClipboardFormatNameW
0x5ddb84ca,0x5ddb84ca,GetClipboardOwner
0x5bf1b241,0x5bf1b241,GetClipboardSequenceNumber
0x289e3f51,0x289e3f51,GetClipboardViewer
0x8fe35fad,0x8fe35fad,GetColorAdjustment
0x6cf7cd7a,0x6cf7cd7a,GetColorSpace
0xe5bf0a39,0xe5bf0a39,GetComPlusPackageInstallStatus
0xc1b35d94,0xc1b35d94,GetComboBoxInfo
0x539c5eb1,0x539c5eb1,GetCommConfig
0xf246d67,0x0f246d67,GetCommMask
0xa1151991,0xa1151991,GetCommModemStatus
0xead90868,0xead90868,GetCommProperties
0xf428cd7c,0xf428cd7c,GetCommState
0x8c4cd975,0x8c4cd975,GetCommTimeouts
0xf5c19c37,0xf5c19c37,GetCommandLineA
0xf5c19c4d,0xf5c19c4d,GetCommandLineW
0xb1deac00,0xb1deac00,GetCompressedFileSizeA
0x411a8ae9,0x411a8ae9,GetCompressedFileSizeTransactedA
0x411a8aff,0x411a8aff,GetCompressedFileSizeTransactedW
0xb1deac16,0xb1deac16,GetCompressedFileSizeW
0x1075ce0,0x01075ce0,GetComputerNameA
0x6052359d,0x6052359d,GetComputerNameExA
0x605235b3,0x605235b3,GetComputerNameExW
0x1075cf6,0x01075cf6,GetComputerNameW
0x560c28d,0x0560c28d,GetConsoleAliasA
0x76752d42,0x76752d42,GetConsoleAliasExesA
0xd1c13824,0xd1c13824,GetConsoleAliasExesLengthA
0xd1c1383a,0xd1c1383a,GetConsoleAliasExesLengthW
0x76752d58,0x76752d58,GetConsoleAliasExesW
0x560c2a3,0x0560c2a3,GetConsoleAliasW
0xe09c4205,0xe09c4205,GetConsoleAliasesA
0x2c839327,0x2c839327,GetConsoleAliasesLengthA
0x2c83933d,0x2c83933d,GetConsoleAliasesLengthW
0xe09c421b,0xe09c421b,GetConsoleAliasesW
0x511853b5,0x511853b5,GetConsoleCP
0x73b0a962,0x73b0a962,GetConsoleCharType
0xbe2de0d4,0xbe2de0d4,GetConsoleCommandHistoryA
0xe2aad136,0xe2aad136,GetConsoleCommandHistoryLengthA
0xe2aad14c,0xe2aad14c,GetConsoleCommandHistoryLengthW
0xbe2de0ea,0xbe2de0ea,GetConsoleCommandHistoryW
0x4893152c,0x4893152c,GetConsoleCursorInfo
0x48954aa5,0x48954aa5,GetConsoleCursorMode
0x5446d0bd,0x5446d0bd,GetConsoleDisplayMode
0x71beda45,0x71beda45,GetConsoleFontInfo
0x71c44354,0x71c44354,GetConsoleFontSize
0x9dcec351,0x9dcec351,GetConsoleHardwareState
0x29552cc0,0x29552cc0,GetConsoleHistoryInfo
0x3c53df96,0x3c53df96,GetConsoleInputExeNameA
0x3c53dfac,0x3c53dfac,GetConsoleInputExeNameW
0x5561f753,0x5561f753,GetConsoleInputWaitHandle
0xe30a7db3,0xe30a7db3,GetConsoleKeyboardLayoutNameA
0xe30a7dc9,0xe30a7dc9,GetConsoleKeyboardLayoutNameW
0xf88221e7,0xf88221e7,GetConsoleMode
0x9ad81b54,0x9ad81b54,GetConsoleNlsMode
0x310ef1da,0x310ef1da,GetConsoleOriginalTitleA
0x310ef1f0,0x310ef1f0,GetConsoleOriginalTitleW
0x9bbb8a06,0x9bbb8a06,GetConsoleOutputCP
0xf66cd19d,0xf66cd19d,GetConsoleProcessList
0x3119c348,0x3119c348,GetConsoleScreenBufferInfo
0xde97bea5,0xde97bea5,GetConsoleScreenBufferInfoEx
0x821295f4,0x821295f4,GetConsoleSelectionInfo
0x3182b225,0x3182b225,GetConsoleTitleA
0x3182b23b,0x3182b23b,GetConsoleTitleW
0x387ec13a,0x387ec13a,GetConsoleWindow
0x4433001e,0x4433001e,GetConvertStg
0xdc288b7c,0xdc288b7c,GetCorePrinterDriversA
0xdc288b92,0xdc288b92,GetCorePrinterDriversW
0x8a9455e4,0x8a9455e4,GetCurrencyFormatA
0xdd1f1360,0xdd1f1360,GetCurrencyFormatEx
0x8a9455fa,0x8a9455fa,GetCurrencyFormatW
0xa30b219,0x0a30b219,GetCurrentActCtx
0x2459af5f,0x2459af5f,GetCurrentClockTransactionManager
0x8fd142dc,0x8fd142dc,GetCurrentConsoleFont
0xc92d7339,0xc92d7339,GetCurrentConsoleFontEx
0x390f9608,0x390f9608,GetCurrentDirectoryA
0x390f961e,0x390f961e,GetCurrentDirectoryW
0x4afc02a3,0x4afc02a3,GetCurrentHwProfileA
0x4afc02b9,0x4afc02b9,GetCurrentHwProfileW
0x2ac1e509,0x2ac1e509,GetCurrentObject
0x6b845f24,0x6b845f24,GetCurrentPositionEx
0xf5a4b791,0xf5a4b791,GetCurrentProcess
0xa949911,0x0a949911,GetCurrentProcessExplicitAppUserModelID
0xf1b0e99e,0xf1b0e99e,GetCurrentProcessId
0xbf571bbb,0xbf571bbb,GetCurrentProcessorNumber
0xf18cffd8,0xf18cffd8,GetCurrentProcessorNumberEx
0x36dca5ea,0x36dca5ea,GetCurrentThread
0x609dd237,0x609dd237,GetCurrentThreadId
0x7f642ecd,0x7f642ecd,GetCursor
0x7226bda4,0x7226bda4,GetCursorFrameInfo
0xe072b679,0xe072b679,GetCursorInfo
0xe8f3abf,0x0e8f3abf,GetCursorPos
0x6a25f816,0x6a25f816,GetDC
0xd22a8179,0xd22a8179,GetDCBrushColor
0x8b845ef3,0x8b845ef3,GetDCEx
0x7e197547,0x7e197547,GetDCHook
0x41c8485b,0x41c8485b,GetDCOrgEx
0x882ec3b8,0x882ec3b8,GetDCPenColor
0x4e684a34,0x4e684a34,GetDCRegionData
0x3fe19cab,0x3fe19cab,GetDDSurfaceLocal
0xd5120d05,0xd5120d05,GetDIBColorTable
0x7e82a52e,0x7e82a52e,GetDIBits
0xc8843917,0xc8843917,GetDateFormatA
0xd90b5cf3,0xd90b5cf3,GetDateFormatEx
0xc884392d,0xc884392d,GetDateFormatW
0xc9fca417,0xc9fca417,GetDefaultCommConfigA
0xc9fca42d,0xc9fca42d,GetDefaultCommConfigW
0xe16821b9,0xe16821b9,GetDefaultPrinterA
0xe16821cf,0xe16821cf,GetDefaultPrinterW
0x72cb7621,0x72cb7621,GetDesktopWindow
0x2f0a8526,0x2f0a8526,GetDeviceCaps
0xa017b1f2,0xa017b1f2,GetDeviceGammaRamp
0xe620a2c,0x0e620a2c,GetDeviceID
0x20bfa76d,0x20bfa76d,GetDevicePowerState
0x5990d44d,0x5990d44d,GetDialogBaseUnits
0x88f1a529,0x88f1a529,GetDiskFreeSpaceA
0x8befb426,0x8befb426,GetDiskFreeSpaceExA
0x8befb43c,0x8befb43c,GetDiskFreeSpaceExW
0x88f1a53f,0x88f1a53f,GetDiskFreeSpaceW
0x529c77c3,0x529c77c3,GetDisplayConfigBufferSizes
0x765de1e8,0x765de1e8,GetDlgCtrlID
0xa307d615,0xa307d615,GetDlgItem
0xf0cdf20,0x0f0cdf20,GetDlgItemInt
0x683657b,0x0683657b,GetDlgItemTextA
0x6836591,0x06836591,GetDlgItemTextW
0x17bfb861,0x17bfb861,GetDllDirectoryA
0x17bfb877,0x17bfb877,GetDllDirectoryW
0xe7bd51db,0xe7bd51db,GetDocumentBitStg
0x531c27f,0x0531c27f,GetDoubleClickTime
0x64e13ec,0x064e13ec,GetDriveTypeA
0x64e1402,0x064e1402,GetDriveTypeW
0xd02484cd,0xd02484cd,GetDriverModuleHandle
0x4d5c87be,0x4d5c87be,GetDurationFormat
0x169d789b,0x169d789b,GetDurationFormatEx
0x4e70f1e5,0x4e70f1e5,GetDynamicTimeZoneInformation
0xaee50195,0xaee50195,GetETM
0x4cd129ad,0x4cd129ad,GetEffectiveClientRect
0x8d548616,0x8d548616,GetEffectiveRightsFromAclA
0x8d54862c,0x8d54862c,GetEffectiveRightsFromAclW
0x2b97b3f2,0x2b97b3f2,GetEnabledXStateFeatures
0xc5a4ed3e,0xc5a4ed3e,GetEncryptedFileMetadata
0xa6015692,0xa6015692,GetEnhMetaFileA
0xa1dbffc3,0xa1dbffc3,GetEnhMetaFileBits
0xd27b69f6,0xd27b69f6,GetEnhMetaFileDescriptionA
0xd27b6a0c,0xd27b6a0c,GetEnhMetaFileDescriptionW
0x9686f0ba,0x9686f0ba,GetEnhMetaFileHeader
0x694608da,0x694608da,GetEnhMetaFilePaletteEntries
0xa60156a8,0xa60156a8,GetEnhMetaFileW
0x7d93571f,0x7d93571f,GetEnlistmentId
0x54d10487,0x54d10487,GetEnlistmentRecoveryInformation
0x549ecc0e,0x549ecc0e,GetEnvironmentStrings
0xe8784e0f,0xe8784e0f,GetEnvironmentStringsA
0xe8784e25,0xe8784e25,GetEnvironmentStringsW
0xcb2680eb,0xcb2680eb,GetEnvironmentVariableA
0xcb268101,0xcb268101,GetEnvironmentVariableW
0xbf9c0311,0xbf9c0311,GetEraNameCountedString
0x298e4805,0x298e4805,GetErrorInfo
0x29907d7e,0x29907d7e,GetErrorMode
0x68427f59,0x68427f59,GetEventLogInformation
0x839f37f8,0x839f37f8,GetExecutionEnvironment
0x700fb6a3,0x700fb6a3,GetExitCodeProcess
0xdd7b0abc,0xdd7b0abc,GetExitCodeThread
0x979eb93a,0x979eb93a,GetExpandedNameA
0x979eb950,0x979eb950,GetExpandedNameW
0x78a2de30,0x78a2de30,GetExplicitEntriesFromAclA
0x78a2de46,0x78a2de46,GetExplicitEntriesFromAclW
0x5a9bfc77,0x5a9bfc77,GetFileAttributesA
0x718d16f4,0x718d16f4,GetFileAttributesExA
0x718d170a,0x718d170a,GetFileAttributesExW
0xb0d41c20,0xb0d41c20,GetFileAttributesTransactedA
0xb0d41c36,0xb0d41c36,GetFileAttributesTransactedW
0x5a9bfc8d,0x5a9bfc8d,GetFileAttributesW
0xe1eafdf6,0xe1eafdf6,GetFileBandwidthReservation
0xbfc2791c,0xbfc2791c,GetFileInformationByHandle
0xba453979,0xba453979,GetFileInformationByHandleEx
0x2ae6b8e6,0x2ae6b8e6,GetFileMUIInfo
0x2aea5a07,0x2aea5a07,GetFileMUIPath
0x695b6216,0x695b6216,GetFileNameFromBrowse
0x36d7d208,0x36d7d208,GetFileSecurityA
0x36d7d21e,0x36d7d21e,GetFileSecurityW
0x32a000a,0x032a000a,GetFileSize
0x75aa33e7,0x75aa33e7,GetFileSizeEx
0x32a8abe,0x032a8abe,GetFileTime
0x32acf31,0x032acf31,GetFileType
0x23667e42,0x23667e42,GetFileVersionInfoA
0xe1faeba8,0xe1faeba8,GetFileVersionInfoByHandle
0x96ff377f,0x96ff377f,GetFileVersionInfoExA
0x96ff3795,0x96ff3795,GetFileVersionInfoExW
0x54a1305d,0x54a1305d,GetFileVersionInfoSizeA
0x1aedc5a,0x01aedc5a,GetFileVersionInfoSizeExA
0x1aedc70,0x01aedc70,GetFileVersionInfoSizeExW
0x54a13073,0x54a13073,GetFileVersionInfoSizeW
0x23667e58,0x23667e58,GetFileVersionInfoW
0x34f89ccf,0x34f89ccf,GetFinalPathNameByHandleA
0x34f89ce5,0x34f89ce5,GetFinalPathNameByHandleW
0x5b82d488,0x5b82d488,GetFirmwareEnvironmentVariableA
0x5b82d49e,0x5b82d49e,GetFirmwareEnvironmentVariableW
0xfc4d0eaf,0xfc4d0eaf,GetFocus
0xd6b8d0e0,0xd6b8d0e0,GetFontData
0x6491e360,0x6491e360,GetFontFileData
0x6494d6d2,0x6494d6d2,GetFontFileInfo
0x5e2a17f6,0x5e2a17f6,GetFontLanguageInfo
0x44637cd4,0x44637cd4,GetFontRealizationInfo
0x64b2e13a,0x64b2e13a,GetFontResourceInfo
0xfb0f08d1,0xfb0f08d1,GetFontResourceInfoW
0x46d060d,0x046d060d,GetFontUnicodeRanges
0x5870ee62,0x5870ee62,GetForegroundWindow
0xfc4d4d44,0xfc4d4d44,GetFormA
0xfc4d4d5a,0xfc4d4d5a,GetFormW
0x8bc88711,0x8bc88711,GetFullPathNameA
0x7c7a2f3a,0x7c7a2f3a,GetFullPathNameTransactedA
0x7c7a2f50,0x7c7a2f50,GetFullPathNameTransactedW
0x8bc88727,0x8bc88727,GetFullPathNameW
0x2a9e8758,0x2a9e8758,GetGUIThreadInfo
0xc0966d97,0xc0966d97,GetGeoInfoA
0xc0966dad,0xc0966dad,GetGeoInfoW
0x418e6e44,0x418e6e44,GetGestureConfig
0xdbc601ff,0xdbc601ff,GetGestureExtraArgs
0xf415805a,0xf415805a,GetGestureInfo
0xe8aee313,0xe8aee313,GetGlyphIndicesA
0xe8aee329,0xe8aee329,GetGlyphIndicesW
0x569a153,0x0569a153,GetGlyphOutline
0xb29dcbf4,0xb29dcbf4,GetGlyphOutlineA
0xb29dcc0a,0xb29dcc0a,GetGlyphOutlineW
0xd1410550,0xd1410550,GetGlyphOutlineWow
0x6be29605,0x6be29605,GetGraphicsMode
0xceef114f,0xceef114f,GetGuiResources
0xe238b715,0xe238b715,GetHGlobalFromILockBytes
0x6928d148,0x6928d148,GetHGlobalFromStream
0x747b700,0x0747b700,GetHandleContext
0xeb3623a1,0xeb3623a1,GetHandleInformation
0x7fe8e437,0x7fe8e437,GetHandleVerifier
0xb8613a24,0xb8613a24,GetHashInterface
0x5c5d33d1,0x5c5d33d1,GetHookInterface
0x1863d6c5,0x1863d6c5,GetHostNameW
0x3e25a5a,0x03e25a5a,GetICMProfileA
0x3e25a70,0x03e25a70,GetICMProfileW
0x1aeff84,0x01aeff84,GetIconInfo
0x570c3642,0x570c3642,GetIconInfoExA
0x570c3658,0x570c3658,GetIconInfoExW
0x193d3c6b,0x193d3c6b,GetInformationCodeAuthzLevelW
0x8b6e6e03,0x8b6e6e03,GetInformationCodeAuthzPolicyW
0x1dcf07eb,0x1dcf07eb,GetInheritanceSourceA
0x1dcf0801,0x1dcf0801,GetInheritanceSourceW
0x33093fb9,0x33093fb9,GetInputDesktop
0x3935db3b,0x3935db3b,GetInputLocaleInfo
0x944c0840,0x944c0840,GetInputState
0x9455b056,0x9455b056,GetInternalWindowPos
0x8b8867eb,0x8b8867eb,GetJobA
0x5f65f171,0x5f65f171,GetJobNamedPropertyValue
0x8b886801,0x8b886801,GetJobW
0x1d6d55f4,0x1d6d55f4,GetKBCodePage
0x296c4ddf,0x296c4ddf,GetKernelObjectSecurity
0x39c0c5dc,0x39c0c5dc,GetKerningPairs
0x71d9819d,0x71d9819d,GetKerningPairsA
0x71d981b3,0x71d981b3,GetKerningPairsW
0x13143bff,0x13143bff,GetKeyNameTextA
0x13143c15,0x13143c15,GetKeyNameTextW
0x89a98239,0x89a98239,GetKeyState
0xea1e05de,0xea1e05de,GetKeyboardLayout
0x33753f9a,0x33753f9a,GetKeyboardLayoutList
0xa23ce5a0,0xa23ce5a0,GetKeyboardLayoutNameA
0xa23ce5b6,0xa23ce5b6,GetKeyboardLayoutNameW
0x1ee6b161,0x1ee6b161,GetKeyboardState
0x9c172502,0x9c172502,GetKeyboardType
0x9475c693,0x9475c693,GetLargePageMinimum
0x73ab7f87,0x73ab7f87,GetLargestConsoleWindowSize
0xb832d473,0xb832d473,GetLastActivePopup
0xfe22830d,0xfe22830d,GetLastError
0x17da467f,0x17da467f,GetLastInputInfo
0xbd12ee34,0xbd12ee34,GetLayeredWindowAttributes
0x92fc78cd,0x92fc78cd,GetLayout
0x134015d1,0x134015d1,GetLengthSid
0x438d8c60,0x438d8c60,GetListBoxInfo
0x9a8a2075,0x9a8a2075,GetLocalManagedApplicationData
0x8cddad0e,0x8cddad0e,GetLocalManagedApplications
0xf0777909,0xf0777909,GetLocalTime
0x119f210c,0x119f210c,GetLocaleInfoA
0x45834388,0x45834388,GetLocaleInfoEx
0x119f2122,0x119f2122,GetLocaleInfoW
0x2b56f75d,0x2b56f75d,GetLogColorSpaceA
0x2b56f773,0x2b56f773,GetLogColorSpaceW
0xcce5772f,0xcce5772f,GetLogicalDriveStringsA
0xcce57745,0xcce57745,GetLogicalDriveStringsW
0x87601437,0x87601437,GetLogicalDrives
0x97d1df90,0x97d1df90,GetLogicalProcessorInformation
0xd3c80ced,0xd3c80ced,GetLogicalProcessorInformationEx
0x38d324ae,0x38d324ae,GetLongPathNameA
0x23083517,0x23083517,GetLongPathNameTransactedA
0x2308352d,0x2308352d,GetLongPathNameTransactedW
0x38d324c4,0x38d324c4,GetLongPathNameW
0xc03f995e,0xc03f995e,GetMUILanguage
0xd8ba0a0e,0xd8ba0a0e,GetMagnificationDesktopColorEffect
0xf8be729b,0xf8be729b,GetMagnificationDesktopMagnification
0xa1fa854f,0xa1fa854f,GetMagnificationLensCtxInformation
0x2ea22880,0x2ea22880,GetMailslotInfo
0xad198fd6,0xad198fd6,GetManagedApplicationCategories
0xb0e98723,0xb0e98723,GetManagedApplications
0x3ed03292,0x3ed03292,GetMapMode
0x781a96b6,0x781a96b6,GetMaximumProcessorCount
0x214621a3,0x214621a3,GetMaximumProcessorGroupCount
0x8b89e444,0x8b89e444,GetMenu
0x3d7ed125,0x3d7ed125,GetMenuBarInfo
0xcf26c0c6,0xcf26c0c6,GetMenuCheckMarkDimensions
0x993c6f1f,0x993c6f1f,GetMenuContextHelpId
0x89b24dd8,0x89b24dd8,GetMenuDefaultItem
0x4ad44f70,0x4ad44f70,GetMenuInfo
0xb9012cdc,0xb9012cdc,GetMenuItemCount
0x5191f340,0x5191f340,GetMenuItemID
0xb96cf3a0,0xb96cf3a0,GetMenuItemInfoA
0xb96cf3b6,0xb96cf3b6,GetMenuItemInfoW
0xfde14c41,0xfde14c41,GetMenuItemRect
0x29279637,0x29279637,GetMenuPosFromID
0xa6166885,0xa6166885,GetMenuState
0x868069fc,0x868069fc,GetMenuStringA
0x86806a12,0x86806a12,GetMenuStringW
0x5666f495,0x5666f495,GetMessageA
0x47ab1844,0x47ab1844,GetMessageExtraInfo
0x8bf6bc66,0x8bf6bc66,GetMessagePos
0xad060c3,0x0ad060c3,GetMessageTime
0x5666f4ab,0x5666f4ab,GetMessageW
0x445b8e77,0x445b8e77,GetMetaFileA
0x915cf4e5,0x915cf4e5,GetMetaFileBitsEx
0x445b8e8d,0x445b8e8d,GetMetaFileW
0x4877b3bd,0x4877b3bd,GetMetaRgn
0x3a3ccbef,0x3a3ccbef,GetMiterLimit
0xa1b830f7,0xa1b830f7,GetModuleFileNameA
0xa1b8310d,0xa1b8310d,GetModuleFileNameW
0xb0b8dc82,0xb0b8dc82,GetModuleHandleA
0xc26225bf,0xc26225bf,GetModuleHandleExA
0xc26225d5,0xc26225d5,GetModuleHandleExW
0xb0b8dc98,0xb0b8dc98,GetModuleHandleW
0x7ada504,0x07ada504,GetMonitorInfoA
0x7ada51a,0x07ada51a,GetMonitorInfoW
0x8df74069,0x8df74069,GetMouseMovePointsEx
0x459b0448,0x459b0448,GetMultipleTrusteeA
0xa858ba19,0xa858ba19,GetMultipleTrusteeOperationA
0xa858ba2f,0xa858ba2f,GetMultipleTrusteeOperationW
0x459b045e,0x459b045e,GetMultipleTrusteeW
0xf96a8e22,0xf96a8e22,GetNLSVersion
0xfe46a7ff,0xfe46a7ff,GetNLSVersionEx
0xb7c2634d,0xb7c2634d,GetNameByType
0xb00ecd2e,0xb00ecd2e,GetNameByTypeA
0xb00ecd44,0xb00ecd44,GetNameByTypeW
0xf6869473,0xf6869473,GetNameInfoW
0x71ba8b56,0x71ba8b56,GetNamedPipeAttribute
0x16efa492,0x16efa492,GetNamedPipeClientComputerNameA
0x16efa4a8,0x16efa4a8,GetNamedPipeClientComputerNameW
0xbc8a9ecd,0xbc8a9ecd,GetNamedPipeClientProcessId
0x7429bab2,0x7429bab2,GetNamedPipeClientSessionId
0x71fef150,0x71fef150,GetNamedPipeHandleStateA
0x71fef166,0x71fef166,GetNamedPipeHandleStateW
0xcba5adce,0xcba5adce,GetNamedPipeInfo
0xa468eee5,0xa468eee5,GetNamedPipeServerProcessId
0x5c080aca,0x5c080aca,GetNamedPipeServerSessionId
0x4a12ebd9,0x4a12ebd9,GetNamedSecurityInfoA
0x1a7d66d6,0x1a7d66d6,GetNamedSecurityInfoExA
0x1a7d66ec,0x1a7d66ec,GetNamedSecurityInfoExW
0x4a12ebef,0x4a12ebef,GetNamedSecurityInfoW
0x874f4d87,0x874f4d87,GetNativeSystemInfo
0x47246660,0x47246660,GetNearestColor
0x797a22c8,0x797a22c8,GetNearestPaletteIndex
0xc96d3821,0xc96d3821,GetNextDlgGroupItem
0x597ecb6b,0x597ecb6b,GetNextDlgTabItem
0x75006434,0x75006434,GetNextVDMCommand
0xc6214c39,0xc6214c39,GetNotificationResourceManager
0x94a03177,0x94a03177,GetNotificationResourceManagerAsync
0xcb0d7fc0,0xcb0d7fc0,GetNumaAvailableMemoryNode
0xc46c791d,0xc46c791d,GetNumaAvailableMemoryNodeEx
0xdeaa233b,0xdeaa233b,GetNumaHighestNodeNumber
0x16b7472f,0x16b7472f,GetNumaNodeNumberFromHandle
0xd11d5b32,0xd11d5b32,GetNumaNodeProcessorMask
0x8de0f90f,0x8de0f90f,GetNumaNodeProcessorMaskEx
0xf803fc66,0xf803fc66,GetNumaProcessorNode
0x8f4b743,0x08f4b743,GetNumaProcessorNodeEx
0x9faac1fb,0x9faac1fb,GetNumaProximityNode
0x35633618,0x35633618,GetNumaProximityNodeEx
0xe0374c62,0xe0374c62,GetNumberFormatA
0xe720d99e,0xe720d99e,GetNumberFormatEx
0xe0374c78,0xe0374c78,GetNumberFormatW
0x8ff08caa,0x8ff08caa,GetNumberOfConsoleFonts
0x131aeae5,0x131aeae5,GetNumberOfConsoleInputEvents
0x2ad1b238,0x2ad1b238,GetNumberOfConsoleMouseButtons
0x89959cc3,0x89959cc3,GetNumberOfEventLogRecords
0xfcd87f23,0xfcd87f23,GetOEMCP
0xadc408b3,0xadc408b3,GetOLEThunkData
0xdaba39a7,0xdaba39a7,GetObjectA
0xdb3eb337,0xdb3eb337,GetObjectFromRotByPath
0xb823a908,0xb823a908,GetObjectType
0xdaba39bd,0xdaba39bd,GetObjectW
0xbe4aefbd,0xbe4aefbd,GetOldestEventLogRecord
0xf2d6ffe8,0xf2d6ffe8,GetOleaccVersionInfo
0xdff114e9,0xdff114e9,GetOpenClipboardWindow
0xf984cd44,0xf984cd44,GetOpenFileNamePreview
0x2a1e7605,0x2a1e7605,GetOpenFileNamePreviewA
0x2a1e761b,0x2a1e761b,GetOpenFileNamePreviewW
0xe927dd4c,0xe927dd4c,GetOutlineTextMetricsA
0xe927dd62,0xe927dd62,GetOutlineTextMetricsW
0xd7d0aa85,0xd7d0aa85,GetOverlappedAccessResults
0xbfc95460,0xbfc95460,GetOverlappedResult
0xa10cb478,0xa10cb478,GetPaletteEntries
0x9c4d1939,0x9c4d1939,GetParent
0x8b8b791c,0x8b8b791c,GetPath
0x2868aafc,0x2868aafc,GetPhysicalCursorPos
0x2959688f,0x2959688f,GetPhysicallyInstalledSystemMemory
0xfcff10b1,0xfcff10b1,GetPixel
0x8712d3a,0x08712d3a,GetPixelFormat
0x8cf0705f,0x8cf0705f,GetPolyFillMode
0x54fd642a,0x54fd642a,GetPrintExecutionData
0x2b0adab9,0x2b0adab9,GetPrintOutputInfo
0x2f025af2,0x2f025af2,GetPrintProcessorDirectoryA
0x2f025b08,0x2f025b08,GetPrintProcessorDirectoryW
0xec3ddc94,0xec3ddc94,GetPrinterA
0x5aaf7b0e,0x5aaf7b0e,GetPrinterDataA
0xc47a974b,0xc47a974b,GetPrinterDataExA
0xc47a9761,0xc47a9761,GetPrinterDataExW
0x5aaf7b24,0x5aaf7b24,GetPrinterDataW
0x58503e12,0x58503e12,GetPrinterDriver2A
0x58503e28,0x58503e28,GetPrinterDriver2W
0xeb6747c0,0xeb6747c0,GetPrinterDriverA
0xfc097475,0xfc097475,GetPrinterDriverDirectoryA
0xfc09748b,0xfc09748b,GetPrinterDriverDirectoryW
0xe80767d9,0xe80767d9,GetPrinterDriverPackagePathA
0xe80767ef,0xe80767ef,GetPrinterDriverPackagePathW
0xeb6747d6,0xeb6747d6,GetPrinterDriverW
0xec3ddcaa,0xec3ddcaa,GetPrinterW
0x902a8707,0x902a8707,GetPriorityClass
0xb8ecc86a,0xb8ecc86a,GetPriorityClipboardFormat
0x53432039,0x53432039,GetPrivateObjectSecurity
0x97b752a7,0x97b752a7,GetPrivateProfileIntA
0x97b752bd,0x97b752bd,GetPrivateProfileIntW
0xd4d32591,0xd4d32591,GetPrivateProfileSectionA
0x973a2345,0x973a2345,GetPrivateProfileSectionNamesA
0x973a235b,0x973a235b,GetPrivateProfileSectionNamesW
0xd4d325a7,0xd4d325a7,GetPrivateProfileSectionW
0xcd629833,0xcd629833,GetPrivateProfileStringA
0xcd629849,0xcd629849,GetPrivateProfileStringW
0xcd68ffa1,0xcd68ffa1,GetPrivateProfileStructA
0xcd68ffb7,0xcd68ffb7,GetPrivateProfileStructW
0x931805c9,0x931805c9,GetProcAddress
0xb80070b4,0xb80070b4,GetProcessAffinityMask
0x69aa2ad7,0x69aa2ad7,GetProcessDEPPolicy
0xe18f3291,0xe18f3291,GetProcessDefaultLayout
0x5f223c15,0x5f223c15,GetProcessGroupAffinity
0x2548ed43,0x2548ed43,GetProcessHandleCount
0x9fef9b1f,0x9fef9b1f,GetProcessHandleFromHwnd
0x8a3e57ac,0x8a3e57ac,GetProcessHeap
0xd2094d9f,0xd2094d9f,GetProcessHeaps
0x2726601b,0x2726601b,GetProcessId
0x4036b868,0x4036b868,GetProcessIdOfThread
0x30ada679,0x30ada679,GetProcessIoCounters
0x427a9f42,0x427a9f42,GetProcessPreferredUILanguages
0x23905117,0x23905117,GetProcessPriorityBoost
0x784d57be,0x784d57be,GetProcessShutdownParameters
0xd2e4d6d0,0xd2e4d6d0,GetProcessTimes
0xede09891,0xede09891,GetProcessUserModeExceptionPolicy
0xb077add4,0xb077add4,GetProcessVersion
0x9d62e5c8,0x9d62e5c8,GetProcessWindowStation
0xf0dc2996,0xf0dc2996,GetProcessWorkingSetSize
0x988cf073,0x988cf073,GetProcessWorkingSetSizeEx
0xa2b90e73,0xa2b90e73,GetProcessorSystemCycleTime
0x20e43a5c,0x20e43a5c,GetProductInfo
0x719c0acc,0x719c0acc,GetProfileIntA
0x719c0ae2,0x719c0ae2,GetProfileIntW
0x4f16836,0x04f16836,GetProfileSectionA
0x4f1684c,0x04f1684c,GetProfileSectionW
0x71c09a38,0x71c09a38,GetProfileStringA
0x71c09a4e,0x71c09a4e,GetProfileStringW
0xcd0957bb,0xcd0957bb,GetProgmanWindow
0xfd03db11,0xfd03db11,GetPropA
0xfd03db27,0xfd03db27,GetPropW
0xa59a3df9,0xa59a3df9,GetProxyDllInfo
0xe0fa4a58,0xe0fa4a58,GetQueueStatus
0x9acf1136,0x9acf1136,GetQueuedCompletionStatus
0x8ad84013,0x8ad84013,GetQueuedCompletionStatusEx
0x8b8c4072,0x8b8c4072,GetROP2
0x15cc2d57,0x15cc2d57,GetRandomRgn
0xa4a553a1,0xa4a553a1,GetRasterizerCaps
0x31241e03,0x31241e03,GetRawInputBuffer
0x138f4303,0x138f4303,GetRawInputData
0xad22c446,0xad22c446,GetRawInputDeviceInfoA
0xad22c45c,0xad22c45c,GetRawInputDeviceInfoW
0xa82968f5,0xa82968f5,GetRawInputDeviceList
0x2ae56ef0,0x2ae56ef0,GetReasonTitleFromReasonCode
0xac644cad,0xac644cad,GetRegionData
0x903e4d5a,0x903e4d5a,GetRegisteredRawInputDevices
0xa13be788,0xa13be788,GetRelAbs
0xa161373f,0xa161373f,GetRgnBox
0xa7203fe7,0xa7203fe7,GetRngInterface
0x67da2b47,0x67da2b47,GetRoleTextA
0x67da2b5d,0x67da2b5d,GetRoleTextW
0xf9dd36ef,0xf9dd36ef,GetRunningObjectTable
0xa3be83e2,0xa3be83e2,GetSaveFileNamePreviewA
0xa3be83f8,0xa3be83f8,GetSaveFileNamePreviewW
0x1c8639ff,0x1c8639ff,GetScrollBarInfo
0xb506d68a,0xb506d68a,GetScrollInfo
0xb0271cb0,0xb0271cb0,GetScrollPos
0x567d84cb,0x567d84cb,GetScrollRange
0x6b8a805e,0x6b8a805e,GetSecretAgreementInterface
0xc7e7f067,0xc7e7f067,GetSecurityDescriptorControl
0xdc16f65a,0xdc16f65a,GetSecurityDescriptorDacl
0x5f359233,0x5f359233,GetSecurityDescriptorGroup
0x50a59e28,0x50a59e28,GetSecurityDescriptorLength
0x5fc90dd1,0x5fc90dd1,GetSecurityDescriptorOwner
0xda3a83e6,0xda3a83e6,GetSecurityDescriptorRMControl
0xdc1f3009,0xdc1f3009,GetSecurityDescriptorSacl
0xa2bd7a93,0xa2bd7a93,GetSecurityInfo
0x48d50af1,0x48d50af1,GetSecurityInfoExA
0x48d50b07,0x48d50b07,GetSecurityInfoExW
0xf552c072,0xf552c072,GetSecurityUserInfo
0x93491453,0x93491453,GetSendMessageReceiver
0x163cd480,0x163cd480,GetService
0xddd764c1,0xddd764c1,GetServiceA
0x250ce958,0x250ce958,GetServiceDisplayNameA
0x250ce96e,0x250ce96e,GetServiceDisplayNameW
0x940763ab,0x940763ab,GetServiceKeyNameA
0x940763c1,0x940763c1,GetServiceKeyNameW
0xddd764d7,0xddd764d7,GetServiceW
0x8c45f49f,0x8c45f49f,GetShellWindow
0xd5a8078e,0xd5a8078e,GetShortPathNameA
0xd5a807a4,0xd5a807a4,GetShortPathNameW
0x16eca83b,0x16eca83b,GetSidIdentifierAuthority
0x3b055a72,0x3b055a72,GetSidLengthRequired
0x738b4062,0x738b4062,GetSidSubAuthority
0x962815cb,0x962815cb,GetSidSubAuthorityCount
0xeda4e432,0xeda4e432,GetSignatureInterface
0xcb691de8,0xcb691de8,GetSpoolFileHandle
0x753b152f,0x753b152f,GetStartupInfoA
0x753b1545,0x753b1545,GetStartupInfoW
0x2fd782b6,0x2fd782b6,GetStateTextA
0x2fd782cc,0x2fd782cc,GetStateTextW
0xcf181c66,0xcf181c66,GetStdHandle
0x9b2c542a,0x9b2c542a,GetStockObject
0x79640b93,0x79640b93,GetStretchBltMode
0xb179b0ce,0xb179b0ce,GetStringScripts
0xa0223b49,0xa0223b49,GetStringTypeA
0x319e5246,0x319e5246,GetStringTypeExA
0x319e525c,0x319e525c,GetStringTypeExW
0xa0223b5f,0xa0223b5f,GetStringTypeW
0x3a574b6e,0x3a574b6e,GetSubMenu
0x60ea2cb3,0x60ea2cb3,GetSurfaceFromDC
0x38f6da92,0x38f6da92,GetSymLoadError
0xe021dccd,0xe021dccd,GetSysColor
0x2ec7ba51,0x2ec7ba51,GetSysColorBrush
0xfa161cfd,0xfa161cfd,GetSystemDEPPolicy
0xdb0b4eb5,0xdb0b4eb5,GetSystemDefaultLCID
0xcd4d97a8,0xcd4d97a8,GetSystemDefaultLangID
0x2263eeca,0x2263eeca,GetSystemDefaultLocaleName
0xc74406db,0xc74406db,GetSystemDefaultUILanguage
0x3435494a,0x3435494a,GetSystemDirectoryA
0x34354960,0x34354960,GetSystemDirectoryW
0x9df977e3,0x9df977e3,GetSystemFileCacheSize
0x23f3739,0x023f3739,GetSystemFirmwareTable
0x149b8d60,0x149b8d60,GetSystemInfo
0x149d99a9,0x149d99a9,GetSystemMenu
0x2c5ecb,0x002c5ecb,GetSystemMetrics
0x79a2c1d,0x079a2c1d,GetSystemPaletteEntries
0x5ee74c70,0x5ee74c70,GetSystemPaletteUse
0x8fe4f9e5,0x8fe4f9e5,GetSystemPowerStatus
0x2c6b2da8,0x2c6b2da8,GetSystemPreferredUILanguages
0x112d4117,0x112d4117,GetSystemRegistryQuota
0x14a18123,0x14a18123,GetSystemTime
0xa2804c62,0xa2804c62,GetSystemTimeAdjustment
0x8f5cf226,0x8f5cf226,GetSystemTimeAsFileTime
0xa8d1a5f6,0xa8d1a5f6,GetSystemTimes
0xdae71d75,0xdae71d75,GetSystemWindowsDirectoryA
0xdae71d8b,0xdae71d8b,GetSystemWindowsDirectoryW
0x7fcda1d1,0x7fcda1d1,GetSystemWow64DirectoryA
0x7fcda1e7,0x7fcda1e7,GetSystemWow64DirectoryW
0x4aa80c2f,0x4aa80c2f,GetTabbedTextExtentA
0x4aa80c45,0x4aa80c45,GetTabbedTextExtentW
0x82752a8d,0x82752a8d,GetTapeParameters
0x14c047ae,0x14c047ae,GetTapePosition
0xbc1b8d3d,0xbc1b8d3d,GetTapeStatus
0xeff963d6,0xeff963d6,GetTaskmanWindow
0xcfad0ce7,0xcfad0ce7,GetTempFileNameA
0xcfad0cfd,0xcfad0cfd,GetTempFileNameW
0x7c991213,0x7c991213,GetTempPathA
0x7c991229,0x7c991229,GetTempPathW
0xd3a4babf,0xd3a4babf,GetTextAlign
0x9d12ace5,0x9d12ace5,GetTextCharacterExtra
0xdfd3a45e,0xdfd3a45e,GetTextCharset
0x2fd48c8a,0x2fd48c8a,GetTextCharsetInfo
0xd3ca9eb3,0xd3ca9eb3,GetTextColor
0xe0c80b94,0xe0c80b94,GetTextExtentExPointA
0xe0c80b9c,0xe0c80b9c,GetTextExtentExPointI
0xe0c80baa,0xe0c80baa,GetTextExtentExPointW
0x8d13f25c,0x8d13f25c,GetTextExtentPoint32A
0x8d13f272,0x8d13f272,GetTextExtentPoint32W
0xd8a2ed77,0xd8a2ed77,GetTextExtentPointA
0xd8a2ed7f,0xd8a2ed7f,GetTextExtentPointI
0xd8a2ed8d,0xd8a2ed8d,GetTextExtentPointW
0xd3f91324,0xd3f91324,GetTextFaceA
0xd3f9133a,0xd3f9133a,GetTextFaceW
0x5a384a6c,0x5a384a6c,GetTextMetricsA
0x5a384a82,0x5a384a82,GetTextMetricsW
0x42466cec,0x42466cec,GetThreadContext
0x7842dd21,0x7842dd21,GetThreadDesktop
0xc46682b6,0xc46682b6,GetThreadErrorMode
0x3ff21b6e,0x3ff21b6e,GetThreadGroupAffinity
0x23ec835e,0x23ec835e,GetThreadIOPendingFlag
0xafcfed14,0xafcfed14,GetThreadId
0x76b699a3,0x76b699a3,GetThreadIdealProcessorEx
0xc966d2f7,0xc966d2f7,GetThreadLocale
0xbfbca07b,0xbfbca07b,GetThreadPreferredUILanguages
0x655d2c09,0x655d2c09,GetThreadPriority
0x4603070,0x04603070,GetThreadPriorityBoost
0xa056103a,0xa056103a,GetThreadSelectorEntry
0x543b6d29,0x543b6d29,GetThreadTimes
0x9b01ff29,0x9b01ff29,GetThreadUILanguage
0x98610ddf,0x98610ddf,GetThreadWaitChain
0x1f4caee3,0x1f4caee3,GetTickCount
0x2533facd,0x2533facd,GetTickCount64
0xf3cff28,0x0f3cff28,GetTimeFormatA
0xf6dce524,0xf6dce524,GetTimeFormatEx
0xf3cff3e,0x0f3cff3e,GetTimeFormatW
0xaa2073c0,0xaa2073c0,GetTimeZoneInformation
0xe1bb6818,0xe1bb6818,GetTimeZoneInformationForYear
0x4d1d0c48,0x4d1d0c48,GetTimestampForLoadedLibrary
0x2f2f96d2,0x2f2f96d2,GetTitleBarInfo
0xdcc60416,0xdcc60416,GetTokenInformation
0xd3098b32,0xd3098b32,GetTopLevelWindow
0x659463fa,0x659463fa,GetTopWindow
0x1e459bce,0x1e459bce,GetTouchInputInfo
0xe1210af2,0xe1210af2,GetTraceEnableFlags
0xe18a205d,0xe18a205d,GetTraceEnableLevel
0xb6c6e2ea,0xb6c6e2ea,GetTraceLoggerHandle
0x8b8de202,0x8b8de202,GetTransactionId
0x85b9503b,0x85b9503b,GetTransactionInformation
0x6bd73dfd,0x6bd73dfd,GetTransactionManagerId
0xde07baeb,0xde07baeb,GetTransform
0x7742ba50,0x7742ba50,GetTrusteeFormA
0x7742ba66,0x7742ba66,GetTrusteeFormW
0x77cbbabd,0x77cbbabd,GetTrusteeNameA
0x77cbbad3,0x77cbbad3,GetTrusteeNameW
0x7845839e,0x7845839e,GetTrusteeTypeA
0x784583b4,0x784583b4,GetTrusteeTypeW
0x806e300d,0x806e300d,GetTypeByName
0x8e3431ee,0x8e3431ee,GetTypeByNameA
0x8e343204,0x8e343204,GetTypeByNameW
0x3ff74c9d,0x3ff74c9d,GetUILanguageInfo
0x98542140,0x98542140,GetUpdateRect
0x42ad3799,0x42ad3799,GetUpdateRgn
0x910bf342,0x910bf342,GetUpdatedClipboardFormats
0xd080dad9,0xd080dad9,GetUrlCacheConfigInfoA
0xd080daef,0xd080daef,GetUrlCacheConfigInfoW
0x95b006ac,0x95b006ac,GetUrlCacheEntryBinaryBlob
0xac2a4315,0xac2a4315,GetUrlCacheEntryInfoA
0x5fc77d12,0x5fc77d12,GetUrlCacheEntryInfoExA
0x5fc77d28,0x5fc77d28,GetUrlCacheEntryInfoExW
0xac2a432b,0xac2a432b,GetUrlCacheEntryInfoW
0xabf118b8,0xabf118b8,GetUrlCacheGroupAttributeA
0xabf118ce,0xabf118ce,GetUrlCacheGroupAttributeW
0xb57f81d9,0xb57f81d9,GetUrlCacheHeaderData
0x844045ef,0x844045ef,GetUserDefaultLCID
0x979d4562,0x979d4562,GetUserDefaultLangID
0xc3e7e984,0xc3e7e984,GetUserDefaultLocaleName
0x68c80195,0x68c80195,GetUserDefaultUILanguage
0x78e6ce56,0x78e6ce56,GetUserGeoID
0x79634370,0x79634370,GetUserNameA
0x5f42002d,0x5f42002d,GetUserNameExA
0x5f420043,0x5f420043,GetUserNameExW
0x79634386,0x79634386,GetUserNameW
0x974fdb2c,0x974fdb2c,GetUserObjectInformationA
0x974fdb42,0x974fdb42,GetUserObjectInformationW
0x7273fedd,0x7273fedd,GetUserObjectSecurity
0x8c8ae622,0x8c8ae622,GetUserPreferredUILanguages
0x512c6c56,0x512c6c56,GetVDMCurrentDirectories
0xfd29e735,0xfd29e735,GetVersion
0xd752cc53,0xd752cc53,GetVersionExA
0xd752cc69,0xd752cc69,GetVersionExW
0xb9d712bd,0xb9d712bd,GetViewportExtEx
0xba888634,0xba888634,GetViewportOrgEx
0x59af098e,0x59af098e,GetVolumeInformationA
0x45ed784b,0x45ed784b,GetVolumeInformationByHandleW
0x59af09a4,0x59af09a4,GetVolumeInformationW
0xa86775e5,0xa86775e5,GetVolumeNameForVolumeMountPointA
0xa86775fb,0xa86775fb,GetVolumeNameForVolumeMountPointW
0xf92f30f6,0xf92f30f6,GetVolumePathNameA
0xf92f310c,0xf92f310c,GetVolumePathNameW
0xdcedc069,0xdcedc069,GetVolumePathNamesForVolumeNameA
0xdcedc07f,0xdcedc07f,GetVolumePathNamesForVolumeNameW
0xd0dad036,0xd0dad036,GetWinMetaFileBits
0xc3ca60cb,0xc3ca60cb,GetWinStationInfo
0xad2fc407,0xad2fc407,GetWindow
0x2dfffcef,0x2dfffcef,GetWindowCompositionAttribute
0xc08e7bc7,0xc08e7bc7,GetWindowCompositionInfo
0x932093c2,0x932093c2,GetWindowContextHelpId
0xb830eace,0xb830eace,GetWindowDC
0x3e30b417,0x3e30b417,GetWindowDisplayAffinity
0x8b22bf75,0x8b22bf75,GetWindowExtEx
0x881a58b3,0x881a58b3,GetWindowInfo
0x8b9c6638,0x8b9c6638,GetWindowLongA
0x8b9c664e,0x8b9c664e,GetWindowLongW
0x18ef7277,0x18ef7277,GetWindowMinimizeRect
0xe2ceb8ae,0xe2ceb8ae,GetWindowModuleFileName
0x3ca5ceaf,0x3ca5ceaf,GetWindowModuleFileNameA
0x3ca5cec5,0x3ca5cec5,GetWindowModuleFileNameW
0x8bd432ec,0x8bd432ec,GetWindowOrgEx
0x51404300,0x51404300,GetWindowPlacement
0x881f2175,0x881f2175,GetWindowRect
0xc0b27765,0xc0b27765,GetWindowRegionData
0xbe4e852e,0xbe4e852e,GetWindowRgn
0xc96c5f7,0x0c96c5f7,GetWindowRgnBox
0x8c04920b,0x8c04920b,GetWindowRgnEx
0x8c27daad,0x8c27daad,GetWindowTextA
0x2c9909cf,0x2c9909cf,GetWindowTextLengthA
0x2c9909e5,0x2c9909e5,GetWindowTextLengthW
0x8c27dac3,0x8c27dac3,GetWindowTextW
0x5cea030b,0x5cea030b,GetWindowThreadProcessId
0x88220bc3,0x88220bc3,GetWindowWord
0x23c1e61f,0x23c1e61f,GetWindowsAccountDomainSid
0xa1de8bf0,0xa1de8bf0,GetWindowsDirectoryA
0xa1de8c06,0xa1de8c06,GetWindowsDirectoryW
0xfca4a273,0xfca4a273,GetWorldTransform
0xb94b9131,0xb94b9131,GetWriteWatch
0xa2d55013,0xa2d55013,GetXStateFeaturesMask
0xd4814436,0xd4814436,GetdfDIJoystick
0x414c756a,0x414c756a,GhostWindowFromHungWindow
0xab4c2efb,0xab4c2efb,GlobalAddAtomA
0xab4c2f11,0xab4c2f11,GlobalAddAtomW
0x45e9742b,0x45e9742b,GlobalAlloc
0x71dc7e7,0x071dc7e7,GlobalCompact
0x64230244,0x64230244,GlobalDeleteAtom
0x485c43f3,0x485c43f3,GlobalFindAtomA
0x485c4409,0x485c4409,GlobalFindAtomW
0xbb2fc827,0xbb2fc827,GlobalFix
0x4643beed,0x4643beed,GlobalFlags
0x2128f142,0x2128f142,GlobalFree
0xb04d7853,0xb04d7853,GlobalGetAtomNameA
0xb04d7869,0xb04d7869,GlobalGetAtomNameW
0x12a5f3ec,0x12a5f3ec,GlobalHandle
0x212c2e89,0x212c2e89,GlobalLock
0x9760577d,0x9760577d,GlobalMemoryStatus
0xf0d4341a,0xf0d4341a,GlobalMemoryStatusEx
0x6f558982,0x6f558982,GlobalReAlloc
0x212fee9b,0x212fee9b,GlobalSize
0x31d7bbfa,0x31d7bbfa,GlobalUnWire
0x47545cca,0x47545cca,GlobalUnfix
0x31e3578c,0x31e3578c,GlobalUnlock
0x21321f17,0x21321f17,GlobalWire
0x46b899dd,0x46b899dd,GopherCreateLocatorA
0x46b899f3,0x46b899f3,GopherCreateLocatorW
0xfa399c5e,0xfa399c5e,GopherFindFirstFileA
0xfa399c74,0xfa399c74,GopherFindFirstFileW
0xae352089,0xae352089,GopherGetAttributeA
0xae35209f,0xae35209f,GopherGetAttributeW
0x950039ab,0x950039ab,GopherGetLocatorTypeA
0x950039c1,0x950039c1,GopherGetLocatorTypeW
0x8deb09a7,0x8deb09a7,GopherOpenFileA
0x8deb09bd,0x8deb09bd,GopherOpenFileW
0x84542304,0x84542304,GradientFill
0x19b3d27a,0x19b3d27a,GrayStringA
0x19b3d290,0x19b3d290,GrayStringW
0xa214e527,0xa214e527,GroupMembers
0xc02e5e8f,0xc02e5e8f,HACCEL_UserFree
0x85404579,0x85404579,HACCEL_UserFree64
0x216cb1f5,0x216cb1f5,HACCEL_UserMarshal
0x2f610a5f,0x2f610a5f,HACCEL_UserMarshal64
0xc0355be8,0xc0355be8,HACCEL_UserSize
0xa2fbfd12,0xa2fbfd12,HACCEL_UserSize64
0x287b1f58,0x287b1f58,HACCEL_UserUnmarshal
0x33c05c82,0x33c05c82,HACCEL_UserUnmarshal64
0xe41d8e17,0xe41d8e17,HASH_Begin
0xe4339fe3,0xe4339fe3,HASH_Clone
0x6b0e7e86,0x6b0e7e86,HASH_Create
0xfc8d375c,0xfc8d375c,HASH_Destroy
0xc87f0609,0xc87f0609,HASH_End
0xaef5a0fa,0xaef5a0fa,HASH_GetHMACOidTagByHashOidTag
0xd78afcb7,0xd78afcb7,HASH_GetHMACOidTagByHashOidTag_Util
0x3887bc2d,0x3887bc2d,HASH_GetHashObject
0xb78f1120,0xb78f1120,HASH_GetHashObjectByOidTag
0x1471d97a,0x1471d97a,HASH_GetHashOidTagByHMACOidTag
0xd5fe8537,0xd5fe8537,HASH_GetHashOidTagByHMACOidTag_Util
0xc4e0bccf,0xc4e0bccf,HASH_GetHashOidTagByHashType
0x4479c5ac,0x4479c5ac,HASH_GetHashOidTagByHashType_Util
0x630889eb,0x630889eb,HASH_GetHashTypeByOidTag
0x45da2448,0x45da2448,HASH_GetHashTypeByOidTag_Util
0xe37c97d4,0xe37c97d4,HASH_GetType
0x271a27d3,0x271a27d3,HASH_HashBuf
0xb5714df0,0xb5714df0,HASH_ResultLen
0x4443b5e3,0x4443b5e3,HASH_ResultLenByOidTag
0x8782a535,0x8782a535,HASH_ResultLenContext
0x94e69c75,0x94e69c75,HASH_Update
0x99994114,0x99994114,HBITMAP_UserFree
0x64eddd3e,0x64eddd3e,HBITMAP_UserFree64
0xf6cd425a,0xf6cd425a,HBITMAP_UserMarshal
0xdf274804,0xdf274804,HBITMAP_UserMarshal64
0x99a03e6d,0x99a03e6d,HBITMAP_UserSize
0x82a994d7,0x82a994d7,HBITMAP_UserSize64
0xd8415cfd,0xd8415cfd,HBITMAP_UserUnmarshal
0xee0c9767,0xee0c9767,HBITMAP_UserUnmarshal64
0x4e045c9b,0x4e045c9b,HBRUSH_UserFree
0xe08df685,0xe08df685,HBRUSH_UserFree64
0xe6708481,0xe6708481,HBRUSH_UserMarshal
0x44a3afeb,0x44a3afeb,HBRUSH_UserMarshal64
0x4e0b59f4,0x4e0b59f4,HBRUSH_UserSize
0xfe49ae1e,0xfe49ae1e,HBRUSH_UserSize64
0x3dbdc4e4,0x3dbdc4e4,HBRUSH_UserUnmarshal
0xa442950e,0xa442950e,HBRUSH_UserUnmarshal64
0xaa5bef7e,0xaa5bef7e,HDC_UserFree
0xb115ce28,0xb115ce28,HDC_UserFree64
0xc7f35084,0xc7f35084,HDC_UserMarshal
0x920988ae,0x920988ae,HDC_UserMarshal64
0xaa62ecd7,0xaa62ecd7,HDC_UserSize
0xced185c1,0xced185c1,HDC_UserSize64
0x8b239da7,0x8b239da7,HDC_UserUnmarshal
0xe281aa91,0xe281aa91,HDC_UserUnmarshal64
0x3b7cf1f9,0x3b7cf1f9,HENHMETAFILE_UserFree
0xe815b63,0x0e815b63,HENHMETAFILE_UserFree64
0xd2d0851f,0xd2d0851f,HENHMETAFILE_UserMarshal
0xc9065009,0xc9065009,HENHMETAFILE_UserMarshal64
0x3b83ef52,0x3b83ef52,HENHMETAFILE_UserSize
0x2c3d12fc,0x2c3d12fc,HENHMETAFILE_UserSize64
0xc2206502,0xc2206502,HENHMETAFILE_UserUnmarshal
0xcbcdb4ac,0xcbcdb4ac,HENHMETAFILE_UserUnmarshal64
0xc4449b88,0xc4449b88,HGLOBAL_UserFree
0xe7d9a4b2,0xe7d9a4b2,HGLOBAL_UserFree64
0xd731f84e,0xd731f84e,HGLOBAL_UserMarshal
0x6b914af8,0x6b914af8,HGLOBAL_UserMarshal64
0xc44b98e1,0xc44b98e1,HGLOBAL_UserSize
0x5955c4b,0x05955c4b,HGLOBAL_UserSize64
0x64ab5ff1,0x64ab5ff1,HGLOBAL_UserUnmarshal
0x3d03275b,0x3d03275b,HGLOBAL_UserUnmarshal64
0x833ef5a0,0x833ef5a0,HICON_UserFree
0x4ed2e4ca,0x4ed2e4ca,HICON_UserFree64
0x1d533b66,0x1d533b66,HICON_UserMarshal
0xbf0fb410,0xbf0fb410,HICON_UserMarshal64
0x8345f2f9,0x8345f2f9,HICON_UserSize
0x6c8e9c63,0x6c8e9c63,HICON_UserSize64
0xb829c909,0xb829c909,HICON_UserUnmarshal
0x69c03673,0x69c03673,HICON_UserUnmarshal64
0xb98f190c,0xb98f190c,HMENU_UserFree
0x59b99336,0x59b99336,HMENU_UserFree64
0x850fb752,0x850fb752,HMENU_UserMarshal
0x7dadafc,0x07dadafc,HMENU_UserMarshal64
0xb9961665,0xb9961665,HMENU_UserSize
0x77754acf,0x77754acf,HMENU_UserSize64
0xf4eff5,0x00f4eff5,HMENU_UserUnmarshal
0x11f0c85f,0x11f0c85f,HMENU_UserUnmarshal64
0x55cfdeee,0x55cfdeee,HMETAFILEPICT_UserFree
0x9435998,0x09435998,HMETAFILEPICT_UserFree64
0x25d249f4,0x25d249f4,HMETAFILEPICT_UserMarshal
0xe38c9e1e,0xe38c9e1e,HMETAFILEPICT_UserMarshal64
0x55d6dc47,0x55d6dc47,HMETAFILEPICT_UserSize
0x26ff1131,0x26ff1131,HMETAFILEPICT_UserSize64
0xdca6b317,0xdca6b317,HMETAFILEPICT_UserUnmarshal
0xa11fdc01,0xa11fdc01,HMETAFILEPICT_UserUnmarshal64
0x837fa81e,0x837fa81e,HMETAFILE_UserFree
0x620a2ec8,0x620a2ec8,HMETAFILE_UserFree64
0x9773c524,0x9773c524,HMETAFILE_UserMarshal
0x4379a54e,0x4379a54e,HMETAFILE_UserMarshal64
0x8386a577,0x8386a577,HMETAFILE_UserSize
0x7fc5e661,0x7fc5e661,HMETAFILE_UserSize64
0x3c93ba47,0x3c93ba47,HMETAFILE_UserUnmarshal
0xb06b6f31,0xb06b6f31,HMETAFILE_UserUnmarshal64
0x6568f87f,0x6568f87f,HMONITOR_UserFree
0x63891b69,0x63891b69,HMONITOR_UserFree64
0xc8d045e5,0xc8d045e5,HMONITOR_UserMarshal
0x3df95a4f,0x3df95a4f,HMONITOR_UserMarshal64
0x656ff5d8,0x656ff5d8,HMONITOR_UserSize
0x8144d302,0x8144d302,HMONITOR_UserSize64
0x37136f48,0x37136f48,HMONITOR_UserUnmarshal
0x49ac6872,0x49ac6872,HMONITOR_UserUnmarshal64
0x4e69fbe6,0x4e69fbe6,HPALETTE_UserFree
0x90d89490,0x90d89490,HPALETTE_UserFree64
0xabeb6f97,0xabeb6f97,HPALETTE_UserFreeExt
0xa00ee3ec,0xa00ee3ec,HPALETTE_UserMarshal
0xdf579616,0xdf579616,HPALETTE_UserMarshal64
0xca4aa1dd,0xca4aa1dd,HPALETTE_UserMarshalExt
0x4e70f93f,0x4e70f93f,HPALETTE_UserSize
0xae944c29,0xae944c29,HPALETTE_UserSize64
0x811e1a50,0x811e1a50,HPALETTE_UserSizeExt
0xd871ab0f,0xd871ab0f,HPALETTE_UserUnmarshal
0xbb88b1f9,0xbb88b1f9,HPALETTE_UserUnmarshal64
0x2c9f3a20,0x2c9f3a20,HPALETTE_UserUnmarshalExt
0x6b6e339e,0x6b6e339e,HRGN_UserFree
0xed20a0a4,0xed20a0a4,HRGN_UserMarshal
0x6b7530f7,0x6b7530f7,HRGN_UserSize
0xb0e575c7,0xb0e575c7,HRGN_UserUnmarshal
0xfdb3f027,0xfdb3f027,HTTPSCertificateTrust
0x506dccd3,0x506dccd3,HTTPSFinalProv
0xdd4e5000,0xdd4e5000,HWND_UserFree
0x6a22572a,0x6a22572a,HWND_UserFree64
0xfeaf345b,0xfeaf345b,HWND_UserFree64Ext
0xae6d8571,0xae6d8571,HWND_UserFreeExt
0xa290f9c6,0xa290f9c6,HWND_UserMarshal
0x8ab68a70,0x8ab68a70,HWND_UserMarshal64
0x62e0e9e1,0x62e0e9e1,HWND_UserMarshal64Ext
0xe1882177,0xe1882177,HWND_UserMarshalExt
0xdd554d59,0xdd554d59,HWND_UserSize
0x87de0ec3,0x87de0ec3,HWND_UserSize64
0xeb377154,0xeb377154,HWND_UserSize64Ext
0x83a0302a,0x83a0302a,HWND_UserSizeExt
0x83d09f69,0x83d09f69,HWND_UserUnmarshal
0xba7624d3,0xba7624d3,HWND_UserUnmarshal64
0x42e88d64,0x42e88d64,HWND_UserUnmarshal64Ext
0x93b083a,0x093b083a,HWND_UserUnmarshalExt
0xb4a06c0d,0xb4a06c0d,HashData
0xdfde781a,0xdfde781a,Heap32First
0x23662156,0x23662156,Heap32ListFirst
0x8d8df6d,0x08d8df6d,Heap32ListNext
0xd07f6db1,0xd07f6db1,Heap32Next
0xa295df78,0xa295df78,HeapAlloc
0x40923a74,0x40923a74,HeapCompact
0xfa64a321,0xfa64a321,HeapCreate
0x76a7ef57,0x76a7ef57,HeapDestroy
0xbf1ea6ef,0xbf1ea6ef,HeapFree
0xbf21e436,0xbf21e436,HeapLock
0x9be37a29,0x9be37a29,HeapQueryInformation
0xa8c9fc0f,0xa8c9fc0f,HeapReAlloc
0x81ba31bf,0x81ba31bf,HeapSetInformation
0xbf25a448,0xbf25a448,HeapSize
0x1e33571b,0x1e33571b,HeapSummary
0x241d2c79,0x241d2c79,HeapUnlock
0xa33acbf7,0xa33acbf7,HeapValidate
0xbf27b1fc,0xbf27b1fc,HeapWalk
0x21016b78,0x21016b78,HideCaret
0xa3791f12,0xa3791f12,HiliteMenuItem
0x2b04c47e,0x2b04c47e,HkOleRegisterObject
0x81430a48,0x81430a48,HrFromLastErrorDbg
0x644f13de,0x644f13de,HttpAddRequestHeadersA
0x644f13f4,0x644f13f4,HttpAddRequestHeadersW
0x6da3a643,0x6da3a643,HttpCheckDavCompliance
0x780dddd0,0x780dddd0,HttpCloseDependencyHandle
0xb11e4715,0xb11e4715,HttpDuplicateDependencyHandle
0x4b97f670,0x4b97f670,HttpEndRequestA
0x4b97f686,0x4b97f686,HttpEndRequestW
0x99d3e0b4,0x99d3e0b4,HttpGetServerCredentials
0xe99cff0e,0xe99cff0e,HttpGetTunnelSocket
0xaee0dca6,0xaee0dca6,HttpIndicatePageLoadComplete
0x5cbd69b6,0x5cbd69b6,HttpIsHostHstsEnabled
0xeb711dac,0xeb711dac,HttpOpenDependencyHandle
0x47a0570b,0x47a0570b,HttpOpenRequestA
0x47a05721,0x47a05721,HttpOpenRequestW
0x9f258005,0x9f258005,HttpPushClose
0x889c0e96,0x889c0e96,HttpPushEnable
0x4aaed3a4,0x4aaed3a4,HttpPushWait
0x19894332,0x19894332,HttpQueryInfoA
0x19894348,0x19894348,HttpQueryInfoW
0xe7f4b2e3,0xe7f4b2e3,HttpSendRequestA
0xb7ed1860,0xb7ed1860,HttpSendRequestExA
0xb7ed1876,0xb7ed1876,HttpSendRequestExW
0xe7f4b2f9,0xe7f4b2f9,HttpSendRequestW
0xd0fd72cc,0xd0fd72cc,HttpWebSocketClose
0xd7ed4717,0xd7ed4717,HttpWebSocketCompleteUpgrade
0x7dee4226,0x7dee4226,HttpWebSocketQueryCloseStatus
0x779a15f9,0x779a15f9,HttpWebSocketReceive
0x65de9a0,0x065de9a0,HttpWebSocketSend
0x6916d232,0x6916d232,HttpWebSocketShutdown
0x6aa907ea,0x6aa907ea,HungWindowFromGhostWindow
0xd2c97291,0xd2c97291,ICClose
0xeb12ae47,0xeb12ae47,ICCompress
0x1c40bcc9,0x1c40bcc9,ICCompressorChoose
0xea67e3aa,0xea67e3aa,ICCompressorFree
0xdf357f50,0xdf357f50,ICDecompress
0xb10e80c9,0xb10e80c9,ICDraw
0xf7dede0e,0xf7dede0e,ICDrawBegin
0x7471977a,0x7471977a,ICGetDisplayFormat
0xcec8d7e7,0xcec8d7e7,ICGetInfo
0xbe5ca68a,0xbe5ca68a,ICImageCompress
0xacde9453,0xacde9453,ICImageDecompress
0xb1112e47,0xb1112e47,ICInfo
0x7dc10452,0x7dc10452,ICInstall
0x41259d13,0x41259d13,ICLocate
0xfbef2597,0xfbef2597,ICMThunk32
0xb11480ed,0xb11480ed,ICOpen
0x64ff7013,0x64ff7013,ICOpenFunction
0x4e755369,0x4e755369,ICRemove
0xb801de8a,0xb801de8a,ICSendMessage
0xf7e2b7b,0x0f7e2b7b,ICSeqCompressFrame
0xde96f1b2,0xde96f1b2,ICSeqCompressFrameEnd
0xe11ac9e9,0xe11ac9e9,ICSeqCompressFrameStart
0xfe223290,0xfe223290,IIDFromString
0x791cc73b,0x791cc73b,IID_IAccessible
0xd1e7a859,0xd1e7a859,IID_IAccessibleHandler
0x7e1f6b49,0x7e1f6b49,ILAppendID
0xe7c7df95,0xe7c7df95,ILClone
0x6b4a1ffd,0x6b4a1ffd,ILCloneFirst
0x12ecc1,0x0012ecc1,ILCombine
0x713186f9,0x713186f9,ILCreateFromPath
0x9762665a,0x9762665a,ILCreateFromPathA
0x97626670,0x97626670,ILCreateFromPathW
0x735d36a9,0x735d36a9,ILFindChild
0xf3896886,0xf3896886,ILFindLastID
0xb1b27686,0xb1b27686,ILFree
0x1d1bedc3,0x1d1bedc3,ILGetNext
0x1d1ebcdf,0x1d1ebcdf,ILGetSize
0xd47992b8,0xd47992b8,ILIsEqual
0x7c318d2a,0x7c318d2a,ILIsParent
0xf542bc81,0xf542bc81,ILLoadFromStreamEx
0xc9463313,0xc9463313,ILRemoveLastID
0x2efcaa42,0x2efcaa42,ILSaveToStream
0x5db59ed1,0x5db59ed1,IMPGetIMEA
0x5db59ee7,0x5db59ee7,IMPGetIMEW
0xd2aae587,0xd2aae587,IMPQueryIMEA
0xd2aae59d,0xd2aae59d,IMPQueryIMEW
0xf97077dd,0xf97077dd,IMPSetIMEA
0xf97077f3,0xf97077f3,IMPSetIMEW
0x82d4e19e,0x82d4e19e,IStream_Copy
0x82dceebf,0x82dceebf,IStream_Read
0x7151e088,0x7151e088,IStream_ReadPidl
0x68485ad8,0x68485ad8,IStream_ReadStr
0xde7b13c6,0xde7b13c6,IStream_Reset
0x82dd8f5e,0x82dd8f5e,IStream_Size
0xdedc868e,0xdedc868e,IStream_Write
0x6fe6c7d7,0x6fe6c7d7,IStream_WritePidl
0xb261447,0x0b261447,IStream_WriteStr
0xba9ab14e,0xba9ab14e,IUnknown_AddRef_Proxy
0x9a40dd25,0x9a40dd25,IUnknown_AtomicRelease
0x2c971e9c,0x2c971e9c,IUnknown_GetSite
0xb82a985f,0xb82a985f,IUnknown_GetWindow
0x9d1f772f,0x9d1f772f,IUnknown_QueryInterface_Proxy
0x78bab4e,0x078bab4e,IUnknown_QueryService
0x17bd60e9,0x17bd60e9,IUnknown_Release_Proxy
0xe25984b3,0xe25984b3,IUnknown_Set
0xc851f7a8,0xc851f7a8,IUnknown_SetSite
0x91dfa2f5,0x91dfa2f5,I_CertUpdateStore
0x8622147,0x08622147,I_CryptAllocTls
0xd7c01a04,0xd7c01a04,I_CryptCreateLruCache
0xd7ebb5a2,0xd7ebb5a2,I_CryptCreateLruEntry
0x43830945,0x43830945,I_CryptDetachTls
0xc5bba4f,0x0c5bba4f,I_CryptFindLruEntry
0xed653f89,0xed653f89,I_CryptFindLruEntryData
0x3e9f7232,0x3e9f7232,I_CryptFlushLruCache
0xc8fd4d2,0x0c8fd4d2,I_CryptFreeLruCache
0x67d515de,0x67d515de,I_CryptFreeTls
0x20fe9652,0x20fe9652,I_CryptGetAsn1Decoder
0x82f740bc,0x82f740bc,I_CryptGetAsn1Encoder
0x89a5cfc7,0x89a5cfc7,I_CryptGetDefaultCryptProv
0xd6f8d313,0xd6f8d313,I_CryptGetDefaultCryptProvForEncrypt
0x945cbbaf,0x945cbbaf,I_CryptGetOssGlobal
0x78f4729c,0x78f4729c,I_CryptGetTls
0x8be85683,0x8be85683,I_CryptInsertLruEntry
0xde7ade59,0xde7ade59,I_CryptInstallAsn1Module
0x9810b7a6,0x9810b7a6,I_CryptInstallOssGlobal
0xfa74248,0x0fa74248,I_CryptReadTrustedPublisherDWORDValueFromRegistry
0x7ae947cf,0x7ae947cf,I_CryptReleaseLruEntry
0x94f25a28,0x94f25a28,I_CryptSetTls
0x1874d27c,0x1874d27c,I_CryptUninstallAsn1Module
0x3cbb3369,0x3cbb3369,I_CryptUninstallOssGlobal
0x41a513ef,0x41a513ef,I_QueryTagInformation
0xcdaef7e1,0xcdaef7e1,I_RpcAllocate
0xfb30c9ee,0xfb30c9ee,I_RpcAsyncAbortCall
0xe608f72,0x0e608f72,I_RpcAsyncSetHandle
0xed461d7,0x0ed461d7,I_RpcBCacheAllocate
0x9ab325d4,0x9ab325d4,I_RpcBCacheFree
0xc57136d2,0xc57136d2,I_RpcBindingCopy
0xc1c94f09,0xc1c94f09,I_RpcBindingCreateNP
0x9b49c790,0x9b49c790,I_RpcBindingHandleToAsyncHandle
0x110def25,0x110def25,I_RpcBindingInqDynamicEndpoint
0x32cbd406,0x32cbd406,I_RpcBindingInqDynamicEndpointA
0x32cbd41c,0x32cbd41c,I_RpcBindingInqDynamicEndpointW
0x5d4ea7e6,0x5d4ea7e6,I_RpcBindingInqLocalClientPID
0xa2c712cf,0xa2c712cf,I_RpcBindingInqMarshalledTargetInfo
0xeb18109c,0xeb18109c,I_RpcBindingInqSecurityContext
0x17241b51,0x17241b51,I_RpcBindingInqSecurityContextKeyInfo
0x3bf1816e,0x3bf1816e,I_RpcBindingInqTransportType
0x4fa450e6,0x4fa450e6,I_RpcBindingInqWireIdForSnego
0x1ec926fd,0x1ec926fd,I_RpcBindingIsClientLocal
0x67932b15,0x67932b15,I_RpcBindingIsServerLocal
0x715a5cb,0x0715a5cb,I_RpcBindingToStaticStringBindingW
0x7379c2b6,0x7379c2b6,I_RpcClearMutex
0xd4988d4a,0xd4988d4a,I_RpcCompleteAndFree
0xfb508002,0xfb508002,I_RpcDeleteMutex
0x321be6bf,0x321be6bf,I_RpcEnableWmiTrace
0xb2a68731,0xb2a68731,I_RpcExceptionFilter
0x4ef52497,0x4ef52497,I_RpcFilterDCOMActivation
0x6251cbaf,0x6251cbaf,I_RpcFixTransferSyntax
0xd3046de,0x0d3046de,I_RpcFree
0x140cfd8,0x0140cfd8,I_RpcFreeBuffer
0xb1771d26,0xb1771d26,I_RpcFreePipeBuffer
0x3a4cc269,0x3a4cc269,I_RpcFwThisIsTheManager
0xc8cdc576,0xc8cdc576,I_RpcGetBuffer
0xf6d32709,0xf6d32709,I_RpcGetBufferWithObject
0x176f1327,0x176f1327,I_RpcGetCurrentCallHandle
0x113a0f37,0x113a0f37,I_RpcGetExtendedError
0xd8161501,0xd8161501,I_RpcGetPortAllocationData
0xb3fca8b7,0xb3fca8b7,I_RpcIfInqTransferSyntaxes
0xfc2bc01e,0xfc2bc01e,I_RpcInitHttpImports
0xccda7f00,0xccda7f00,I_RpcLogEvent
0xbcbcfb1,0x0bcbcfb1,I_RpcMapWin32Status
0x350dfb8e,0x350dfb8e,I_RpcMarshalBindingHandleAndInterfaceForNDF
0x61cbd92d,0x61cbd92d,I_RpcNDRCGetWireRepresentation
0xa142667f,0xa142667f,I_RpcNDRSContextEmergencyCleanup
0xf1d9d568,0xf1d9d568,I_RpcNegotiateTransferSyntax
0xe167cff7,0xe167cff7,I_RpcNsBindingSetEntryName
0xe61cf18,0x0e61cf18,I_RpcNsBindingSetEntryNameA
0xe61cf2e,0x0e61cf2e,I_RpcNsBindingSetEntryNameW
0x8c485a79,0x8c485a79,I_RpcNsInterfaceExported
0xfc90287c,0xfc90287c,I_RpcNsInterfaceUnexported
0x65de6ac,0x065de6ac,I_RpcOpenClientProcess
0xfc7dfd4f,0xfc7dfd4f,I_RpcParseSecurity
0xb9601e2e,0xb9601e2e,I_RpcPauseExecution
0xf2954806,0xf2954806,I_RpcReallocPipeBuffer
0xe351a83f,0xe351a83f,I_RpcReceive
0x88d267f7,0x88d267f7,I_RpcRecordCalloutFailure
0x24a58138,0x24a58138,I_RpcRequestMutex
0xd93373a1,0xd93373a1,I_RpcSNCHOption
0xd3731a6,0x0d3731a6,I_RpcSend
0x90bf42a9,0x90bf42a9,I_RpcSendReceive
0xeea40f96,0xeea40f96,I_RpcServerAllocateIpPort
0x520d1366,0x520d1366,I_RpcServerCheckClientRestriction
0xc3e4f5db,0xc3e4f5db,I_RpcServerInqAddressChangeFn
0xf311a15a,0xf311a15a,I_RpcServerInqLocalConnAddress
0xfe66d6fb,0xfe66d6fb,I_RpcServerInqRemoteConnAddress
0xbed1794a,0xbed1794a,I_RpcServerInqTransportType
0x86fc15c1,0x86fc15c1,I_RpcServerIsClientDisconnected
0x86760f13,0x86760f13,I_RpcServerRegisterForwardFunction
0xbb8cabf,0x0bb8cabf,I_RpcServerSetAddressChangeFn
0xfd82b512,0xfd82b512,I_RpcServerStartService
0x867785d,0x0867785d,I_RpcServerTurnOnOffKeepalives
0x27913b61,0x27913b61,I_RpcServerUseProtseq2A
0x27913b77,0x27913b77,I_RpcServerUseProtseq2W
0x50d8d176,0x50d8d176,I_RpcServerUseProtseqEp2A
0x50d8d18c,0x50d8d18c,I_RpcServerUseProtseqEp2W
0xae40486a,0xae40486a,I_RpcSessionStrictContextHandle
0x8622f699,0x8622f699,I_RpcSetDCOMAppId
0xd46f0ea4,0xd46f0ea4,I_RpcSsDontSerializeContext
0xdf7420f8,0xdf7420f8,I_RpcSystemFunction001
0x72ccccb1,0x72ccccb1,I_RpcTransConnectionAllocatePacket
0x2b30096e,0x2b30096e,I_RpcTransConnectionFreePacket
0x4f36694e,0x4f36694e,I_RpcTransConnectionReallocPacket
0x526c9aca,0x526c9aca,I_RpcTransDatagramAllocate
0x9ffff43c,0x9ffff43c,I_RpcTransDatagramAllocate2
0xe526dd47,0xe526dd47,I_RpcTransDatagramFree
0x5007ca7e,0x5007ca7e,I_RpcTransGetThreadEvent
0xd854c89c,0xd854c89c,I_RpcTransGetThreadEventThreadOptional
0x77225ef7,0x77225ef7,I_RpcTransIoCancelled
0x215ea215,0x215ea215,I_RpcTransServerNewConnection
0xec5cb5c,0x0ec5cb5c,I_RpcTurnOnEEInfoPropagation
0x5b171f7f,0x5b171f7f,I_RpcVerifierCorruptionExpected
0xa6fdc9f5,0xa6fdc9f5,I_ScGetCurrentGroupStateW
0x9548fd80,0x9548fd80,I_ScIsSecurityProcess
0x6b31842d,0x6b31842d,I_ScPnPGetServiceName
0xb6adbbea,0xb6adbbea,I_ScQueryServiceConfig
0x515e0bea,0x515e0bea,I_ScSendPnPMessage
0xbf62a343,0xbf62a343,I_ScSendTSMessage
0x7d92f9bd,0x7d92f9bd,I_ScSetServiceBitsA
0x7d92f9d3,0x7d92f9d3,I_ScSetServiceBitsW
0x196eb0d6,0x196eb0d6,I_ScValidatePnPService
0xdac2bb62,0xdac2bb62,I_UuidCreate
0xba909541,0xba909541,IdentifyCodeAuthzLevelW
0x811fecf6,0x811fecf6,IdnToAscii
0x2387b1ec,0x2387b1ec,IdnToNameprepUnicode
0x411b65f4,0x411b65f4,IdnToUnicode
0x296c216,0x0296c216,ImageDirectoryEntryToData
0x34fa8f3,0x034fa8f3,ImageDirectoryEntryToDataEx
0x6097c476,0x6097c476,ImageList_Add
0xb75acaff,0xb75acaff,ImageList_AddIcon
0x26c2a6b,0x026c2a6b,ImageList_AddMasked
0x8c3b2e30,0x8c3b2e30,ImageList_BeginDrag
0x73919cc8,0x73919cc8,ImageList_Copy
0x9e9bd961,0x9e9bd961,ImageList_Create
0xa1c5ed97,0xa1c5ed97,ImageList_Destroy
0x9f354629,0x9f354629,ImageList_DragEnter
0x9faeb398,0x9faeb398,ImageList_DragLeave
0x983c5262,0x983c5262,ImageList_DragMove
0xf28f652,0x0f28f652,ImageList_DragShowNolock
0x739233fb,0x739233fb,ImageList_Draw
0xa0ef2818,0xa0ef2818,ImageList_DrawEx
0x4953f7ed,0x4953f7ed,ImageList_DrawIndirect
0xf4d33a48,0xf4d33a48,ImageList_Duplicate
0x294d462,0x0294d462,ImageList_EndDrag
0x65fb5099,0x65fb5099,ImageList_GetBkColor
0x2106bb8e,0x2106bb8e,ImageList_GetDragImage
0x9e5a58da,0x9e5a58da,ImageList_GetFlags
0x88aee836,0x88aee836,ImageList_GetIcon
0x99e36571,0x99e36571,ImageList_GetIconSize
0x4e0524d9,0x4e0524d9,ImageList_GetImageCount
0xcc12efdc,0xcc12efdc,ImageList_GetImageInfo
0xcc17b89e,0xcc17b89e,ImageList_GetImageRect
0x779b5ab0,0x779b5ab0,ImageList_LoadImage
0x6b06b0f1,0x6b06b0f1,ImageList_LoadImageA
0x6b06b107,0x6b06b107,ImageList_LoadImageW
0xe674b59d,0xe674b59d,ImageList_Merge
0x7399a9e9,0x7399a9e9,ImageList_Read
0xc0b29b1b,0xc0b29b1b,ImageList_Remove
0xd73a49a9,0xd73a49a9,ImageList_Replace
0x1952b1b2,0x1952b1b2,ImageList_ReplaceIcon
0x967a1e25,0x967a1e25,ImageList_SetBkColor
0xd458f058,0xd458f058,ImageList_SetDragCursorImage
0xdf4ab4bf,0xdf4ab4bf,ImageList_SetFilter
0xb1705366,0xb1705366,ImageList_SetFlags
0xda3be47d,0xda3be47d,ImageList_SetIconSize
0x67996e5,0x067996e5,ImageList_SetImageCount
0x20b149e,0x020b149e,ImageList_SetOverlayImage
0xe730a6f8,0xe730a6f8,ImageList_Write
0x228075bd,0x228075bd,ImageNtHeader
0xfa882cb3,0xfa882cb3,ImageRvaToSection
0x52a00815,0x52a00815,ImageRvaToVa
0xfbe377d6,0xfbe377d6,ImagehlpApiVersion
0x82a0ceb3,0x82a0ceb3,ImagehlpApiVersionEx
0xfdd6a5a1,0xfdd6a5a1,ImmActivateLayout
0xa8934313,0xa8934313,ImmAssociateContext
0x1a705d30,0x1a705d30,ImmAssociateContextEx
0x4de7bc10,0x4de7bc10,ImmConfigureIMEA
0x4de7bc26,0x4de7bc26,ImmConfigureIMEW
0x35fb56ab,0x35fb56ab,ImmCreateContext
0xa59b5342,0xa59b5342,ImmCreateIMCC
0xa1d81bb3,0xa1d81bb3,ImmCreateSoftKeyboard
0xdd9bb6c1,0xdd9bb6c1,ImmDestroyContext
0x124bbb18,0x124bbb18,ImmDestroyIMCC
0x3005f989,0x3005f989,ImmDestroySoftKeyboard
0x5370aac1,0x5370aac1,ImmDisableIME
0x5370af01,0x5370af01,ImmDisableIme
0x2d4cab6,0x02d4cab6,ImmDisableLegacyIME
0x5acd8be7,0x5acd8be7,ImmDisableTextFrameService
0xabd38f9c,0xabd38f9c,ImmEnumInputContext
0x20f18e49,0x20f18e49,ImmEnumRegisterWordA
0x20f18e5f,0x20f18e5f,ImmEnumRegisterWordW
0x3646bd44,0x3646bd44,ImmEscapeA
0x3646bd5a,0x3646bd5a,ImmEscapeW
0x882827f2,0x882827f2,ImmFreeLayout
0xa3420362,0xa3420362,ImmGenerateMessage
0x535e944c,0x535e944c,ImmGetCandidateListA
0x17a82075,0x17a82075,ImmGetCandidateListCountA
0x17a8208b,0x17a8208b,ImmGetCandidateListCountW
0x535e9462,0x535e9462,ImmGetCandidateListW
0xd8d6e127,0xd8d6e127,ImmGetCandidateWindow
0x669f977e,0x669f977e,ImmGetCompositionFontA
0x669f9794,0x669f9794,ImmGetCompositionFontW
0x59421add,0x59421add,ImmGetCompositionString
0x818576be,0x818576be,ImmGetCompositionStringA
0x818576d4,0x818576d4,ImmGetCompositionStringW
0x61cd693e,0x61cd693e,ImmGetCompositionWindow
0x930d4817,0x930d4817,ImmGetContext
0xe9e141b5,0xe9e141b5,ImmGetConversionListA
0xe9e141cb,0xe9e141cb,ImmGetConversionListW
0x371aca9c,0x371aca9c,ImmGetConversionStatus
0x720129b,0x0720129b,ImmGetDefaultIMEWnd
0x7b4ebe57,0x7b4ebe57,ImmGetDescriptionA
0x7b4ebe6d,0x7b4ebe6d,ImmGetDescriptionW
0x567c7da9,0x567c7da9,ImmGetGuideLineA
0x567c7dbf,0x567c7dbf,ImmGetGuideLineW
0xc28dc646,0xc28dc646,ImmGetHotKey
0x972c0be0,0x972c0be0,ImmGetIMCCLockCount
0xdd369569,0xdd369569,ImmGetIMCCSize
0x147532dd,0x147532dd,ImmGetIMCLockCount
0x7fa11daf,0x7fa11daf,ImmGetIMEFileNameA
0x7fa11dc5,0x7fa11dc5,ImmGetIMEFileNameW
0x5565a216,0x5565a216,ImmGetImeInfoEx
0x25f09da5,0x25f09da5,ImmGetImeMenuItemsA
0x25f09dbb,0x25f09dbb,ImmGetImeMenuItemsW
0x59f48f48,0x59f48f48,ImmGetOpenStatus
0xdd097e37,0xdd097e37,ImmGetProperty
0x9e0ea8a5,0x9e0ea8a5,ImmGetRegisterWordStyleA
0x9e0ea8bb,0x9e0ea8bb,ImmGetRegisterWordStyleW
0x174b2f40,0x174b2f40,ImmGetStatusWindowPos
0x620997a2,0x620997a2,ImmGetVirtualKey
0x931fd134,0x931fd134,ImmIMPGetIMEA
0x931fd14a,0x931fd14a,ImmIMPGetIMEW
0xb6b3caa,0x0b6b3caa,ImmIMPQueryIMEA
0xb6b3cc0,0x0b6b3cc0,ImmIMPQueryIMEW
0x2edaaa40,0x2edaaa40,ImmIMPSetIMEA
0x2edaaa56,0x2edaaa56,ImmIMPSetIMEW
0xacf19e85,0xacf19e85,ImmInstallIMEA
0xacf19e9b,0xacf19e9b,ImmInstallIMEW
0x2c868929,0x2c868929,ImmIsIME
0x5f2c6032,0x5f2c6032,ImmIsUIMessageA
0x5f2c6048,0x5f2c6048,ImmIsUIMessageW
0x47a68f2d,0x47a68f2d,ImmLoadIME
0x44f0ab70,0x44f0ab70,ImmLoadLayout
0xaf4fb93,0x0af4fb93,ImmLockClientImc
0x47ce96d4,0x47ce96d4,ImmLockIMC
0x41a17197,0x41a17197,ImmLockIMCC
0x3219fb73,0x3219fb73,ImmLockImeDpi
0x78e14066,0x78e14066,ImmNotifyIME
0xf3b60d93,0xf3b60d93,ImmPenAuxInput
0x8cc275da,0x8cc275da,ImmProcessKey
0xde27e18e,0xde27e18e,ImmPutImeMenuItemsIntoMappedFile
0xd117f920,0xd117f920,ImmReSizeIMCC
0xa532c916,0xa532c916,ImmRegisterClient
0x2d36f194,0x2d36f194,ImmRegisterWordA
0x2d36f1aa,0x2d36f1aa,ImmRegisterWordW
0xc223058,0x0c223058,ImmReleaseContext
0x5997dd61,0x5997dd61,ImmRequestMessageA
0x5997dd77,0x5997dd77,ImmRequestMessageW
0x6a3a71fa,0x6a3a71fa,ImmSendIMEMessageExA
0x6a3a7210,0x6a3a7210,ImmSendIMEMessageExW
0x4ffc6b4a,0x4ffc6b4a,ImmSendMessageToActiveDefImeWndW
0x52dda59f,0x52dda59f,ImmSetActiveContext
0x94b7ce0d,0x94b7ce0d,ImmSetActiveContextConsoleIME
0x1e07ab3,0x01e07ab3,ImmSetCandidateWindow
0xb0dc628a,0xb0dc628a,ImmSetCompositionFontA
0xb0dc62a0,0xb0dc62a0,ImmSetCompositionFontW
0x4e2134ca,0x4e2134ca,ImmSetCompositionStringA
0x4e2134e0,0x4e2134e0,ImmSetCompositionStringW
0xf3a395ca,0xf3a395ca,ImmSetCompositionWindow
0x815795a8,0x815795a8,ImmSetConversionStatus
0x12690154,0x12690154,ImmSetOpenStatus
0x4054c8cc,0x4054c8cc,ImmSetStatusWindowPos
0x8464ed80,0x8464ed80,ImmShowSoftKeyboard
0xbd818d8a,0xbd818d8a,ImmSimulateHotKey
0x9647f95,0x09647f95,ImmSystemHandler
0xfd732825,0xfd732825,ImmTranslateMessage
0xde2a2c76,0xde2a2c76,ImmUnlockClientImc
0x61f59977,0x61f59977,ImmUnlockIMC
0xa0a8c89a,0xa0a8c89a,ImmUnlockIMCC
0x70531f36,0x70531f36,ImmUnlockImeDpi
0x6c2277,0x006c2277,ImmUnregisterWordA
0x6c228d,0x006c228d,ImmUnregisterWordW
0xee1b660f,0xee1b660f,ImmWINNLSEnableIME
0xf6ff6d98,0xf6ff6d98,ImmWINNLSGetEnableStatus
0x97654b1c,0x97654b1c,ImmWINNLSGetIMEHotkey
0xab21c860,0xab21c860,ImpersonateAnonymousToken
0xd11ddf1a,0xd11ddf1a,ImpersonateDdeClientWindow
0xea9dbf44,0xea9dbf44,ImpersonateLoggedOnUser
0xe4dc9a08,0xe4dc9a08,ImpersonateNamedPipeClient
0x2516ad93,0x2516ad93,ImpersonateSecurityContext
0x282460e0,0x282460e0,ImpersonateSelf
0xe4c8cdc8,0xe4c8cdc8,ImportSecurityContextA
0xe4c8cdde,0xe4c8cdde,ImportSecurityContextW
0xf0e28dd5,0xf0e28dd5,InSendMessage
0xb3bd6072,0xb3bd6072,InSendMessageEx
0x6ec9399e,0x6ec9399e,IncrementUrlCacheHeaderData
0x69ce1000,0x69ce1000,InetNtop
0x69cf28c0,0x69cf28c0,InetPton
0x9010aec0,0x9010aec0,InflateRect
0x3760985c,0x3760985c,InitAtomTable
0x1dd42438,0x1dd42438,InitCRLCache
0x81afa740,0x81afa740,InitCommonControls
0xac36809d,0xac36809d,InitCommonControlsEx
0x9d6b60d2,0x9d6b60d2,InitMUILanguage
0xaaf748d4,0xaaf748d4,InitNetworkAddressControl
0xd10127df,0xd10127df,InitOnceBeginInitialize
0x26f37541,0x26f37541,InitOnceComplete
0x48ec0c40,0x48ec0c40,InitOnceExecuteOnce
0xd0fe40fa,0xd0fe40fa,InitOnceInitialize
0x18f1d620,0x18f1d620,InitPropVariantFromBooleanVector
0xe23d4f87,0xe23d4f87,InitPropVariantFromBuffer
0xef9088bc,0xef9088bc,InitPropVariantFromCLSID
0xb62923fb,0xb62923fb,InitPropVariantFromDoubleVector
0x89ff38bc,0x89ff38bc,InitPropVariantFromFileTime
0xe2456c6f,0xe2456c6f,InitPropVariantFromFileTimeVector
0xe5eb34e1,0xe5eb34e1,InitPropVariantFromGUIDAsString
0xf5558bd2,0xf5558bd2,InitPropVariantFromInt16Vector
0x99f04290,0x99f04290,InitPropVariantFromInt32Vector
0xf8aa3ab5,0xf8aa3ab5,InitPropVariantFromInt64Vector
0xcb328159,0xcb328159,InitPropVariantFromPropVariantVectorElem
0x7a478f35,0x7a478f35,InitPropVariantFromResource
0x9d92931,0x09d92931,InitPropVariantFromStrRet
0xa33d5eab,0xa33d5eab,InitPropVariantFromStringAsVector
0xc4faadd7,0xc4faadd7,InitPropVariantFromStringVector
0xa9e832a7,0xa9e832a7,InitPropVariantFromUInt16Vector
0x4e82e965,0x4e82e965,InitPropVariantFromUInt32Vector
0xad3ce18a,0xad3ce18a,InitPropVariantFromUInt64Vector
0x53acb76,0x053acb76,InitPropVariantVectorFromPropVariant
0xa5683ccd,0xa5683ccd,InitSecurityInterfaceA
0xa5683ce3,0xa5683ce3,InitSecurityInterfaceW
0x7c31f14b,0x7c31f14b,InitVariantFromBooleanArray
0x86f301e6,0x86f301e6,InitVariantFromBuffer
0x5a98b7e6,0x5a98b7e6,InitVariantFromDoubleArray
0x32eafedb,0x32eafedb,InitVariantFromFileTime
0x172c2d9a,0x172c2d9a,InitVariantFromFileTimeArray
0xd7af280,0x0d7af280,InitVariantFromGUIDAsString
0x62a2c4fd,0x62a2c4fd,InitVariantFromInt16Array
0xf3429bfb,0xf3429bfb,InitVariantFromInt32Array
0xdedba380,0xdedba380,InitVariantFromInt64Array
0x23335554,0x23335554,InitVariantFromResource
0xae8edb90,0xae8edb90,InitVariantFromStrRet
0xf6327642,0xf6327642,InitVariantFromStringArray
0xde1aa112,0xde1aa112,InitVariantFromUInt16Array
0x6eba7810,0x6eba7810,InitVariantFromUInt32Array
0x5a537f95,0x5a537f95,InitVariantFromUInt64Array
0x1f40f8c3,0x1f40f8c3,InitVariantFromVariantArrayElem
0xf45d6231,0xf45d6231,InitializeAcl
0xd5c4d40e,0xd5c4d40e,InitializeCdmModule_4
0x6776636e,0x6776636e,InitializeConditionVariable
0x820cfe46,0x820cfe46,InitializeContext
0xf4315821,0xf4315821,InitializeCriticalSection
0xb5524857,0xb5524857,InitializeCriticalSectionAndSpinCount
0xc5e7edbe,0xc5e7edbe,InitializeCriticalSectionEx
0xb55d987d,0xb55d987d,InitializeFlatSB
0x54e1246c,0x54e1246c,InitializeLpkHooks
0xd035a09d,0xd035a09d,InitializeProcThreadAttributeList
0xb1c92f22,0xb1c92f22,InitializeSListHead
0xc553526,0x0c553526,InitializeSRWLock
0x4610a7df,0x4610a7df,InitializeSecurityContextA
0x4610a7f5,0x4610a7f5,InitializeSecurityContextW
0x21f5b918,0x21f5b918,InitializeSecurityDescriptor
0xf45daf81,0xf45daf81,InitializeSid
0xb66aec43,0xb66aec43,InitiateShutdownA
0xb66aec59,0xb66aec59,InitiateShutdownW
0xcee77e08,0xcee77e08,InitiateSystemShutdownA
0x26bf40c5,0x26bf40c5,InitiateSystemShutdownExA
0x26bf40db,0x26bf40db,InitiateSystemShutdownExW
0xcee77e1e,0xcee77e1e,InitiateSystemShutdownW
0x1f8be9fa,0x1f8be9fa,InsertMenuA
0x77d672e9,0x77d672e9,InsertMenuItemA
0x77d672ff,0x77d672ff,InsertMenuItemW
0x1f8bea10,0x1f8bea10,InsertMenuW
0xbcfbcf9a,0xbcfbcf9a,InstallApplication
0x6117d517,0x6117d517,InstallPrinterDriverFromPackageA
0x6117d52d,0x6117d52d,InstallPrinterDriverFromPackageW
0x8a8098e4,0x8a8098e4,Instance
0x6ee385cd,0x6ee385cd,InterlockedCompareExchange
0xb5dc3437,0xb5dc3437,InterlockedCompareExchange64
0x11de3ada,0x11de3ada,InterlockedDecrement
0x2e4abac6,0x2e4abac6,InterlockedExchange
0x68762ecf,0x68762ecf,InterlockedExchangeAdd
0x73d83654,0x73d83654,InterlockedFlushSList
0xa69cebc8,0xa69cebc8,InterlockedIncrement
0x3a04d333,0x3a04d333,InterlockedPopEntrySList
0xdb831104,0xdb831104,InterlockedPushEntrySList
0x1f36448e,0x1f36448e,InterlockedPushListSList
0x10c3e52d,0x10c3e52d,InternalExtractIconListA
0x10c3e543,0x10c3e543,InternalExtractIconListW
0xe1b0442d,0xe1b0442d,InternalGetWindowIcon
0xe1b65609,0xe1b65609,InternalGetWindowText
0x31f9f994,0x31f9f994,InternetAlgIdToStringA
0x31f9f9aa,0x31f9f9aa,InternetAlgIdToStringW
0x63231361,0x63231361,InternetAttemptConnect
0x9e61586b,0x9e61586b,InternetAutodial
0xea0f30b8,0xea0f30b8,InternetAutodialCallback
0x3a78a2e,0x03a78a2e,InternetAutodialHangup
0x2c21305c,0x2c21305c,InternetCanonicalizeUrlA
0x2c213072,0x2c213072,InternetCanonicalizeUrlW
0x1a0ada7,0x01a0ada7,InternetCheckConnectionA
0x1a0adbd,0x01a0adbd,InternetCheckConnectionW
0x7e70416f,0x7e70416f,InternetClearAllPerSiteCookieDecisions
0x903343da,0x903343da,InternetCloseHandle
0x8fc2d529,0x8fc2d529,InternetCombineUrlA
0x8fc2d53f,0x8fc2d53f,InternetCombineUrlW
0x8595952a,0x8595952a,InternetConfirmZoneCrossing
0x38483aab,0x38483aab,InternetConfirmZoneCrossingA
0x38483ac1,0x38483ac1,InternetConfirmZoneCrossingW
0x9af6fe83,0x9af6fe83,InternetConnectA
0x9af6fe99,0x9af6fe99,InternetConnectW
0xafee1521,0xafee1521,InternetConvertUrlFromWireToWideChar
0xbca35bd0,0xbca35bd0,InternetCrackUrlA
0xbca35be6,0xbca35be6,InternetCrackUrlW
0x7e31dde0,0x7e31dde0,InternetCreateUrlA
0x7e31ddf6,0x7e31ddf6,InternetCreateUrlW
0x802a5612,0x802a5612,InternetDial
0x85751893,0x85751893,InternetDialA
0x857518a9,0x857518a9,InternetDialW
0xb491a5d2,0xb491a5d2,InternetEnumPerSiteCookieDecisionA
0xb491a5e8,0xb491a5e8,InternetEnumPerSiteCookieDecisionW
0x63d6b5b9,0x63d6b5b9,InternetErrorDlg
0x45fc76d9,0x45fc76d9,InternetFindNextFileA
0x45fc76ef,0x45fc76ef,InternetFindNextFileW
0x3e987c8c,0x3e987c8c,InternetFortezzaCommand
0xe2cba147,0xe2cba147,InternetFreeCookies
0xfd810f64,0xfd810f64,InternetFreeProxyInfoList
0xbc0ecab4,0xbc0ecab4,InternetGetCertByURL
0x3de82175,0x3de82175,InternetGetCertByURLA
0x9be0b90c,0x9be0b90c,InternetGetConnectedState
0x16f33569,0x16f33569,InternetGetConnectedStateEx
0xf559e2ca,0xf559e2ca,InternetGetConnectedStateExA
0xf559e2e0,0xf559e2e0,InternetGetConnectedStateExW
0x6ba9d2f3,0x6ba9d2f3,InternetGetCookieA
0xfd6a7c61,0xfd6a7c61,InternetGetCookieEx2
0xfd6a7c70,0xfd6a7c70,InternetGetCookieExA
0xfd6a7c86,0xfd6a7c86,InternetGetCookieExW
0x6ba9d309,0x6ba9d309,InternetGetCookieW
0xd291dfe8,0xd291dfe8,InternetGetLastResponseInfoA
0xd291dffe,0xd291dffe,InternetGetLastResponseInfoW
0x87462afd,0x87462afd,InternetGetPerSiteCookieDecisionA
0x87462b13,0x87462b13,InternetGetPerSiteCookieDecisionW
0x5d710f34,0x5d710f34,InternetGetProxyForUrl
0x4b3c430a,0x4b3c430a,InternetGetSecurityInfoByURL
0xb2c4a48b,0xb2c4a48b,InternetGetSecurityInfoByURLA
0xb2c4a4a1,0xb2c4a4a1,InternetGetSecurityInfoByURLW
0x3b25613,0x03b25613,InternetGoOnline
0x79fd18b4,0x79fd18b4,InternetGoOnlineA
0x79fd18ca,0x79fd18ca,InternetGoOnlineW
0x3ce3181b,0x3ce3181b,InternetHangUp
0xa61463a1,0xa61463a1,InternetInitializeAutoProxyDll
0x1824a3ca,0x1824a3ca,InternetLockRequestFile
0x86400e0b,0x86400e0b,InternetOpenA
0xe60040de,0xe60040de,InternetOpenUrlA
0xe60040f4,0xe60040f4,InternetOpenUrlW
0x86400e21,0x86400e21,InternetOpenW
0x33c205e9,0x33c205e9,InternetQueryDataAvailable
0xd2c0f707,0xd2c0f707,InternetQueryFortezzaStatus
0xab028c8,0x0ab028c8,InternetQueryOptionA
0xab028de,0x0ab028de,InternetQueryOptionW
0x51f32bd4,0x51f32bd4,InternetReadFile
0x91cc092,0x091cc092,InternetReadFileExA
0x91cc0a8,0x091cc0a8,InternetReadFileExW
0x2f51591d,0x2f51591d,InternetSecurityProtocolToStringA
0x2f515933,0x2f515933,InternetSecurityProtocolToStringW
0x9c28a07f,0x9c28a07f,InternetSetCookieA
0x48d2dced,0x48d2dced,InternetSetCookieEx2
0x48d2dcfc,0x48d2dcfc,InternetSetCookieExA
0x48d2dd12,0x48d2dd12,InternetSetCookieExW
0x9c28a095,0x9c28a095,InternetSetCookieW
0xfee4bc1f,0xfee4bc1f,InternetSetDialState
0xdb7c4040,0xdb7c4040,InternetSetDialStateA
0xdb7c4056,0xdb7c4056,InternetSetDialStateW
0xef3ef8e5,0xef3ef8e5,InternetSetFilePointer
0x3a921e9e,0x3a921e9e,InternetSetOptionA
0x27945edb,0x27945edb,InternetSetOptionExA
0x27945ef1,0x27945ef1,InternetSetOptionExW
0x3a921eb4,0x3a921eb4,InternetSetOptionW
0x986a0f09,0x986a0f09,InternetSetPerSiteCookieDecisionA
0x986a0f1f,0x986a0f1f,InternetSetPerSiteCookieDecisionW
0x9317d4f5,0x9317d4f5,InternetSetStatusCallback
0xf61273d6,0xf61273d6,InternetSetStatusCallbackA
0xf61273ec,0xf61273ec,InternetSetStatusCallbackW
0xf9fef14b,0xf9fef14b,InternetShowSecurityInfoByURL
0x39dd1aec,0x39dd1aec,InternetShowSecurityInfoByURLA
0x39dd1b02,0x39dd1b02,InternetShowSecurityInfoByURLW
0xdb0d102f,0xdb0d102f,InternetTimeFromSystemTime
0x3caf1650,0x3caf1650,InternetTimeFromSystemTimeA
0x3caf1666,0x3caf1666,InternetTimeFromSystemTimeW
0x2784fe3e,0x2784fe3e,InternetTimeToSystemTime
0x1824c63f,0x1824c63f,InternetTimeToSystemTimeA
0x1824c655,0x1824c655,InternetTimeToSystemTimeW
0xb54efaed,0xb54efaed,InternetUnlockRequestFile
0x6560d5c3,0x6560d5c3,InternetWriteFile
0x5e98d821,0x5e98d821,InternetWriteFileExA
0x5e98d837,0x5e98d837,InternetWriteFileExW
0xb5844496,0xb5844496,IntersectClipRect
0xfe6e99ce,0xfe6e99ce,IntersectRect
0x9f43cd0,0x09f43cd0,IntlStrEqWorkerA
0x9f43ce6,0x09f43ce6,IntlStrEqWorkerW
0x749bea02,0x749bea02,InvalidateConsoleDIBits
0xeeb1073e,0xeeb1073e,InvalidateRect
0xb1e655d7,0xb1e655d7,InvalidateRgn
0x973151b5,0x973151b5,InvertRect
0x9fbbad6e,0x9fbbad6e,InvertRgn
0xd8680001,0xd8680001,IoCompletion
0xba242fb0,0xba242fb0,IsAccelerator
0xbb99aa03,0xbb99aa03,IsBadCodePtr
0x6b14e8ad,0x6b14e8ad,IsBadHugeReadPtr
0x6785f51c,0x6785f51c,IsBadHugeWritePtr
0x26b8cd24,0x26b8cd24,IsBadReadPtr
0x9cbc960,0x09cbc960,IsBadStringPtrA
0x9cbc976,0x09cbc976,IsBadStringPtrW
0x97a66873,0x97a66873,IsBadWritePtr
0xe2a465,0x00e2a465,IsCalendarLeapDay
0xc4c7bc0d,0xc4c7bc0d,IsCalendarLeapMonth
0x1d42c358,0x1d42c358,IsCalendarLeapYear
0xde8230c6,0xde8230c6,IsCatalogFile
0xe180ddb0,0xe180ddb0,IsCharAlphaA
0xa6e471a3,0xa6e471a3,IsCharAlphaNumericA
0xa6e471b9,0xa6e471b9,IsCharAlphaNumericW
0xe180ddc6,0xe180ddc6,IsCharAlphaW
0xfb63b233,0xfb63b233,IsCharLowerA
0xfb63b249,0xfb63b249,IsCharLowerW
0xbbdcc96,0x0bbdcc96,IsCharSpaceA
0xbbdccac,0x0bbdccac,IsCharSpaceW
0x107061b6,0x107061b6,IsCharUpperA
0x107061cc,0x107061cc,IsCharUpperW
0x42bec4cf,0x42bec4cf,IsChild
0xe18ea625,0xe18ea625,IsClipboardFormatAvailable
0xfeb78531,0xfeb78531,IsDBCSLeadByte
0x8aad9ece,0x8aad9ece,IsDBCSLeadByteEx
0x11b98ab1,0x11b98ab1,IsDebuggerPresent
0x18636ba0,0x18636ba0,IsDialogMessage
0x24d0dfe1,0x24d0dfe1,IsDialogMessageA
0x24d0dff7,0x24d0dff7,IsDialogMessageW
0xfe2560c5,0xfe2560c5,IsDlgButtonChecked
0x1537328c,0x1537328c,IsEqualGUID
0xcd76c428,0xcd76c428,IsGUIThread
0x57196ad0,0x57196ad0,IsHostInProxyBypassList
0x1792ef16,0x1792ef16,IsHungAppWindow
0xa83f2bc0,0xa83f2bc0,IsIconic
0xff68f77a,0xff68f77a,IsInternetESCEnabled
0x71388f25,0x71388f25,IsLFNDrive
0x984a7406,0x984a7406,IsLFNDriveA
0x984a741c,0x984a741c,IsLFNDriveW
0xb477d2c0,0xb477d2c0,IsMenu
0x7fd8ee7e,0x7fd8ee7e,IsNLSDefinedString
0xf4ad9c2c,0xf4ad9c2c,IsNetDrive
0x87d08617,0x87d08617,IsNormalizedString
0x588e190d,0x588e190d,IsOS
0x9f0557,0x009f0557,IsProcessDPIAware
0xb5629dfc,0xb5629dfc,IsProcessInJob
0x650a6b78,0x650a6b78,IsProcessorFeaturePresent
0xac8046c8,0xac8046c8,IsRectEmpty
0x9d06a700,0x9d06a700,IsRoInitializeASTAAllowedInDesktop
0x15fb7a62,0x15fb7a62,IsSETEnabled
0xe72b52e2,0xe72b52e2,IsSandboxedProcess
0xff1c8f62,0xff1c8f62,IsSecurityProcess
0x6678c0df,0x6678c0df,IsServerSideWindow
0xdac45368,0xdac45368,IsSystemResumeAutomatic
0x380ca1d7,0x380ca1d7,IsTextUnicode
0x901e1f8c,0x901e1f8c,IsThreadAFiber
0xb5988114,0xb5988114,IsThreadDesktopComposited
0xb2f0390a,0xb2f0390a,IsThreadpoolTimerSet
0xb57094d9,0xb57094d9,IsTimeZoneRedirectionEnabled
0x62316e25,0x62316e25,IsTokenRestricted
0xb93bffba,0xb93bffba,IsTokenUntrusted
0x91a0c4ae,0x91a0c4ae,IsTopLevelWindow
0xd3938de6,0xd3938de6,IsTouchWindow
0x6775c596,0x6775c596,IsUrlCacheEntryExpiredA
0x6775c5ac,0x6775c5ac,IsUrlCacheEntryExpiredW
0x71dd2b62,0x71dd2b62,IsUserAnAdmin
0x12bf3beb,0x12bf3beb,IsValidAcl
0x2e1c0d8,0x02e1c0d8,IsValidCalDateTime
0xcf8ed813,0xcf8ed813,IsValidCodePage
0xe4a8f8e0,0xe4a8f8e0,IsValidDevmodeA
0xe4a8f8f6,0xe4a8f8f6,IsValidDevmodeW
0x12bf5eb1,0x12bf5eb1,IsValidIid
0x62205d4c,0x62205d4c,IsValidInterface
0xf4e5d8cc,0xf4e5d8cc,IsValidLanguageGroup
0xc9b8d88b,0xc9b8d88b,IsValidLocale
0x346496ac,0x346496ac,IsValidLocaleName
0xc096c808,0xc096c808,IsValidPtrIn
0xd36fe3e9,0xd36fe3e9,IsValidPtrOut
0xb818b657,0xb818b657,IsValidRelative
0x4ddc58ce,0x4ddc58ce,IsValidRelativeSecurityDescriptor
0xc5eff792,0xc5eff792,IsValidSecurityDescriptor
0x12bf893b,0x12bf893b,IsValidSid
0xccee588c,0xccee588c,IsWellKnownSid
0x79d454cc,0x79d454cc,IsWinEventHookInstalled
0xc9534183,0xc9534183,IsWindow
0x11ccc42e,0x11ccc42e,IsWindowEnabled
0xd92e1344,0xd92e1344,IsWindowInDestroy
0x463b68f2,0x463b68f2,IsWindowRedirectedForPrint
0xe201ed4a,0xe201ed4a,IsWindowUnicode
0x240a67f1,0x240a67f1,IsWindowVisible
0x5efcdf17,0x5efcdf17,IsWow64Message
0x63ed9011,0x63ed9011,IsWow64Process
0xd0bfffb9,0xd0bfffb9,IsZoomed
0xcee3e9a7,0xcee3e9a7,IssuerCache_Destroy
0x8c17be17,0x8c17be17,JOG_RegisterMetric
0x8b895ec1,0x8b895ec1,JOG_RegisterPing
0xbe942ffb,0xbe942ffb,K32EmptyWorkingSet
0x374bf8c3,0x374bf8c3,K32EnumDeviceDrivers
0xb42734a5,0xb42734a5,K32EnumPageFilesA
0xb42734bb,0xb42734bb,K32EnumPageFilesW
0x2c5df6ac,0x2c5df6ac,K32EnumProcessModules
0xbbb65b09,0xbbb65b09,K32EnumProcessModulesEx
0xc5dd80cb,0xc5dd80cb,K32EnumProcesses
0xedb8b9f8,0xedb8b9f8,K32GetDeviceDriverBaseNameA
0xedb8ba0e,0xedb8ba0e,K32GetDeviceDriverBaseNameW
0x6e17bbd,0x06e17bbd,K32GetDeviceDriverFileNameA
0x6e17bd3,0x06e17bd3,K32GetDeviceDriverFileNameW
0x76d4ead8,0x76d4ead8,K32GetMappedFileNameA
0x76d4eaee,0x76d4eaee,K32GetMappedFileNameW
0x810f36a2,0x810f36a2,K32GetModuleBaseNameA
0x810f36b8,0x810f36b8,K32GetModuleBaseNameW
0x817cee4,0x0817cee4,K32GetModuleFileNameExA
0x817cefa,0x0817cefa,K32GetModuleFileNameExW
0x1a688d8b,0x1a688d8b,K32GetModuleInformation
0x64df539d,0x64df539d,K32GetPerformanceInfo
0x24224703,0x24224703,K32GetProcessImageFileNameA
0x24224719,0x24224719,K32GetProcessImageFileNameW
0x8807f563,0x8807f563,K32GetProcessMemoryInfo
0xdb064a22,0xdb064a22,K32GetWsChanges
0xb5c163ff,0xb5c163ff,K32GetWsChangesEx
0xc8741098,0xc8741098,K32InitializeProcessForWsWatch
0x74f2fec2,0x74f2fec2,K32QueryWorkingSet
0x7dadc09f,0x7dadc09f,K32QueryWorkingSetEx
0x22d51b6f,0x22d51b6f,KEAPQGCompare
0xa6dd27b2,0xa6dd27b2,KiFastSystemCall
0x2b82ccbd,0x2b82ccbd,KiFastSystemCallRet
0x6a70124f,0x6a70124f,KiIntSystemCall
0x75cfaa6c,0x75cfaa6c,KiRaiseUserExceptionDispatcher
0xbc9d647d,0xbc9d647d,KiUserApcDispatcher
0x95bafef6,0x95bafef6,KiUserCallbackDispatcher
0x62840718,0x62840718,KiUserExceptionDispatcher
0xf7d4af3c,0xf7d4af3c,KillTimer
0xb7eb0004,0xb7eb0004,LBItemFromPt
0x8e1ff17f,0x8e1ff17f,LCIDToLocaleName
0x68e99a74,0x68e99a74,LCMapStringA
0x861ce9f0,0x861ce9f0,LCMapStringEx
0x68e99a8a,0x68e99a8a,LCMapStringW
0xf5757712,0xf5757712,LDAPFilterTemplate
0xce6ee59a,0xce6ee59a,LIBID_Accessibility
0x78c9e1b7,0x78c9e1b7,LL_MaxInt
0x920c978c,0x920c978c,LL_MaxUint
0x795529f5,0x795529f5,LL_MinInt
0xd0a73b26,0xd0a73b26,LL_Zero
0x708ac7b3,0x708ac7b3,LPFN_WSARECVMSG (WSARecvMsg)
0xb9137ac2,0xb9137ac2,LPtoDP
0xef5ecf4b,0xef5ecf4b,LZClose
0x15a3ac4b,0x15a3ac4b,LZCloseFile
0xb9ad9710,0xb9ad9710,LZCopy
0xc4809720,0xc4809720,LZCreateFileW
0xb9ae231b,0xb9ae231b,LZDone
0xb9b0dc29,0xb9b0dc29,LZInit
0x2cf26688,0x2cf26688,LZOpenFileA
0x2cf2669e,0x2cf2669e,LZOpenFileW
0xb9b5a431,0xb9b5a431,LZRead
0xb9b6311d,0xb9b6311d,LZSeek
0xf0847ec3,0xf0847ec3,LZStart
0x603d4e00,0x603d4e00,LastWin32Error
0x501d111a,0x501d111a,LaunchMSHelp_RunDLLW
0x43256c4b,0x43256c4b,LdrAccessResource
0x5f0336d0,0x5f0336d0,LdrAddLoadAsDataTable
0x5920e4d3,0x5920e4d3,LdrAddRefDll
0xdefe587,0x0defe587,LdrDisableThreadCalloutsForDll
0x1d75b5a1,0x1d75b5a1,LdrEnumResources
0x77405459,0x77405459,LdrEnumerateLoadedModules
0xfd814b11,0xfd814b11,LdrFindEntryForAddress
0xe26f4a63,0xe26f4a63,LdrFindResourceDirectory_U
0xfb8dc7cb,0xfb8dc7cb,LdrFindResourceEx_U
0x73a784ae,0x73a784ae,LdrFindResource_U
0x264eccd4,0x264eccd4,LdrFlushAlternateResourceModules
0x9bc08599,0x9bc08599,LdrGetDllHandle
0x805c3d80,0x805c3d80,LdrGetDllHandleByMapping
0x118d1375,0x118d1375,LdrGetDllHandleByName
0x8df85936,0x8df85936,LdrGetDllHandleEx
0x54e7a3d3,0x54e7a3d3,LdrGetFailureData
0x98c6b75c,0x98c6b75c,LdrGetFileNameFromLoadAsDataTable
0xcb8deea0,0xcb8deea0,LdrGetProcedureAddress
0xe6c41ffd,0xe6c41ffd,LdrGetProcedureAddressEx
0x5f70d352,0x5f70d352,LdrHotPatchRoutine
0x619cfc11,0x619cfc11,LdrInitShimEngineDynamic
0x10c4d0cd,0x10c4d0cd,LdrInitializeThunk
0x8909e91f,0x8909e91f,LdrLoadAlternateResourceModule
0xf328b63c,0xf328b63c,LdrLoadAlternateResourceModuleEx
0xd8af60cd,0xd8af60cd,LdrLoadDll
0xa2537c9a,0xa2537c9a,LdrLockLoaderLock
0xfb68dd1b,0xfb68dd1b,LdrOpenImageFileOptionsKey
0x460bca4b,0x460bca4b,LdrProcessRelocationBlock
0x6aca844a,0x6aca844a,LdrQueryImageFileExecutionOptions
0x477cc827,0x477cc827,LdrQueryImageFileExecutionOptionsEx
0x1cd7644c,0x1cd7644c,LdrQueryImageFileKeyOption
0xdcdd0d2d,0xdcdd0d2d,LdrQueryModuleServiceTags
0xa93cd532,0xa93cd532,LdrQueryProcessModuleInformation
0xe8413d19,0xe8413d19,LdrRegisterDllNotification
0x9a70c455,0x9a70c455,LdrRemoveLoadAsDataTable
0x2fcdd944,0x2fcdd944,LdrResFindResource
0x6097ecf9,0x6097ecf9,LdrResFindResourceDirectory
0xd230b3e6,0xd230b3e6,LdrResGetRCConfig
0xec78a9c,0x0ec78a9c,LdrResRelease
0x1535db39,0x1535db39,LdrResSearchResource
0xa04da364,0xa04da364,LdrRscIsTypeExist
0xdd31d603,0xdd31d603,LdrSetAppCompatDllRedirectionCallback
0xa35ccf7a,0xa35ccf7a,LdrSetDllManifestProber
0x97c37cde,0x97c37cde,LdrSetMUICacheType
0x8213486c,0x8213486c,LdrShutdownProcess
0xbeff0765,0xbeff0765,LdrShutdownThread
0x189e7691,0x189e7691,LdrSystemDllInitBlock
0xac3c7702,0xac3c7702,LdrUnloadAlternateResourceModule
0xad3648df,0xad3648df,LdrUnloadAlternateResourceModuleEx
0x589a0f30,0x589a0f30,LdrUnloadDll
0xf323bd9d,0xf323bd9d,LdrUnlockLoaderLock
0xde0a517c,0xde0a517c,LdrUnregisterDllNotification
0xf3ad5e81,0xf3ad5e81,LdrVerifyImageMatchesChecksum
0x947f0c1e,0x947f0c1e,LdrVerifyImageMatchesChecksumEx
0x6ccd0441,0x6ccd0441,LdrWx86FormatVirtualImage
0x5e3d57d2,0x5e3d57d2,LdrpResGetMappingSize
0x4a5567c8,0x4a5567c8,LdrpResGetResourceDirectory
0xa01612fc,0xa01612fc,LeaveCriticalSection
0xa550406e,0xa550406e,LeaveCriticalSectionWhenCallbackReturns
0x1561baa0,0x1561baa0,LineDDA
0xbad46cba,0xbad46cba,LineTo
0x56162908,0x56162908,LoadAcceleratorsA
0x5616291e,0x5616291e,LoadAcceleratorsW
0x3d2423b3,0x3d2423b3,LoadAppInitDlls
0x10dc978d,0x10dc978d,LoadBitmapA
0x10dc97a3,0x10dc97a3,LoadBitmapW
0x79b410ee,0x79b410ee,LoadCursorA
0xe024e422,0xe024e422,LoadCursorFromFileA
0xe024e438,0xe024e438,LoadCursorFromFileW
0x79b41104,0x79b41104,LoadCursorW
0x93a7edd9,0x93a7edd9,LoadIconA
0x93a7edef,0x93a7edef,LoadIconW
0x952d7d3,0x0952d7d3,LoadImageA
0xdc702736,0xdc702736,LoadImageColorMatcherA
0xdc70274c,0xdc70274c,LoadImageColorMatcherW
0x952d7e9,0x0952d7e9,LoadImageW
0x684d0a1f,0x684d0a1f,LoadKeyboardLayoutA
0x71ee4efb,0x71ee4efb,LoadKeyboardLayoutEx
0x684d0a35,0x684d0a35,LoadKeyboardLayoutW
0x3d5f8925,0x3d5f8925,LoadLibraryA
0x13668722,0x13668722,LoadLibraryExA
0x13668738,0x13668738,LoadLibraryExW
0x3d5f893b,0x3d5f893b,LoadLibraryW
0xb47cb444,0xb47cb444,LoadLocalFonts
0x93f16545,0x93f16545,LoadMenuA
0xaa334077,0xaa334077,LoadMenuIndirectA
0xaa33408d,0xaa33408d,LoadMenuIndirectW
0x93f1655b,0x93f1655b,LoadMenuW
0x12cd8d15,0x12cd8d15,LoadModule
0x618837a5,0x618837a5,LoadRemoteFonts
0xba7df177,0xba7df177,LoadResource
0x46fd32e7,0x46fd32e7,LoadStringA
0x5dffbf75,0x5dffbf75,LoadStringBaseExW
0x16e38e38,0x16e38e38,LoadStringBaseW
0x46fd32fd,0x46fd32fd,LoadStringW
0x5d8e9bd1,0x5d8e9bd1,LoadUrlCacheContent
0x49764205,0x49764205,LocalAlloc
0x21157441,0x21157441,LocalCompact
0x4d23925b,0x4d23925b,LocalFileTimeToFileTime
0x49d08cc7,0x49d08cc7,LocalFlags
0x29066bdc,0x29066bdc,LocalFree
0x87cc7d06,0x87cc7d06,LocalHandle
0x2909a923,0x2909a923,LocalLock
0x894d35dc,0x894d35dc,LocalReAlloc
0xa1f62e89,0xa1f62e89,LocalShrink
0x290d6935,0x290d6935,LocalSize
0xa709e0a6,0xa709e0a6,LocalUnlock
0xe25c29ff,0xe25c29ff,LocaleNameToLCID
0x202126ec,0x202126ec,LocateXStateFeature
0xf92df4f0,0xf92df4f0,LockExclusive
0x763c0b58,0x763c0b58,LockFile
0xf56c4ab5,0xf56c4ab5,LockFileEx
0xf1fa2ac0,0xf1fa2ac0,LockResource
0x9596159e,0x9596159e,LockServiceDatabase
0x6b1cc877,0x6b1cc877,LockSetForegroundWindow
0x13a7758f,0x13a7758f,LockShared
0xbcfc8b12,0xbcfc8b12,LockWindowStation
0x30e70b13,0x30e70b13,LockWindowUpdate
0xe834b97d,0xe834b97d,LockWorkStation
0xc67c6174,0xc67c6174,LogicalToPhysicalPoint
0x3644dc8e,0x3644dc8e,LogonUserA
0xdaee58cb,0xdaee58cb,LogonUserExA
0x4fe7d85e,0x4fe7d85e,LogonUserExExW
0xdaee58e1,0xdaee58e1,LogonUserExW
0x3644dca4,0x3644dca4,LogonUserW
0xeafb3e9c,0xeafb3e9c,LongCounterValue
0xd4241018,0xd4241018,LookupAccountNameA
0xd424102e,0xd424102e,LookupAccountNameW
0xe768cf97,0xe768cf97,LookupAccountSidA
0xe768cfad,0xe768cfad,LookupAccountSidW
0x8de8a688,0x8de8a688,LookupIconIdFromDirectory
0xaaac71e5,0xaaac71e5,LookupIconIdFromDirectoryEx
0x94f90fe8,0x94f90fe8,LookupPrivilegeDisplayNameA
0x94f90ffe,0x94f90ffe,LookupPrivilegeDisplayNameW
0xf2399212,0xf2399212,LookupPrivilegeNameA
0xf2399228,0xf2399228,LookupPrivilegeNameW
0x4c14d5ee,0x4c14d5ee,LookupPrivilegeValueA
0x4c14d604,0x4c14d604,LookupPrivilegeValueW
0x32a4ffcb,0x32a4ffcb,LookupSecurityDescriptorPartsA
0x32a4ffe1,0x32a4ffe1,LookupSecurityDescriptorPartsW
0x13f16ff7,0x13f16ff7,LpkPresent
0xffa79aa5,0xffa79aa5,LresultFromObject
0x737d3b56,0x737d3b56,LsaAddAccountRights
0x84d7e5c2,0x84d7e5c2,LsaAddPrivilegesToAccount
0x5d536757,0x5d536757,LsaCallAuthenticationPackage
0xe31de0f,0x0e31de0f,LsaClearAuditLog
0xa2bbc9c5,0xa2bbc9c5,LsaClose
0x6429a67,0x06429a67,LsaConnectUntrusted
0xb088bd90,0xb088bd90,LsaCreateAccount
0x27b8a0a9,0x27b8a0a9,LsaCreateSecret
0x4967fb86,0x4967fb86,LsaCreateTrustedDomain
0x4354fe63,0x4354fe63,LsaCreateTrustedDomainEx
0xfc09a122,0xfc09a122,LsaDelete
0x17ec6ba5,0x17ec6ba5,LsaDeleteTrustedDomain
0xc65625fb,0xc65625fb,LsaDeregisterLogonProcess
0xc73464b3,0xc73464b3,LsaEnumerateAccountRights
0xc3056a95,0xc3056a95,LsaEnumerateAccounts
0x345f3a8e,0x345f3a8e,LsaEnumerateAccountsWithUserRight
0x41d3504b,0x41d3504b,LsaEnumerateLogonSessions
0x322bb28f,0x322bb28f,LsaEnumeratePrivileges
0xfbb32ff1,0xfbb32ff1,LsaEnumeratePrivilegesOfAccount
0x38d68ccb,0x38d68ccb,LsaEnumerateTrustedDomains
0xc8acf4e8,0xc8acf4e8,LsaEnumerateTrustedDomainsEx
0x5e37eb6a,0x5e37eb6a,LsaFreeMemory
0xa08181eb,0xa08181eb,LsaFreeReturnBuffer
0xdeaf760c,0xdeaf760c,LsaGetLogonSessionData
0x263bf640,0x263bf640,LsaGetQuotasForAccount
0x37b1dbfb,0x37b1dbfb,LsaGetRemoteUserName
0xcb678f53,0xcb678f53,LsaGetSystemAccessAccount
0xf2a31d6f,0xf2a31d6f,LsaGetUserName
0xc55b6ac9,0xc55b6ac9,LsaICLookupNames
0xde620556,0xde620556,LsaICLookupNamesWithCreds
0x4bcf5668,0x4bcf5668,LsaICLookupSids
0x8bfe73d5,0x8bfe73d5,LsaICLookupSidsWithCreds
0x383782cd,0x383782cd,LsaLogonUser
0x40e6a9f5,0x40e6a9f5,LsaLookupAuthenticationPackage
0x6e32ccdd,0x6e32ccdd,LsaLookupNames
0x348c68af,0x348c68af,LsaLookupNames2
0x88d176e7,0x88d176e7,LsaLookupPrivilegeDisplayName
0xbd0b3fd1,0xbd0b3fd1,LsaLookupPrivilegeName
0x5f03fc2d,0x5f03fc2d,LsaLookupPrivilegeValue
0x7f78c5fc,0x7f78c5fc,LsaLookupSids
0xbd1ac885,0xbd1ac885,LsaManageSidNameMapping
0x29967cb0,0x29967cb0,LsaNtStatusToWinError
0x7a98fe0e,0x7a98fe0e,LsaOpenAccount
0x561e0d71,0x561e0d71,LsaOpenPolicy
0x10be520c,0x10be520c,LsaOpenPolicySce
0x5c63c967,0x5c63c967,LsaOpenSecret
0xd1d22284,0xd1d22284,LsaOpenTrustedDomain
0xf71974a0,0xf71974a0,LsaOpenTrustedDomainByName
0x4f463993,0x4f463993,LsaQueryDomainInformationPolicy
0x538e5f20,0x538e5f20,LsaQueryForestTrustInformation
0xa6ec7834,0xa6ec7834,LsaQueryInfoTrustedDomain
0xef187c3b,0xef187c3b,LsaQueryInformationPolicy
0xfc16e06b,0xfc16e06b,LsaQuerySecret
0x37ccb214,0x37ccb214,LsaQuerySecurityObject
0x695da34,0x0695da34,LsaQueryTrustedDomainInfo
0x3f943050,0x3f943050,LsaQueryTrustedDomainInfoByName
0xa22d8272,0xa22d8272,LsaRegisterLogonProcess
0xd1c7c311,0xd1c7c311,LsaRegisterPolicyChangeNotification
0x97043edb,0x97043edb,LsaRemoveAccountRights
0x62666c98,0x62666c98,LsaRemovePrivilegesFromAccount
0xf064caaa,0xf064caaa,LsaRetrievePrivateData
0x1921a9a9,0x1921a9a9,LsaSetDomainInformationPolicy
0xed112476,0xed112476,LsaSetForestTrustInformation
0x6fff13d1,0x6fff13d1,LsaSetInformationPolicy
0x8403ce4,0x08403ce4,LsaSetInformationTrustedDomain
0x7078c14c,0x7078c14c,LsaSetQuotasForAccount
0xd3d5b9c1,0xd3d5b9c1,LsaSetSecret
0x8b22816a,0x8b22816a,LsaSetSecurityObject
0x2b7b0edf,0x2b7b0edf,LsaSetSystemAccessAccount
0x96fa066,0x096fa066,LsaSetTrustedDomainInfoByName
0x8bb35744,0x8bb35744,LsaSetTrustedDomainInformation
0x4d639411,0x4d639411,LsaStorePrivateData
0xc5036654,0xc5036654,LsaUnregisterPolicyChangeNotification
0xb270eb2b,0xb270eb2b,MBToWCSEx
0x1377b74,0x01377b74,MB_GetString
0xcea17a85,0xcea17a85,MCIWndCreate
0xa2d0cb66,0xa2d0cb66,MCIWndCreateA
0xa2d0cb7c,0xa2d0cb7c,MCIWndCreateW
0x3369fdac,0x3369fdac,MCIWndRegisterClass
0x448f0be,0x0448f0be,MD4Final
0x7e4e7e8,0x07e4e7e8,MD4Init
0xb0dd9b17,0xb0dd9b17,MD4Update
0x69e195f,0x069e195f,MD5Final
0x7f70069,0x07f70069,MD5Init
0xfdd7d7d8,0xfdd7d7d8,MD5Update
0xabe88d7f,0xabe88d7f,MLFreeLibrary
0x39f1989e,0x39f1989e,MLLoadLibraryA
0x39f198b4,0x39f198b4,MLLoadLibraryW
0x521ce0c8,0x521ce0c8,MOZ_CrashPrintf
0xc0bf983f,0xc0bf983f,MSChapSrvChangePassword
0xd8b2a051,0xd8b2a051,MSChapSrvChangePassword2
0xedc47de3,0xedc47de3,MakeAbsoluteSD
0xa6543a75,0xa6543a75,MakeAbsoluteSD2
0xfbcb407,0x0fbcb407,MakeDragList
0x3086c18a,0x3086c18a,MakeSelfRelativeSD
0x6c00f45f,0x6c00f45f,MakeSignature
0x60fb9eae,0x60fb9eae,MakeSureDirectoryPathExists
0xa5a8d90b,0xa5a8d90b,MapDialogRect
0x3bf43756,0x3bf43756,MapGenericMask
0x2d667899,0x2d667899,MapUserPhysicalPages
0x50f4fb0f,0x50f4fb0f,MapUserPhysicalPagesScatter
0xa3714e1d,0xa3714e1d,MapViewOfFile
0x44fd52ba,0x44fd52ba,MapViewOfFileEx
0x54a8e56b,0x54a8e56b,MapViewOfFileExNuma
0x9b419e7e,0x9b419e7e,MapVirtualKeyA
0x722356bb,0x722356bb,MapVirtualKeyExA
0x722356d1,0x722356d1,MapVirtualKeyExW
0x9b419e94,0x9b419e94,MapVirtualKeyW
0xb1aabca2,0xb1aabca2,MapWindowPoints
0x501073fd,0x501073fd,MaskBlt
0x61820d20,0x61820d20,MaxThreads
0x7b163c6d,0x7b163c6d,MenuHelp
0x76530b71,0x76530b71,MenuItemFromPoint
0x9ebc75d1,0x9ebc75d1,MenuWindowProcA
0x9ebc75e7,0x9ebc75e7,MenuWindowProcW
0xd7a95edd,0xd7a95edd,MesBufferHandleReset
0xc1428e52,0xc1428e52,MesDecodeBufferHandleCreate
0x7669b9ca,0x7669b9ca,MesDecodeIncrementalHandleCreate
0x654ee4c7,0x654ee4c7,MesEncodeDynBufferHandleCreate
0x8ecc6e2c,0x8ecc6e2c,MesEncodeFixedBufferHandleCreate
0xe4019fb4,0xe4019fb4,MesEncodeIncrementalHandleCreate
0xf62f0c42,0xf62f0c42,MesHandleFree
0xc62544d5,0xc62544d5,MesIncrementalHandleReset
0x814c8de4,0x814c8de4,MesInqProcEncodingId
0xc2e722d0,0xc2e722d0,MessageBeep
0xc2e74f9e,0xc2e74f9e,MessageBoxA
0x19f9cfdb,0x19f9cfdb,MessageBoxExA
0x19f9cff1,0x19f9cff1,MessageBoxExW
0x3cb673d0,0x3cb673d0,MessageBoxIndirectA
0x3cb673e6,0x3cb673e6,MessageBoxIndirectW
0xdb846025,0xdb846025,MessageBoxTimeoutA
0xdb84603b,0xdb84603b,MessageBoxTimeoutW
0xc2e74fb4,0xc2e74fb4,MessageBoxW
0x6d06702e,0x6d06702e,MigrateWinsockConfiguration
0x36e92710,0x36e92710,MiniDumpReadDumpStream
0xbb614cd3,0xbb614cd3,MiniDumpWriteDump
0xbe9703f1,0xbe9703f1,MirrorRgn
0x1d956e59,0x1d956e59,MkParseDisplayName
0x86b4f6ad,0x86b4f6ad,ModifyMenuA
0x86b4f6c3,0x86b4f6c3,ModifyMenuW
0xe0ec891b,0xe0ec891b,ModifyWorldTransform
0x32d75b42,0x32d75b42,Module32First
0x8dc2c3d9,0x8dc2c3d9,Module32FirstW
0x18d48bd9,0x18d48bd9,Module32Next
0x33660750,0x33660750,Module32NextW
0xc17f4bf7,0xc17f4bf7,MonikerCommonPrefixWith
0x771921bd,0x771921bd,MonikerLoadTypeLib
0x7f089710,0x7f089710,MonikerRelativePathTo
0xd225f2d5,0xd225f2d5,MonitorFromPoint
0xd01197b9,0xd01197b9,MonitorFromRect
0x26ce6a03,0x26ce6a03,MonitorFromWindow
0x5acd7627,0x5acd7627,MoveFileA
0x4403bca4,0x4403bca4,MoveFileExA
0x4403bcba,0x4403bcba,MoveFileExW
0xe3ad71d0,0xe3ad71d0,MoveFileTransactedA
0xe3ad71e6,0xe3ad71e6,MoveFileTransactedW
0x5acd763d,0x5acd763d,MoveFileW
0xc9b22e58,0xc9b22e58,MoveFileWithProgressA
0xc9b22e6e,0xc9b22e6e,MoveFileWithProgressW
0x8e6b1306,0x8e6b1306,MoveToEx
0xdc25089e,0xdc25089e,MoveWindow
0x412e5dcc,0x412e5dcc,MsCatConstructHashTag
0xdcba8709,0xdcba8709,MsCatFreeHashTag
0xc9720848,0xc9720848,MsgWaitForMultipleObjects
0xee1543a5,0xee1543a5,MsgWaitForMultipleObjectsEx
0xbe011900,0xbe011900,MulDiv
0x30ef5f78,0x30ef5f78,MultiByteToWideChar
0x35e3f6f9,0x35e3f6f9,MutexOnCompletion
0x965ad1d6,0x965ad1d6,NDRCContextBinding
0x2b1a9baf,0x2b1a9baf,NDRCContextMarshall
0x788c18f2,0x788c18f2,NDRCContextUnmarshall
0xee6cf9bf,0xee6cf9bf,NDRSContextMarshall
0xbc0c31d1,0xbc0c31d1,NDRSContextMarshall2
0x3d926edc,0x3d926edc,NDRSContextMarshallEx
0x59ee3b02,0x59ee3b02,NDRSContextUnmarshall
0x97b59b74,0x97b59b74,NDRSContextUnmarshall2
0x8e690cdf,0x8e690cdf,NDRSContextUnmarshallEx
0x9784ca4d,0x9784ca4d,NPLoadNameSpaces
0xf61bba74,0xf61bba74,NSC_GetFunctionList
0x49c3c6a3,0x49c3c6a3,NSC_GetInterface
0x7de7dadf,0x7de7dadf,NSC_GetInterfaceList
0xbe3421ea,0xbe3421ea,NSC_ModuleDBFunc
0xea4cab33,0xea4cab33,NSPStartup
0x4ff3e7ea,0x4ff3e7ea,NSSAlgorithmAndParameters_CreateMD5Digest
0x3efbb771,0x3efbb771,NSSAlgorithmAndParameters_CreateSHA1Digest
0xbc5212dd,0xbc5212dd,NSSArena_Create
0x76435693,0x76435693,NSSArena_Destroy
0xf3a5eff1,0xf3a5eff1,NSSBase64Decoder_Create
0xbcc63e0e,0xbcc63e0e,NSSBase64Decoder_Create_Util
0x9812d627,0x9812d627,NSSBase64Decoder_Destroy
0x5297604,0x05297604,NSSBase64Decoder_Destroy_Util
0x1d7e0de0,0x1d7e0de0,NSSBase64Decoder_Update
0xa0b9695d,0xa0b9695d,NSSBase64Decoder_Update_Util
0xf93d7f1b,0xf93d7f1b,NSSBase64Encoder_Create
0xcc67d778,0xcc67d778,NSSBase64Encoder_Create_Util
0x509c4a91,0x509c4a91,NSSBase64Encoder_Destroy
0x8fe3cae,0x08fe3cae,NSSBase64Encoder_Destroy_Util
0x23159d0a,0x23159d0a,NSSBase64Encoder_Update
0xb05b02c7,0xb05b02c7,NSSBase64Encoder_Update_Util
0xd5c051a5,0xd5c051a5,NSSBase64_DecodeBuffer
0xe765d042,0xe765d042,NSSBase64_DecodeBuffer_Util
0xa353bd24,0xa353bd24,NSSBase64_EncodeItem
0xe9134321,0xe9134321,NSSBase64_EncodeItem_Util
0x7840c825,0x7840c825,NSSCMSDigestedDataTemplate
0xc13d71ea,0xc13d71ea,NSSCMSEncryptedDataTemplate
0xbbeff61e,0xbbeff61e,NSSCMSEnvelopedDataTemplate
0x62318c9a,0x62318c9a,NSSCMSGenericWrapperDataTemplate
0xc3f82087,0xc3f82087,NSSCMSMessageTemplate
0xc7255f61,0xc7255f61,NSSCMSOtherKeyAttributeTemplate
0x2e54d091,0x2e54d091,NSSCMSRecipientInfoTemplate
0x7e174c71,0x7e174c71,NSSCMSRecipientKeyIdentifierTemplate
0x758ad096,0x758ad096,NSSCMSSignedDataTemplate
0xad6d9b16,0xad6d9b16,NSSCMSSignerInfoTemplate
0x3f9b256e,0x3f9b256e,NSSCertificateArray_Destroy
0xfdc32a98,0xfdc32a98,NSSCertificate_BuildChain
0x1cd219f,0x01cd219f,NSSCertificate_CreateCryptoContext
0x13522940,0x13522940,NSSCertificate_DeleteStoredObject
0xee8d08cf,0xee8d08cf,NSSCertificate_Destroy
0x29317d93,0x29317d93,NSSCertificate_Encode
0x4f63304a,0x4f63304a,NSSCertificate_Encrypt
0x65388a0a,0x65388a0a,NSSCertificate_FindPrivateKey
0x152c836b,0x152c836b,NSSCertificate_GetModule
0x9593a2ed,0x9593a2ed,NSSCertificate_GetPublicKey
0xd57ba587,0xd57ba587,NSSCertificate_GetSlot
0x85040186,0x85040186,NSSCertificate_GetToken
0x766496df,0x766496df,NSSCertificate_GetTrustDomain
0x5ef2ccc6,0x5ef2ccc6,NSSCertificate_IsPrivateKeyAvailable
0x17c3146f,0x17c3146f,NSSCertificate_Validate
0x6ae0b534,0x6ae0b534,NSSCertificate_ValidateAndDiscoverUsagesAndPolicies
0xd26c054d,0xd26c054d,NSSCertificate_ValidateCompletely
0x503e743a,0x503e743a,NSSCertificate_Verify
0xd4dd07b0,0xd4dd07b0,NSSCertificate_VerifyRecover
0xda63e565,0xda63e565,NSSCertificate_WrapSymmetricKey
0xfee3cde8,0xfee3cde8,NSSCryptoContext_BeginDecrypt
0xba704a6d,0xba704a6d,NSSCryptoContext_BeginDigest
0x60dc7852,0x60dc7852,NSSCryptoContext_BeginEncrypt
0x1ec3735e,0x1ec3735e,NSSCryptoContext_BeginSign
0x732f1654,0x732f1654,NSSCryptoContext_BeginSignRecover
0xe42adb42,0xe42adb42,NSSCryptoContext_BeginVerify
0x25fe35b8,0x25fe35b8,NSSCryptoContext_BeginVerifyRecover
0xab1476d9,0xab1476d9,NSSCryptoContext_Clone
0x8d727aa8,0x8d727aa8,NSSCryptoContext_ContinueDecrypt
0xa77c5f2d,0xa77c5f2d,NSSCryptoContext_ContinueDigest
0xef6b2512,0xef6b2512,NSSCryptoContext_ContinueEncrypt
0xac43581e,0xac43581e,NSSCryptoContext_ContinueSign
0xcec62314,0xcec62314,NSSCryptoContext_ContinueSignRecover
0xd136f002,0xd136f002,NSSCryptoContext_ContinueVerify
0xc38b7278,0xc38b7278,NSSCryptoContext_ContinueVerifyRecover
0xfddd20e3,0xfddd20e3,NSSCryptoContext_Decrypt
0x5fd3fd8d,0x5fd3fd8d,NSSCryptoContext_DeriveSymmetricKey
0xfeffa3d2,0xfeffa3d2,NSSCryptoContext_Destroy
0xfbdaa08,0x0fbdaa08,NSSCryptoContext_Digest
0x5fd5cb4d,0x5fd5cb4d,NSSCryptoContext_Encrypt
0xc92d559d,0xc92d559d,NSSCryptoContext_FindBestCertificateByEmail
0x27ed7a9c,0x27ed7a9c,NSSCryptoContext_FindBestCertificateByNameComponents
0x24381b7b,0x24381b7b,NSSCryptoContext_FindBestCertificateByNickname
0x12445cc5,0x12445cc5,NSSCryptoContext_FindBestCertificateBySubject
0xd9854359,0xd9854359,NSSCryptoContext_FindBestUserCertificate
0x23741e57,0x23741e57,NSSCryptoContext_FindBestUserCertificateForEmailSigning
0x90b0c1a3,0x90b0c1a3,NSSCryptoContext_FindBestUserCertificateForSSLClientAuth
0x2291153c,0x2291153c,NSSCryptoContext_FindCertificateByEncodedCertificate
0xc15d715e,0xc15d715e,NSSCryptoContext_FindCertificateByIssuerAndSerialNumber
0xf47ccb40,0xf47ccb40,NSSCryptoContext_FindCertificateByOCSPHash
0x8ca61242,0x8ca61242,NSSCryptoContext_FindCertificatesByEmail
0xafc940e1,0xafc940e1,NSSCryptoContext_FindCertificatesByNameComponents
0x3c21d200,0x3c21d200,NSSCryptoContext_FindCertificatesByNickname
0x96ded6aa,0x96ded6aa,NSSCryptoContext_FindCertificatesBySubject
0x33caf628,0x33caf628,NSSCryptoContext_FindOrImportCertificate
0x884b33ba,0x884b33ba,NSSCryptoContext_FindSymmetricKeyByAlgorithmAndKeyID
0xa006b87e,0xa006b87e,NSSCryptoContext_FindUserCertificates
0x4dd36cdc,0x4dd36cdc,NSSCryptoContext_FindUserCertificatesForEmailSigning
0x6f9e0c8,0x06f9e0c8,NSSCryptoContext_FindUserCertificatesForSSLClientAuth
0x19359c44,0x19359c44,NSSCryptoContext_FinishDecrypt
0x1853bd49,0x1853bd49,NSSCryptoContext_FinishDigest
0x7b2e46ae,0x7b2e46ae,NSSCryptoContext_FinishEncrypt
0x5c347f3a,0x5c347f3a,NSSCryptoContext_FinishSign
0xe438b2b0,0xe438b2b0,NSSCryptoContext_FinishSignRecover
0x420e4e1e,0x420e4e1e,NSSCryptoContext_FinishVerify
0xffe05914,0xffe05914,NSSCryptoContext_FinishVerifyRecover
0xf5ac0c8,0x0f5ac0c8,NSSCryptoContext_GenerateKeyPair
0x64792439,0x64792439,NSSCryptoContext_GenerateSymmetricKey
0x1ee68200,0x1ee68200,NSSCryptoContext_GenerateSymmetricKeyFromPassword
0xa768333a,0xa768333a,NSSCryptoContext_GetDefaultCallback
0xf3405082,0xf3405082,NSSCryptoContext_GetTrustDomain
0xc12b4498,0xc12b4498,NSSCryptoContext_ImportEncodedCertificate
0x43eba0f7,0x43eba0f7,NSSCryptoContext_ImportEncodedPKIXCertificateChain
0x5743d862,0x5743d862,NSSCryptoContext_ImportPKIXCertificate
0xd071ccc6,0xd071ccc6,NSSCryptoContext_SetDefaultCallback
0xde6e3039,0xde6e3039,NSSCryptoContext_Sign
0x243f6ecf,0x243f6ecf,NSSCryptoContext_SignRecover
0xe0527b4b,0xe0527b4b,NSSCryptoContext_UnwrapSymmetricKey
0x39783add,0x39783add,NSSCryptoContext_Verify
0x5c8698f3,0x5c8698f3,NSSCryptoContext_VerifyRecover
0xfd1493c8,0xfd1493c8,NSSCryptoContext_WrapSymmetricKey
0xf15cb1be,0xf15cb1be,NSSDBGC_CancelFunction
0xb8915cf8,0xb8915cf8,NSSDBGC_CloseAllSessions
0x1ab1fc2c,0x1ab1fc2c,NSSDBGC_CloseSession
0xe7ecc24,0x0e7ecc24,NSSDBGC_CopyObject
0xee9e3cbd,0xee9e3cbd,NSSDBGC_CreateObject
0x9b059c0d,0x9b059c0d,NSSDBGC_Decrypt
0x568716f0,0x568716f0,NSSDBGC_DecryptDigestUpdate
0x4e685417,0x4e685417,NSSDBGC_DecryptFinal
0x9d88c421,0x9d88c421,NSSDBGC_DecryptInit
0x9bb4f4d2,0x9bb4f4d2,NSSDBGC_DecryptMessage
0x25ac3fb7,0x25ac3fb7,NSSDBGC_DecryptMessageBegin
0xa41390f1,0xa41390f1,NSSDBGC_DecryptMessageNext
0x3ee96990,0x3ee96990,NSSDBGC_DecryptUpdate
0x32223385,0x32223385,NSSDBGC_DecryptVerifyUpdate
0xe04b025a,0xe04b025a,NSSDBGC_DeriveKey
0xf30b3213,0xf30b3213,NSSDBGC_DestroyObject
0x4ace67f2,0x4ace67f2,NSSDBGC_Digest
0xab9e749a,0xab9e749a,NSSDBGC_DigestEncryptUpdate
0xb895571c,0xb895571c,NSSDBGC_DigestFinal
0x5aeefa86,0x5aeefa86,NSSDBGC_DigestInit
0x390f073b,0x390f073b,NSSDBGC_DigestKey
0xeeb6cd35,0xeeb6cd35,NSSDBGC_DigestUpdate
0xfcfe4677,0xfcfe4677,NSSDBGC_Encrypt
0x2f9e10c1,0x2f9e10c1,NSSDBGC_EncryptFinal
0x4744938b,0x4744938b,NSSDBGC_EncryptInit
0xa14c83fc,0xa14c83fc,NSSDBGC_EncryptMessage
0x354dd921,0x354dd921,NSSDBGC_EncryptMessageBegin
0xbbd2a51b,0xbbd2a51b,NSSDBGC_EncryptMessageNext
0x46d6bb7a,0x46d6bb7a,NSSDBGC_EncryptUpdate
0x20939b44,0x20939b44,NSSDBGC_Finalize
0xbcfb19d,0x0bcfb19d,NSSDBGC_FindObjects
0x19ae63a7,0x19ae63a7,NSSDBGC_FindObjectsFinal
0xe98321b1,0xe98321b1,NSSDBGC_FindObjectsInit
0xf1d9aa06,0xf1d9aa06,NSSDBGC_GenerateKey
0x3b38c5f2,0x3b38c5f2,NSSDBGC_GenerateKeyPair
0xbc7c1e9e,0xbc7c1e9e,NSSDBGC_GenerateRandom
0x9bfe7d83,0x9bfe7d83,NSSDBGC_GetAttributeValue
0x260fbff4,0x260fbff4,NSSDBGC_GetFunctionList
0xfa10e79c,0xfa10e79c,NSSDBGC_GetFunctionStatus
0x8311473e,0x8311473e,NSSDBGC_GetInfo
0x6b39bc23,0x6b39bc23,NSSDBGC_GetInterface
0xac5c905f,0xac5c905f,NSSDBGC_GetInterfaceList
0x95c0e093,0x95c0e093,NSSDBGC_GetMechanismInfo
0x95c27223,0x95c27223,NSSDBGC_GetMechanismList
0x18416f64,0x18416f64,NSSDBGC_GetObjectSize
0x4f07a4c4,0x4f07a4c4,NSSDBGC_GetOperationState
0xa05fa02,0x0a05fa02,NSSDBGC_GetSessionInfo
0x62df5ee0,0x62df5ee0,NSSDBGC_GetSlotInfo
0x62e0f070,0x62e0f070,NSSDBGC_GetSlotList
0xa3b037ff,0xa3b037ff,NSSDBGC_GetTokenInfo
0x315431ad,0x315431ad,NSSDBGC_InitPIN
0xd7851227,0xd7851227,NSSDBGC_InitToken
0xf826f484,0xf826f484,NSSDBGC_Initialize
0xf3547e8b,0xf3547e8b,NSSDBGC_Login
0x6f675eea,0x6f675eea,NSSDBGC_LoginUser
0x5de46acc,0x5de46acc,NSSDBGC_Logout
0x1d339cbc,0x1d339cbc,NSSDBGC_MessageDecryptFinal
0x9c0b0c26,0x9c0b0c26,NSSDBGC_MessageDecryptInit
0xfe695966,0xfe695966,NSSDBGC_MessageEncryptFinal
0x45c6db90,0x45c6db90,NSSDBGC_MessageEncryptInit
0xcfad432,0x0cfad432,NSSDBGC_MessageSignFinal
0x1f6e2cdc,0x1f6e2cdc,NSSDBGC_MessageSignInit
0xdcc6fd16,0xdcc6fd16,NSSDBGC_MessageVerifyFinal
0xd826c940,0xd826c940,NSSDBGC_MessageVerifyInit
0x36217028,0x36217028,NSSDBGC_OpenSession
0x51dfe2d4,0x51dfe2d4,NSSDBGC_SeedRandom
0x1263c35c,0x1263c35c,NSSDBGC_SessionCancel
0x7e35158f,0x7e35158f,NSSDBGC_SetAttributeValue
0x313e3cd0,0x313e3cd0,NSSDBGC_SetOperationState
0x6d8a2965,0x6d8a2965,NSSDBGC_SetPIN
0x83826ba3,0x83826ba3,NSSDBGC_Sign
0x20e72feb,0x20e72feb,NSSDBGC_SignEncryptUpdate
0x1e24516d,0x1e24516d,NSSDBGC_SignFinal
0x106f6eb7,0x106f6eb7,NSSDBGC_SignInit
0x4a659fa8,0x4a659fa8,NSSDBGC_SignMessage
0x287204d,0x0287204d,NSSDBGC_SignMessageBegin
0x3e29b6c7,0x3e29b6c7,NSSDBGC_SignMessageNext
0xca256ef9,0xca256ef9,NSSDBGC_SignRecover
0x2cf02d0d,0x2cf02d0d,NSSDBGC_SignRecoverInit
0x62511a6,0x062511a6,NSSDBGC_SignUpdate
0x7f4aa258,0x7f4aa258,NSSDBGC_UnwrapKey
0x7488f8c7,0x7488f8c7,NSSDBGC_Verify
0xde44b511,0xde44b511,NSSDBGC_VerifyFinal
0xe7feddb,0x0e7feddb,NSSDBGC_VerifyInit
0x942d7c4c,0x942d7c4c,NSSDBGC_VerifyMessage
0x2e268371,0x2e268371,NSSDBGC_VerifyMessageBegin
0xac17456b,0xac17456b,NSSDBGC_VerifyMessageNext
0x13ed4b9d,0x13ed4b9d,NSSDBGC_VerifyRecover
0x9addbbb1,0x9addbbb1,NSSDBGC_VerifyRecoverInit
0xca51e9ca,0xca51e9ca,NSSDBGC_VerifyUpdate
0x691cccf2,0x691cccf2,NSSDBGC_WaitForSlotEvent
0x6fc51fb5,0x6fc51fb5,NSSDBGC_WrapKey
0x5c50c3e0,0x5c50c3e0,NSSPrivateKey_CreateCryptoContext
0xbf53fea1,0xbf53fea1,NSSPrivateKey_Decrypt
0x3cda0761,0x3cda0761,NSSPrivateKey_DeleteStoredObject
0xf7c6088b,0xf7c6088b,NSSPrivateKey_DeriveSymmetricKey
0xc0768190,0xc0768190,NSSPrivateKey_Destroy
0xf17e6234,0xf17e6234,NSSPrivateKey_Encode
0x7c36c118,0x7c36c118,NSSPrivateKey_FindBestCertificate
0xce44661d,0xce44661d,NSSPrivateKey_FindCertificates
0xd781a66f,0xd781a66f,NSSPrivateKey_FindPublicKey
0x757306c,0x0757306c,NSSPrivateKey_GetModule
0x6ba7e04c,0x6ba7e04c,NSSPrivateKey_GetPrivateModulusLength
0xfbba245a,0xfbba245a,NSSPrivateKey_GetSignatureLength
0xa7651e48,0xa7651e48,NSSPrivateKey_GetSlot
0x941c9267,0x941c9267,NSSPrivateKey_GetToken
0xe1988c80,0xe1988c80,NSSPrivateKey_GetTrustDomain
0xf06266cb,0xf06266cb,NSSPrivateKey_IsStillPresent
0x9985b6b7,0x9985b6b7,NSSPrivateKey_Sign
0x5d4afb8d,0x5d4afb8d,NSSPrivateKey_SignRecover
0x78448649,0x78448649,NSSPrivateKey_UnwrapSymmetricKey
0x78160524,0x78160524,NSSPublicKey_CreateCryptoContext
0xe09a3025,0xe09a3025,NSSPublicKey_DeleteStoredObject
0xaeccbcd4,0xaeccbcd4,NSSPublicKey_Destroy
0x7c9844f8,0x7c9844f8,NSSPublicKey_Encode
0xfa2e44f,0x0fa2e44f,NSSPublicKey_Encrypt
0x97fc025c,0x97fc025c,NSSPublicKey_FindBestCertificate
0xbf9b8de1,0xbf9b8de1,NSSPublicKey_FindCertificates
0x6f8ee66f,0x6f8ee66f,NSSPublicKey_FindPrivateKey
0xe4294cb0,0xe4294cb0,NSSPublicKey_GetModule
0x95bb598c,0x95bb598c,NSSPublicKey_GetSlot
0x4d3a362b,0x4d3a362b,NSSPublicKey_GetToken
0x80baf344,0x80baf344,NSSPublicKey_GetTrustDomain
0xa3a53b9f,0xa3a53b9f,NSSPublicKey_Verify
0xfbf6eb75,0xfbf6eb75,NSSPublicKey_VerifyRecover
0xd3c2ef0a,0xd3c2ef0a,NSSPublicKey_WrapSymmetricKey
0xe865735e,0xe865735e,NSSRWLock_Destroy
0x12f1ed9b,0x12f1ed9b,NSSRWLock_Destroy_Util
0x1c5fbeac,0x1c5fbeac,NSSRWLock_HaveWriteLock
0x7c0579a9,0x7c0579a9,NSSRWLock_HaveWriteLock_Util
0x32e1c5b9,0x32e1c5b9,NSSRWLock_LockRead
0x6636f0d6,0x6636f0d6,NSSRWLock_LockRead_Util
0x8f7c3cc8,0x8f7c3cc8,NSSRWLock_LockWrite
0x6bf12945,0x6bf12945,NSSRWLock_LockWrite_Util
0x9de5b63e,0x9de5b63e,NSSRWLock_New
0x376efc7b,0x376efc7b,NSSRWLock_New_Util
0xcc924d3c,0xcc924d3c,NSSRWLock_UnlockRead
0xa7e7a239,0xa7e7a239,NSSRWLock_UnlockRead_Util
0x5f3db4ab,0x5f3db4ab,NSSRWLock_UnlockWrite
0xe3b80708,0xe3b80708,NSSRWLock_UnlockWrite_Util
0xa95166e3,0xa95166e3,NSSSMIME_GetVersion
0x7480e61,0x07480e61,NSSSMIME_VersionCheck
0x2f379e1a,0x2f379e1a,NSSSSL_GetVersion
0xd67cc2ad,0xd67cc2ad,NSSSlotArray_Destroy
0x4918a2ae,0x4918a2ae,NSSSlot_Destroy
0x5baacae2,0x5baacae2,NSSSymmetricKey_CreateCryptoContext
0xf61f2a3,0x0f61f2a3,NSSSymmetricKey_Decrypt
0xa1ae3623,0xa1ae3623,NSSSymmetricKey_DeleteStoredObject
0x5c9a374d,0x5c9a374d,NSSSymmetricKey_DeriveSymmetricKey
0x10847592,0x10847592,NSSSymmetricKey_Destroy
0x715a9d0d,0x715a9d0d,NSSSymmetricKey_Encrypt
0xd2f57ed3,0xd2f57ed3,NSSSymmetricKey_GetKeyLength
0x67f41360,0x67f41360,NSSSymmetricKey_GetKeyStrength
0x92b22cee,0x92b22cee,NSSSymmetricKey_GetModule
0xf773124a,0xf773124a,NSSSymmetricKey_GetSlot
0xe5e906a9,0xe5e906a9,NSSSymmetricKey_GetToken
0x986faa42,0x986faa42,NSSSymmetricKey_GetTrustDomain
0xa739848d,0xa739848d,NSSSymmetricKey_IsStillPresent
0xdd0e59f9,0xdd0e59f9,NSSSymmetricKey_Sign
0x2b57208f,0x2b57208f,NSSSymmetricKey_SignRecover
0xaea12289,0xaea12289,NSSSymmetricKey_UnwrapPrivateKey
0xdd18b50b,0xdd18b50b,NSSSymmetricKey_UnwrapSymmetricKey
0x60c9d49d,0x60c9d49d,NSSSymmetricKey_Verify
0x8851bab3,0x8851bab3,NSSSymmetricKey_VerifyRecover
0x4db87c6,0x04db87c6,NSSSymmetricKey_WrapPrivateKey
0xab815d88,0xab815d88,NSSSymmetricKey_WrapSymmetricKey
0x60bd8ee2,0x60bd8ee2,NSSTime_GetPRTime
0x49df1ca5,0x49df1ca5,NSSTime_Now
0xd692daee,0xd692daee,NSSTime_SetPRTime
0x94818524,0x94818524,NSSToken_GetName
0x941f4c30,0x941f4c30,NSSTrustDomain_Create
0x4b6bd96,0x04b6bd96,NSSTrustDomain_CreateCryptoContext
0xb7209724,0xb7209724,NSSTrustDomain_CreateCryptoContextForAlgorithm
0x964db5ab,0x964db5ab,NSSTrustDomain_CreateCryptoContextForAlgorithmAndParameters
0x47b7ba46,0x47b7ba46,NSSTrustDomain_Destroy
0xd1971411,0xd1971411,NSSTrustDomain_DisableToken
0x6ac27804,0x6ac27804,NSSTrustDomain_EnableToken
0x46a2af91,0x46a2af91,NSSTrustDomain_FindBestCertificateByEmail
0x1f894710,0x1f894710,NSSTrustDomain_FindBestCertificateByNameComponents
0xdae0a0ef,0xdae0a0ef,NSSTrustDomain_FindBestCertificateByNickname
0xc27803b9,0xc27803b9,NSSTrustDomain_FindBestCertificateBySubject
0x4c0305ad,0x4c0305ad,NSSTrustDomain_FindBestTokenForAlgorithms
0xd663c1cd,0xd663c1cd,NSSTrustDomain_FindBestUserCertificate
0x294c064b,0x294c064b,NSSTrustDomain_FindBestUserCertificateForEmailSigning
0x5185a817,0x5185a817,NSSTrustDomain_FindBestUserCertificateForSSLClientAuth
0x1a2ce1b0,0x1a2ce1b0,NSSTrustDomain_FindCertificateByEncodedCertificate
0xc7355952,0xc7355952,NSSTrustDomain_FindCertificateByIssuerAndSerialNumber
0xa2f4b6b4,0xa2f4b6b4,NSSTrustDomain_FindCertificateByOCSPHash
0x898490b6,0x898490b6,NSSTrustDomain_FindCertificatesByEmail
0xe9f41d5,0x0e9f41d5,NSSTrustDomain_FindCertificatesByNameComponents
0xb9972bf4,0xb9972bf4,NSSTrustDomain_FindCertificatesByNickname
0x4556c21e,0x4556c21e,NSSTrustDomain_FindCertificatesBySubject
0xdab5f19b,0xdab5f19b,NSSTrustDomain_FindSlotByName
0x7fe7002e,0x7fe7002e,NSSTrustDomain_FindSymmetricKeyByAlgorithmAndKeyID
0xd6d987da,0xd6d987da,NSSTrustDomain_FindTokenByName
0x279ddafc,0x279ddafc,NSSTrustDomain_FindTokenBySlotName
0xa1c0e7cc,0xa1c0e7cc,NSSTrustDomain_FindTokenForAlgorithm
0x455a689c,0x455a689c,NSSTrustDomain_FindTokensByURI
0xb1ccab72,0xb1ccab72,NSSTrustDomain_FindUserCertificates
0x456f3950,0x456f3950,NSSTrustDomain_FindUserCertificatesForEmailSigning
0xf20f3bbc,0xf20f3bbc,NSSTrustDomain_FindUserCertificatesForSSLClientAuth
0xa2c0b3c,0x0a2c0b3c,NSSTrustDomain_GenerateKeyPair
0x763f172d,0x763f172d,NSSTrustDomain_GenerateSymmetricKey
0x7dbc82f4,0x7dbc82f4,NSSTrustDomain_GenerateSymmetricKeyFromPassword
0x256cd92e,0x256cd92e,NSSTrustDomain_GetDefaultCallback
0x7a26b8ba,0x7a26b8ba,NSSTrustDomain_ImportCertificate
0x59d9918c,0x59d9918c,NSSTrustDomain_ImportEncodedCertificate
0xf10584cf,0xf10584cf,NSSTrustDomain_ImportEncodedCertificateChain
0x99991c8d,0x99991c8d,NSSTrustDomain_ImportEncodedPrivateKey
0x693d2f11,0x693d2f11,NSSTrustDomain_ImportEncodedPublicKey
0xa1c829d6,0xa1c829d6,NSSTrustDomain_ImportPKIXCertificate
0xf0d0a824,0xf0d0a824,NSSTrustDomain_IsTokenEnabled
0x910fa882,0x910fa882,NSSTrustDomain_LoadModule
0xced0bf55,0xced0bf55,NSSTrustDomain_Login
0xa8e8c4d6,0xa8e8c4d6,NSSTrustDomain_Logout
0x4e7672ba,0x4e7672ba,NSSTrustDomain_SetDefaultCallback
0xa58b90fe,0xa58b90fe,NSSTrustDomain_TraverseCertificates
0xa922794b,0xa922794b,NSSUTIL_AddNSSFlagToModuleSpec
0x9ddc41c7,0x9ddc41c7,NSSUTIL_ArgDecodeNumber
0xceabc561,0xceabc561,NSSUTIL_ArgFetchValue
0x56be8e72,0x56be8e72,NSSUTIL_ArgFindEnd
0xf3450e5a,0xf3450e5a,NSSUTIL_ArgGetLabel
0x9ac63aa6,0x9ac63aa6,NSSUTIL_ArgGetPair
0xe98d25c8,0xe98d25c8,NSSUTIL_ArgGetParamValue
0xde546e50,0xde546e50,NSSUTIL_ArgHasFlag
0x51e97efe,0x51e97efe,NSSUTIL_ArgIsBlank
0x969866a7,0x969866a7,NSSUTIL_ArgIsEscape
0x52fe1a44,0x52fe1a44,NSSUTIL_ArgIsQuote
0x752bb2f3,0x752bb2f3,NSSUTIL_ArgNextFlag
0x9431129d,0x9431129d,NSSUTIL_ArgParseCipherFlags
0x6045f1c6,0x6045f1c6,NSSUTIL_ArgParseModuleSpec
0x898984a3,0x898984a3,NSSUTIL_ArgParseModuleSpecEx
0xc6b0da04,0xc6b0da04,NSSUTIL_ArgParseSlotFlags
0xfe4519c3,0xfe4519c3,NSSUTIL_ArgParseSlotInfo
0xef6e30a6,0xef6e30a6,NSSUTIL_ArgReadLong
0x23ac24d2,0x23ac24d2,NSSUTIL_ArgSkipParameter
0xc4e606c,0x0c4e606c,NSSUTIL_ArgStrip
0xfa139205,0xfa139205,NSSUTIL_DoModuleDBFunction
0xc47408ac,0xc47408ac,NSSUTIL_DoubleEscape
0x7b8fd0e7,0x7b8fd0e7,NSSUTIL_DoubleEscapeSize
0xa905de31,0xa905de31,NSSUTIL_Escape
0x586ae0ec,0x586ae0ec,NSSUTIL_EscapeSize
0x4aa46626,0x4aa46626,NSSUTIL_GetVersion
0x77c302c9,0x77c302c9,NSSUTIL_MkModuleSpec
0x748ee266,0x748ee266,NSSUTIL_MkModuleSpecEx
0x168d4a23,0x168d4a23,NSSUTIL_MkNSSString
0xd3365a71,0xd3365a71,NSSUTIL_MkSlotString
0xf675c88e,0xf675c88e,NSSUTIL_Quote
0x5652b1c9,0x5652b1c9,NSSUTIL_QuoteSize
0x2b067df,0x02b067df,NSSUserCertificate_Decrypt
0x95df6f09,0x95df6f09,NSSUserCertificate_DeriveSymmetricKey
0x8c803e49,0x8c803e49,NSSUserCertificate_IsStillPresent
0xb40278b5,0xb40278b5,NSSUserCertificate_Sign
0x5f15d3cb,0x5f15d3cb,NSSUserCertificate_SignRecover
0x165decc7,0x165decc7,NSSUserCertificate_UnwrapSymmetricKey
0xe08a794b,0xe08a794b,NSS_CMSAlgArray_GetIndexByAlgID
0xf1d9d59a,0xf1d9d59a,NSS_CMSAlgArray_GetIndexByAlgTag
0x9e41342c,0x9e41342c,NSS_CMSArray_Add
0x336382ee,0x336382ee,NSS_CMSArray_Alloc
0x33897f4c,0x33897f4c,NSS_CMSArray_Count
0xfb36b2e,0x0fb36b2e,NSS_CMSArray_IsEmpty
0x6671c98b,0x6671c98b,NSS_CMSArray_Sort
0x3b224e01,0x3b224e01,NSS_CMSArray_SortByDER
0xb459f3b,0x0b459f3b,NSS_CMSAttributeArray_AddAttr
0x8e423665,0x8e423665,NSS_CMSAttributeArray_Encode
0xd196b306,0xd196b306,NSS_CMSAttributeArray_FindAttrByOidTag
0x2b1a76ca,0x2b1a76ca,NSS_CMSAttributeArray_Reorder
0x7854957e,0x7854957e,NSS_CMSAttributeArray_SetAttr
0xe21b3c5e,0xe21b3c5e,NSS_CMSAttribute_AddValue
0x7995d2bc,0x7995d2bc,NSS_CMSAttribute_CompareValue
0xa48b09cc,0xa48b09cc,NSS_CMSAttribute_Create
0x4c8a8bda,0x4c8a8bda,NSS_CMSAttribute_GetType
0xddf30075,0xddf30075,NSS_CMSAttribute_GetValue
0x75886fbf,0x75886fbf,NSS_CMSCipherContext_Decrypt
0x233cd4e1,0x233cd4e1,NSS_CMSCipherContext_DecryptLength
0x76aaf2ae,0x76aaf2ae,NSS_CMSCipherContext_Destroy
0xd7811a29,0xd7811a29,NSS_CMSCipherContext_Encrypt
0x2b2a26cb,0x2b2a26cb,NSS_CMSCipherContext_EncryptLength
0x8742280d,0x8742280d,NSS_CMSCipherContext_StartDecrypt
0xe93ad277,0xe93ad277,NSS_CMSCipherContext_StartEncrypt
0xdc5c84d5,0xdc5c84d5,NSS_CMSContentInfo_Destroy
0xdf74ae2,0x0df74ae2,NSS_CMSContentInfo_GetBulkKey
0x7cb53e1d,0x7cb53e1d,NSS_CMSContentInfo_GetBulkKeySize
0x1e576eb6,0x1e576eb6,NSS_CMSContentInfo_GetChildContentInfo
0x4d1c2406,0x4d1c2406,NSS_CMSContentInfo_GetContent
0x597677b0,0x597677b0,NSS_CMSContentInfo_GetContentEncAlg
0xaf590bec,0xaf590bec,NSS_CMSContentInfo_GetContentEncAlgTag
0x25963924,0x25963924,NSS_CMSContentInfo_GetContentTypeOID
0x259651a4,0x259651a4,NSS_CMSContentInfo_GetContentTypeTag
0xc10c2342,0xc10c2342,NSS_CMSContentInfo_GetInnerContent
0x4a147f39,0x4a147f39,NSS_CMSContentInfo_Private_Init
0x3e76186e,0x3e76186e,NSS_CMSContentInfo_SetBulkKey
0x7d9af192,0x7d9af192,NSS_CMSContentInfo_SetContent
0xebf43e3c,0xebf43e3c,NSS_CMSContentInfo_SetContentEncAlg
0xb9fcc6e9,0xb9fcc6e9,NSS_CMSContentInfo_SetContentEncAlgID
0x9488ca6b,0x9488ca6b,NSS_CMSContentInfo_SetContent_Data
0x3bcbccf4,0x3bcbccf4,NSS_CMSContentInfo_SetContent_DigestedData
0xa990b719,0xa990b719,NSS_CMSContentInfo_SetContent_EncryptedData
0x506c474d,0x506c474d,NSS_CMSContentInfo_SetContent_EnvelopedData
0x37c08da5,0x37c08da5,NSS_CMSContentInfo_SetContent_SignedData
0x2e4c4af8,0x2e4c4af8,NSS_CMSContentInfo_SetDontStream
0x4ef77486,0x4ef77486,NSS_CMSContent_GetContentInfo
0x92c7f98e,0x92c7f98e,NSS_CMSDEREncode
0x5063afe0,0x5063afe0,NSS_CMSDecoder_Cancel
0x57f4091b,0x57f4091b,NSS_CMSDecoder_Finish
0xb5d4ee8,0x0b5d4ee8,NSS_CMSDecoder_Start
0x7b6a785d,0x7b6a785d,NSS_CMSDecoder_Update
0x70f3b00f,0x70f3b00f,NSS_CMSDigestContext_Cancel
0xafc3c16,0x0afc3c16,NSS_CMSDigestContext_FinishMultiple
0xa142a80c,0xa142a80c,NSS_CMSDigestContext_FinishSingle
0x14be5503,0x14be5503,NSS_CMSDigestContext_StartMultiple
0x8fdfa1b9,0x8fdfa1b9,NSS_CMSDigestContext_StartSingle
0x9bfa788c,0x9bfa788c,NSS_CMSDigestContext_Update
0xaa4129b,0x0aa4129b,NSS_CMSDigestedData_Create
0x8986eb76,0x8986eb76,NSS_CMSDigestedData_Decode_AfterData
0xc61b6253,0xc61b6253,NSS_CMSDigestedData_Decode_AfterEnd
0x62642937,0x62642937,NSS_CMSDigestedData_Decode_BeforeData
0x8ed54e11,0x8ed54e11,NSS_CMSDigestedData_Destroy
0x533eed20,0x533eed20,NSS_CMSDigestedData_Encode_AfterData
0x631c6021,0x631c6021,NSS_CMSDigestedData_Encode_BeforeData
0xc7c1f0d5,0xc7c1f0d5,NSS_CMSDigestedData_Encode_BeforeStart
0x522f2dee,0x522f2dee,NSS_CMSDigestedData_GetContentInfo
0x55fb3f0a,0x55fb3f0a,NSS_CMSEncoder_Cancel
0x5d8b9845,0x5d8b9845,NSS_CMSEncoder_Finish
0x134aa0d2,0x134aa0d2,NSS_CMSEncoder_Start
0x81020787,0x81020787,NSS_CMSEncoder_Update
0x1318d7a0,0x1318d7a0,NSS_CMSEncryptedData_Create
0xa5457abb,0xa5457abb,NSS_CMSEncryptedData_Decode_AfterData
0xc6f29cf8,0xc6f29cf8,NSS_CMSEncryptedData_Decode_AfterEnd
0xf5f4a11c,0xf5f4a11c,NSS_CMSEncryptedData_Decode_BeforeData
0xa5e2b3b6,0xa5e2b3b6,NSS_CMSEncryptedData_Destroy
0x6efd7c65,0x6efd7c65,NSS_CMSEncryptedData_Encode_AfterData
0xf6acd806,0xf6acd806,NSS_CMSEncryptedData_Encode_BeforeData
0xcd61655a,0xcd61655a,NSS_CMSEncryptedData_Encode_BeforeStart
0x980727f3,0x980727f3,NSS_CMSEncryptedData_GetContentInfo
0x2dab3fac,0x2dab3fac,NSS_CMSEnvelopedData_AddRecipient
0x1ab1a554,0x1ab1a554,NSS_CMSEnvelopedData_Create
0xd31f96f,0x0d31f96f,NSS_CMSEnvelopedData_Decode_AfterData
0x2730152c,0x2730152c,NSS_CMSEnvelopedData_Decode_AfterEnd
0x5b70f650,0x5b70f650,NSS_CMSEnvelopedData_Decode_BeforeData
0xa09537ea,0xa09537ea,NSS_CMSEnvelopedData_Destroy
0xd6e9fb19,0xd6e9fb19,NSS_CMSEnvelopedData_Encode_AfterData
0x5c292d3a,0x5c292d3a,NSS_CMSEnvelopedData_Encode_BeforeData
0xe268610e,0xe268610e,NSS_CMSEnvelopedData_Encode_BeforeStart
0x459c69a7,0x459c69a7,NSS_CMSEnvelopedData_GetContentInfo
0x61c7d6cb,0x61c7d6cb,NSS_CMSGenericWrapperData_Decode_AfterData
0x6f91b708,0x6f91b708,NSS_CMSGenericWrapperData_Decode_AfterEnd
0x42c27f2c,0x42c27f2c,NSS_CMSGenericWrapperData_Decode_BeforeData
0x9c50bdc6,0x9c50bdc6,NSS_CMSGenericWrapperData_Destroy
0x2b7fd875,0x2b7fd875,NSS_CMSGenericWrapperData_Encode_AfterData
0x437ab616,0x437ab616,NSS_CMSGenericWrapperData_Encode_BeforeData
0xb3eb056a,0xb3eb056a,NSS_CMSGenericWrapperData_Encode_BeforeStart
0xe3f247fe,0xe3f247fe,NSS_CMSMessage_ContainsCertsOrCrls
0x686fd91c,0x686fd91c,NSS_CMSMessage_ContentLevel
0x7b8b32c5,0x7b8b32c5,NSS_CMSMessage_ContentLevelCount
0xeeef7fc4,0xeeef7fc4,NSS_CMSMessage_Copy
0x68fe6b5d,0x68fe6b5d,NSS_CMSMessage_Create
0x1590a4ec,0x1590a4ec,NSS_CMSMessage_CreateFromDER
0xb87abf13,0xb87abf13,NSS_CMSMessage_Destroy
0x8b523b70,0x8b523b70,NSS_CMSMessage_GetArena
0x3c6a1d84,0x3c6a1d84,NSS_CMSMessage_GetContent
0x77af28b0,0x77af28b0,NSS_CMSMessage_GetContentInfo
0x714d632f,0x714d632f,NSS_CMSMessage_IsContentEmpty
0xc72b8f13,0xc72b8f13,NSS_CMSMessage_IsEncrypted
0x4f58ec1f,0x4f58ec1f,NSS_CMSMessage_IsSigned
0x62af8d20,0x62af8d20,NSS_CMSMessage_SetEncodingParams
0x45fc2632,0x45fc2632,NSS_CMSRecipientEncryptedKey_Create
0xe7db7d67,0xe7db7d67,NSS_CMSRecipientInfo_Create
0x7557c7b6,0x7557c7b6,NSS_CMSRecipientInfo_CreateFromDER
0xe2c03151,0xe2c03151,NSS_CMSRecipientInfo_CreateNew
0x19240a6d,0x19240a6d,NSS_CMSRecipientInfo_CreateWithSubjKeyID
0x5ec0f1cf,0x5ec0f1cf,NSS_CMSRecipientInfo_CreateWithSubjKeyIDFromCert
0x12fa125d,0x12fa125d,NSS_CMSRecipientInfo_Destroy
0xec3c8d61,0xec3c8d61,NSS_CMSRecipientInfo_Encode
0x1c4a3b1d,0x1c4a3b1d,NSS_CMSRecipientInfo_GetCertAndKey
0xb3d9fcca,0xb3d9fcca,NSS_CMSRecipientInfo_GetEncryptedKey
0x7273114a,0x7273114a,NSS_CMSRecipientInfo_GetKeyEncryptionAlgorithmTag
0xc7bbf759,0xc7bbf759,NSS_CMSRecipientInfo_GetVersion
0x3fe86847,0x3fe86847,NSS_CMSRecipientInfo_UnwrapBulkKey
0x234dcfe4,0x234dcfe4,NSS_CMSRecipientInfo_WrapBulkKey
0x1a74f0a9,0x1a74f0a9,NSS_CMSRecipient_IsSupported
0x29bfa3f2,0x29bfa3f2,NSS_CMSSignedData_AddCertChain
0x4edc390b,0x4edc390b,NSS_CMSSignedData_AddCertList
0x1406da4,0x01406da4,NSS_CMSSignedData_AddCertificate
0x76163081,0x76163081,NSS_CMSSignedData_AddDigest
0xcf94ac15,0xcf94ac15,NSS_CMSSignedData_AddSignerInfo
0x28f7ec5a,0x28f7ec5a,NSS_CMSSignedData_AddTempCertificate
0x3c99da2d,0x3c99da2d,NSS_CMSSignedData_ContainsCertsOrCrls
0xc6aec52c,0xc6aec52c,NSS_CMSSignedData_Create
0xecb93cf,0x0ecb93cf,NSS_CMSSignedData_CreateCertsOnly
0x599ac747,0x599ac747,NSS_CMSSignedData_Decode_AfterData
0x504a8804,0x504a8804,NSS_CMSSignedData_Decode_AfterEnd
0x34f37f28,0x34f37f28,NSS_CMSSignedData_Decode_BeforeData
0xcc3652c2,0xcc3652c2,NSS_CMSSignedData_Destroy
0x2352c8f1,0x2352c8f1,NSS_CMSSignedData_Encode_AfterData
0x35abb612,0x35abb612,NSS_CMSSignedData_Encode_BeforeData
0xec3c04e6,0xec3c04e6,NSS_CMSSignedData_Encode_BeforeStart
0x4c232737,0x4c232737,NSS_CMSSignedData_GetCertificateList
0xf947e17f,0xf947e17f,NSS_CMSSignedData_GetContentInfo
0x61eaf13f,0x61eaf13f,NSS_CMSSignedData_GetDigestAlgs
0xa0bf2975,0xa0bf2975,NSS_CMSSignedData_GetDigestValue
0x328d968c,0x328d968c,NSS_CMSSignedData_GetSignerInfo
0x8440687f,0x8440687f,NSS_CMSSignedData_GetSignerInfos
0xcf8c5f27,0xcf8c5f27,NSS_CMSSignedData_HasDigests
0x993d7234,0x993d7234,NSS_CMSSignedData_ImportCerts
0x67c1dd01,0x67c1dd01,NSS_CMSSignedData_SetDigestValue
0xba343477,0xba343477,NSS_CMSSignedData_SetDigests
0xbb889b5,0x0bb889b5,NSS_CMSSignedData_SignerInfoCount
0xc0059f90,0xc0059f90,NSS_CMSSignedData_VerifyCertsOnly
0xc05fb2c1,0xc05fb2c1,NSS_CMSSignedData_VerifySignerInfo
0xf30bb7ce,0xf30bb7ce,NSS_CMSSignerInfo_AddAuthAttr
0x8f771893,0x8f771893,NSS_CMSSignerInfo_AddCounterSignature
0xc3104afb,0xc3104afb,NSS_CMSSignerInfo_AddMSSMIMEEncKeyPrefs
0x6e2315e3,0x6e2315e3,NSS_CMSSignerInfo_AddSMIMECaps
0x9723147b,0x9723147b,NSS_CMSSignerInfo_AddSMIMEEncKeyPrefs
0x475523df,0x475523df,NSS_CMSSignerInfo_AddSigningTime
0xdc197e91,0xdc197e91,NSS_CMSSignerInfo_AddUnauthAttr
0xd0223fac,0xd0223fac,NSS_CMSSignerInfo_Create
0x672594d2,0x672594d2,NSS_CMSSignerInfo_CreateWithSubjKeyID
0x4191d42,0x04191d42,NSS_CMSSignerInfo_Destroy
0x641e2442,0x641e2442,NSS_CMSSignerInfo_GetCertList
0x9e6f61cc,0x9e6f61cc,NSS_CMSSignerInfo_GetDigestAlg
0xf1b11088,0xf1b11088,NSS_CMSSignerInfo_GetDigestAlgTag
0xeb9ad2ca,0xeb9ad2ca,NSS_CMSSignerInfo_GetSignerCommonName
0x791fd3ee,0x791fd3ee,NSS_CMSSignerInfo_GetSignerEmailAddress
0x5e70228a,0x5e70228a,NSS_CMSSignerInfo_GetSigningCertificate
0x96b5d36,0x096b5d36,NSS_CMSSignerInfo_GetSigningTime
0xadef399f,0xadef399f,NSS_CMSSignerInfo_GetVerificationStatus
0x1e74541e,0x1e74541e,NSS_CMSSignerInfo_GetVersion
0xc811c4bd,0xc811c4bd,NSS_CMSSignerInfo_IncludeCerts
0x772c9fa9,0x772c9fa9,NSS_CMSSignerInfo_Sign
0xfb90464d,0xfb90464d,NSS_CMSSignerInfo_Verify
0xdb2e3450,0xdb2e3450,NSS_CMSSignerInfo_VerifyCertificate
0xba21c23c,0xba21c23c,NSS_CMSType_GetContentSize
0xc726022,0x0c726022,NSS_CMSType_GetTemplate
0xfc54629c,0xfc54629c,NSS_CMSType_IsData
0x9ed33423,0x9ed33423,NSS_CMSType_IsWrapper
0xc826c8e8,0xc826c8e8,NSS_CMSType_RegisterContentType
0x7df4bc44,0x7df4bc44,NSS_CMSUtil_DERCompare
0xd989b1b2,0xd989b1b2,NSS_CMSUtil_DecryptSymKey_ECDH
0xb9046584,0xb9046584,NSS_CMSUtil_DecryptSymKey_RSA
0xcf57ff88,0xcf57ff88,NSS_CMSUtil_DecryptSymKey_RSA_OAEP
0x67b3b514,0x67b3b514,NSS_CMSUtil_EncryptSymKey_ESECDH
0xb9bc9c6e,0xb9bc9c6e,NSS_CMSUtil_EncryptSymKey_RSA
0x6a60a5de,0x6a60a5de,NSS_CMSUtil_EncryptSymKey_RSAPubKey
0x9c2ed23d,0x9c2ed23d,NSS_CMSUtil_GetHashObjByAlgID
0x921ceb56,0x921ceb56,NSS_CMSUtil_GetSizeByTypeTag
0xeffcb17,0x0effcb17,NSS_CMSUtil_GetTemplateByTypeTag
0xec96d998,0xec96d998,NSS_CMSUtil_MapSignAlgs
0x477d07a3,0x477d07a3,NSS_CMSUtil_VerificationStatusToString
0x3071d242,0x3071d242,NSS_ERROR_ALREADY_INITIALIZED
0xac56e7a6,0xac56e7a6,NSS_ERROR_ARENA_MARKED_BY_ANOTHER_THREAD
0xe0bdec65,0xe0bdec65,NSS_ERROR_BUFFER_TOO_SHORT
0x912472ce,0x912472ce,NSS_ERROR_BUSY
0x7fe20477,0x7fe20477,NSS_ERROR_CERTIFICATE_IN_CACHE
0x6e44ecb3,0x6e44ecb3,NSS_ERROR_CERTIFICATE_ISSUER_NOT_FOUND
0xe3638ea4,0xe3638ea4,NSS_ERROR_DEVICE_ERROR
0x4c2b9546,0x4c2b9546,NSS_ERROR_DUPLICATE_POINTER
0xb21958fa,0xb21958fa,NSS_ERROR_HASH_COLLISION
0xa3495fb1,0xa3495fb1,NSS_ERROR_INTERNAL_ERROR
0x5b5f8b38,0x5b5f8b38,NSS_ERROR_INVALID_ARENA
0x1551bea2,0x1551bea2,NSS_ERROR_INVALID_ARENA_MARK
0xe4872174,0xe4872174,NSS_ERROR_INVALID_ARGUMENT
0xc21a11ba,0xc21a11ba,NSS_ERROR_INVALID_ASN1DECODER
0x2412bc24,0x2412bc24,NSS_ERROR_INVALID_ASN1ENCODER
0x298e901d,0x298e901d,NSS_ERROR_INVALID_ATAV
0xb7f8a0db,0xb7f8a0db,NSS_ERROR_INVALID_ATOB_CONTEXT
0xc87a0016,0xc87a0016,NSS_ERROR_INVALID_BASE64
0x1888354a,0x1888354a,NSS_ERROR_INVALID_BER
0x746f8d3b,0x746f8d3b,NSS_ERROR_INVALID_BTOA_CONTEXT
0x36cfb734,0x36cfb734,NSS_ERROR_INVALID_CERTIFICATE
0x2992f3a0,0x2992f3a0,NSS_ERROR_INVALID_ITEM
0xe5bdcdc1,0xe5bdcdc1,NSS_ERROR_INVALID_NSSOID
0xbba3ef24,0xbba3ef24,NSS_ERROR_INVALID_PASSWORD
0x2d620ab2,0x2d620ab2,NSS_ERROR_INVALID_POINTER
0xf1790c28,0xf1790c28,NSS_ERROR_INVALID_STRING
0x29998838,0x29998838,NSS_ERROR_INVALID_UTF8
0x84458ea4,0x84458ea4,NSS_ERROR_MAXIMUM_FOUND
0xa55bf7,0x00a55bf7,NSS_ERROR_NOT_FOUND
0x9813b1,0x009813b1,NSS_ERROR_NO_ERROR
0x2555d2c0,0x2555d2c0,NSS_ERROR_NO_MEMORY
0x8bf6c8fe,0x8bf6c8fe,NSS_ERROR_PKCS11
0xcf895c09,0xcf895c09,NSS_ERROR_POINTER_NOT_REGISTERED
0x642f0cd5,0x642f0cd5,NSS_ERROR_TRACKER_NOT_EMPTY
0xa17427c,0x0a17427c,NSS_ERROR_TRACKER_NOT_INITIALIZED
0xe0cdc6ce,0xe0cdc6ce,NSS_ERROR_UNKNOWN_ATTRIBUTE
0x3e1140d5,0x3e1140d5,NSS_ERROR_UNSUPPORTED_TYPE
0x7f589398,0x7f589398,NSS_ERROR_USER_CANCELED
0x3e9d5083,0x3e9d5083,NSS_ERROR_VALUE_TOO_LARGE
0x8618b8c4,0x8618b8c4,NSS_FindCertKEAType
0x6ae39fd9,0x6ae39fd9,NSS_GetAlgorithmPolicy
0xfbab6012,0xfbab6012,NSS_GetAlgorithmPolicyAll
0xdfc60e8c,0xdfc60e8c,NSS_GetError
0xa0703da2,0xa0703da2,NSS_GetErrorStack
0xb1ab75e4,0xb1ab75e4,NSS_GetSystemFIPSEnabled
0xe7d0f428,0xe7d0f428,NSS_GetVersion
0xac903876,0xac903876,NSS_Get_CERT_CertificateRequestTemplate
0x2afced0d,0x2afced0d,NSS_Get_CERT_CertificateTemplate
0x3630710b,0x3630710b,NSS_Get_CERT_CrlTemplate
0x756bff39,0x756bff39,NSS_Get_CERT_IssuerAndSNTemplate
0xdcf7374b,0xdcf7374b,NSS_Get_CERT_NameTemplate
0x72274e03,0x72274e03,NSS_Get_CERT_SequenceOfCertExtensionTemplate
0xe4fdb3c6,0xe4fdb3c6,NSS_Get_CERT_SetOfSignedCrlTemplate
0xdf8fb8c5,0xdf8fb8c5,NSS_Get_CERT_SignedCrlTemplate
0x1316045e,0x1316045e,NSS_Get_CERT_SignedDataTemplate
0xced7214e,0xced7214e,NSS_Get_CERT_SubjectPublicKeyInfoTemplate
0xdce126c4,0xdce126c4,NSS_Get_CERT_TimeChoiceTemplate
0x21d892ac,0x21d892ac,NSS_Get_NSSCMSGenericWrapperDataTemplate
0xe474462f,0xe474462f,NSS_Get_NSS_PointerToCMSGenericWrapperDataTemplate
0xc4304a59,0xc4304a59,NSS_Get_PKIX_PL_LDAPMessageTemplate
0x68562fa0,0x68562fa0,NSS_Get_SECKEY_DSAPublicKeyTemplate
0xe900667e,0xe900667e,NSS_Get_SECKEY_EncryptedPrivateKeyInfoTemplate
0xbbd9b5a2,0xbbd9b5a2,NSS_Get_SECKEY_PointerToEncryptedPrivateKeyInfoTemplate
0x66075794,0x66075794,NSS_Get_SECKEY_PointerToPrivateKeyInfoTemplate
0x8b5bc0f0,0x8b5bc0f0,NSS_Get_SECKEY_PrivateKeyInfoTemplate
0x25e19860,0x25e19860,NSS_Get_SECKEY_RSAPSSParamsTemplate
0x927ab8ee,0x927ab8ee,NSS_Get_SECKEY_RSAPublicKeyTemplate
0xc89f2087,0xc89f2087,NSS_Get_SECOID_AlgorithmIDTemplate
0xeae33c64,0xeae33c64,NSS_Get_SECOID_AlgorithmIDTemplate_Util
0x25ebc2df,0x25ebc2df,NSS_Get_SEC_AnyTemplate
0x28ab15bc,0x28ab15bc,NSS_Get_SEC_AnyTemplate_Util
0x2f77e34d,0x2f77e34d,NSS_Get_SEC_BMPStringTemplate
0xaf62aaea,0xaf62aaea,NSS_Get_SEC_BMPStringTemplate_Util
0x7b53770d,0x7b53770d,NSS_Get_SEC_BitStringTemplate
0x425096aa,0x425096aa,NSS_Get_SEC_BitStringTemplate_Util
0x2a574837,0x2a574837,NSS_Get_SEC_BooleanTemplate
0xb357b214,0xb357b214,NSS_Get_SEC_BooleanTemplate_Util
0x7059ef41,0x7059ef41,NSS_Get_SEC_EnumeratedTemplate
0x2abb76f0,0x2abb76f0,NSS_Get_SEC_GeneralizedTimeTemplate
0x8f12fc6d,0x8f12fc6d,NSS_Get_SEC_GeneralizedTimeTemplate_Util
0x6866b76d,0x6866b76d,NSS_Get_SEC_IA5StringTemplate
0x7d5b130a,0x7d5b130a,NSS_Get_SEC_IA5StringTemplate_Util
0x891423c5,0x891423c5,NSS_Get_SEC_IntegerTemplate
0xcc91f662,0xcc91f662,NSS_Get_SEC_IntegerTemplate_Util
0x9d87a3b2,0x9d87a3b2,NSS_Get_SEC_NullTemplate
0x8e3726f,0x08e3726f,NSS_Get_SEC_NullTemplate_Util
0xfd428e1b,0xfd428e1b,NSS_Get_SEC_ObjectIDTemplate
0x18ee4678,0x18ee4678,NSS_Get_SEC_ObjectIDTemplate_Util
0xdf6f374d,0xdf6f374d,NSS_Get_SEC_OctetStringTemplate
0xe30e7eea,0xe30e7eea,NSS_Get_SEC_OctetStringTemplate_Util
0x119df5e3,0x119df5e3,NSS_Get_SEC_PointerToAnyTemplate
0x3409cb40,0x3409cb40,NSS_Get_SEC_PointerToAnyTemplate_Util
0xce3c15c5,0xce3c15c5,NSS_Get_SEC_PointerToEnumeratedTemplate
0x5dce4ff4,0x5dce4ff4,NSS_Get_SEC_PointerToGeneralizedTimeTemplate
0xf9962e51,0xf9962e51,NSS_Get_SEC_PointerToOctetStringTemplate
0x787c786e,0x787c786e,NSS_Get_SEC_PointerToOctetStringTemplate_Util
0x7967eb4f,0x7967eb4f,NSS_Get_SEC_PrintableStringTemplate
0xba3d932d,0xba3d932d,NSS_Get_SEC_SequenceOfAnyTemplate
0xd328bf29,0xd328bf29,NSS_Get_SEC_SequenceOfObjectIDTemplate
0x4af13940,0x4af13940,NSS_Get_SEC_SetOfAnyTemplate
0x5bceb0bd,0x5bceb0bd,NSS_Get_SEC_SetOfAnyTemplate_Util
0x7e16b554,0x7e16b554,NSS_Get_SEC_SignedCertificateTemplate
0x227b72ae,0x227b72ae,NSS_Get_SEC_SkipTemplate
0xa45d15c9,0xa45d15c9,NSS_Get_SEC_T61StringTemplate
0xfb499fd2,0xfb499fd2,NSS_Get_SEC_UTCTimeTemplate
0x45e8028f,0x45e8028f,NSS_Get_SEC_UTCTimeTemplate_Util
0xd74b4c75,0xd74b4c75,NSS_Get_SEC_UTF8StringTemplate
0x7e0e0d12,0x7e0e0d12,NSS_Get_SEC_UTF8StringTemplate_Util
0x1ccbf5a7,0x1ccbf5a7,NSS_Get_SEC_UniversalStringTemplate
0x6d5debb0,0x6d5debb0,NSS_Get_sgn_DigestInfoTemplate
0x1d3c692d,0x1d3c692d,NSS_Get_sgn_DigestInfoTemplate_Util
0xbd3719f6,0xbd3719f6,NSS_Init
0x7ed5ee7b,0x7ed5ee7b,NSS_InitContext
0x15bb66dd,0x15bb66dd,NSS_InitReadWrite
0xcc5c22e2,0xcc5c22e2,NSS_InitWithMerge
0xeee23514,0xeee23514,NSS_Initialize
0xd22d4668,0xd22d4668,NSS_InitializePRErrorTable
0xf7f990d4,0xf7f990d4,NSS_IsInitialized
0x419c77a0,0x419c77a0,NSS_IsPolicyLocked
0xf7d395db,0xf7d395db,NSS_LockPolicy
0xcb2817b8,0xcb2817b8,NSS_NoDB_Init
0xf7001dfb,0xf7001dfb,NSS_OptionGet
0xf7005107,0xf7005107,NSS_OptionSet
0x781f7f73,0x781f7f73,NSS_PBE_DEFAULT_ITERATION_COUNT
0xd57176e8,0xd57176e8,NSS_PointerToCMSDigestedDataTemplate
0xc483f90d,0xc483f90d,NSS_PointerToCMSEncryptedDataTemplate
0xbf367d41,0xbf367d41,NSS_PointerToCMSEnvelopedDataTemplate
0x9b49019d,0x9b49019d,NSS_PointerToCMSGenericWrapperDataTemplate
0x2a2af299,0x2a2af299,NSS_PointerToCMSSignedDataTemplate
0xf83d8644,0xf83d8644,NSS_PutEnv
0xdf27c041,0xdf27c041,NSS_PutEnv_Util
0x81001e03,0x81001e03,NSS_RegisterShutdown
0x8f8ab6eb,0x8f8ab6eb,NSS_SMIMESignerInfo_SaveSMIMEProfile
0x4247b674,0x4247b674,NSS_SMIMEUtil_AllowCipher
0xde7cf128,0xde7cf128,NSS_SMIMEUtil_CreateMSSMIMEEncKeyPrefs
0x8d9b6d93,0x8d9b6d93,NSS_SMIMEUtil_CreateSMIMECapabilities
0x34e64b68,0x34e64b68,NSS_SMIMEUtil_CreateSMIMEEncKeyPrefs
0x594acc63,0x594acc63,NSS_SMIMEUtil_DecryptionAllowed
0xfc49129c,0xfc49129c,NSS_SMIMEUtil_EnableCipher
0x5a03034d,0x5a03034d,NSS_SMIMEUtil_EncryptionAllowed
0x91c7ea50,0x91c7ea50,NSS_SMIMEUtil_EncryptionEnabled
0x69c26226,0x69c26226,NSS_SMIMEUtil_EncryptionPossible
0xeb5c2d3a,0xeb5c2d3a,NSS_SMIMEUtil_FindBulkAlgForRecipients
0x9a47c8ef,0x9a47c8ef,NSS_SMIMEUtil_GetCertFromEncryptionKeyPreference
0x8dd615c8,0x8dd615c8,NSS_SMIMEUtil_KeyDecodingAllowed
0x465f8a32,0x465f8a32,NSS_SMIMEUtil_KeyEncodingAllowed
0x7eeee551,0x7eeee551,NSS_SMIMEUtil_SigningAllowed
0xff5a2148,0xff5a2148,NSS_SecureMemcmp
0x76cc9c28,0x76cc9c28,NSS_SecureMemcmpZero
0xd588fe9,0x0d588fe9,NSS_SecureSelect
0x93ed3965,0x93ed3965,NSS_SetAlgorithmPolicy
0xc8471e1e,0xc8471e1e,NSS_SetAlgorithmPolicyAll
0xdf6aae9e,0xdf6aae9e,NSS_Shutdown
0xe3eeb623,0xe3eeb623,NSS_ShutdownContext
0x379fac06,0x379fac06,NSS_UnregisterShutdown
0xe3e000e6,0xe3e000e6,NSS_VersionCheck
0xbe06547,0x0be06547,NSS_ZAlloc
0x93ff682d,0x93ff682d,NSS_ZFreeIf
0x911041be,0x911041be,NSS_ZRealloc
0xe521fa13,0xe521fa13,NT.DLL(Function Name)
0x2a43fa05,0x2a43fa05,NamedEscape
0x2a0f9ed6,0x2a0f9ed6,Ndr64AsyncClientCall
0x4e7d3a98,0x4e7d3a98,Ndr64AsyncServerCall64
0x1e24c407,0x1e24c407,Ndr64AsyncServerCallAll
0x94137099,0x94137099,Ndr64DcomAsyncClientCall
0x6342d058,0x6342d058,Ndr64DcomAsyncStubCall
0x612a7d8,0x0612a7d8,NdrAllocate
0xf86fd02c,0xf86fd02c,NdrAsyncClientCall
0x5f7db144,0x5f7db144,NdrAsyncServerCall
0x48eac2a6,0x48eac2a6,NdrByteCountPointerBufferSize
0x4d181d13,0x4d181d13,NdrByteCountPointerFree
0x9ff05185,0x9ff05185,NdrByteCountPointerMarshall
0x79a69c48,0x79a69c48,NdrByteCountPointerUnmarshall
0xd522d28b,0xd522d28b,NdrCStdStubBuffer2_Release
0x75084539,0x75084539,NdrCStdStubBuffer_Release
0x8f8c8f26,0x8f8c8f26,NdrClearOutParameters
0x6b291720,0x6b291720,NdrClientCall2
0x6b291721,0x6b291721,NdrClientCall3
0x21d9d4ab,0x21d9d4ab,NdrClientContextMarshall
0x1bfd80ee,0x1bfd80ee,NdrClientContextUnmarshall
0xeb162184,0xeb162184,NdrClientInitialize
0x2db83c4e,0x2db83c4e,NdrClientInitializeNew
0x2e3bcb1f,0x2e3bcb1f,NdrComplexArrayBufferSize
0xe00e7ecc,0xe00e7ecc,NdrComplexArrayFree
0xa642e7be,0xa642e7be,NdrComplexArrayMarshall
0x5c53a81e,0x5c53a81e,NdrComplexArrayMemorySize
0x5ef7a4c1,0x5ef7a4c1,NdrComplexArrayUnmarshall
0x589a56e5,0x589a56e5,NdrComplexStructBufferSize
0xe6f92e12,0xe6f92e12,NdrComplexStructFree
0x75dfca04,0x75dfca04,NdrComplexStructMarshall
0x86b233e4,0x86b233e4,NdrComplexStructMemorySize
0x89563087,0x89563087,NdrComplexStructUnmarshall
0x99aea3e,0x099aea3e,NdrConformantArrayBufferSize
0x8f0872ab,0x8f0872ab,NdrConformantArrayFree
0x66c1b31d,0x66c1b31d,NdrConformantArrayMarshall
0x37b2c73d,0x37b2c73d,NdrConformantArrayMemorySize
0x3a56c3e0,0x3a56c3e0,NdrConformantArrayUnmarshall
0x3c28b6b6,0x3c28b6b6,NdrConformantStringBufferSize
0x48020195,0x48020195,NdrConformantStringMarshall
0x6a4093b5,0x6a4093b5,NdrConformantStringMemorySize
0x6ce49058,0x6ce49058,NdrConformantStringUnmarshall
0x9fdd59e4,0x9fdd59e4,NdrConformantStructBufferSize
0x75319dd1,0x75319dd1,NdrConformantStructFree
0x46380143,0x46380143,NdrConformantStructMarshall
0xcdf536e3,0xcdf536e3,NdrConformantStructMemorySize
0xd0993386,0xd0993386,NdrConformantStructUnmarshall
0x11a8f15e,0x11a8f15e,NdrConformantVaryingArrayBufferSize
0x7b67a1cb,0x7b67a1cb,NdrConformantVaryingArrayFree
0xbf63723d,0xbf63723d,NdrConformantVaryingArrayMarshall
0x3fc0ce5d,0x3fc0ce5d,NdrConformantVaryingArrayMemorySize
0x4264cb00,0x4264cb00,NdrConformantVaryingArrayUnmarshall
0xa9ac4504,0xa9ac4504,NdrConformantVaryingStructBufferSize
0xed76b0f1,0xed76b0f1,NdrConformantVaryingStructFree
0xb311a463,0xb311a463,NdrConformantVaryingStructMarshall
0xd7c42203,0xd7c42203,NdrConformantVaryingStructMemorySize
0xda681ea6,0xda681ea6,NdrConformantVaryingStructUnmarshall
0x65480496,0x65480496,NdrContextHandleInitialize
0x4ce5589f,0x4ce5589f,NdrContextHandleSize
0x2cee0ad4,0x2cee0ad4,NdrConvert
0xcaaf6586,0xcaaf6586,NdrConvert2
0xf5eb60b7,0xf5eb60b7,NdrCorrelationFree
0xc1b99ac7,0xc1b99ac7,NdrCorrelationInitialize
0xf5f0960c,0xf5f0960c,NdrCorrelationPass
0xf1c59821,0xf1c59821,NdrCreateServerInterfaceFromStub
0xf385cef,0x0f385cef,NdrDcomAsyncClientCall
0x4a74af2e,0x4a74af2e,NdrDcomAsyncStubCall
0xe7df1af8,0xe7df1af8,NdrDllCanUnloadNow
0x2d5a6a9c,0x2d5a6a9c,NdrDllGetClassObject
0xc673e336,0xc673e336,NdrDllRegisterProxy
0xf0318759,0xf0318759,NdrDllUnregisterProxy
0x2d294dca,0x2d294dca,NdrEncapsulatedUnionBufferSize
0x2ba61d37,0x2ba61d37,NdrEncapsulatedUnionFree
0x1809c3a9,0x1809c3a9,NdrEncapsulatedUnionMarshall
0x5b412ac9,0x5b412ac9,NdrEncapsulatedUnionMemorySize
0x5de5276c,0x5de5276c,NdrEncapsulatedUnionUnmarshall
0xd23283b7,0xd23283b7,NdrFixedArrayBufferSize
0xbbeca564,0xbbeca564,NdrFixedArrayFree
0xfb829a56,0xfb829a56,NdrFixedArrayMarshall
0x4a60b6,0x004a60b6,NdrFixedArrayMemorySize
0x2ee5d59,0x02ee5d59,NdrFixedArrayUnmarshall
0xe150598f,0xe150598f,NdrFreeBuffer
0xaee76249,0xaee76249,NdrFullPointerFree
0xd20f4da6,0xd20f4da6,NdrFullPointerInsertRefId
0xd96a0d3e,0xd96a0d3e,NdrFullPointerQueryPointer
0x51a805a7,0x51a805a7,NdrFullPointerQueryRefId
0x83980c02,0x83980c02,NdrFullPointerXlatFree
0x8399a0b4,0x8399a0b4,NdrFullPointerXlatInit
0xecc29411,0xecc29411,NdrGetBaseInterfaceFromStub
0xda7744d,0x0da7744d,NdrGetBuffer
0x6954d4ee,0x6954d4ee,NdrGetDcomProtocolVersion
0x1e4a9d8,0x01e4a9d8,NdrGetSimpleTypeBufferAlignment
0x74d71754,0x74d71754,NdrGetSimpleTypeBufferSize
0xa2eef453,0xa2eef453,NdrGetSimpleTypeMemorySize
0x9f131222,0x9f131222,NdrGetTypeFlags
0x699f4946,0x699f4946,NdrGetUserMarshalInfo
0xe240f83a,0xe240f83a,NdrInterfacePointerBufferSize
0xe0aab3a7,0xe0aab3a7,NdrInterfacePointerFree
0x51541219,0x51541219,NdrInterfacePointerMarshall
0x1058d539,0x1058d539,NdrInterfacePointerMemorySize
0x12fcd1dc,0x12fcd1dc,NdrInterfacePointerUnmarshall
0xbabf290,0x0babf290,NdrMapCommAndFaultStatus
0x507e91fe,0x507e91fe,NdrMesProcEncodeDecode
0x6050d1f0,0x6050d1f0,NdrMesProcEncodeDecode2
0x6050d1f1,0x6050d1f1,NdrMesProcEncodeDecode3
0x6b434ea,0x06b434ea,NdrMesSimpleTypeAlignSize
0x17392783,0x17392783,NdrMesSimpleTypeAlignSizeAll
0x7112ee48,0x7112ee48,NdrMesSimpleTypeDecode
0x327ccc21,0x327ccc21,NdrMesSimpleTypeDecodeAll
0x740af372,0x740af372,NdrMesSimpleTypeEncode
0xf549b90b,0xf549b90b,NdrMesSimpleTypeEncodeAll
0x67ea8580,0x67ea8580,NdrMesTypeAlignSize
0x653b35b2,0x653b35b2,NdrMesTypeAlignSize2
0x653b35b3,0x653b35b3,NdrMesTypeAlignSize3
0xd32b169e,0xd32b169e,NdrMesTypeDecode
0x388dea90,0x388dea90,NdrMesTypeDecode2
0x388dea91,0x388dea91,NdrMesTypeDecode3
0xd6231bc8,0xd6231bc8,NdrMesTypeEncode
0x9a8694fa,0x9a8694fa,NdrMesTypeEncode2
0x9a8694fb,0x9a8694fb,NdrMesTypeEncode3
0xc0c00c0e,0xc0c00c0e,NdrMesTypeFree2
0xc0c00c0f,0xc0c00c0f,NdrMesTypeFree3
0x36459821,0x36459821,NdrNonConformantStringBufferSize
0x118c40,0x00118c40,NdrNonConformantStringMarshall
0x645d7520,0x645d7520,NdrNonConformantStringMemorySize
0x670171c3,0x670171c3,NdrNonConformantStringUnmarshall
0x6ae25c95,0x6ae25c95,NdrNonEncapsulatedUnionBufferSize
0x8fdaafc2,0x8fdaafc2,NdrNonEncapsulatedUnionFree
0xd20aa3b4,0xd20aa3b4,NdrNonEncapsulatedUnionMarshall
0x98fa3994,0x98fa3994,NdrNonEncapsulatedUnionMemorySize
0x9b9e3637,0x9b9e3637,NdrNonEncapsulatedUnionUnmarshall
0x26aec0ae,0x26aec0ae,NdrNsGetBuffer
0xeacbebe1,0xeacbebe1,NdrNsSendReceive
0xf6cd4558,0xf6cd4558,NdrOleAllocate
0xc0ec70d5,0xc0ec70d5,NdrOleFree
0x8c415d22,0x8c415d22,NdrOleInitializeExtension
0xd6fbe2bf,0xd6fbe2bf,NdrOutInit
0xe2474fb8,0xe2474fb8,NdrPartialIgnoreClientBufferSize
0xdc427217,0xdc427217,NdrPartialIgnoreClientMarshall
0xb5760c4d,0xb5760c4d,NdrPartialIgnoreServerInitialize
0xf6ab7c72,0xf6ab7c72,NdrPartialIgnoreServerUnmarshall
0x51cdebe9,0x51cdebe9,NdrPointerBufferSize
0x39725016,0x39725016,NdrPointerFree
0xc4624e08,0xc4624e08,NdrPointerMarshall
0x7fe5c8e8,0x7fe5c8e8,NdrPointerMemorySize
0x8289c58b,0x8289c58b,NdrPointerUnmarshall
0x144b77dd,0x144b77dd,NdrProxyErrorHandler
0x94ed0ccf,0x94ed0ccf,NdrProxyForwardingFunction10
0x94ed0cd0,0x94ed0cd0,NdrProxyForwardingFunction11
0x94ed0cd1,0x94ed0cd1,NdrProxyForwardingFunction12
0x94ed0cd2,0x94ed0cd2,NdrProxyForwardingFunction13
0x94ed0cd3,0x94ed0cd3,NdrProxyForwardingFunction14
0x94ed0cd4,0x94ed0cd4,NdrProxyForwardingFunction15
0x94ed0cd5,0x94ed0cd5,NdrProxyForwardingFunction16
0x94ed0cd6,0x94ed0cd6,NdrProxyForwardingFunction17
0x94ed0cd7,0x94ed0cd7,NdrProxyForwardingFunction18
0x94ed0cd8,0x94ed0cd8,NdrProxyForwardingFunction19
0x94ed0cf0,0x94ed0cf0,NdrProxyForwardingFunction20
0x94ed0cf1,0x94ed0cf1,NdrProxyForwardingFunction21
0x94ed0cf2,0x94ed0cf2,NdrProxyForwardingFunction22
0x94ed0cf3,0x94ed0cf3,NdrProxyForwardingFunction23
0x94ed0cf4,0x94ed0cf4,NdrProxyForwardingFunction24
0x94ed0cf5,0x94ed0cf5,NdrProxyForwardingFunction25
0x94ed0cf6,0x94ed0cf6,NdrProxyForwardingFunction26
0x94ed0cf7,0x94ed0cf7,NdrProxyForwardingFunction27
0x94ed0cf8,0x94ed0cf8,NdrProxyForwardingFunction28
0x94ed0cf9,0x94ed0cf9,NdrProxyForwardingFunction29
0x711e74c1,0x711e74c1,NdrProxyForwardingFunction3
0x94ed0d11,0x94ed0d11,NdrProxyForwardingFunction30
0x94ed0d12,0x94ed0d12,NdrProxyForwardingFunction31
0x94ed0d13,0x94ed0d13,NdrProxyForwardingFunction32
0x711e74c2,0x711e74c2,NdrProxyForwardingFunction4
0x711e74c3,0x711e74c3,NdrProxyForwardingFunction5
0x711e74c4,0x711e74c4,NdrProxyForwardingFunction6
0x711e74c5,0x711e74c5,NdrProxyForwardingFunction7
0x711e74c6,0x711e74c6,NdrProxyForwardingFunction8
0x711e74c7,0x711e74c7,NdrProxyForwardingFunction9
0x43a74791,0x43a74791,NdrProxyFreeBuffer
0x65f7aa0f,0x65f7aa0f,NdrProxyGetBuffer
0xb18b9e7,0x0b18b9e7,NdrProxyInitialize
0x1ff4b182,0x1ff4b182,NdrProxySendReceive
0xa8d2cbd7,0xa8d2cbd7,NdrRangeUnmarshall
0x32537a5c,0x32537a5c,NdrRpcSmClientAllocate
0x5838c3d9,0x5838c3d9,NdrRpcSmClientFree
0xf972258e,0xf972258e,NdrRpcSmSetClientToOsf
0x1d679508,0x1d679508,NdrRpcSsDefaultAllocate
0xeaf26885,0xeaf26885,NdrRpcSsDefaultFree
0x590fe437,0x590fe437,NdrRpcSsDisableAllocate
0x282dc70a,0x282dc70a,NdrRpcSsEnableAllocate
0x72c00340,0x72c00340,NdrSendReceive
0xb3f31b38,0xb3f31b38,NdrServerCall2
0x7d27175f,0x7d27175f,NdrServerCallAll
0x64316754,0x64316754,NdrServerCallNdr64
0x62a9d6c3,0x62a9d6c3,NdrServerContextMarshall
0x1b4ac7ad,0x1b4ac7ad,NdrServerContextNewMarshall
0x35773c70,0x35773c70,NdrServerContextNewUnmarshall
0xd0d66906,0xd0d66906,NdrServerContextUnmarshall
0xcebe749c,0xcebe749c,NdrServerInitialize
0x58ad2970,0x58ad2970,NdrServerInitializeMarshall
0x7df0d866,0x7df0d866,NdrServerInitializeNew
0xd2595f69,0xd2595f69,NdrServerInitializePartial
0x54f91af3,0x54f91af3,NdrServerInitializeUnmarshall
0xeb734717,0xeb734717,NdrSimpleStructBufferSize
0x5a3660c4,0x5a3660c4,NdrSimpleStructFree
0xd4fb05b6,0xd4fb05b6,NdrSimpleStructMarshall
0x198b2416,0x198b2416,NdrSimpleStructMemorySize
0x1c2f20b9,0x1c2f20b9,NdrSimpleStructUnmarshall
0x9fb44013,0x9fb44013,NdrSimpleTypeMarshall
0x7a206656,0x7a206656,NdrSimpleTypeUnmarshall
0xef6c1d7f,0xef6c1d7f,NdrStubCall2
0xef6c1d80,0xef6c1d80,NdrStubCall3
0xdfd2f82a,0xdfd2f82a,NdrStubForwardingFunction
0x68f52feb,0x68f52feb,NdrStubGetBuffer
0x6dc6fb43,0x6dc6fb43,NdrStubInitialize
0xa0096717,0xa0096717,NdrStubInitializeMarshall
0x878a2382,0x878a2382,NdrTypeFlags
0x803a9737,0x803a9737,NdrTypeFree
0x364b3da9,0x364b3da9,NdrTypeMarshall
0x80419490,0x80419490,NdrTypeSize
0x126d216c,0x126d216c,NdrTypeUnmarshall
0xf2a0daa6,0xf2a0daa6,NdrUnmarshallBasetypeInline
0x50306af,0x050306af,NdrUserMarshalBufferSize
0xb344e5c,0x0b344e5c,NdrUserMarshalFree
0x87e5ff4e,0x87e5ff4e,NdrUserMarshalMarshall
0x331ae3ae,0x331ae3ae,NdrUserMarshalMemorySize
0xfdeba707,0xfdeba707,NdrUserMarshalSimpleTypeConvert
0x35bee051,0x35bee051,NdrUserMarshalUnmarshall
0x6a029e7,0x06a029e7,NdrVaryingArrayBufferSize
0xa5656794,0xa5656794,NdrVaryingArrayFree
0x9af0f486,0x9af0f486,NdrVaryingArrayMarshall
0x34b806e6,0x34b806e6,NdrVaryingArrayMemorySize
0x375c0389,0x375c0389,NdrVaryingArrayUnmarshall
0x1fb4bae6,0x1fb4bae6,NdrXmitOrRepAsBufferSize
0x22dce553,0x22dce553,NdrXmitOrRepAsFree
0xdf5f39c5,0xdf5f39c5,NdrXmitOrRepAsMarshall
0x4dcc97e5,0x4dcc97e5,NdrXmitOrRepAsMemorySize
0x50709488,0x50709488,NdrXmitOrRepAsUnmarshall
0x8260cdd9,0x8260cdd9,NdrpCreateProxy
0x68ce4fb5,0x68ce4fb5,NdrpCreateStub
0xe45d4ff7,0xe45d4ff7,NdrpGetProcFormatString
0x66243465,0x66243465,NdrpGetTypeFormatString
0x42b7e119,0x42b7e119,NdrpGetTypeGenCookie
0x80ea2241,0x80ea2241,NdrpMemoryIncrement
0x66bc3646,0x66bc3646,NdrpReleaseTypeFormatString
0x1a07469a,0x1a07469a,NdrpReleaseTypeGenCookie
0x43aa5e4c,0x43aa5e4c,NdrpVarVtOfTypeDesc
0x5812a25a,0x5812a25a,NeedCurrentDirectoryForExePathA
0x5812a270,0x5812a270,NeedCurrentDirectoryForExePathW
0xba1c1bbf,0xba1c1bbf,NlsAnsiCodePage
0x24aed20a,0x24aed20a,NlsCheckPolicy
0x715cbdab,0x715cbdab,NlsEventDataDescCreate
0xb63c8ebc,0xb63c8ebc,NlsGetCacheUpdateCount
0x3fc2029f,0x3fc2029f,NlsMbCodePageTag
0xc1eeb9a0,0xc1eeb9a0,NlsMbOemCodePageTag
0xb6edba2f,0xb6edba2f,NlsUpdateLocale
0x844c30d4,0x844c30d4,NlsUpdateSystemLocale
0x390c2e39,0x390c2e39,NlsWriteEtwEvent
0x3e2b8117,0x3e2b8117,NormalizeString
0x5ed54516,0x5ed54516,NotifyBootConfigStatus
0x7f335c2f,0x7f335c2f,NotifyCallbackData
0x86e4212,0x086e4212,NotifyChangeEventLog
0x5da74041,0x5da74041,NotifyMountMgr
0x931b4ee2,0x931b4ee2,NotifyOverlayWindow
0x65c3fb83,0x65c3fb83,NotifyServiceStatusChange
0x1e436c24,0x1e436c24,NotifyServiceStatusChangeA
0x1e436c3a,0x1e436c3a,NotifyServiceStatusChangeW
0x578a0df0,0x578a0df0,NotifyUILanguageChange
0xb7239b38,0xb7239b38,NotifyWinEvent
0x3c6aa250,0x3c6aa250,NtAcceptConnectPort
0xb023b441,0xb023b441,NtAccessCheck
0x401544f8,0x401544f8,NtAccessCheckAndAuditAlarm
0x1f5650de,0x1f5650de,NtAccessCheckByType
0xca08b8b5,0xca08b8b5,NtAccessCheckByTypeAndAuditAlarm
0xf696aeb9,0xf696aeb9,NtAccessCheckByTypeResultList
0x6e298270,0x6e298270,NtAccessCheckByTypeResultListAndAuditAlarm
0xa9494b37,0xa9494b37,NtAccessCheckByTypeResultListAndAuditAlarmByHandle
0x7c78666b,0x7c78666b,NtAddAtom
0xdbe66f60,0xdbe66f60,NtAddBootEntry
0x48f96c58,0x48f96c58,NtAddDriverEntry
0xdf714ddd,0xdf714ddd,NtAdjustGroupsToken
0xacbfe3b7,0xacbfe3b7,NtAdjustPrivilegesToken
0x962008f2,0x962008f2,NtAlertResumeThread
0xc420d741,0xc420d741,NtAlertThread
0x6c96b28a,0x6c96b28a,NtAllocateLocallyUniqueId
0xe031f649,0xe031f649,NtAllocateReserveObject
0xce5e0cc2,0xce5e0cc2,NtAllocateUserPhysicalPages
0xa8829640,0xa8829640,NtAllocateUuids
0xab31ad36,0xab31ad36,NtAllocateVirtualMemory
0x88999db0,0x88999db0,NtAlpcAcceptConnectPort
0xfb09f95c,0xfb09f95c,NtAlpcCancelMessage
0x8c5b0e20,0x8c5b0e20,NtAlpcConnectPort
0xb298228a,0xb298228a,NtAlpcCreatePort
0xd956409f,0xd956409f,NtAlpcCreatePortSection
0x882107c9,0x882107c9,NtAlpcCreateResourceReserve
0x23437dd5,0x23437dd5,NtAlpcCreateSectionView
0x6c7685a2,0x6c7685a2,NtAlpcCreateSecurityContext
0x31721cfe,0x31721cfe,NtAlpcDeletePortSection
0x981fba8,0x0981fba8,NtAlpcDeleteResourceReserve
0x7b5f5a34,0x7b5f5a34,NtAlpcDeleteSectionView
0xedd77981,0xedd77981,NtAlpcDeleteSecurityContext
0x67d7dbe0,0x67d7dbe0,NtAlpcDisconnectPort
0x6ff10971,0x6ff10971,NtAlpcImpersonateClientOfPort
0x53ecf7e3,0x53ecf7e3,NtAlpcOpenSenderProcess
0xae1523fc,0xae1523fc,NtAlpcOpenSenderThread
0x3fbb6e6d,0x3fbb6e6d,NtAlpcQueryInformation
0xdc1a5b32,0xdc1a5b32,NtAlpcQueryInformationMessage
0x68498e5a,0x68498e5a,NtAlpcRevokeSecurityContext
0x4768b1f8,0x4768b1f8,NtAlpcSendWaitReceivePort
0x8bc04503,0x8bc04503,NtAlpcSetInformation
0x2e621570,0x2e621570,NtApphelpCacheControl
0x3526057a,0x3526057a,NtAreMappedFilesTheSame
0x170878ea,0x170878ea,NtAssignProcessToJobObject
0x4783507e,0x4783507e,NtCallbackReturn
0x573e530f,0x573e530f,NtCancelIoFile
0x201f5c2c,0x201f5c2c,NtCancelIoFileEx
0x419f8c7a,0x419f8c7a,NtCancelSynchronousIoFile
0x96ce0e18,0x96ce0e18,NtCancelTimer
0x3187bf1a,0x3187bf1a,NtClearEvent
0xc5f96927,0xc5f96927,NtClose
0x3257e42,0x03257e42,NtCloseObjectAuditAlarm
0x1f849b3,0x01f849b3,NtCommitComplete
0xff10797d,0xff10797d,NtCommitEnlistment
0x30aa0500,0x30aa0500,NtCommitTransaction
0x138878f4,0x138878f4,NtCompactKeys
0x8267f84c,0x8267f84c,NtCompareTokens
0x9790e799,0x9790e799,NtCompleteConnectPort
0x34d43886,0x34d43886,NtCompressKey
0xe36d1ac0,0xe36d1ac0,NtConnectPort
0x4db1e6d6,0x4db1e6d6,NtContinue
0x99037a23,0x99037a23,NtCreateDebugObject
0x78b5b971,0x78b5b971,NtCreateDirectoryObject
0xa076e808,0xa076e808,NtCreateEnlistment
0x5beb11e7,0x5beb11e7,NtCreateEvent
0x9d8d3653,0x9d8d3653,NtCreateEventPair
0xf3458505,0xf3458505,NtCreateFile
0x386eadd7,0x386eadd7,NtCreateIoCompletion
0x3db89077,0x3db89077,NtCreateJobObject
0xe47654ec,0xe47654ec,NtCreateJobSet
0xe857856e,0xe857856e,NtCreateKey
0xd7c629f7,0xd7c629f7,NtCreateKeyTransacted
0x457a4079,0x457a4079,NtCreateKeyedEvent
0x4ade2b8a,0x4ade2b8a,NtCreateMailslotFile
0xebec7d5e,0xebec7d5e,NtCreateMutant
0x6f994798,0x6f994798,NtCreateNamedPipeFile
0x38a5e33b,0x38a5e33b,NtCreatePagingFile
0xf34b1b2a,0xf34b1b2a,NtCreatePort
0xa7a586d,0x0a7a586d,NtCreatePrivateNamespace
0x4911ddc4,0x4911ddc4,NtCreateProcess
0xd5006821,0xd5006821,NtCreateProcessEx
0x491392f6,0x491392f6,NtCreateProfile
0xdc4431d3,0xdc4431d3,NtCreateProfileEx
0x858ead28,0x858ead28,NtCreateResourceManager
0x10ddc0ba,0x10ddc0ba,NtCreateSection
0x95401b09,0x95401b09,NtCreateSemaphore
0xb9a798ec,0xb9a798ec,NtCreateSymbolicLinkObject
0xfb5451bd,0xfb5451bd,NtCreateThread
0x21afbe5a,0x21afbe5a,NtCreateThreadEx
0x5cf38166,0x5cf38166,NtCreateTimer
0x5cf6c326,0x5cf6c326,NtCreateToken
0xfede44eb,0xfede44eb,NtCreateTransaction
0x479e5566,0x479e5566,NtCreateTransactionManager
0xad7fca43,0xad7fca43,NtCreateUserProcess
0x31d2aeb3,0x31d2aeb3,NtCreateWaitablePort
0xc64ad357,0xc64ad357,NtCreateWorkerFactory
0x4a6f0a8f,0x4a6f0a8f,NtCurrentTeb
0x8c9d22d3,0x8c9d22d3,NtDebugActiveProcess
0xdb19015d,0xdb19015d,NtDebugContinue
0x60eca574,0x60eca574,NtDelayExecution
0xb6b18f95,0xb6b18f95,NtDeleteAtom
0x6739e2ca,0x6739e2ca,NtDeleteBootEntry
0xf6f76242,0xf6f76242,NtDeleteDriverEntry
0xb6b41e44,0xb6b41e44,NtDeleteFile
0x81a872cd,0x81a872cd,NtDeleteKey
0xacecdbdf,0xacecdbdf,NtDeleteObjectAuditAlarm
0xb7f9c82c,0xb7f9c82c,NtDeletePrivateNamespace
0x72073f2a,0x72073f2a,NtDeleteValueKey
0x3472b33a,0x3472b33a,NtDeviceIoControlFile
0xde93d58f,0xde93d58f,NtDisableLastKnownGood
0x1ecec1be,0x1ecec1be,NtDisplayString
0x2ba0184,0x02ba0184,NtDrawText
0x4ea03083,0x4ea03083,NtDuplicateObject
0x86a489ed,0x86a489ed,NtDuplicateToken
0xabf95de2,0xabf95de2,NtEnableLastKnownGood
0xade2f065,0xade2f065,NtEnumerateBootEntries
0xe1ff669d,0xe1ff669d,NtEnumerateDriverEntries
0x2e44d980,0x2e44d980,NtEnumerateKey
0xd1d5735e,0xd1d5735e,NtEnumerateSystemEnvironmentValuesEx
0x9a5ddad4,0x9a5ddad4,NtEnumerateTransactionObject
0xefdecdbd,0xefdecdbd,NtEnumerateValueKey
0xebc6c6e,0x0ebc6c6e,NtExtendSection
0x1ca12d58,0x1ca12d58,NtFilterToken
0x43629a83,0x43629a83,NtFindAtom
0x112e0e80,0x112e0e80,NtFlushBuffersFile
0xf18774c,0x0f18774c,NtFlushInstallUILanguage
0xc3b624c9,0xc3b624c9,NtFlushInstructionCache
0x3bc98fdc,0x3bc98fdc,NtFlushKey
0x6bfb9f0a,0x6bfb9f0a,NtFlushProcessWriteBuffers
0x2793f33,0x02793f33,NtFlushVirtualMemory
0xcef64218,0xcef64218,NtFlushWriteBuffer
0x1a7912df,0x1a7912df,NtFreeUserPhysicalPages
0x950c2cd3,0x950c2cd3,NtFreeVirtualMemory
0x285a12cb,0x285a12cb,NtFreezeRegistry
0x958859eb,0x958859eb,NtFreezeTransactions
0x394d7f4b,0x394d7f4b,NtFsControlFile
0x2c0da9ee,0x2c0da9ee,NtGetContextThread
0x4ec9dc3d,0x4ec9dc3d,NtGetCurrentProcessorNumber
0xc2d4ae6f,0xc2d4ae6f,NtGetDevicePowerState
0xbc59a141,0xbc59a141,NtGetMUIRegistryInfo
0xb957124f,0xb957124f,NtGetNextProcess
0xd02fa0e8,0xd02fa0e8,NtGetNextThread
0xe7cdd149,0xe7cdd149,NtGetNlsSectionPtr
0xda8aadfb,0xda8aadfb,NtGetNotificationResourceManager
0xe009a61,0x0e009a61,NtGetPlugPlayEvent
0xbdf87425,0xbdf87425,NtGetTickCount
0x2d6ffeb3,0x2d6ffeb3,NtGetWriteWatch
0x3a9488e2,0x3a9488e2,NtImpersonateAnonymousToken
0x1db0611,0x01db0611,NtImpersonateClientOfPort
0x69123c70,0x69123c70,NtImpersonateThread
0x282cc623,0x282cc623,NtInitializeNlsFiles
0xa4dd81fc,0xa4dd81fc,NtInitializeRegistry
0x5396fb3,0x05396fb3,NtInitiatePowerAction
0xae14bbbe,0xae14bbbe,NtIsProcessInJob
0xfe290b6a,0xfe290b6a,NtIsSystemResumeAutomatic
0xc8743188,0xc8743188,NtIsUILanguageComitted
0x7f1bde05,0x7f1bde05,NtListenPort
0x811db6fd,0x811db6fd,NtLoadDriver
0xe4bdf9ba,0xe4bdf9ba,NtLoadKey
0x7c7d312c,0x7c7d312c,NtLoadKey2
0xc235997,0x0c235997,NtLoadKeyEx
0x81a37f9a,0x81a37f9a,NtLockFile
0x28d41f49,0x28d41f49,NtLockProductActivationKeys
0xfa924adc,0xfa924adc,NtLockRegistryKey
0xfe7a857a,0xfe7a857a,NtLockVirtualMemory
0xb330ed10,0xb330ed10,NtMakePermanentObject
0x1827a09,0x01827a09,NtMakeTemporaryObject
0x2f5b4a2b,0x2f5b4a2b,NtMapCMFModule
0x121c5fdb,0x121c5fdb,NtMapUserPhysicalPages
0x8819e411,0x8819e411,NtMapUserPhysicalPagesScatter
0xb11ea914,0xb11ea914,NtMapViewOfSection
0xc3d5955f,0xc3d5955f,NtModifyBootEntry
0xe94a0e17,0xe94a0e17,NtModifyDriverEntry
0x5116b605,0x5116b605,NtNotifyChangeDirectoryFile
0x1a709559,0x1a709559,NtNotifyChangeKey
0x49d71fb8,0x49d71fb8,NtNotifyChangeMultipleKeys
0xc8a3c9d4,0xc8a3c9d4,NtNotifyChangeSession
0xa4c1576f,0xa4c1576f,NtOpenDirectoryObject
0xe0aa4f46,0xe0aa4f46,NtOpenEnlistment
0xa0b37a65,0xa0b37a65,NtOpenEvent
0x6931add1,0x6931add1,NtOpenEventPair
0x9843d5c3,0x9843d5c3,NtOpenFile
0x5318dc95,0x5318dc95,NtOpenIoCompletion
0x95d07f5,0x095d07f5,NtOpenJobObject
0xce4fb66c,0xce4fb66c,NtOpenKey
0xa1170ac9,0xa1170ac9,NtOpenKeyEx
0x47b63075,0x47b63075,NtOpenKeyTransacted
0xe042b12,0x0e042b12,NtOpenKeyTransactedEx
0x85ada7b7,0x85ada7b7,NtOpenKeyedEvent
0xc9c1f59c,0xc9c1f59c,NtOpenMutant
0xacecc9de,0xacecc9de,NtOpenObjectAuditAlarm
0xb7f9b62b,0xb7f9b62b,NtOpenPrivateNamespace
0xe1965dc2,0xe1965dc2,NtOpenProcess
0x9d00403,0x09d00403,NtOpenProcessToken
0xbde11a20,0xbde11a20,NtOpenProcessTokenEx
0xb19a4b26,0xb19a4b26,NtOpenResourceManager
0xa96240b8,0xa96240b8,NtOpenSection
0x60e49287,0x60e49287,NtOpenSemaphore
0xaa833c67,0xaa833c67,NtOpenSession
0xc4755e2a,0xc4755e2a,NtOpenSymbolicLinkObject
0xd929c9fb,0xd929c9fb,NtOpenThread
0x275cfbdc,0x275cfbdc,NtOpenThreadToken
0x728b6c39,0x728b6c39,NtOpenThreadTokenEx
0xa1bbe9e4,0xa1bbe9e4,NtOpenTimer
0x457e93e9,0x457e93e9,NtOpenTransaction
0x526c1aa4,0x526c1aa4,NtOpenTransactionManager
0x46b417e0,0x46b417e0,NtPlugPlayControl
0x3155aac4,0x3155aac4,NtPowerInformation
0x4fb5d0c0,0x4fb5d0c0,NtPrePrepareComplete
0xb24bf7ca,0xb24bf7ca,NtPrePrepareEnlistment
0x92c125d9,0x92c125d9,NtPrepareComplete
0xe580f723,0xe580f723,NtPrepareEnlistment
0x1dfc4d96,0x1dfc4d96,NtPrivilegeCheck
0x69b699b3,0x69b699b3,NtPrivilegeObjectAuditAlarm
0xf5f9311,0x0f5f9311,NtPrivilegedServiceAuditAlarm
0x24d6ad4e,0x24d6ad4e,NtPropagationComplete
0x693c7c1a,0x693c7c1a,NtPropagationFailed
0xa55cb772,0xa55cb772,NtProtectVirtualMemory
0x3f831e5c,0x3f831e5c,NtPulseEvent
0x187710ae,0x187710ae,NtQueryAttributesFile
0x672b0c69,0x672b0c69,NtQueryBootEntryOrder
0xdb742b27,0xdb742b27,NtQueryBootOptions
0xa45f8bd5,0xa45f8bd5,NtQueryDebugFilterState
0x97226b5c,0x97226b5c,NtQueryDefaultLocale
0x93ed420e,0x93ed420e,NtQueryDefaultUILanguage
0xb527619c,0xb527619c,NtQueryDirectoryFile
0xb104ef33,0xb104ef33,NtQueryDirectoryObject
0xb76563a1,0xb76563a1,NtQueryDriverEntryOrder
0x9b9a5a0d,0x9b9a5a0d,NtQueryEaFile
0xaf6dcd29,0xaf6dcd29,NtQueryEvent
0xb8464401,0xb8464401,NtQueryFullAttributesFile
0xe456be5e,0xe456be5e,NtQueryInformationAtom
0xbb129610,0xbb129610,NtQueryInformationEnlistment
0xe4594d0d,0xe4594d0d,NtQueryInformationFile
0x6d129d7f,0x6d129d7f,NtQueryInformationJobObject
0xe45ee332,0xe45ee332,NtQueryInformationPort
0x72f508cc,0x72f508cc,NtQueryInformationProcess
0x6d506030,0x6d506030,NtQueryInformationResourceManager
0x807a3bc5,0x807a3bc5,NtQueryInformationThread
0x70838c2e,0x70838c2e,NtQueryInformationToken
0x6cefb3f3,0x6cefb3f3,NtQueryInformationTransaction
0x5eb8b6e,0x05eb8b6e,NtQueryInformationTransactionManager
0xfe74245f,0xfe74245f,NtQueryInformationWorkerFactory
0x321f72a0,0x321f72a0,NtQueryInstallUILanguage
0x970dcf1d,0x970dcf1d,NtQueryIntervalProfile
0x4529ead9,0x4529ead9,NtQueryIoCompletion
0xf20e8830,0xf20e8830,NtQueryKey
0x6e101f07,0x6e101f07,NtQueryLicenseValue
0x786cd639,0x786cd639,NtQueryMultipleValueKey
0xafc6a0e0,0xafc6a0e0,NtQueryMutant
0xb313b45e,0xb313b45e,NtQueryObject
0xcd08f1df,0xcd08f1df,NtQueryOpenSubKeys
0x330ceefc,0x330ceefc,NtQueryOpenSubKeysEx
0x4250b6f9,0x4250b6f9,NtQueryPerformanceCounter
0xe72f0131,0xe72f0131,NtQueryPortInformationProcess
0xf34434d7,0xf34434d7,NtQueryQuotaInformationFile
0x4ffc547c,0x4ffc547c,NtQuerySection
0x19d4cf87,0x19d4cf87,NtQuerySecurityAttributesToken
0xa04c94f6,0xa04c94f6,NtQuerySecurityObject
0x1652a74b,0x1652a74b,NtQuerySemaphore
0x61110f6e,0x61110f6e,NtQuerySymbolicLinkObject
0xb14f543e,0xb14f543e,NtQuerySystemEnvironmentValue
0x4275651b,0x4275651b,NtQuerySystemEnvironmentValueEx
0xa5aa9ad2,0xa5aa9ad2,NtQuerySystemInformation
0xbabca0af,0xbabca0af,NtQuerySystemInformationEx
0x2120acdb,0x2120acdb,NtQuerySystemTime
0xb0763ca8,0xb0763ca8,NtQueryTimer
0x4249f99c,0x4249f99c,NtQueryTimerResolution
0xf5712a6d,0xf5712a6d,NtQueryValueKey
0xefbfb087,0xefbfb087,NtQueryVirtualMemory
0xa34a3a65,0xa34a3a65,NtQueryVolumeInformationFile
0x2b04bf62,0x2b04bf62,NtQueueApcThread
0xff32293f,0xff32293f,NtQueueApcThreadEx
0x48265354,0x48265354,NtRaiseException
0xe8fadcae,0xe8fadcae,NtRaiseHardError
0x43f208d,0x043f208d,NtReadFile
0x256aa883,0x256aa883,NtReadFileScatter
0x2e7e96d2,0x2e7e96d2,NtReadOnlyEnlistment
0xf04c6630,0xf04c6630,NtReadRequestData
0x1031e7cd,0x1031e7cd,NtReadVirtualMemory
0xb6d7f78a,0xb6d7f78a,NtRecoverEnlistment
0xed2fbdea,0xed2fbdea,NtRecoverResourceManager
0xa0cfc6e8,0xa0cfc6e8,NtRecoverTransactionManager
0xd250ff54,0xd250ff54,NtRegisterProtocolAddressInformation
0x9aacd05c,0x9aacd05c,NtRegisterThreadTerminatePort
0x2daa0ae6,0x2daa0ae6,NtReleaseKeyedEvent
0x6a06194b,0x6a06194b,NtReleaseMutant
0x5e39cbd6,0x5e39cbd6,NtReleaseSemaphore
0xae04541e,0xae04541e,NtReleaseWorkerFactoryWorker
0x7cbbd691,0x7cbbd691,NtRemoveIoCompletion
0x9b0bc82e,0x9b0bc82e,NtRemoveIoCompletionEx
0x324bd5e5,0x324bd5e5,NtRemoveProcessDebug
0x7097cc52,0x7097cc52,NtRenameKey
0xaf8f97ca,0xaf8f97ca,NtRenameTransactionManager
0x8ec15536,0x8ec15536,NtReplaceKey
0x871b6c7,0x0871b6c7,NtReplacePartitionUnit
0x250341a2,0x250341a2,NtReplyPort
0x901e533a,0x901e533a,NtReplyWaitReceivePort
0x11001317,0x11001317,NtReplyWaitReceivePortEx
0xbbec41e3,0xbbec41e3,NtReplyWaitReplyPort
0x8406bd7f,0x8406bd7f,NtRequestPort
0x3f296660,0x3f296660,NtRequestWaitReplyPort
0x62ec1196,0x62ec1196,NtResetEvent
0xf515cd76,0xf515cd76,NtResetWriteWatch
0xdd10623e,0xdd10623e,NtRestoreKey
0xdfc5d781,0xdfc5d781,NtResumeProcess
0xf06187da,0xf06187da,NtResumeThread
0xf3d78ef4,0xf3d78ef4,NtRollbackComplete
0xe5d612fe,0xe5d612fe,NtRollbackEnlistment
0xf022cea1,0xf022cea1,NtRollbackTransaction
0xe9fdad20,0xe9fdad20,NtRollforwardTransactionManager
0xe069f929,0xe069f929,NtSaveKey
0xa2ccf0c6,0xa2ccf0c6,NtSaveKeyEx
0x8caf2ad0,0x8caf2ad0,NtSaveMergedKeys
0x1ca60687,0x1ca60687,NtSecureConnectPort
0xf9334ad,0x0f9334ad,NtSerializeBoot
0xa206bb3f,0xa206bb3f,NtSetBootEntryOrder
0xfec459bd,0xfec459bd,NtSetBootOptions
0xbe8b707a,0xbe8b707a,NtSetContextThread
0x4e2482b,0x04e2482b,NtSetDebugFilterState
0xed78730,0x0ed78730,NtSetDefaultHardErrorPort
0xcf389772,0xcf389772,NtSetDefaultLocale
0x4c78924,0x04c78924,NtSetDefaultUILanguage
0x17e81ff7,0x17e81ff7,NtSetDriverEntryOrder
0x70b792e3,0x70b792e3,NtSetEaFile
0x1abc433f,0x1abc433f,NtSetEvent
0x45826ee8,0x45826ee8,NtSetEventBoostPriority
0xa25be5cb,0xa25be5cb,NtSetHighEventPair
0x1a0d3092,0x1a0d3092,NtSetHighWaitLowEventPair
0xe1c50e01,0xe1c50e01,NtSetInformationDebugObject
0xf467826,0x0f467826,NtSetInformationEnlistment
0x7aaad6a3,0x7aaad6a3,NtSetInformationFile
0x8ea794d5,0x8ea794d5,NtSetInformationJobObject
0xcd6a1b4c,0xcd6a1b4c,NtSetInformationKey
0xe539c1fa,0xe539c1fa,NtSetInformationObject
0xff1832a2,0xff1832a2,NtSetInformationProcess
0xba930006,0xba930006,NtSetInformationResourceManager
0xf15482db,0xf15482db,NtSetInformationThread
0xd1064884,0xd1064884,NtSetInformationToken
0x479fd8c9,0x479fd8c9,NtSetInformationTransaction
0xbb932384,0xbb932384,NtSetInformationTransactionManager
0x45c0d6b5,0x45c0d6b5,NtSetInformationWorkerFactory
0x2d5f58b3,0x2d5f58b3,NtSetIntervalProfile
0xd27fec2f,0xd27fec2f,NtSetIoCompletion
0x722bbd4c,0x722bbd4c,NtSetIoCompletionEx
0x76995cbb,0x76995cbb,NtSetLdtEntries
0x204ab4dd,0x204ab4dd,NtSetLowEventPair
0x307b9932,0x307b9932,NtSetLowWaitHighEventPair
0x14d92c2d,0x14d92c2d,NtSetQuotaInformationFile
0xdb2843cc,0xdb2843cc,NtSetSecurityObject
0x8bff7914,0x8bff7914,NtSetSystemEnvironmentValue
0x89c21771,0x89c21771,NtSetSystemEnvironmentValueEx
0x1684e1e8,0x1684e1e8,NtSetSystemInformation
0xc9e46530,0xc9e46530,NtSetSystemPowerState
0x413a60b1,0x413a60b1,NtSetSystemTime
0xac28fa8a,0xac28fa8a,NtSetThreadExecutionState
0x1bc4b2be,0x1bc4b2be,NtSetTimer
0x1fbc639b,0x1fbc639b,NtSetTimerEx
0xd89b8332,0xd89b8332,NtSetTimerResolution
0x95ce5035,0x95ce5035,NtSetUuidSeed
0x86bff0c3,0x86bff0c3,NtSetValueKey
0xf77e1c7b,0xf77e1c7b,NtSetVolumeInformationFile
0xd1494812,0xd1494812,NtShutdownSystem
0xc32317ff,0xc32317ff,NtShutdownWorkerFactory
0xcbc77477,0xcbc77477,NtSignalAndWaitForSingleObject
0x6b889061,0x6b889061,NtSinglePhaseReject
0xb748bf50,0xb748bf50,NtStartProfile
0x6c954048,0x6c954048,NtStopProfile
0xaaad5b12,0xaaad5b12,NtSuspendProcess
0x91ae5d4b,0x91ae5d4b,NtSuspendThread
0xed1d443e,0xed1d443e,NtSystemDebugControl
0x5b7586cc,0x5b7586cc,NtTerminateJobObject
0xa5033ad9,0xa5033ad9,NtTerminateProcess
0xd753e032,0xd753e032,NtTerminateThread
0x3adf2c9,0x03adf2c9,NtTestAlert
0xc40c873e,0xc40c873e,NtThawRegistry
0xf575cfde,0xf575cfde,NtThawTransactions
0x429dc5c1,0x429dc5c1,NtTraceControl
0xfbc01e22,0xfbc01e22,NtTraceEvent
0x9298a0c,0x09298a0c,NtTranslateFilePath
0xd4cff9b5,0xd4cff9b5,NtUmsThreadYield
0xd796ee80,0xd796ee80,NtUnloadDriver
0xa237a81d,0xa237a81d,NtUnloadKey
0xe92cabef,0xe92cabef,NtUnloadKey2
0xec22cba,0x0ec22cba,NtUnloadKeyEx
0xee52fa5d,0xee52fa5d,NtUnlockFile
0x3d3fcb9d,0x3d3fcb9d,NtUnlockVirtualMemory
0x657236d7,0x657236d7,NtUnmapViewOfSection
0x330e1659,0x330e1659,NtVdmControl
0x8d54e096,0x8d54e096,NtWaitForDebugEvent
0xce5b2c1,0x0ce5b2c1,NtWaitForKeyedEvent
0xf4a08c63,0xf4a08c63,NtWaitForMultipleObjects
0x9ef537e8,0x9ef537e8,NtWaitForMultipleObjects32
0xdcd42da6,0xdcd42da6,NtWaitForSingleObject
0xa79b7a02,0xa79b7a02,NtWaitForWorkViaWorkerFactory
0x663cb94,0x0663cb94,NtWaitHighEventPair
0x3a988586,0x3a988586,NtWaitLowEventPair
0xc17d10b2,0xc17d10b2,NtWorkerFactoryWorkerReady
0xb0175284,0xb0175284,NtWow64CallFunction64
0xd2f749d3,0xd2f749d3,NtWow64CsrAllocateCaptureBuffer
0xa31b65ab,0xa31b65ab,NtWow64CsrAllocateMessagePointer
0x45419073,0x45419073,NtWow64CsrCaptureMessageBuffer
0x6cddcd10,0x6cddcd10,NtWow64CsrCaptureMessageString
0x8cd8f612,0x8cd8f612,NtWow64CsrClientCallServer
0x328c63e3,0x328c63e3,NtWow64CsrClientConnectToServer
0x1dc0d9f0,0x1dc0d9f0,NtWow64CsrFreeCaptureBuffer
0x6a75b30c,0x6a75b30c,NtWow64CsrGetProcessId
0x4e315540,0x4e315540,NtWow64CsrIdentifyAlertableThread
0x67cc0ab9,0x67cc0ab9,NtWow64CsrVerifyRegion
0x60584c59,0x60584c59,NtWow64DebuggerCall
0x4b72da61,0x4b72da61,NtWow64GetCurrentProcessorNumberEx
0xa6dc29ca,0xa6dc29ca,NtWow64GetNativeSystemInformation
0x8bf8925c,0x8bf8925c,NtWow64InterlockedPopEntrySList
0x55356bd,0x055356bd,NtWow64QueryInformationProcess64
0x29c0a0d8,0x29c0a0d8,NtWow64QueryVirtualMemory64
0x62b270be,0x62b270be,NtWow64ReadVirtualMemory64
0xca01db4d,0xca01db4d,NtWow64WriteVirtualMemory64
0x612b619c,0x612b619c,NtWriteFile
0xbba817f7,0xbba817f7,NtWriteFileGather
0x9aa1005f,0x9aa1005f,NtWriteRequestData
0xa215c9bc,0xa215c9bc,NtWriteVirtualMemory
0x8a23da1c,0x8a23da1c,NtYieldExecution
0x11a9b308,0x11a9b308,NtdllDefWindowProc_A
0x11a9b31e,0x11a9b31e,NtdllDefWindowProc_W
0xec82465a,0xec82465a,NtdllDialogWndProc_A
0xec824670,0xec824670,NtdllDialogWndProc_W
0x4c28015f,0x4c28015f,NvOptimusEnablement
0xee523bc8,0xee523bc8,OCSP_InitGlobal
0x54d4f6f0,0x54d4f6f0,OCSP_ShutdownGlobal
0x9c85c8e1,0x9c85c8e1,ObjectCloseAuditAlarmA
0x9c85c8f7,0x9c85c8f7,ObjectCloseAuditAlarmW
0x7efc92fe,0x7efc92fe,ObjectDeleteAuditAlarmA
0x7efc9314,0x7efc9314,ObjectDeleteAuditAlarmW
0xc57ebb05,0xc57ebb05,ObjectFromLresult
0xdb71945d,0xdb71945d,ObjectOpenAuditAlarmA
0xdb719473,0xdb719473,ObjectOpenAuditAlarmW
0x7ac13c32,0x7ac13c32,ObjectPrivilegeAuditAlarmA
0x7ac13c48,0x7ac13c48,ObjectPrivilegeAuditAlarmW
0x5e6b249b,0x5e6b249b,ObjectStublessClient10
0x5e6b249c,0x5e6b249c,ObjectStublessClient11
0x5e6b249d,0x5e6b249d,ObjectStublessClient12
0x5e6b249e,0x5e6b249e,ObjectStublessClient13
0x5e6b249f,0x5e6b249f,ObjectStublessClient14
0x5e6b24a0,0x5e6b24a0,ObjectStublessClient15
0x5e6b24a1,0x5e6b24a1,ObjectStublessClient16
0x5e6b24a2,0x5e6b24a2,ObjectStublessClient17
0x5e6b24a3,0x5e6b24a3,ObjectStublessClient18
0x5e6b24a4,0x5e6b24a4,ObjectStublessClient19
0x5e6b24bc,0x5e6b24bc,ObjectStublessClient20
0x5e6b24bd,0x5e6b24bd,ObjectStublessClient21
0x5e6b24be,0x5e6b24be,ObjectStublessClient22
0x5e6b24bf,0x5e6b24bf,ObjectStublessClient23
0x5e6b24c0,0x5e6b24c0,ObjectStublessClient24
0x5e6b24c1,0x5e6b24c1,ObjectStublessClient25
0x5e6b24c2,0x5e6b24c2,ObjectStublessClient26
0x5e6b24c3,0x5e6b24c3,ObjectStublessClient27
0x5e6b24c4,0x5e6b24c4,ObjectStublessClient28
0x5e6b24c5,0x5e6b24c5,ObjectStublessClient29
0xdc12c30d,0xdc12c30d,ObjectStublessClient3
0x5e6b24dd,0x5e6b24dd,ObjectStublessClient30
0x5e6b24de,0x5e6b24de,ObjectStublessClient31
0x5e6b24df,0x5e6b24df,ObjectStublessClient32
0xdc12c30e,0xdc12c30e,ObjectStublessClient4
0xdc12c30f,0xdc12c30f,ObjectStublessClient5
0xdc12c310,0xdc12c310,ObjectStublessClient6
0xdc12c311,0xdc12c311,ObjectStublessClient7
0xdc12c312,0xdc12c312,ObjectStublessClient8
0xdc12c313,0xdc12c313,ObjectStublessClient9
0x595e05de,0x595e05de,OemKeyScan
0x21b81132,0x21b81132,OemToCharA
0x75355a55,0x75355a55,OemToCharBuffA
0x75355a6b,0x75355a6b,OemToCharBuffW
0x21b81148,0x21b81148,OemToCharW
0x5287373,0x05287373,OfficeCleanupPolicy
0x36d01abd,0x36d01abd,OfficeInitializePolicy
0x1d8b7765,0x1d8b7765,OffsetClipRgn
0x5ecc24c4,0x5ecc24c4,OffsetRect
0x48b0da9d,0x48b0da9d,OffsetRgn
0x33c6821b,0x33c6821b,OffsetViewportOrgEx
0xc9c40913,0xc9c40913,OffsetWindowOrgEx
0xf483d87d,0xf483d87d,Ole32DllGetClassObject
0x5193c05,0x05193c05,OleBuildVersion
0x4e048d7d,0x4e048d7d,OleConvertIStorageToOLESTREAM
0xe15dea1a,0xe15dea1a,OleConvertIStorageToOLESTREAMEx
0xd9834add,0xd9834add,OleConvertOLESTREAMToIStorage
0x47817f7a,0x47817f7a,OleConvertOLESTREAMToIStorageEx
0x162d4343,0x162d4343,OleCreate
0xcb5566,0x00cb5566,OleCreateDefaultHandler
0xa80c6322,0xa80c6322,OleCreateEmbeddingHelper
0x568b2960,0x568b2960,OleCreateEx
0x1ebc12fd,0x1ebc12fd,OleCreateFontIndirectExt
0xed891c31,0xed891c31,OleCreateFromData
0x7440f5ce,0x7440f5ce,OleCreateFromDataEx
0xed8a55f7,0xed8a55f7,OleCreateFromFile
0x7977b914,0x7977b914,OleCreateFromFileEx
0x25fea6d1,0x25fea6d1,OleCreateLink
0xa043a86e,0xa043a86e,OleCreateLinkEx
0xfb142dbf,0xfb142dbf,OleCreateLinkFromData
0x10d6a2dc,0x10d6a2dc,OleCreateLinkFromDataEx
0x1420e3d4,0x1420e3d4,OleCreateLinkToFile
0x9fe93231,0x9fe93231,OleCreateLinkToFileEx
0x6cf01557,0x6cf01557,OleCreateMenuDescriptor
0x7b1bcea2,0x7b1bcea2,OleCreatePictureIndirectExt
0xad3cbd36,0xad3cbd36,OleCreatePropertyFrameIndirectExt
0x16203d39,0x16203d39,OleCreateStaticFromData
0x3bffc4d,0x03bffc4d,OleDestroyMenuDescriptor
0x88d332bc,0x88d332bc,OleDoAutoConvert
0x29bbd5d,0x029bbd5d,OleDraw
0x1fd4ba4,0x01fd4ba4,OleDuplicateData
0xe8637ac1,0xe8637ac1,OleFlushClipboard
0x917f0cc9,0x917f0cc9,OleGetAutoConvert
0x59baeb1f,0x59baeb1f,OleGetClipboard
0xc4a339a3,0xc4a339a3,OleGetIconOfClass
0x538a6ced,0x538a6ced,OleGetIconOfFile
0x900908f6,0x900908f6,OleGetPackageClipboardOwner
0x6bcb75ca,0x6bcb75ca,OleIconToCursorExt
0xba068c21,0xba068c21,OleInitialize
0x111ea11e,0x111ea11e,OleInitializeWOW
0x7c4bfd1e,0x7c4bfd1e,OleIsCurrentClipboard
0x46ca6f2c,0x46ca6f2c,OleIsRunning
0x2a0138f,0x02a0138f,OleLoad
0x2651c3ef,0x2651c3ef,OleLoadFromStream
0x8d40b33c,0x8d40b33c,OleLoadPictureExt
0x244a03c,0x0244a03c,OleLoadPictureFileExt
0xf1f423e9,0xf1f423e9,OleLoadPicturePathExt
0xca0ffe99,0xca0ffe99,OleLockRunning
0xc88454b6,0xc88454b6,OleMetafilePictFromIconAndLabel
0xa262c4ea,0xa262c4ea,OleNoteObjectVisible
0xc65a9607,0xc65a9607,OleQueryCreateFromData
0x2ddebb01,0x2ddebb01,OleQueryLinkFromData
0x51af1867,0x51af1867,OleRegEnumFormatEtc
0x95001f04,0x95001f04,OleRegEnumVerbs
0x11394f1d,0x11394f1d,OleRegGetMiscStatus
0xd987372e,0xd987372e,OleRegGetUserType
0x1fad5488,0x1fad5488,OleReleaseEnumVerbCache
0xc204f424,0xc204f424,OleRun
0x2a3b15e,0x02a3b15e,OleSave
0x2098bc4b,0x2098bc4b,OleSavePictureFileExt
0x759fe54d,0x759fe54d,OleSaveToStream
0x5881c055,0x5881c055,OleSetAutoConvert
0xa5234bab,0xa5234bab,OleSetClipboard
0x7d8e0987,0x7d8e0987,OleSetContainedObject
0xc577526f,0xc577526f,OleSetMenuDescriptor
0xdafcad62,0xdafcad62,OleTranslateAccelerator
0x9d820cd,0x09d820cd,OleTranslateColorExt
0x95528b24,0x95528b24,OleUninitialize
0x78bf7b06,0x78bf7b06,OnCompletion
0x5747a783,0x5747a783,OpenAdapter10
0x47cfa0b4,0x47cfa0b4,OpenAdapter10_2
0x4f4a2c25,0x4f4a2c25,OpenAs_RunDLL
0x388fb106,0x388fb106,OpenAs_RunDLLA
0x388fb11c,0x388fb11c,OpenAs_RunDLLW
0x8c2e29fc,0x8c2e29fc,OpenBackupEventLogA
0x8c2e2a12,0x8c2e2a12,OpenBackupEventLogW
0x8e09991,0x08e09991,OpenClipboard
0x8e41870b,0x8e41870b,OpenConsoleW
0x83d8cf7c,0x83d8cf7c,OpenDesktopA
0x83d8cf92,0x83d8cf92,OpenDesktopW
0x317201ad,0x317201ad,OpenDriver
0x578f6afa,0x578f6afa,OpenEncryptedFileRawA
0x578f6b10,0x578f6b10,OpenEncryptedFileRawW
0xe7f83184,0xe7f83184,OpenEnlistment
0x340d3a84,0x340d3a84,OpenEventA
0xf50b49e6,0xf50b49e6,OpenEventLogA
0xf50b49fc,0xf50b49fc,OpenEventLogW
0x340d3a9a,0x340d3a9a,OpenEventW
0x8cdc6181,0x8cdc6181,OpenFile
0x7f697789,0x7f697789,OpenFileById
0xca68536e,0xca68536e,OpenFileMappingA
0xca685384,0xca685384,OpenFileMappingW
0x8cdded8a,0x8cdded8a,OpenIcon
0x7c4094eb,0x7c4094eb,OpenInputDesktop
0x3c4be914,0x3c4be914,OpenJobObjectA
0x3c4be92a,0x3c4be92a,OpenJobObjectW
0x46ac7af5,0x46ac7af5,OpenMutexA
0x46ac7b0b,0x46ac7b0b,OpenMutexW
0x648598a2,0x648598a2,OpenOrCreateStream
0x4d753a3d,0x4d753a3d,OpenPersonalTrustDBDialog
0x79537fd8,0x79537fd8,OpenPrinter2A
0x79537fee,0x79537fee,OpenPrinter2W
0x688668c6,0x688668c6,OpenPrinterA
0x688668dc,0x688668dc,OpenPrinterW
0x3bbdac4a,0x3bbdac4a,OpenPrivateNamespaceA
0x3bbdac60,0x3bbdac60,OpenPrivateNamespaceW
0xfbcf38c0,0xfbcf38c0,OpenProcess
0x1c1f6dc1,0x1c1f6dc1,OpenProcessToken
0xe1f46fdd,0xe1f46fdd,OpenProfileUserMapping
0x8a0bbfcb,0x8a0bbfcb,OpenRegStream
0xf854424,0x0f854424,OpenResourceManager
0x7ed59233,0x7ed59233,OpenSCManagerA
0x7ed59249,0x7ed59249,OpenSCManagerW
0x84c4c5e6,0x84c4c5e6,OpenSemaphoreA
0x84c4c5fc,0x84c4c5fc,OpenSemaphoreW
0x5a1ff0f3,0x5a1ff0f3,OpenServiceA
0x5a1ff109,0x5a1ff109,OpenServiceW
0x56143d39,0x56143d39,OpenThread
0xe864d893,0xe864d893,OpenThreadDesktop
0x186725da,0x186725da,OpenThreadToken
0x9dc671b5,0x9dc671b5,OpenThreadWaitChainSession
0x56bfd7b1,0x56bfd7b1,OpenTraceA
0x56bfd7c7,0x56bfd7c7,OpenTraceW
0x3688bde7,0x3688bde7,OpenTransaction
0x689f5ae2,0x689f5ae2,OpenTransactionManager
0xcdc396a,0x0cdc396a,OpenTransactionManagerById
0x4bdfefac,0x4bdfefac,OpenWaitableTimerA
0x4bdfefc2,0x4bdfefc2,OpenWaitableTimerW
0xbbeacafc,0xbbeacafc,OpenWindowStationA
0xbbeacb12,0xbbeacb12,OpenWindowStationW
0xfc45392b,0xfc45392b,Options_RunDLL
0x84ec5ecc,0x84ec5ecc,Options_RunDLLA
0x84ec5ee2,0x84ec5ee2,Options_RunDLLW
0x7722f3f,0x07722f3f,OutputDebugStringA
0x7722f55,0x07722f55,OutputDebugStringW
0x91d526be,0x91d526be,PBE_CreateContext
0xb4af8934,0xb4af8934,PBE_DestroyContext
0xc2c08be2,0xc2c08be2,PBE_GenerateBits
0x96421417,0x96421417,PBE_PK11ParamToAlgid
0xafa193ba,0xafa193ba,PFXExportCertStore
0x1e557397,0x1e557397,PFXExportCertStoreEx
0xb0fcd0d3,0xb0fcd0d3,PFXImportCertStore
0x6e346846,0x6e346846,PFXIsPFXBlob
0x740793c5,0x740793c5,PFXVerifyPassword
0x7d366e2f,0x7d366e2f,PK11SDR_Decrypt
0xdf2f1899,0xdf2f1899,PK11SDR_Encrypt
0xbbf19502,0xbbf19502,PK11Slot_GetNSSToken
0xfc4a140e,0xfc4a140e,PK11Slot_SetNSSToken
0x3d1cae7f,0x3d1cae7f,PK11URI_CreateURI
0x98b5e8b5,0x98b5e8b5,PK11URI_DestroyURI
0xd92fe854,0xd92fe854,PK11URI_FormatURI
0x53836e3c,0x53836e3c,PK11URI_GetPathAttribute
0x27f22ecb,0x27f22ecb,PK11URI_GetPathAttributeItem
0xe6e73365,0xe6e73365,PK11URI_GetQueryAttribute
0xa4966074,0xa4966074,PK11URI_GetQueryAttributeItem
0xaeced126,0xaeced126,PK11URI_ParseURI
0x3ffd3d5,0x03ffd3d5,PK11_AEADOp
0x6bf7d45f,0x6bf7d45f,PK11_AEADRawOp
0xf145551b,0xf145551b,PK11_AddMechanismEntry
0xdd4e18f5,0xdd4e18f5,PK11_AddSlotToList
0x8cfaeb3,0x08cfaeb3,PK11_AlgtagToMechanism
0xe71a6aa,0x0e71a6aa,PK11_Authenticate
0xfd76ae90,0xfd76ae90,PK11_BlockData
0xafa83378,0xafa83378,PK11_ChangePW
0x9ff981d1,0x9ff981d1,PK11_CheckSSOPassword
0x63db27bb,0x63db27bb,PK11_CheckUserPassword
0x1f325d25,0x1f325d25,PK11_CipherOp
0xfa424393,0xfa424393,PK11_CleanKeyList
0x7cd2f6f0,0x7cd2f6f0,PK11_ClearSlotList
0x6d7db181,0x6d7db181,PK11_CloneContext
0x12a1dfd8,0x12a1dfd8,PK11_ConcatSymKeys
0x706d1340,0x706d1340,PK11_ConfigurePKCS11
0xf667e566,0xf667e566,PK11_ContextGetFIPSStatus
0xba9d9748,0xba9d9748,PK11_ConvertSessionPrivKeyToTokenPrivKey
0xada1f238,0xada1f238,PK11_ConvertSessionSymKeyToTokenSymKey
0x8356f02f,0x8356f02f,PK11_CopyKey
0x8f8eb0fe,0x8f8eb0fe,PK11_CopySymKeyForSigning
0xfd42e7a2,0xfd42e7a2,PK11_CopyTokenPrivKeyToSessionPrivKey
0xc912d529,0xc912d529,PK11_CreateContextByPrivKey
0x72e4be0f,0x72e4be0f,PK11_CreateContextByPubKey
0x7630a932,0x7630a932,PK11_CreateContextByRawKey
0x7a32a221,0x7a32a221,PK11_CreateContextBySymKey
0xd3d688c4,0xd3d688c4,PK11_CreateDigestContext
0x5c226d53,0x5c226d53,PK11_CreateGenericObject
0x2d30860,0x02d30860,PK11_CreateManagedGenericObject
0x8bbd6831,0x8bbd6831,PK11_CreateMergeLog
0xc0a83f40,0xc0a83f40,PK11_CreateNewObject
0x2ccf3c0a,0x2ccf3c0a,PK11_CreatePBEAlgorithmID
0x56088c3a,0x56088c3a,PK11_CreatePBEParams
0x22779fd2,0x22779fd2,PK11_CreatePBEV2AlgorithmID
0x81a942bc,0x81a942bc,PK11_DEREncodePublicKey
0xc5de4b16,0xc5de4b16,PK11_Decapsulate
0xb80f4686,0xb80f4686,PK11_Decrypt
0xae2e3ef,0x0ae2e3ef,PK11_DefaultArray
0x5672fad0,0x5672fad0,PK11_DeleteSlotFromList
0xae65e129,0xae65e129,PK11_DeleteTokenCertAndKey
0x63f72e03,0x63f72e03,PK11_DeleteTokenPrivateKey
0x2c3e9c7,0x02c3e9c7,PK11_DeleteTokenPublicKey
0x6bbccd41,0x6bbccd41,PK11_DeleteTokenSymKey
0xd5ddeca,0x0d5ddeca,PK11_Derive
0x68f43ad8,0x68f43ad8,PK11_DerivePubKeyFromPrivKey
0x16a47913,0x16a47913,PK11_DeriveWithFlags
0x57be65a7,0x57be65a7,PK11_DeriveWithFlagsPerm
0x73e8d8a2,0x73e8d8a2,PK11_DeriveWithTemplate
0x32be591a,0x32be591a,PK11_DestroyContext
0x666c4509,0x666c4509,PK11_DestroyGenericObject
0x33f4e69c,0x33f4e69c,PK11_DestroyGenericObjects
0xcbbe1627,0xcbbe1627,PK11_DestroyMergeLog
0x8173134c,0x8173134c,PK11_DestroyObject
0x961ef8f0,0x961ef8f0,PK11_DestroyPBEParams
0x2762d997,0x2762d997,PK11_DestroySlot
0xa9e842a6,0xa9e842a6,PK11_DestroySlotLists
0xa80f562d,0xa80f562d,PK11_DestroyTokenObject
0x3ea6e5d0,0x3ea6e5d0,PK11_DigestBegin
0x3ef19615,0x3ef19615,PK11_DigestFinal
0xbf2d33f4,0xbf2d33f4,PK11_DigestKey
0xf64730aa,0xf64730aa,PK11_DigestOp
0xf1f17771,0xf1f17771,PK11_DoPassword
0xa80983ab,0xa80983ab,PK11_DoesMechanism
0xd3519c05,0xd3519c05,PK11_DoesMechanismFlag
0x6f9a1a80,0x6f9a1a80,PK11_Encapsulate
0x1a07f0f0,0x1a07f0f0,PK11_Encrypt
0xf87474da,0xf87474da,PK11_EndAuthTransaction
0x7b508a56,0x7b508a56,PK11_EnterContextMonitor
0x1ace28b3,0x1ace28b3,PK11_EnterSlotMonitor
0xab947932,0xab947932,PK11_ExitContextMonitor
0xbbf1250f,0xbbf1250f,PK11_ExitSlotMonitor
0xcdc23a18,0xcdc23a18,PK11_ExportDERPrivateKeyInfo
0x627d4bf1,0x627d4bf1,PK11_ExportEncryptedPrivKeyInfo
0xf7001779,0xf7001779,PK11_ExportEncryptedPrivKeyInfoV2
0x144af12b,0x144af12b,PK11_ExportEncryptedPrivateKeyInfo
0x52cbf333,0x52cbf333,PK11_ExportEncryptedPrivateKeyInfoV2
0x65735f83,0x65735f83,PK11_ExportPrivKeyInfo
0xc63c337d,0xc63c337d,PK11_ExportPrivateKeyInfo
0xa6c8372c,0xa6c8372c,PK11_ExtractKeyValue
0xd3bbcaae,0xd3bbcaae,PK11_ExtractPublicKey
0xded294dd,0xded294dd,PK11_Finalize
0x2d555798,0x2d555798,PK11_FindBestKEAMatch
0xd6ca35b0,0xd6ca35b0,PK11_FindCertAndKeyByRecipientList
0xf7fbf0fa,0xf7fbf0fa,PK11_FindCertAndKeyByRecipientListNew
0xcc153784,0xcc153784,PK11_FindCertByIssuerAndSN
0x81220cc2,0x81220cc2,PK11_FindCertByIssuerAndSNOnToken
0x97871277,0x97871277,PK11_FindCertFromDERCert
0x51537886,0x51537886,PK11_FindCertFromDERCertItem
0xc0ac6ab4,0xc0ac6ab4,PK11_FindCertFromNickname
0x3bb625be,0x3bb625be,PK11_FindCertFromURI
0x341e05d5,0x341e05d5,PK11_FindCertHandlesForKeyHandle
0x3ec48753,0x3ec48753,PK11_FindCertInSlot
0x7c3ec6cf,0x7c3ec6cf,PK11_FindCertsFromEmailAddress
0xe36aaae7,0xe36aaae7,PK11_FindCertsFromNickname
0x63bba11,0x063bba11,PK11_FindCertsFromURI
0x64fb6229,0x64fb6229,PK11_FindCrlByName
0xaf30a845,0xaf30a845,PK11_FindEncodedCertInSlot
0xc4d94625,0xc4d94625,PK11_FindFixedKey
0x368b5213,0x368b5213,PK11_FindGenericObjects
0xe9c3eb46,0xe9c3eb46,PK11_FindKeyByAnyCert
0x6e4d6419,0x6e4d6419,PK11_FindKeyByDERCert
0x398e5a66,0x398e5a66,PK11_FindKeyByKeyID
0x7d24dc98,0x7d24dc98,PK11_FindObjectForCert
0x62178470,0x62178470,PK11_FindObjectsFromNickname
0x40390e52,0x40390e52,PK11_FindPrivateKeyFromCert
0xa7adb8c3,0xa7adb8c3,PK11_FindRawCertsWithSubject
0x57239df8,0x57239df8,PK11_FindSMimeProfile
0xda7f35ea,0xda7f35ea,PK11_FindSlotByName
0x83196169,0x83196169,PK11_FindSlotBySerial
0xf4a840f8,0xf4a840f8,PK11_FindSlotElement
0x88eaa670,0x88eaa670,PK11_FindSlotsByNames
0xf480cd0d,0xf480cd0d,PK11_FortezzaHasKEA
0x2919e1,0x002919e1,PK11_FortezzaMapSig
0x7edb01ef,0x7edb01ef,PK11_FreeSlot
0x9783dc2b,0x9783dc2b,PK11_FreeSlotList
0xaae3ce35,0xaae3ce35,PK11_FreeSlotListElement
0xa28cbe8f,0xa28cbe8f,PK11_FreeSymKey
0xa5bcd99e,0xa5bcd99e,PK11_GenDES3TokenKey
0x61cf7f6a,0x61cf7f6a,PK11_GenerateFortezzaIV
0x31dd96b,0x031dd96b,PK11_GenerateKeyPair
0xcfa2f8d4,0xcfa2f8d4,PK11_GenerateKeyPairWithFlags
0x7f2c93,0x007f2c93,PK11_GenerateKeyPairWithOpFlags
0x26f458b1,0x26f458b1,PK11_GenerateNewParam
0x17e026f7,0x17e026f7,PK11_GenerateRandom
0xaa92b2f6,0xaa92b2f6,PK11_GenerateRandomOnSlot
0x2ad00aee,0x2ad00aee,PK11_GetAllSlotsForCert
0xb1099698,0xb1099698,PK11_GetAllTokens
0xcee8c532,0xcee8c532,PK11_GetAttributes
0x9aa8efc4,0x9aa8efc4,PK11_GetBestKeyLength
0x275ee89b,0x275ee89b,PK11_GetBestSlot
0x35a5dc67,0x35a5dc67,PK11_GetBestSlotMultiple
0xf3a5330a,0xf3a5330a,PK11_GetBestSlotMultipleWithAttributes
0x78c58a3e,0x78c58a3e,PK11_GetBestSlotWithAttributes
0x5cdc51c8,0x5cdc51c8,PK11_GetBestWrapMechanism
0x2f1ca6b1,0x2f1ca6b1,PK11_GetBlockSize
0xbe5225f1,0xbe5225f1,PK11_GetCertFromPrivateKey
0x594dbf9b,0x594dbf9b,PK11_GetCertsMatchingPrivateKey
0x2289a9e0,0x2289a9e0,PK11_GetCurrentWrapIndex
0x8b65b8f,0x08b65b8f,PK11_GetDefaultArray
0x90d443d,0x090d443d,PK11_GetDefaultFlags
0xdf95118b,0xdf95118b,PK11_GetDisabledReason
0x9f99690,0x09f99690,PK11_GetFirstRef
0x492ce452,0x492ce452,PK11_GetFirstSafe
0xbe8844ec,0xbe8844ec,PK11_GetIVLength
0x12d06ab3,0x12d06ab3,PK11_GetInternalKeySlot
0x64153eaa,0x64153eaa,PK11_GetInternalSlot
0xb5ad2253,0xb5ad2253,PK11_GetKEAMatchedCerts
0xec9d9f6e,0xec9d9f6e,PK11_GetKeyData
0x16af7eae,0x16af7eae,PK11_GetKeyGen
0xb5043fe5,0xb5043fe5,PK11_GetKeyGenWithSize
0x9d71b896,0x9d71b896,PK11_GetKeyLength
0xffc73cc9,0xffc73cc9,PK11_GetKeyMechanism
0xc265c9e3,0xc265c9e3,PK11_GetKeyStrength
0xeca6cb16,0xeca6cb16,PK11_GetKeyType
0x5b54f0c0,0x5b54f0c0,PK11_GetLowLevelKeyIDForCert
0x3425c856,0x3425c856,PK11_GetLowLevelKeyIDForPrivateKey
0xbbb0cffc,0xbbb0cffc,PK11_GetMaxKeyLength
0x29f17a00,0x29f17a00,PK11_GetMechanism
0x51977934,0x51977934,PK11_GetMinimumPwdLength
0x9c6ca017,0x9c6ca017,PK11_GetModInfo
0x1c040591,0x1c040591,PK11_GetModule
0x2d1bb77e,0x2d1bb77e,PK11_GetModuleID
0xd092dc61,0xd092dc61,PK11_GetModuleURI
0xe32f355e,0xe32f355e,PK11_GetNextGenericObject
0xd3944da7,0xd3944da7,PK11_GetNextRef
0x461e7e49,0x461e7e49,PK11_GetNextSafe
0x496cf62c,0x496cf62c,PK11_GetNextSymKey
0xdbffde6e,0xdbffde6e,PK11_GetObjectHandle
0xb3a51808,0xb3a51808,PK11_GetObjectNickname
0xdb76f0f8,0xdb76f0f8,PK11_GetPBECryptoMechanism
0xa3df2281,0xa3df2281,PK11_GetPBEIV
0x51aa3daf,0x51aa3daf,PK11_GetPQGParamsFromPrivateKey
0x8a3752f5,0x8a3752f5,PK11_GetPadMechanism
0xffc933bc,0xffc933bc,PK11_GetPrevGenericObject
0x169088b5,0x169088b5,PK11_GetPrivateKeyNickname
0xa306dde3,0xa306dde3,PK11_GetPrivateKeyTokens
0x1d6c1b6e,0x1d6c1b6e,PK11_GetPrivateModulusLen
0xda1f9640,0xda1f9640,PK11_GetPubIndexKeyID
0x18bb16f9,0x18bb16f9,PK11_GetPublicKeyNickname
0xaf6b3b38,0xaf6b3b38,PK11_GetRWSession
0x1cf277ca,0x1cf277ca,PK11_GetSlotFromKey
0x7f0a0465,0x7f0a0465,PK11_GetSlotFromPrivateKey
0x29d2af1a,0x29d2af1a,PK11_GetSlotID
0xe93b9dd9,0xe93b9dd9,PK11_GetSlotInfo
0xe93d2f69,0xe93d2f69,PK11_GetSlotList
0xe93e254e,0xe93e254e,PK11_GetSlotName
0x9c579624,0x9c579624,PK11_GetSlotPWValues
0x3d51ba58,0x3d51ba58,PK11_GetSlotSeries
0x2c04af99,0x2c04af99,PK11_GetSymKeyHandle
0x1822dff3,0x1822dff3,PK11_GetSymKeyNickname
0x2662aa2f,0x2662aa2f,PK11_GetSymKeyType
0x94c80766,0x94c80766,PK11_GetSymKeyUserData
0xf5945618,0xf5945618,PK11_GetTokenInfo
0xf596dd8d,0xf596dd8d,PK11_GetTokenName
0xb21bf3dc,0xb21bf3dc,PK11_GetTokenURI
0x32f03cc3,0x32f03cc3,PK11_GetWindow
0xa510fdce,0xa510fdce,PK11_GetWrapKey
0x30742603,0x30742603,PK11_HPKE_Deserialize
0x4b6d4f21,0x4b6d4f21,PK11_HPKE_DestroyContext
0xd0aff719,0xd0aff719,PK11_HPKE_ExportContext
0x420ba5a,0x0420ba5a,PK11_HPKE_ExportSecret
0x4611aae9,0x4611aae9,PK11_HPKE_GetEncapPubKey
0xf3b719f2,0xf3b719f2,PK11_HPKE_ImportContext
0x17312701,0x17312701,PK11_HPKE_NewContext
0xc72fde04,0xc72fde04,PK11_HPKE_Open
0xc731e037,0xc731e037,PK11_HPKE_Seal
0xe607a1a,0x0e607a1a,PK11_HPKE_Serialize
0x5b356a35,0x5b356a35,PK11_HPKE_SetupR
0x5b356a36,0x5b356a36,PK11_HPKE_SetupS
0x88cfe6d0,0x88cfe6d0,PK11_HPKE_ValidateParameters
0x90557e88,0x90557e88,PK11_HandlePasswordCheck
0x9315dcc7,0x9315dcc7,PK11_HasAttributeSet
0x77fd0f8c,0x77fd0f8c,PK11_HasRootCerts
0xe3beb9ec,0xe3beb9ec,PK11_HashBuf
0x166aa249,0x166aa249,PK11_HashOK
0x44b92ccf,0x44b92ccf,PK11_IVFromParam
0xca1cd1d,0x0ca1cd1d,PK11_ImportAndReturnPrivateKey
0x82b03867,0x82b03867,PK11_ImportCRL
0xd8b79b74,0xd8b79b74,PK11_ImportCert
0x5584ee24,0x5584ee24,PK11_ImportCertForKey
0xac294b89,0xac294b89,PK11_ImportCertForKeyToSlot
0x868e4daf,0x868e4daf,PK11_ImportDERCert
0x47c5209f,0x47c5209f,PK11_ImportDERCertForKey
0x1318031,0x01318031,PK11_ImportDERPrivateKeyInfo
0xd8d469ed,0xd8d469ed,PK11_ImportDERPrivateKeyInfoAndReturnKey
0xca560389,0xca560389,PK11_ImportDataKey
0xd006a604,0xd006a604,PK11_ImportEncryptedPrivateKeyInfo
0xb6dde440,0xb6dde440,PK11_ImportEncryptedPrivateKeyInfoAndReturnKey
0x5d768836,0x5d768836,PK11_ImportPrivateKeyInfo
0x49c0a172,0x49c0a172,PK11_ImportPrivateKeyInfoAndReturnKey
0x550c80ee,0x550c80ee,PK11_ImportPublicKey
0xbc55dc8,0x0bc55dc8,PK11_ImportSymKey
0x6ed5b5d1,0x6ed5b5d1,PK11_ImportSymKeyWithFlags
0x4e5de066,0x4e5de066,PK11_InitPin
0x1a1b9fa1,0x1a1b9fa1,PK11_InitSlot
0x4605ef0,0x04605ef0,PK11_InitSlotLists
0x5da33ee0,0x5da33ee0,PK11_InitToken
0x2b82b11f,0x2b82b11f,PK11_IsDisabled
0x19ec5339,0x19ec5339,PK11_IsFIPS
0xa1cdbce4,0xa1cdbce4,PK11_IsFriendly
0x47f52b66,0x47f52b66,PK11_IsHW
0x4c556204,0x4c556204,PK11_IsInternal
0xe0e03c2f,0xe0e03c2f,PK11_IsInternalKeySlot
0x3fdeefb0,0x3fdeefb0,PK11_IsLoggedIn
0xf7f558f2,0xf7f558f2,PK11_IsPermObject
0x7307e0e8,0x7307e0e8,PK11_IsPresent
0xb9626ee5,0xb9626ee5,PK11_IsReadOnly
0x9dce5264,0x9dce5264,PK11_IsRemovable
0xbe227f94,0xbe227f94,PK11_IsUserCert
0x13733ac9,0x13733ac9,PK11_KeyForCertExists
0xbe17124,0x0be17124,PK11_KeyForDERCertExists
0x1db53f0e,0x1db53f0e,PK11_KeyGen
0x778ebee6,0x778ebee6,PK11_KeyGenWithTemplate
0xd3747d0d,0xd3747d0d,PK11_LinkGenericObject
0x1e5ccc68,0x1e5ccc68,PK11_ListCerts
0xd3acf561,0xd3acf561,PK11_ListCertsInSlot
0xe9cc3dcc,0xe9cc3dcc,PK11_ListFixedKeysInSlot
0xb746187d,0xb746187d,PK11_ListPrivKeysInSlot
0x9c6d4bf7,0x9c6d4bf7,PK11_ListPrivateKeysInSlot
0x21a00e3b,0x21a00e3b,PK11_ListPublicKeysInSlot
0x52897295,0x52897295,PK11_LoadPrivKey
0xa87b3729,0xa87b3729,PK11_LoadSlotList
0x20b62a25,0x20b62a25,PK11_Logout
0x41356de,0x041356de,PK11_LogoutAll
0xb45cb759,0xb45cb759,PK11_LookupCrls
0x89ee7117,0x89ee7117,PK11_MakeCertFromHandle
0xf3389c7a,0xf3389c7a,PK11_MakeIDFromPubKey
0xcba182ea,0xcba182ea,PK11_MakeKEAPubKey
0x187076f3,0x187076f3,PK11_MakePrivKey
0x8bc6f6c0,0x8bc6f6c0,PK11_MakeString
0xef809353,0xef809353,PK11_MapError
0x5f15418e,0x5f15418e,PK11_MapPBEMechanismToCryptoMechanism
0xa8d42185,0xa8d42185,PK11_MapSignKeyType
0x58ab5707,0x58ab5707,PK11_MatchItem
0xb9928c93,0xb9928c93,PK11_MechanismToAlgtag
0x3b78afcf,0x3b78afcf,PK11_MergeTokens
0x11c08664,0x11c08664,PK11_MoveSymKey
0xfbf4a660,0xfbf4a660,PK11_NeedLogin
0x821b6a82,0x821b6a82,PK11_NeedPWInit
0x8e5c5eb,0x08e5c5eb,PK11_NeedPWInitForSlot
0xc0cf1c7a,0xc0cf1c7a,PK11_NeedUserInit
0xec39e5a3,0xec39e5a3,PK11_NewSlotInfo
0xec3b7733,0xec3b7733,PK11_NewSlotList
0xd167be1a,0xd167be1a,PK11_NumberCertsForCertSubject
0x9e729a05,0x9e729a05,PK11_NumberObjectsFor
0x9892da18,0x9892da18,PK11_ObjectGetFIPSStatus
0xc01e3585,0xc01e3585,PK11_PBEKeyGen
0x65a09400,0x65a09400,PK11_PQG_DestroyParams
0x73e80af1,0x73e80af1,PK11_PQG_DestroyVerify
0xae781c65,0xae781c65,PK11_PQG_GetBaseFromParams
0xe6d4035b,0xe6d4035b,PK11_PQG_GetCounterFromVerify
0x1f582c43,0x1f582c43,PK11_PQG_GetHFromVerify
0x274b4e7,0x0274b4e7,PK11_PQG_GetPrimeFromParams
0xb6d3bc7c,0xb6d3bc7c,PK11_PQG_GetSeedFromVerify
0x3e6e66f1,0x3e6e66f1,PK11_PQG_GetSubPrimeFromParams
0xf257dfe0,0xf257dfe0,PK11_PQG_NewParams
0x9f56d1,0x009f56d1,PK11_PQG_NewVerify
0xe1d901d,0x0e1d901d,PK11_PQG_ParamGen
0x1ec7391d,0x1ec7391d,PK11_PQG_ParamGenSeedLen
0xbc216a5,0x0bc216a5,PK11_PQG_ParamGenV2
0x44e88a0b,0x44e88a0b,PK11_PQG_VerifyParams
0xa6a5c931,0xa6a5c931,PK11_ParamFromAlgid
0x793bd32f,0x793bd32f,PK11_ParamFromIV
0xcc25a0a0,0xcc25a0a0,PK11_ParamToAlgid
0xfa249227,0xfa249227,PK11_PrivDecrypt
0xe29af329,0xe29af329,PK11_PrivDecryptPKCS1
0xaf70a402,0xaf70a402,PK11_ProtectedAuthenticationPath
0xf6b5e737,0xf6b5e737,PK11_PubDecryptRaw
0x793d1ff1,0x793d1ff1,PK11_PubDerive
0x9bc36062,0x9bc36062,PK11_PubDeriveWithKDF
0x1cf56f7,0x01cf56f7,PK11_PubEncrypt
0x5cd139f9,0x5cd139f9,PK11_PubEncryptPKCS1
0x13207161,0x13207161,PK11_PubEncryptRaw
0x4caceaf1,0x4caceaf1,PK11_PubUnwrapSymKey
0x1b3d211a,0x1b3d211a,PK11_PubUnwrapSymKeyWithFlags
0xc8e9b92e,0xc8e9b92e,PK11_PubUnwrapSymKeyWithFlagsPerm
0x1d986ba2,0x1d986ba2,PK11_PubUnwrapSymKeyWithMechanism
0x6353272e,0x6353272e,PK11_PubWrapSymKey
0x7dcde2ff,0x7dcde2ff,PK11_PubWrapSymKeyWithMechanism
0x2a7dc505,0x2a7dc505,PK11_PutCrl
0x106d33fd,0x106d33fd,PK11_RWSessionHasLock
0x9ef2e6af,0x9ef2e6af,PK11_RandomUpdate
0x2ddb2af,0x02ddb2af,PK11_RawPBEKeyGen
0x5a2b3bdb,0x5a2b3bdb,PK11_ReadAttribute
0xdb95832f,0xdb95832f,PK11_ReadDistrustAfterAttribute
0x5b4aa5b8,0x5b4aa5b8,PK11_ReadMechanismList
0x72598385,0x72598385,PK11_ReadRawAttribute
0xbd89f498,0xbd89f498,PK11_ReadRawAttributes
0x69ce8c40,0x69ce8c40,PK11_ReadULongAttribute
0x7bcfeebc,0x7bcfeebc,PK11_ReferenceSlot
0xb070129c,0xb070129c,PK11_ReferenceSymKey
0x1eb1c64f,0x1eb1c64f,PK11_ResetToken
0x4c727df4,0x4c727df4,PK11_RestoreContext
0x3db27d34,0x3db27d34,PK11_RestoreROSession
0x4a9ad49f,0x4a9ad49f,PK11_SaveContext
0xf838dbca,0xf838dbca,PK11_SaveContextAlloc
0x4fbf2e6,0x04fbf2e6,PK11_SaveSMimeProfile
0x9bc3a6ad,0x9bc3a6ad,PK11_SeedRandom
0x9f0d38e3,0x9f0d38e3,PK11_SetFortezzaHack
0x931e2228,0x931e2228,PK11_SetIsLoggedInFunc
0x95dbb014,0x95dbb014,PK11_SetObjectNickname
0x877b2f6,0x0877b2f6,PK11_SetPasswordFunc
0xe32c46c1,0xe32c46c1,PK11_SetPrivateKeyNickname
0xaa914385,0xaa914385,PK11_SetPublicKeyNickname
0x43b0bb30,0x43b0bb30,PK11_SetSlotPWValues
0xfa5977ff,0xfa5977ff,PK11_SetSymKeyNickname
0x76fe9f72,0x76fe9f72,PK11_SetSymKeyUserData
0x9176802b,0x9176802b,PK11_SetVerifyPasswordFunc
0xd58fcb5a,0xd58fcb5a,PK11_SetWrapKey
0x47fa80bc,0x47fa80bc,PK11_Sign
0xab7dd34d,0xab7dd34d,PK11_SignWithMechanism
0x97b53eba,0x97b53eba,PK11_SignWithSymKey
0xe565db7c,0xe565db7c,PK11_SignatureLen
0x399cb8d6,0x399cb8d6,PK11_SlotDBUpdate
0x679fd4f7,0x679fd4f7,PK11_SlotGetLastFIPSStatus
0xb5412c31,0xb5412c31,PK11_StartAuthTransaction
0xd4c6d3ad,0xd4c6d3ad,PK11_SymKeyFromHandle
0x6c22e2b,0x06c22e2b,PK11_SymKeysToSameSlot
0x93f1508c,0x93f1508c,PK11_TokenExists
0xa0a07baf,0xa0a07baf,PK11_TokenKeyGen
0x820a6798,0x820a6798,PK11_TokenKeyGenWithFlags
0xce475e9b,0xce475e9b,PK11_TokenRefresh
0x6363ffbe,0x6363ffbe,PK11_TraverseCertsForNicknameInSlot
0x64cd0f,0x0064cd0f,PK11_TraverseCertsForSubject
0x52f29748,0x52f29748,PK11_TraverseCertsForSubjectInSlot
0x67b420d1,0x67b420d1,PK11_TraverseCertsInSlot
0x8f634b67,0x8f634b67,PK11_TraversePrivateKeysInSlot
0x63b3ae39,0x63b3ae39,PK11_TraverseSlot
0x171c3a3a,0x171c3a3a,PK11_TraverseSlotCerts
0x1f234b23,0x1f234b23,PK11_UnconfigurePKCS11
0x89839b0,0x089839b0,PK11_UnlinkGenericObject
0xbac2a8b2,0xbac2a8b2,PK11_UnwrapPrivKey
0x7201a88a,0x7201a88a,PK11_UnwrapSymKey
0xb6873ad3,0xb6873ad3,PK11_UnwrapSymKeyWithFlags
0xcaac0767,0xcaac0767,PK11_UnwrapSymKeyWithFlagsPerm
0x774e5784,0x774e5784,PK11_UpdateSlotAttribute
0xde1d1860,0xde1d1860,PK11_UserDisableSlot
0xbb414c33,0xbb414c33,PK11_UserEnableSlot
0x375ab820,0x375ab820,PK11_Verify
0x64f96963,0x64f96963,PK11_VerifyKeyOK
0x78e94ac7,0x78e94ac7,PK11_VerifyPW
0xa2552cd6,0xa2552cd6,PK11_VerifyRecover
0x8855ed31,0x8855ed31,PK11_VerifyWithMechanism
0x6c333f2a,0x6c333f2a,PK11_WaitForTokenEvent
0x2cbaea4f,0x2cbaea4f,PK11_WrapPrivKey
0x84f9aa87,0x84f9aa87,PK11_WrapSymKey
0xed6842d4,0xed6842d4,PK11_WriteRawAttribute
0xa859c0be,0xa859c0be,PKIX_ALLOC_ERROR
0x8ad05cb3,0x8ad05cb3,PKIX_AddLogger
0xc5870f5d,0xc5870f5d,PKIX_BuildChain
0x78b486a9,0x78b486a9,PKIX_BuildResult_GetCertChain
0xdf4c0001,0xdf4c0001,PKIX_BuildResult_GetValidateResult
0xf3b006bf,0xf3b006bf,PKIX_CRLSelector_Create
0xe7b9692,0x0e7b9692,PKIX_CRLSelector_GetCRLSelectorContext
0xbcdd0a5a,0xbcdd0a5a,PKIX_CRLSelector_GetCommonCRLSelectorParams
0x3c7abea5,0x3c7abea5,PKIX_CRLSelector_GetMatchCallback
0xf27d6fe6,0xf27d6fe6,PKIX_CRLSelector_SetCommonCRLSelectorParams
0xd3d2c883,0xd3d2c883,PKIX_CertChainChecker_Create
0x3f14fff6,0x3f14fff6,PKIX_CertChainChecker_GetCertChainCheckerState
0xf8b5683a,0xf8b5683a,PKIX_CertChainChecker_GetCheckCallback
0xd68514e5,0xd68514e5,PKIX_CertChainChecker_GetSupportedExtensions
0x65945282,0x65945282,PKIX_CertChainChecker_IsForwardCheckingSupported
0x4ea2ce93,0x4ea2ce93,PKIX_CertChainChecker_IsForwardDirectionExpected
0xf2069282,0xf2069282,PKIX_CertChainChecker_SetCertChainCheckerState
0x4b631eac,0x4b631eac,PKIX_CertSelector_Create
0x43d0008c,0x43d0008c,PKIX_CertSelector_GetCertSelectorContext
0xfd2e07f4,0xfd2e07f4,PKIX_CertSelector_GetCommonCertSelectorParams
0xdb0a62d2,0xdb0a62d2,PKIX_CertSelector_GetMatchCallback
0xe6db1f00,0xe6db1f00,PKIX_CertSelector_SetCommonCertSelectorParams
0xec263257,0xec263257,PKIX_CertStore_CertContinue
0x273aab98,0x273aab98,PKIX_CertStore_Create
0x1c679eca,0x1c679eca,PKIX_CertStore_CrlContinue
0x476fb772,0x476fb772,PKIX_CertStore_GetCRLCallback
0x2e92f3f,0x02e92f3f,PKIX_CertStore_GetCertCallback
0x1a96556d,0x1a96556d,PKIX_CertStore_GetCertStoreCacheFlag
0x3e6644a4,0x3e6644a4,PKIX_CertStore_GetCertStoreContext
0xa8eb76ae,0xa8eb76ae,PKIX_CertStore_GetCrlCheckerFn
0x1430fe6d,0x1430fe6d,PKIX_CertStore_GetImportCrlCallback
0x6535cf09,0x6535cf09,PKIX_CertStore_GetLocalFlag
0xfbd59013,0xfbd59013,PKIX_CertStore_GetTrustCallback
0xfc0d2396,0xfc0d2396,PKIX_ComCRLSelParams_AddIssuerName
0xde1378c5,0xde1378c5,PKIX_ComCRLSelParams_Create
0x2afa9810,0x2afa9810,PKIX_ComCRLSelParams_GetCertificateChecking
0x319af0f1,0x319af0f1,PKIX_ComCRLSelParams_GetDateAndTime
0x3fc7d020,0x3fc7d020,PKIX_ComCRLSelParams_GetIssuerNames
0xfb535921,0xfb535921,PKIX_ComCRLSelParams_GetMaxCRLNumber
0xfdcf57df,0xfdcf57df,PKIX_ComCRLSelParams_GetMinCRLNumber
0x4186fd2a,0x4186fd2a,PKIX_ComCRLSelParams_GetNISTPolicyEnabled
0x8b0e179c,0x8b0e179c,PKIX_ComCRLSelParams_SetCertificateChecking
0xad1a86d2,0xad1a86d2,PKIX_ComCRLSelParams_SetCrlDp
0xf89da47d,0xf89da47d,PKIX_ComCRLSelParams_SetDateAndTime
0x6ca83ac,0x06ca83ac,PKIX_ComCRLSelParams_SetIssuerNames
0xa2ac7e2d,0xa2ac7e2d,PKIX_ComCRLSelParams_SetMaxCRLNumber
0xa5287ceb,0xa5287ceb,PKIX_ComCRLSelParams_SetMinCRLNumber
0xd35d29b6,0xd35d29b6,PKIX_ComCRLSelParams_SetNISTPolicyEnabled
0x1580a918,0x1580a918,PKIX_ComCertSelParams_AddPathToName
0x9356043d,0x9356043d,PKIX_ComCertSelParams_AddSubjAltName
0xc80b232,0x0c80b232,PKIX_ComCertSelParams_Create
0xcfc706d3,0xcfc706d3,PKIX_ComCertSelParams_GetAuthorityKeyIdentifier
0xc853a878,0xc853a878,PKIX_ComCertSelParams_GetBasicConstraints
0x39b03a01,0x39b03a01,PKIX_ComCertSelParams_GetCertificate
0x1b84e811,0x1b84e811,PKIX_ComCertSelParams_GetCertificateValid
0xced1bbed,0xced1bbed,PKIX_ComCertSelParams_GetExtendedKeyUsage
0x3b7625b9,0x3b7625b9,PKIX_ComCertSelParams_GetIssuer
0xa02e257c,0xa02e257c,PKIX_ComCertSelParams_GetKeyUsage
0x3c2738fe,0x3c2738fe,PKIX_ComCertSelParams_GetLeafCertFlag
0x430cd16d,0x430cd16d,PKIX_ComCertSelParams_GetMatchAllSubjAltNames
0x6c4576d7,0x6c4576d7,PKIX_ComCertSelParams_GetNameConstraints
0x87ac05e2,0x87ac05e2,PKIX_ComCertSelParams_GetPathToNames
0x4b7dd62e,0x4b7dd62e,PKIX_ComCertSelParams_GetPolicy
0xabb3f327,0xabb3f327,PKIX_ComCertSelParams_GetSerialNumber
0x2f3f087,0x02f3f087,PKIX_ComCertSelParams_GetSubjAltNames
0xe7a9a1fe,0xe7a9a1fe,PKIX_ComCertSelParams_GetSubjKeyIdentifier
0x879136ae,0x879136ae,PKIX_ComCertSelParams_GetSubjPKAlgId
0x92c82642,0x92c82642,PKIX_ComCertSelParams_GetSubjPubKey
0xaf71e36e,0xaf71e36e,PKIX_ComCertSelParams_GetSubject
0x723499a4,0x723499a4,PKIX_ComCertSelParams_GetVersion
0xe0eaeadf,0xe0eaeadf,PKIX_ComCertSelParams_SetAuthorityKeyIdentifier
0x12907384,0x12907384,PKIX_ComCertSelParams_SetBasicConstraints
0xb2ed8d,0x00b2ed8d,PKIX_ComCertSelParams_SetCertificate
0x65c1b31d,0x65c1b31d,PKIX_ComCertSelParams_SetCertificateValid
0x190e86f9,0x190e86f9,PKIX_ComCertSelParams_SetExtendedKeyUsage
0xb14b71c5,0xb14b71c5,PKIX_ComCertSelParams_SetIssuer
0xe086a488,0xe086a488,PKIX_ComCertSelParams_SetKeyUsage
0xe3805e0a,0xe3805e0a,PKIX_ComCertSelParams_SetLeafCertFlag
0xa5904279,0xa5904279,PKIX_ComCertSelParams_SetMatchAllSubjAltNames
0x954f1063,0x954f1063,PKIX_ComCertSelParams_SetNameConstraints
0x4eaeb96e,0x4eaeb96e,PKIX_ComCertSelParams_SetPathToNames
0xc153223a,0xc153223a,PKIX_ComCertSelParams_SetPolicy
0x530d1833,0x530d1833,PKIX_ComCertSelParams_SetSerialNumber
0xaa4d1593,0xaa4d1593,PKIX_ComCertSelParams_SetSubjAltNames
0x797fce8a,0x797fce8a,PKIX_ComCertSelParams_SetSubjKeyIdentifier
0x4e93ea3a,0x4e93ea3a,PKIX_ComCertSelParams_SetSubjPKAlgId
0x4b3c984e,0x4b3c984e,PKIX_ComCertSelParams_SetSubjPubKey
0xdff0b0fa,0xdff0b0fa,PKIX_ComCertSelParams_SetSubject
0xa2b36730,0xa2b36730,PKIX_ComCertSelParams_SetVersion
0xc0c05850,0xc0c05850,PKIX_DoAddError
0xb175f73d,0xb175f73d,PKIX_DoReturn
0xee40a5d1,0xee40a5d1,PKIX_DoThrow
0xcdfb5f7e,0xcdfb5f7e,PKIX_ERRORCLASSNAMES
0xdf80fd17,0xdf80fd17,PKIX_EkuChecker_Create
0xc9fb7167,0xc9fb7167,PKIX_Error_Create
0x1fc40f44,0x1fc40f44,PKIX_Error_GetCause
0xcd0b1d97,0xcd0b1d97,PKIX_Error_GetDescription
0x253aca33,0x253aca33,PKIX_Error_GetErrorClass
0x20289ed8,0x20289ed8,PKIX_Error_GetErrorCode
0x1338118,0x01338118,PKIX_Error_GetSupplementaryInfo
0x35b5195d,0x35b5195d,PKIX_GetLoggers
0x2806d63c,0x2806d63c,PKIX_Initialize
0xf7e082c,0x0f7e082c,PKIX_List_AppendItem
0xea4828f9,0xea4828f9,PKIX_List_Create
0x774e9947,0x774e9947,PKIX_List_DeleteItem
0x49e571d4,0x49e571d4,PKIX_List_GetItem
0x5efe2667,0x5efe2667,PKIX_List_GetLength
0x16155869,0x16155869,PKIX_List_InsertItem
0x1435310,0x01435310,PKIX_List_IsEmpty
0xb70af6e1,0xb70af6e1,PKIX_List_IsImmutable
0xc1a8a63d,0xc1a8a63d,PKIX_List_ReverseList
0x1efa6a31,0x1efa6a31,PKIX_List_SetImmutable
0xe5a04ae0,0xe5a04ae0,PKIX_List_SetItem
0x6412d69d,0x6412d69d,PKIX_Logger_Create
0x7845d298,0x7845d298,PKIX_Logger_GetLogCallback
0x5931df2e,0x5931df2e,PKIX_Logger_GetLoggerContext
0x36d4d563,0x36d4d563,PKIX_Logger_GetLoggingComponent
0xaf8d66ee,0xaf8d66ee,PKIX_Logger_GetMaxLoggingLevel
0x8111a06f,0x8111a06f,PKIX_Logger_SetLoggingComponent
0xd897007a,0xd897007a,PKIX_Logger_SetMaxLoggingLevel
0xfaacac68,0xfaacac68,PKIX_PLErrorIndex
0x97dea0c9,0x97dea0c9,PKIX_PL_AIAMgr_Create
0x2fccd501,0x2fccd501,PKIX_PL_AIAMgr_GetAIACerts
0xf66f33eb,0xf66f33eb,PKIX_PL_AcquireReaderLock
0x26a839b5,0x26a839b5,PKIX_PL_AcquireWriterLock
0xe5ad1ddc,0xe5ad1ddc,PKIX_PL_BasicConstraints_GetCAFlag
0x113ab32f,0x113ab32f,PKIX_PL_BasicConstraints_GetPathLenConstraint
0xc92cba55,0xc92cba55,PKIX_PL_BigInt_Create
0x44a7364b,0x44a7364b,PKIX_PL_ByteArray_Create
0x984b0a79,0x984b0a79,PKIX_PL_ByteArray_GetLength
0xec923f18,0xec923f18,PKIX_PL_ByteArray_GetPointer
0xa9ed29ed,0xa9ed29ed,PKIX_PL_CRLEntry_GetCRLEntryReasonCode
0xafd9d68e,0xafd9d68e,PKIX_PL_CRLEntry_GetCriticalExtensionOIDs
0x58507b39,0x58507b39,PKIX_PL_CRL_AdoptDerCrl
0x7ce52939,0x7ce52939,PKIX_PL_CRL_Create
0x797fc6ef,0x797fc6ef,PKIX_PL_CRL_GetCRLNumber
0xa049797c,0xa049797c,PKIX_PL_CRL_GetCriticalExtensionOIDs
0xc29f1360,0xc29f1360,PKIX_PL_CRL_GetIssuer
0xba07d762,0xba07d762,PKIX_PL_CRL_ReleaseDerCrl
0xc313652c,0xc313652c,PKIX_PL_CRL_VerifySignature
0xdab2068c,0xdab2068c,PKIX_PL_CRL_VerifyUpdateTime
0xa112e693,0xa112e693,PKIX_PL_Calloc
0x51242d81,0x51242d81,PKIX_PL_CertNameConstraints_CheckNamesInNameSpace
0x80b8ad8e,0x80b8ad8e,PKIX_PL_CertPolicyInfo_GetPolQualifiers
0x365fd74b,0x365fd74b,PKIX_PL_CertPolicyInfo_GetPolicyId
0xd2597f23,0xd2597f23,PKIX_PL_CertPolicyMap_GetIssuerDomainPolicy
0x82f17c98,0x82f17c98,PKIX_PL_CertPolicyMap_GetSubjectDomainPolicy
0x927a455b,0x927a455b,PKIX_PL_Cert_AreCertPoliciesCritical
0x625d8f69,0x625d8f69,PKIX_PL_Cert_CheckNameConstraints
0x1e3694f6,0x1e3694f6,PKIX_PL_Cert_CheckValidity
0x10dba386,0x10dba386,PKIX_PL_Cert_Create
0xf1e1daab,0xf1e1daab,PKIX_PL_Cert_CreateFromCERTCertificate
0xcc1e004f,0xcc1e004f,PKIX_PL_Cert_GetAllSubjectNames
0x4ffa21f9,0x4ffa21f9,PKIX_PL_Cert_GetAuthorityInfoAccess
0x81658fa7,0x81658fa7,PKIX_PL_Cert_GetAuthorityKeyIdentifier
0x7641224c,0x7641224c,PKIX_PL_Cert_GetBasicConstraints
0x58127963,0x58127963,PKIX_PL_Cert_GetCERTCertificate
0x13f45500,0x13f45500,PKIX_PL_Cert_GetCacheFlag
0x7c2b3509,0x7c2b3509,PKIX_PL_Cert_GetCriticalExtensionOIDs
0x9f826b47,0x9f826b47,PKIX_PL_Cert_GetCrlDp
0x7cbf35c1,0x7cbf35c1,PKIX_PL_Cert_GetExtendedKeyUsage
0x55014dd1,0x55014dd1,PKIX_PL_Cert_GetInhibitAnyPolicy
0x9de5868d,0x9de5868d,PKIX_PL_Cert_GetIssuer
0x4ac1062b,0x4ac1062b,PKIX_PL_Cert_GetNameConstraints
0x95abfe28,0x95abfe28,PKIX_PL_Cert_GetPolicyInformation
0xc55e21e,0x0c55e21e,PKIX_PL_Cert_GetPolicyMappingInhibited
0x38331a21,0x38331a21,PKIX_PL_Cert_GetPolicyMappings
0x888ca841,0x888ca841,PKIX_PL_Cert_GetRequireExplicitPolicy
0x7b65a2fb,0x7b65a2fb,PKIX_PL_Cert_GetSerialNumber
0x5fcd5ec2,0x5fcd5ec2,PKIX_PL_Cert_GetSubject
0x5f329d77,0x5f329d77,PKIX_PL_Cert_GetSubjectAltNames
0xb4ea24a0,0xb4ea24a0,PKIX_PL_Cert_GetSubjectInfoAccess
0x1c9e4ee,0x01c9e4ee,PKIX_PL_Cert_GetSubjectKeyIdentifier
0x440ebcea,0x440ebcea,PKIX_PL_Cert_GetSubjectPublicKey
0xad5090cb,0xad5090cb,PKIX_PL_Cert_GetSubjectPublicKeyAlgId
0xfe0a2eaf,0xfe0a2eaf,PKIX_PL_Cert_GetTrustCertStore
0x39e9397b,0x39e9397b,PKIX_PL_Cert_GetValidityNotAfter
0x229014f8,0x229014f8,PKIX_PL_Cert_GetVersion
0x6bf454a7,0x6bf454a7,PKIX_PL_Cert_IsCertTrusted
0xc4babff,0x0c4babff,PKIX_PL_Cert_IsLeafCertTrusted
0x629e8cdb,0x629e8cdb,PKIX_PL_Cert_MergeNameConstraints
0x9a2b318f,0x9a2b318f,PKIX_PL_Cert_SetAsTrustAnchor
0x5f5cb58c,0x5f5cb58c,PKIX_PL_Cert_SetCacheFlag
0xe040c6bb,0xe040c6bb,PKIX_PL_Cert_SetTrustCertStore
0xc3018833,0xc3018833,PKIX_PL_Cert_VerifyCertAndKeyType
0x8dcf4805,0x8dcf4805,PKIX_PL_Cert_VerifyKeyUsage
0x6c20c619,0x6c20c619,PKIX_PL_Cert_VerifySignature
0x8fcd343f,0x8fcd343f,PKIX_PL_CollectionCertStore_Create
0x7560e65b,0x7560e65b,PKIX_PL_Date_CreateFromPRTime
0x75de877d,0x75de877d,PKIX_PL_Date_Create_CurrentOffBySeconds
0x5c6bfa30,0x5c6bfa30,PKIX_PL_Date_Create_UTCTime
0x390b5827,0x390b5827,PKIX_PL_Free
0xb3dcdca6,0xb3dcdca6,PKIX_PL_GetPLErrorCode
0xf2048fc,0x0f2048fc,PKIX_PL_GetString
0xc388f899,0xc388f899,PKIX_PL_HashTable_Add
0x483bea4,0x0483bea4,PKIX_PL_HashTable_Create
0x1951894a,0x1951894a,PKIX_PL_HashTable_Lookup
0x269a805e,0x269a805e,PKIX_PL_HashTable_Remove
0xbfa99e73,0xbfa99e73,PKIX_PL_HttpCertStore_Create
0x4b8a905b,0x4b8a905b,PKIX_PL_InfoAccess_GetLocation
0x34f1673d,0x34f1673d,PKIX_PL_InfoAccess_GetLocationType
0x7ecb2543,0x7ecb2543,PKIX_PL_InfoAccess_GetMethod
0xbe316637,0xbe316637,PKIX_PL_Initialize
0xd522dc9a,0xd522dc9a,PKIX_PL_IsReaderLockHeld
0xe29db764,0xe29db764,PKIX_PL_IsWriterLockHeld
0x28ce226,0x028ce226,PKIX_PL_LDAPCrossCertPairTemplate
0xbafbd787,0xbafbd787,PKIX_PL_LDAPMessageTemplate
0x36fb6b74,0x36fb6b74,PKIX_PL_LdapCertStore_Create
0x778adb04,0x778adb04,PKIX_PL_LdapClient_InitiateRequest
0xa563fb9e,0xa563fb9e,PKIX_PL_LdapClient_ResumeRequest
0xea359e65,0xea359e65,PKIX_PL_LdapDefaultClient_AbandonRequest
0xbcfa79bd,0xbcfa79bd,PKIX_PL_LdapDefaultClient_Create
0xce9e9299,0xce9e9299,PKIX_PL_LdapDefaultClient_CreateByName
0xb8667cdd,0xb8667cdd,PKIX_PL_Malloc
0x4bcbc5c9,0x4bcbc5c9,PKIX_PL_MonitorLock_Create
0xad18e8b3,0xad18e8b3,PKIX_PL_MonitorLock_Enter
0x3b8c8d4f,0x3b8c8d4f,PKIX_PL_MonitorLock_Exit
0xb17eac6b,0xb17eac6b,PKIX_PL_Mutex_Create
0xc4b51300,0xc4b51300,PKIX_PL_Mutex_Lock
0xdb3735c3,0xdb3735c3,PKIX_PL_Mutex_Unlock
0x7673e491,0x7673e491,PKIX_PL_NssContext_Create
0x749f5ec7,0x749f5ec7,PKIX_PL_NssContext_Destroy
0xcc8cacb2,0xcc8cacb2,PKIX_PL_NssContext_SetBadDerCrlReloadDelay
0x6178f70,0x06178f70,PKIX_PL_NssContext_SetCrlReloadDelay
0xc8b05b7d,0xc8b05b7d,PKIX_PL_NssContext_SetMaxResponseLen
0xcca4cc90,0xcca4cc90,PKIX_PL_NssContext_SetTimeout
0x32f556b4,0x32f556b4,PKIX_PL_OID_Create
0x8f2f419,0x08f2f419,PKIX_PL_OID_CreateBySECItem
0x32189326,0x32189326,PKIX_PL_Object_Alloc
0xbb909382,0xbb909382,PKIX_PL_Object_Compare
0x7ba65c24,0x7ba65c24,PKIX_PL_Object_DecRef
0xbe2d86b6,0xbe2d86b6,PKIX_PL_Object_Duplicate
0x7edeca66,0x7edeca66,PKIX_PL_Object_Equals
0xd895a6fd,0xd895a6fd,PKIX_PL_Object_GetType
0xa2ac159a,0xa2ac159a,PKIX_PL_Object_Hashcode
0x87f303d2,0x87f303d2,PKIX_PL_Object_IncRef
0xe527ef90,0xe527ef90,PKIX_PL_Object_InvalidateCache
0x2a5c4a47,0x2a5c4a47,PKIX_PL_Object_IsTypeRegistered
0x6e25da24,0x6e25da24,PKIX_PL_Object_Lock
0xa1ad9615,0xa1ad9615,PKIX_PL_Object_ToString
0xa3f655e7,0xa3f655e7,PKIX_PL_Object_Unlock
0xd6160c48,0xd6160c48,PKIX_PL_OcspCertID_Create
0x16f03fa4,0x16f03fa4,PKIX_PL_OcspCertID_GetFreshCacheStatus
0xc8bf4e3d,0xc8bf4e3d,PKIX_PL_OcspCertID_RememberOCSPProcessingFailure
0xc751cda8,0xc751cda8,PKIX_PL_OcspResponse_UseBuildChain
0x75cbec50,0x75cbec50,PKIX_PL_Pk11CertStore_Create
0xa0eafe15,0xa0eafe15,PKIX_PL_PolicyQualifier_GetPolicyQualifierId
0x9fcaf0b8,0x9fcaf0b8,PKIX_PL_PolicyQualifier_GetQualifier
0x4def09a6,0x4def09a6,PKIX_PL_PublicKey_MakeInheritedDSAPublicKey
0x250f83a7,0x250f83a7,PKIX_PL_PublicKey_NeedsDSAParameters
0x8721d7aa,0x8721d7aa,PKIX_PL_RWLock_Create
0x4ea6d267,0x4ea6d267,PKIX_PL_Realloc
0xa0e3d442,0xa0e3d442,PKIX_PL_ReleaseReaderLock
0xd11cda0c,0xd11cda0c,PKIX_PL_ReleaseWriterLock
0x25e53b01,0x25e53b01,PKIX_PL_Shutdown
0xb67bd2ab,0xb67bd2ab,PKIX_PL_Sprintf
0x65e77d8f,0x65e77d8f,PKIX_PL_String_Create
0x65ea78ad,0x65ea78ad,PKIX_PL_String_GetEncoded
0xd08900c9,0xd08900c9,PKIX_PL_X500Name_CreateFromCERTName
0x2ce7263f,0x2ce7263f,PKIX_PL_X500Name_Match
0xc92a5da8,0xc92a5da8,PKIX_PolicyNode_GetChildren
0x9ca00c54,0x9ca00c54,PKIX_PolicyNode_GetDepth
0x3f78c5e9,0x3f78c5e9,PKIX_PolicyNode_GetExpectedPolicies
0x4c57f689,0x4c57f689,PKIX_PolicyNode_GetParent
0x21376344,0x21376344,PKIX_PolicyNode_GetPolicyQualifiers
0x77f2efbf,0x77f2efbf,PKIX_PolicyNode_GetValidPolicy
0x51abe146,0x51abe146,PKIX_PolicyNode_IsCritical
0xee3f44d9,0xee3f44d9,PKIX_ProcessingParams_AddCertChainChecker
0x724fc5ae,0x724fc5ae,PKIX_ProcessingParams_AddCertStore
0xb34da01e,0xb34da01e,PKIX_ProcessingParams_Create
0x114f7f03,0x114f7f03,PKIX_ProcessingParams_GetCertChainCheckers
0x1f416658,0x1f416658,PKIX_ProcessingParams_GetCertStores
0x3396c0c8,0x3396c0c8,PKIX_ProcessingParams_GetDate
0x206c9e1e,0x206c9e1e,PKIX_ProcessingParams_GetHintCerts
0xdfffbec,0x0dfffbec,PKIX_ProcessingParams_GetInitialPolicies
0x262cd7d5,0x262cd7d5,PKIX_ProcessingParams_GetPolicyQualifiersRejected
0x8c7f0084,0x8c7f0084,PKIX_ProcessingParams_GetResourceLimits
0x968b34d9,0x968b34d9,PKIX_ProcessingParams_GetRevocationChecker
0x9c76cb57,0x9c76cb57,PKIX_ProcessingParams_GetTargetCertConstraints
0xadf5681a,0xadf5681a,PKIX_ProcessingParams_GetTrustAnchors
0xcb297d7f,0xcb297d7f,PKIX_ProcessingParams_GetUseAIAForCertFetching
0x2c4132e9,0x2c4132e9,PKIX_ProcessingParams_GetUseOnlyTrustAnchors
0x69baa6a9,0x69baa6a9,PKIX_ProcessingParams_GetValidateTargetCert
0xc30b5a4e,0xc30b5a4e,PKIX_ProcessingParams_IsAnyPolicyInhibited
0x1a022579,0x1a022579,PKIX_ProcessingParams_IsExplicitPolicyRequired
0x2331a9d2,0x2331a9d2,PKIX_ProcessingParams_IsPolicyMappingInhibited
0xedec043e,0xedec043e,PKIX_ProcessingParams_SetAnyPolicyInhibited
0xa325ab8f,0xa325ab8f,PKIX_ProcessingParams_SetCertChainCheckers
0xd7b5d864,0xd7b5d864,PKIX_ProcessingParams_SetCertStores
0xcf5199d4,0xcf5199d4,PKIX_ProcessingParams_SetDate
0xb8064769,0xb8064769,PKIX_ProcessingParams_SetExplicitPolicyRequired
0x6bd4feaa,0x6bd4feaa,PKIX_ProcessingParams_SetHintCerts
0x37099578,0x37099578,PKIX_ProcessingParams_SetInitialPolicies
0xc135cbc2,0xc135cbc2,PKIX_ProcessingParams_SetPolicyMappingInhibited
0xfd9eee1,0x0fd9eee1,PKIX_ProcessingParams_SetPolicyQualifiersRejected
0x7891e086,0x7891e086,PKIX_ProcessingParams_SetQualifyTargetCert
0x6eb59890,0x6eb59890,PKIX_ProcessingParams_SetResourceLimits
0x28616165,0x28616165,PKIX_ProcessingParams_SetRevocationChecker
0x4f685de3,0x4f685de3,PKIX_ProcessingParams_SetTargetCertConstraints
0x554e8d26,0x554e8d26,PKIX_ProcessingParams_SetTrustAnchors
0x7e1b100b,0x7e1b100b,PKIX_ProcessingParams_SetUseAIAForCertFetching
0x8c54b275,0x8c54b275,PKIX_ProcessingParams_SetUseOnlyTrustAnchors
0x47b341f7,0x47b341f7,PKIX_ResourceLimits_Create
0xa8e4da1e,0xa8e4da1e,PKIX_ResourceLimits_GetMaxDepth
0xc9e0e136,0xc9e0e136,PKIX_ResourceLimits_GetMaxFanout
0x441ce19b,0x441ce19b,PKIX_ResourceLimits_GetMaxNumberOfCRLs
0xc7c42268,0xc7c42268,PKIX_ResourceLimits_GetMaxNumberOfCerts
0x623e5198,0x623e5198,PKIX_ResourceLimits_GetMaxTime
0xe93d592a,0xe93d592a,PKIX_ResourceLimits_SetMaxDepth
0x154941c2,0x154941c2,PKIX_ResourceLimits_SetMaxFanout
0x6d267b27,0x6d267b27,PKIX_ResourceLimits_SetMaxNumberOfCRLs
0x1200ed74,0x1200ed74,PKIX_ResourceLimits_SetMaxNumberOfCerts
0x92bd1f24,0x92bd1f24,PKIX_ResourceLimits_SetMaxTime
0xa0fd6bd6,0xa0fd6bd6,PKIX_RevocationChecker_Check
0xc15fd4ac,0xc15fd4ac,PKIX_RevocationChecker_Create
0xc96b5c09,0xc96b5c09,PKIX_RevocationChecker_CreateAndAddMethod
0x6633e6e9,0x6633e6e9,PKIX_SetLoggers
0xc124e5c6,0xc124e5c6,PKIX_Shutdown
0x57f8ec04,0x57f8ec04,PKIX_TrustAnchor_CreateWithCert
0x206a888c,0x206a888c,PKIX_TrustAnchor_CreateWithNameKeyPair
0x346c4e4b,0x346c4e4b,PKIX_TrustAnchor_GetCAName
0xa0949bd2,0xa0949bd2,PKIX_TrustAnchor_GetCAPublicKey
0x8a4a977f,0x8a4a977f,PKIX_TrustAnchor_GetNameConstraints
0x9813aa9f,0x9813aa9f,PKIX_TrustAnchor_GetTrustedCert
0xeb08b837,0xeb08b837,PKIX_ValidateChain
0xd30d7f46,0xd30d7f46,PKIX_ValidateChain_NB
0x3980c2eb,0x3980c2eb,PKIX_ValidateParams_Create
0x5dc8ac88,0x5dc8ac88,PKIX_ValidateParams_GetCertChain
0xfb7e7478,0xfb7e7478,PKIX_ValidateParams_GetProcessingParams
0xa5b02dd2,0xa5b02dd2,PKIX_ValidateResult_GetPolicyTree
0x659e263a,0x659e263a,PKIX_ValidateResult_GetPublicKey
0x6c0631cf,0x6c0631cf,PKIX_ValidateResult_GetTrustAnchor
0x46210196,0x46210196,PL_ArenaAllocate
0x749c1f2,0x0749c1f2,PL_ArenaFinish
0xc9004bd0,0xc9004bd0,PL_ArenaGrow
0x82c18972,0x82c18972,PL_ArenaRelease
0xf6e52c73,0xf6e52c73,PL_Base64Decode
0xf9dd319d,0xf9dd319d,PL_Base64Encode
0x8fb671d2,0x8fb671d2,PL_ClearArenaPool
0x81cbe92,0x081cbe92,PL_CompactArenaPool
0x834b45bb,0x834b45bb,PL_CompareStrings
0x6e784c41,0x6e784c41,PL_CompareValues
0xaea114c2,0xaea114c2,PL_CreateLongOptState
0xe45b5232,0xe45b5232,PL_CreateOptState
0xe6712408,0xe6712408,PL_DestroyOptState
0xb733e267,0xb733e267,PL_FPrintError
0x51b5178c,0x51b5178c,PL_FinishArenaPool
0x4073d68d,0x4073d68d,PL_FreeArenaPool
0x5c5733fc,0x5c5733fc,PL_GetNextOpt
0x49527005,0x49527005,PL_HashString
0xf83c137f,0xf83c137f,PL_HashTableAdd
0x19c9920,0x019c9920,PL_HashTableDestroy
0xffc0726c,0xffc0726c,PL_HashTableDump
0xf1604676,0xf1604676,PL_HashTableEnumerateEntries
0x3e48270,0x03e48270,PL_HashTableLookup
0x5b42b377,0x5b42b377,PL_HashTableLookupConst
0x10e9cd49,0x10e9cd49,PL_HashTableRawAdd
0x5f525ffa,0x5f525ffa,PL_HashTableRawLookup
0xa8ca9741,0xa8ca9741,PL_HashTableRawLookupConst
0x6c9b570e,0x6c9b570e,PL_HashTableRawRemove
0x112d7984,0x112d7984,PL_HashTableRemove
0xbcd4d37f,0xbcd4d37f,PL_InitArenaPool
0x293a55c0,0x293a55c0,PL_NewHashTable
0x2dd7961,0x02dd7961,PL_PrintError
0x4fbf14bf,0x4fbf14bf,PL_strcasecmp
0x47aa00ca,0x47aa00ca,PL_strcaserstr
0x4fbf59b8,0x4fbf59b8,PL_strcasestr
0xa4b4a1db,0xa4b4a1db,PL_strcat
0x3b48dda9,0x3b48dda9,PL_strcatn
0xa4b4a2c0,0xa4b4a2c0,PL_strchr
0xa4b4a363,0xa4b4a363,PL_strcmp
0xa4b4a3cf,0xa4b4a3cf,PL_strcpy
0xa4b4a8ac,0xa4b4a8ac,PL_strdup
0x3b4ac925,0x3b4ac925,PL_strfree
0xa4b4c8a2,0xa4b4c8a2,PL_strlen
0xdf6bb5cd,0xdf6bb5cd,PL_strncasecmp
0xcceac398,0xcceac398,PL_strncaserstr
0xdf6bfac6,0xdf6bfac6,PL_strncasestr
0x3b4eebe9,0x3b4eebe9,PL_strncat
0x3b4eecce,0x3b4eecce,PL_strnchr
0x3b4eed71,0x3b4eed71,PL_strncmp
0x3b4eeddd,0x3b4eeddd,PL_strncpy
0xa52ca9f7,0xa52ca9f7,PL_strncpyz
0x3b4ef2ba,0x3b4ef2ba,PL_strndup
0x3b4f12b0,0x3b4f12b0,PL_strnlen
0xa5338e60,0xa5338e60,PL_strnpbrk
0x4badddb2,0x4badddb2,PL_strnprbrk
0xa534aa20,0xa534aa20,PL_strnrchr
0xa534efbc,0xa534efbc,PL_strnrstr
0x3b4f326a,0x3b4f326a,PL_strnstr
0x3b500292,0x3b500292,PL_strpbrk
0xa558d824,0xa558d824,PL_strprbrk
0x3b511e52,0x3b511e52,PL_strrchr
0x3b5163ee,0x3b5163ee,PL_strrstr
0xa4b4e85c,0xa4b4e85c,PL_strstr
0xa59fb8e2,0xa59fb8e2,PL_strtok_r
0x12ab1d7e,0x12ab1d7e,PORT_Alloc
0x47f6ebbb,0x47f6ebbb,PORT_Alloc_Util
0x395dcde5,0x395dcde5,PORT_ArenaAlloc
0xea1af482,0xea1af482,PORT_ArenaAlloc_Util
0xf23c8979,0xf23c8979,PORT_ArenaGrow
0x6ba20c96,0x6ba20c96,PORT_ArenaGrow_Util
0xf23f8bc5,0xf23f8bc5,PORT_ArenaMark
0x411e5e62,0x411e5e62,PORT_ArenaMark_Util
0x144d527b,0x144d527b,PORT_ArenaRelease
0x3942c6d8,0x3942c6d8,PORT_ArenaRelease_Util
0x8fa8481c,0x8fa8481c,PORT_ArenaStrdup
0xd44d6919,0xd44d6919,PORT_ArenaStrdup_Util
0x93e33b48,0x93e33b48,PORT_ArenaUnmark
0xc8fb37c5,0xc8fb37c5,PORT_ArenaUnmark_Util
0x9c5e59bf,0x9c5e59bf,PORT_ArenaZAlloc
0x66aef89c,0x66aef89c,PORT_ArenaZAlloc_Util
0x39a03cd5,0x39a03cd5,PORT_ArenaZRelease
0xf772e3a5,0xf772e3a5,PORT_DestroyCheapArena
0x36e13c35,0x36e13c35,PORT_Free
0x21809d7c,0x21809d7c,PORT_FreeArena
0x73921a79,0x73921a79,PORT_FreeArena_Util
0x238fd4d2,0x238fd4d2,PORT_Free_Util
0x2565d5fd,0x2565d5fd,PORT_GetError
0x7c63cb9a,0x7c63cb9a,PORT_GetError_Util
0xad24e8d9,0xad24e8d9,PORT_ISO88591_UTF8Conversion
0x2f84822f,0x2f84822f,PORT_InitCheapArena
0x988687c4,0x988687c4,PORT_LoadLibraryFromOrigin
0xa1e98884,0xa1e98884,PORT_NewArena
0xb3ef2a81,0xb3ef2a81,PORT_NewArena_Util
0x7569e3b5,0x7569e3b5,PORT_Realloc
0x6f2d2c52,0x6f2d2c52,PORT_Realloc_Util
0xdd961cb0,0xdd961cb0,PORT_RegExpCaseSearch
0x3a82774,0x03a82774,PORT_RegExpSearch
0x74adbb2e,0x74adbb2e,PORT_RegExpValid
0x387bd089,0x387bd089,PORT_SetError
0x34d83da6,0x34d83da6,PORT_SetError_Util
0xaa732290,0xaa732290,PORT_SetUCS2_ASCIIConversionFunction
0xd086ec0d,0xd086ec0d,PORT_SetUCS2_ASCIIConversionFunction_Util
0x774f0e8e,0x774f0e8e,PORT_SetUCS2_UTF8ConversionFunction
0x5b0c06cb,0x5b0c06cb,PORT_SetUCS2_UTF8ConversionFunction_Util
0x1521fc50,0x1521fc50,PORT_SetUCS4_UTF8ConversionFunction
0x743ddcd,0x0743ddcd,PORT_SetUCS4_UTF8ConversionFunction_Util
0x929f8ad5,0x929f8ad5,PORT_Strdup
0xeda84772,0xeda84772,PORT_Strdup_Util
0x49d836be,0x49d836be,PORT_UCS2_ASCIIConversion
0xe985ccfb,0xe985ccfb,PORT_UCS2_ASCIIConversion_Util
0x3904a3c,0x03904a3c,PORT_UCS2_UTF8Conversion
0xee2bbf39,0xee2bbf39,PORT_UCS2_UTF8Conversion_Util
0x1bfa95fe,0x1bfa95fe,PORT_UCS4_UTF8Conversion
0x9f559c78,0x9f559c78,PORT_ZAlloc
0xd966dfac,0xd966dfac,PORT_ZAllocAligned
0x40aa2313,0x40aa2313,PORT_ZAllocAlignedOffset
0x12b1b670,0x12b1b670,PORT_ZAllocAlignedOffset_Util
0x6fa93aa9,0x6fa93aa9,PORT_ZAllocAligned_Util
0x8009d6f5,0x8009d6f5,PORT_ZAlloc_Util
0x145ac3ef,0x145ac3ef,PORT_ZFree
0xeef540cc,0xeef540cc,PORT_ZFree_Util
0xbcaa429a,0xbcaa429a,PRP_DestroyNakedCondVar
0x14ee1a76,0x14ee1a76,PRP_NakedBroadcast
0xb2c4c79c,0xb2c4c79c,PRP_NakedNotify
0xc968c938,0xc968c938,PRP_NakedWait
0xbdc6f7a,0x0bdc6f7a,PRP_NewNakedCondVar
0xd66fa1a8,0xd66fa1a8,PRP_TryLock
0x62ad4a48,0x62ad4a48,PR_Abort
0xb861dfe0,0xb861dfe0,PR_Accept
0xd43d817c,0xd43d817c,PR_AcceptRead
0xb861e042,0xb861e042,PR_Access
0x436eb4bc,0x436eb4bc,PR_AddToCounter
0x4bd7330d,0x4bd7330d,PR_AddWaitFileDesc
0x3c3a59fa,0x3c3a59fa,PR_AllocFileDesc
0xb98c2e42,0xb98c2e42,PR_Assert
0x2c27199c,0x2c27199c,PR_AssertCurrentThreadInMonitor
0x13acd2d,0x013acd2d,PR_AssertCurrentThreadOwnsLock
0xc1c0b8b6,0xc1c0b8b6,PR_AtomicAdd
0xb55c1884,0xb55c1884,PR_AtomicDecrement
0x4a1ac972,0x4a1ac972,PR_AtomicIncrement
0xc1c10579,0xc1c10579,PR_AtomicSet
0x4d2ea095,0x4d2ea095,PR_AttachSharedMemory
0x91650edd,0x91650edd,PR_AttachThread
0x16fe02db,0x16fe02db,PR_AttachThreadGCAble
0x5b762b91,0x5b762b91,PR_Available
0x11af5afb,0x11af5afb,PR_Available64
0x1282094d,0x1282094d,PR_Bind
0xb722c687,0xb722c687,PR_BlockClockInterrupts
0xd773e928,0xd773e928,PR_BlockInterrupt
0xa57526b9,0xa57526b9,PR_CEnterMonitor
0xfcb23815,0xfcb23815,PR_CExitMonitor
0x2e7740cc,0x2e7740cc,PR_CNotify
0xd2a04025,0xd2a04025,PR_CNotifyAll
0x1f80ad2b,0x1f80ad2b,PR_CSetOnMonitorRecycle
0x62cb3668,0x62cb3668,PR_CWait
0xac537c71,0xac537c71,PR_CallOnce
0x83848867,0x83848867,PR_CallOnceWithArg
0xbced0d1e,0xbced0d1e,PR_Calloc
0xbd45b011,0xbd45b011,PR_CancelJob
0x49314a0a,0x49314a0a,PR_CancelWaitFileDesc
0x30d31a78,0x30d31a78,PR_CancelWaitGroup
0x780ba21f,0x780ba21f,PR_CeilingLog2
0xf4282088,0xf4282088,PR_ChangeFileDescNativeHandle
0x73b2ba98,0x73b2ba98,PR_Cleanup
0x3ac30a64,0x3ac30a64,PR_ClearInterrupt
0x8b24e80d,0x8b24e80d,PR_ClearThreadGCAble
0x62d6f726,0x62d6f726,PR_Close
0x29d9ca5,0x029d9ca5,PR_CloseDir
0xb5760464,0xb5760464,PR_CloseFileMap
0x6a75ec4a,0x6a75ec4a,PR_CloseSemaphore
0x44d06116,0x44d06116,PR_CloseSharedMemory
0x7b5c095a,0x7b5c095a,PR_Connect
0xa9d5d8bf,0xa9d5d8bf,PR_ConnectContinue
0x7c8c7ef7,0x7c8c7ef7,PR_ConvertIPv4AddrToIPv6
0xeaf2f4d1,0xeaf2f4d1,PR_CreateAlarm
0x15df4444,0x15df4444,PR_CreateCounter
0xee269462,0xee269462,PR_CreateFileMap
0x962aa459,0x962aa459,PR_CreateIOLayer
0x3956a937,0x3956a937,PR_CreateIOLayerStub
0x8fc5f888,0x8fc5f888,PR_CreateMWaitEnumerator
0x67cdbd52,0x67cdbd52,PR_CreateOrderedLock
0x5c7c26b2,0x5c7c26b2,PR_CreatePipe
0x520fac3,0x0520fac3,PR_CreateProcess
0x9c2554d5,0x9c2554d5,PR_CreateProcessDetached
0xa33f3bee,0xa33f3bee,PR_CreateSocketPollFd
0xec3d0efa,0xec3d0efa,PR_CreateStack
0x75644adc,0x75644adc,PR_CreateThread
0x1780021a,0x1780021a,PR_CreateThreadGCAble
0xd2341e16,0xd2341e16,PR_CreateThreadPool
0xec4e0eb3,0xec4e0eb3,PR_CreateTrace
0xa7fd84c6,0xa7fd84c6,PR_CreateWaitGroup
0x700d52e7,0x700d52e7,PR_DecrementCounter
0xbf8a7aa3,0xbf8a7aa3,PR_Delete
0x21f5ac67,0x21f5ac67,PR_DeleteSemaphore
0xa9480813,0xa9480813,PR_DeleteSharedMemory
0x3b3f4727,0x3b3f4727,PR_DestroyAlarm
0xaa04dca7,0xaa04dca7,PR_DestroyCondVar
0xaa89841a,0xaa89841a,PR_DestroyCounter
0xa4ba6ca3,0xa4ba6ca3,PR_DestroyLock
0x2e45ae5e,0x2e45ae5e,PR_DestroyMWaitEnumerator
0xabce7b82,0xabce7b82,PR_DestroyMonitor
0xc49ff828,0xc49ff828,PR_DestroyOrderedLock
0x8e5f6ea7,0x8e5f6ea7,PR_DestroyPollableEvent
0xabce8094,0xabce8094,PR_DestroyProcessAttr
0xc9484a8c,0xc9484a8c,PR_DestroyRWLock
0x1481e1bf,0x1481e1bf,PR_DestroySem
0x9a58d184,0x9a58d184,PR_DestroySocketPollFd
0x3c896150,0x3c896150,PR_DestroyStack
0x3c9a6109,0x3c9a6109,PR_DestroyTrace
0x1037121c,0x1037121c,PR_DestroyWaitGroup
0xb114e2b8,0xb114e2b8,PR_DetachProcess
0x7cacc8e9,0x7cacc8e9,PR_DetachSharedMemory
0x53d08831,0x53d08831,PR_DetachThread
0x9b582b10,0x9b582b10,PR_DisableClockInterrupts
0x7a9cc840,0x7a9cc840,PR_DuplicateEnvironment
0x9fefe029,0x9fefe029,PR_EmulateAcceptRead
0x60af16a7,0x60af16a7,PR_EmulateSendFile
0x6c4b9443,0x6c4b9443,PR_EnableClockInterrupts
0xffd247f6,0xffd247f6,PR_EnterMonitor
0x9abc3ddd,0x9abc3ddd,PR_EnumerateAddrInfo
0xc5e4273b,0xc5e4273b,PR_EnumerateHostEnt
0x51310781,0x51310781,PR_EnumerateThreads
0xb59bd9f8,0xb59bd9f8,PR_EnumerateWaitGroup
0xfe5718de,0xfe5718de,PR_ErrorInstallCallback
0x1eada779,0x1eada779,PR_ErrorInstallTable
0xea028091,0xea028091,PR_ErrorLanguages
0xd2b879e,0x0d2b879e,PR_ErrorToName
0x13306154,0x13306154,PR_ErrorToString
0xc921a5b2,0xc921a5b2,PR_ExitMonitor
0xb55ed8d0,0xb55ed8d0,PR_ExplodeTime
0x3354875b,0x3354875b,PR_ExportFileMapAsString
0xc1d7ec7a,0xc1d7ec7a,PR_FD_CLR
0x97f56a21,0x97f56a21,PR_FD_ISSET
0xfcdb5d28,0xfcdb5d28,PR_FD_NCLR
0xa197be4f,0xa197be4f,PR_FD_NISSET
0xfcdba053,0xfcdba053,PR_FD_NSET
0xc1d82fa5,0xc1d82fa5,PR_FD_SET
0xfce1faf9,0xfce1faf9,PR_FD_ZERO
0x73c12db4,0x73c12db4,PR_FileDesc2NativeHandle
0xa56a614d,0xa56a614d,PR_FindFunctionSymbol
0x63bdf8f5,0x63bdf8f5,PR_FindFunctionSymbolAndLibrary
0xc1c813e2,0xc1c813e2,PR_FindNextCounterQname
0xc1da2c63,0xc1da2c63,PR_FindNextCounterRname
0xd20268b1,0xd20268b1,PR_FindNextTraceQname
0xd2148132,0xd2148132,PR_FindNextTraceRname
0x39fa89a7,0x39fa89a7,PR_FindSymbol
0x4b37d9cf,0x4b37d9cf,PR_FindSymbolAndLibrary
0xab619ba6,0xab619ba6,PR_FloorLog2
0x7af8cc48,0x7af8cc48,PR_FormatTime
0xeecf5f7a,0xeecf5f7a,PR_FormatTimeUSEnglish
0x12845ff2,0x12845ff2,PR_Free
0xa209abf9,0xa209abf9,PR_FreeAddrInfo
0xd1f12811,0xd1f12811,PR_FreeFileDesc
0xd7ffcb88,0xd7ffcb88,PR_FreeLibraryName
0x79f8fc8c,0x79f8fc8c,PR_GMTParameters
0xeeca02f3,0xeeca02f3,PR_GetAddrInfoByName
0x32a8c81b,0x32a8c81b,PR_GetCanonNameFromAddrInfo
0x36782abe,0x36782abe,PR_GetConnectStatus
0x4a656670,0x4a656670,PR_GetCounter
0x6fc636d1,0x6fc636d1,PR_GetCounterHandleFromName
0x72584511,0x72584511,PR_GetCounterNameFromHandle
0xaa22accb,0xaa22accb,PR_GetCurrentThread
0xaf558e1,0x0af558e1,PR_GetDefaultIOMethods
0x7c0b1411,0x7c0b1411,PR_GetDescType
0xe0dcab56,0xe0dcab56,PR_GetDirectorySeparator
0xc8c12e95,0xc8c12e95,PR_GetDirectorySepartor
0xc68dceb9,0xc68dceb9,PR_GetEnv
0x82fe56e0,0x82fe56e0,PR_GetEnvSecure
0xa13e903a,0xa13e903a,PR_GetError
0x424fea9f,0x424fea9f,PR_GetErrorText
0xc52cf7c1,0xc52cf7c1,PR_GetErrorTextLength
0x78418d3c,0x78418d3c,PR_GetFileInfo
0x8ed9d366,0x8ed9d366,PR_GetFileInfo64
0x89f93f04,0x89f93f04,PR_GetFileMethods
0x7bd410b2,0x7bd410b2,PR_GetGCRegisters
0x3aae7ba4,0x3aae7ba4,PR_GetHostByAddr
0x3ab590ea,0x3ab590ea,PR_GetHostByName
0x2ff6982b,0x2ff6982b,PR_GetIPNodeByName
0xd8b8d7f,0x0d8b8d7f,PR_GetIdentitiesLayer
0x85d002d6,0x85d002d6,PR_GetInheritedFD
0xa37b250a,0xa37b250a,PR_GetInheritedFileMap
0xf58d086a,0xf58d086a,PR_GetLayersIdentity
0x7354cad3,0x7354cad3,PR_GetLibraryFilePathname
0x3eccb166,0x3eccb166,PR_GetLibraryName
0x3ecdcb12,0x3ecdcb12,PR_GetLibraryPath
0xe23ecd6c,0xe23ecd6c,PR_GetMemMapAlignment
0x350c3853,0x350c3853,PR_GetMonitorEntryCount
0x93cc54a2,0x93cc54a2,PR_GetNameForIdentity
0x32bcf7e1,0x32bcf7e1,PR_GetNumberOfProcessors
0xa16d5ffc,0xa16d5ffc,PR_GetOSError
0xce76430e,0xce76430e,PR_GetOpenFileInfo
0x451345b8,0x451345b8,PR_GetOpenFileInfo64
0x2b0f7ecb,0x2b0f7ecb,PR_GetPageShift
0x3f5d95e8,0x3f5d95e8,PR_GetPageSize
0x2d482f6e,0x2d482f6e,PR_GetPathSeparator
0x6f84949d,0x6f84949d,PR_GetPeerName
0xc740b821,0xc740b821,PR_GetPhysicalMemorySize
0x918a1792,0x918a1792,PR_GetPipeMethods
0x12bbbc0,0x012bbbc0,PR_GetProtoByName
0xfc739688,0xfc739688,PR_GetProtoByNumber
0xefedb4af,0xefedb4af,PR_GetRandomNoise
0x631b9393,0x631b9393,PR_GetSP
0x30e77601,0x30e77601,PR_GetSockName
0x4f4ee512,0x4f4ee512,PR_GetSocketOption
0xc34bcd1b,0xc34bcd1b,PR_GetSpecialFD
0x3caf94fd,0x3caf94fd,PR_GetStackSpaceLeft
0xafe923c7,0xafe923c7,PR_GetSysfdTableMax
0x44cf17e1,0x44cf17e1,PR_GetSystemInfo
0xb00a25eb,0xb00a25eb,PR_GetTCPMethods
0xcd07c46e,0xcd07c46e,PR_GetThreadAffinityMask
0x24ece335,0x24ece335,PR_GetThreadID
0x13b5cc29,0x13b5cc29,PR_GetThreadName
0x41640f0a,0x41640f0a,PR_GetThreadPriority
0xa4e79023,0xa4e79023,PR_GetThreadPrivate
0x8acaeee2,0x8acaeee2,PR_GetThreadScope
0x8ad40649,0x8ad40649,PR_GetThreadState
0x13b97cea,0x13b97cea,PR_GetThreadType
0x8b05c3f9,0x8b05c3f9,PR_GetTraceEntries
0x54855c80,0x54855c80,PR_GetTraceHandleFromName
0x57176ac0,0x57176ac0,PR_GetTraceNameFromHandle
0x23700c98,0x23700c98,PR_GetTraceOption
0x2891280d,0x2891280d,PR_GetUDPMethods
0xf116b8f1,0xf116b8f1,PR_GetUniqueIdentity
0xd5bd64f2,0xd5bd64f2,PR_GetValueSem
0xe9709956,0xe9709956,PR_GetVersion
0x9e5d7169,0x9e5d7169,PR_ImplodeTime
0x873072ab,0x873072ab,PR_ImportFile
0xa2907ed4,0xa2907ed4,PR_ImportFileMapFromString
0x8735eef9,0x8735eef9,PR_ImportPipe
0xbfe7a7db,0xbfe7a7db,PR_ImportTCPSocket
0x20a5edbd,0x20a5edbd,PR_ImportUDPSocket
0x6a99ec15,0x6a99ec15,PR_IncrementCounter
0x1285f4a4,0x1285f4a4,PR_Init
0xf081da42,0xf081da42,PR_Initialize
0x95d17c24,0x95d17c24,PR_InitializeNetAddr
0xbd22e6,0x00bd22e6,PR_Initialized
0x4aff233d,0x4aff233d,PR_Interrupt
0xf3cda89,0x0f3cda89,PR_IntervalNow
0x77643da1,0x77643da1,PR_IntervalToMicroseconds
0x574db47e,0x574db47e,PR_IntervalToMilliseconds
0xb07438e7,0xb07438e7,PR_IntervalToSeconds
0xd0f587f0,0xd0f587f0,PR_IsNetAddrType
0x95d8c6bb,0x95d8c6bb,PR_JoinJob
0x6ab0fc38,0x6ab0fc38,PR_JoinThread
0x16f21d72,0x16f21d72,PR_JoinThreadPool
0x9612cf5b,0x9612cf5b,PR_KillProcess
0xd280363f,0xd280363f,PR_Listen
0x867cf2a5,0x867cf2a5,PR_LoadLibrary
0x8073134e,0x8073134e,PR_LoadLibraryWithFlags
0xa720e86d,0xa720e86d,PR_LoadStaticLibrary
0xc4439f9e,0xc4439f9e,PR_LocalTimeParameters
0x12879d39,0x12879d39,PR_Lock
0x1b3dc139,0x1b3dc139,PR_LockFile
0x1bc63287,0x1bc63287,PR_LockOrderedLock
0x2209e374,0x2209e374,PR_LogFlush
0x22c1ef1f,0x22c1ef1f,PR_LogPrint
0x5c3e6b8d,0x5c3e6b8d,PR_MakeDir
0xd440a368,0xd440a368,PR_Malloc
0xd4890c2d,0xd4890c2d,PR_MemMap
0x1b94b090,0x1b94b090,PR_MemUnmap
0x8c1d8ea1,0x8c1d8ea1,PR_MicrosecondsToInterval
0xffdafdbe,0xffdafdbe,PR_MillisecondsToInterval
0x638aa7a7,0x638aa7a7,PR_MkDir
0xa5f5cbcc,0xa5f5cbcc,PR_NetAddrToString
0x2af03587,0x2af03587,PR_NewCondVar
0xb3597183,0xb3597183,PR_NewLock
0x717b8162,0x717b8162,PR_NewLogModule
0x2cb9d462,0x2cb9d462,PR_NewMonitor
0x86263e27,0x86263e27,PR_NewNamedMonitor
0x3361ef87,0x3361ef87,PR_NewPollableEvent
0xf27b4974,0xf27b4974,PR_NewProcessAttr
0xfbbc076c,0xfbbc076c,PR_NewRWLock
0xd6e3ca9f,0xd6e3ca9f,PR_NewSem
0x9d91396a,0x9d91396a,PR_NewTCPSocket
0xd316756,0x0d316756,PR_NewTCPSocketPair
0x55172fa5,0x55172fa5,PR_NewThreadPrivateIndex
0xfe4f7f4c,0xfe4f7f4c,PR_NewUDPSocket
0x387cd170,0x387cd170,PR_NormalizeTime
0xd7977849,0xd7977849,PR_Notify
0x862da282,0x862da282,PR_NotifyAll
0x41ad8af,0x041ad8af,PR_NotifyAllCondVar
0xf2af8896,0xf2af8896,PR_NotifyCondVar
0xc28043a4,0xc28043a4,PR_Now
0x128946e2,0x128946e2,PR_Open
0x35d2236c,0x35d2236c,PR_OpenAnonFileMap
0x18c8a2e1,0x18c8a2e1,PR_OpenDir
0x31de1762,0x31de1762,PR_OpenFile
0x1cf3af86,0x1cf3af86,PR_OpenSemaphore
0xad3c2ad2,0xad3c2ad2,PR_OpenSharedMemory
0x579bd6f2,0x579bd6f2,PR_OpenTCPSocket
0xb85a1cd4,0xb85a1cd4,PR_OpenUDPSocket
0x2d48ff51,0x2d48ff51,PR_ParseTimeString
0x89cecd18,0x89cecd18,PR_ParseTimeStringToExplodedTime
0x1289cfe7,0x1289cfe7,PR_Poll
0xcae4f734,0xcae4f734,PR_PopIOLayer
0x646e979b,0x646e979b,PR_PostSem
0x9eb0abfa,0x9eb0abfa,PR_PostSemaphore
0x5fc024e,0x05fc024e,PR_ProcessAttrSetCurrentDirectory
0x9c494cc7,0x9c494cc7,PR_ProcessAttrSetInheritableFD
0x28554d9b,0x28554d9b,PR_ProcessAttrSetInheritableFileMap
0xc3e3bcab,0xc3e3bcab,PR_ProcessAttrSetStdioRedirect
0xb77aad89,0xb77aad89,PR_ProcessExit
0x70ca9445,0x70ca9445,PR_PushIOLayer
0x8bd418b0,0x8bd418b0,PR_QueueJob
0x3e3ecf1f,0x3e3ecf1f,PR_QueueJob_Accept
0xbcd6e079,0xbcd6e079,PR_QueueJob_Connect
0xad94d02b,0xad94d02b,PR_QueueJob_Read
0x60556bb0,0x60556bb0,PR_QueueJob_Timer
0x6090957a,0x6090957a,PR_QueueJob_Write
0x723b757c,0x723b757c,PR_RWLock_Rlock
0xc0cc5d2d,0xc0cc5d2d,PR_RWLock_Unlock
0x7295f001,0x7295f001,PR_RWLock_Wlock
0x128abcac,0x128abcac,PR_Read
0xe5c0bc6b,0xe5c0bc6b,PR_ReadDir
0xe5c5ca52,0xe5c5ca52,PR_Realloc
0x6a912438,0x6a912438,PR_RecordTraceEntries
0x128abd00,0x128abd00,PR_Recv
0xa3c99334,0xa3c99334,PR_RecvFrom
0xe033ba48,0xe033ba48,PR_Rename
0xcbcf48a0,0xcbcf48a0,PR_ResetAlarm
0xc4e1f8cd,0xc4e1f8cd,PR_ResetProcessAttr
0xed04747a,0xed04747a,PR_ResumeAll
0x63e63aee,0x63e63aee,PR_RmDir
0xb8da07f,0x0b8da07f,PR_ScanStackPointers
0x41ad2e67,0x41ad2e67,PR_SecondsToInterval
0x128b4998,0x128b4998,PR_Seek
0xe28416c2,0xe28416c2,PR_Seek64
0xe287d9f0,0xe287d9f0,PR_Select
0x128b4aba,0x128b4aba,PR_Send
0xa86e473a,0xa86e473a,PR_SendFile
0xe288ec7d,0xe288ec7d,PR_SendTo
0xb4089689,0xb4089689,PR_SetAlarm
0xaf4bd0aa,0xaf4bd0aa,PR_SetCPUAffinityMask
0xee125a7,0x0ee125a7,PR_SetConcurrency
0x7ae433fc,0x7ae433fc,PR_SetCounter
0xb3f4b778,0xb3f4b778,PR_SetCurrentThreadName
0xe28bb645,0xe28bb645,PR_SetEnv
0xb4548ac6,0xb4548ac6,PR_SetError
0x8db84b2b,0x8db84b2b,PR_SetErrorText
0x5e53455,0x05e53455,PR_SetFDCacheSize
0x721df6d,0x0721df6d,PR_SetFDInheritable
0x5d07e9e,0x05d07e9e,PR_SetLibraryPath
0xcb892356,0xcb892356,PR_SetLogBuffering
0x2e9ce29e,0x2e9ce29e,PR_SetLogFile
0xb226303e,0xb226303e,PR_SetNetAddr
0xbeab0009,0xbeab0009,PR_SetPollableEvent
0xf6a80a1e,0xf6a80a1e,PR_SetSocketOption
0xea90df51,0xea90df51,PR_SetStdioRedirect
0x8f47a1a8,0x8f47a1a8,PR_SetSysfdTableSize
0x99a3827a,0x99a3827a,PR_SetThreadAffinityMask
0xc79e7e,0x00c79e7e,PR_SetThreadDumpProc
0x6d2784d2,0x6d2784d2,PR_SetThreadGCAble
0x239aa716,0x239aa716,PR_SetThreadPriority
0x376556af,0x376556af,PR_SetThreadPrivate
0xea014dc0,0xea014dc0,PR_SetThreadRecycleMode
0xea72c024,0xea72c024,PR_SetTraceOption
0x9c7b0cd5,0x9c7b0cd5,PR_ShowStatus
0xa0e3304c,0xa0e3304c,PR_Shutdown
0x75b9077e,0x75b9077e,PR_ShutdownThreadPool
0x63f852e9,0x63f852e9,PR_Sleep
0xe337f959,0xe337f959,PR_Socket
0xcc68df5,0x0cc68df5,PR_StackPop
0xa59866e6,0xa59866e6,PR_StackPush
0x128b88ec,0x128b88ec,PR_Stat
0x1a21e40c,0x1a21e40c,PR_StringToNetAddr
0xf95e01ec,0xf95e01ec,PR_SubtractFromCounter
0x468d876b,0x468d876b,PR_SuspendAll
0x128b9fcd,0x128b9fcd,PR_Sync
0x59e782aa,0x59e782aa,PR_SyncMemMap
0x6575378d,0x6575378d,PR_TLockFile
0x8dd94249,0x8dd94249,PR_TestAndEnterMonitor
0x3acef48c,0x3acef48c,PR_TestAndLock
0x69ba8277,0x69ba8277,PR_ThreadScanStackPointers
0x2fde60b1,0x2fde60b1,PR_TicksPerSecond
0x640da45f,0x640da45f,PR_Trace
0x3d027502,0x3d027502,PR_TransmitFile
0x3a20c74a,0x3a20c74a,PR_USPacificTimeParameters
0xf88018a,0x0f88018a,PR_UnblockClockInterrupts
0xf695ddeb,0xf695ddeb,PR_UnblockInterrupt
0xd8d66648,0xd8d66648,PR_UnloadLibrary
0xe7d5323c,0xe7d5323c,PR_Unlock
0x57841fbc,0x57841fbc,PR_UnlockFile
0x1f26bfaa,0x1f26bfaa,PR_UnlockOrderedLock
0xcbfda994,0xcbfda994,PR_VersionCheck
0x128d6aa5,0x128d6aa5,PR_Wait
0xcae9bb72,0xcae9bb72,PR_WaitCondVar
0xed1cdb79,0xed1cdb79,PR_WaitForPollableEvent
0xbab01964,0xbab01964,PR_WaitProcess
0x9ff481ca,0x9ff481ca,PR_WaitRecvReady
0x5de9130a,0x5de9130a,PR_WaitSem
0xe75bbea9,0xe75bbea9,PR_WaitSemaphore
0x6444121b,0x6444121b,PR_Write
0xecc655f1,0xecc655f1,PR_Writev
0x646341a7,0x646341a7,PR_Yield
0x651b3df1,0x651b3df1,PR_cnvtf
0x1294dd18,0x1294dd18,PR_dtoa
0x42d4ce9,0x042d4ce9,PR_fprintf
0x6578e435,0x6578e435,PR_htonl
0x14956b41,0x14956b41,PR_htonll
0x6578e43c,0x6578e43c,PR_htons
0x65e57675,0x65e57675,PR_ntohl
0x22944581,0x22944581,PR_ntohll
0x65e5767c,0x65e5767c,PR_ntohs
0x9e35b943,0x9e35b943,PR_smprintf
0xf4ebf404,0xf4ebf404,PR_smprintf_free
0xeb2ff604,0xeb2ff604,PR_snprintf
0x3849ad,0x003849ad,PR_sprintf_append
0x2e25460e,0x2e25460e,PR_sscanf
0x2e3fe930,0x2e3fe930,PR_strtod
0xecf6558e,0xecf6558e,PR_sxprintf
0x48238e9f,0x48238e9f,PR_vfprintf
0x60f431b9,0x60f431b9,PR_vsmprintf
0xadee6e7a,0xadee6e7a,PR_vsnprintf
0x2148c2a3,0x2148c2a3,PR_vsprintf_append
0xafb4ce04,0xafb4ce04,PR_vsxprintf
0x6802b58b,0x6802b58b,PSCoerceToCanonicalValue
0x947d622d,0x947d622d,PSCreateAdapterFromPropertyStore
0x60f53c54,0x60f53c54,PSCreateDelayedMultiplexPropertyStore
0xf59eac11,0xf59eac11,PSCreateMemoryPropertyStore
0xafcd46fc,0xafcd46fc,PSCreateMultiplexPropertyStore
0x3ff970b0,0x3ff970b0,PSCreatePropertyChangeArray
0xf4e29443,0xf4e29443,PSCreatePropertyStoreFromObject
0xd9152592,0xd9152592,PSCreatePropertyStoreFromPropertySetStorage
0x979bdb5b,0x979bdb5b,PSCreateSimplePropertyChange
0xb86032b4,0xb86032b4,PSEnumeratePropertyDescriptions
0x7cef8c58,0x7cef8c58,PSFormatForDisplay
0x4ea24f23,0x4ea24f23,PSFormatForDisplayAlloc
0xb905a4fd,0xb905a4fd,PSFormatPropertyValue
0x8e14f5d3,0x8e14f5d3,PSGPError
0xae8fd81c,0xae8fd81c,PSGPSampleTexture
0x95ee7648,0x95ee7648,PSGetImageReferenceForValue
0xd918744,0x0d918744,PSGetItemPropertyHandler
0x47fcdb2b,0x47fcdb2b,PSGetItemPropertyHandlerWithCreateObject
0x72d10d55,0x72d10d55,PSGetNameFromPropertyKey
0xe8bbbc0a,0xe8bbbc0a,PSGetNamedPropertyFromPropertyStorage
0x1f087d1b,0x1f087d1b,PSGetPropertyDescription
0x35c52477,0x35c52477,PSGetPropertyDescriptionByName
0x71fdaa62,0x71fdaa62,PSGetPropertyDescriptionListFromString
0x15f4e2c5,0x15f4e2c5,PSGetPropertyFromPropertyStorage
0xc9baabf5,0xc9baabf5,PSGetPropertyKeyFromName
0x9f4856dc,0x9f4856dc,PSGetPropertySystem
0xf578c754,0xf578c754,PSGetPropertyValue
0xbb9beabe,0xbb9beabe,PSLookupPropertyHandlerCLSID
0xbe33ce13,0xbe33ce13,PSPropertyBag_Delete
0xec22ada8,0xec22ada8,PSPropertyBag_ReadBOOL
0xec22bf57,0xec22bf57,PSPropertyBag_ReadBSTR
0x70a0f7bc,0x70a0f7bc,PSPropertyBag_ReadDWORD
0xec258445,0xec258445,PSPropertyBag_ReadGUID
0xb99493c7,0xb99493c7,PSPropertyBag_ReadInt
0xec28294c,0xec28294c,PSPropertyBag_ReadLONG
0xa029b9d2,0xa029b9d2,PSPropertyBag_ReadPOINTL
0xa029b9d9,0xa029b9d9,PSPropertyBag_ReadPOINTS
0x4c62622a,0x4c62622a,PSPropertyBag_ReadPropertyKey
0x71943d36,0x71943d36,PSPropertyBag_ReadRECTL
0x71a82dac,0x71a82dac,PSPropertyBag_ReadSHORT
0xb994bf15,0xb994bf15,PSPropertyBag_ReadStr
0x9535c000,0x9535c000,PSPropertyBag_ReadStrAlloc
0xa9dd9d88,0xa9dd9d88,PSPropertyBag_ReadStream
0xec2d437e,0xec2d437e,PSPropertyBag_ReadType
0xd00a7f51,0xd00a7f51,PSPropertyBag_ReadULONGLONG
0x710d556c,0x710d556c,PSPropertyBag_ReadUnknown
0x45d51097,0x45d51097,PSPropertyBag_WriteBOOL
0x45d52246,0x45d52246,PSPropertyBag_WriteBSTR
0x9fb88b,0x009fb88b,PSPropertyBag_WriteDWORD
0x45d7e734,0x45d7e734,PSPropertyBag_WriteGUID
0x85fed4d6,0x85fed4d6,PSPropertyBag_WriteInt
0x45da8c3b,0x45da8c3b,PSPropertyBag_WriteLONG
0x30009481,0x30009481,PSPropertyBag_WritePOINTL
0x30009488,0x30009488,PSPropertyBag_WritePOINTS
0x4ec84239,0x4ec84239,PSPropertyBag_WritePropertyKey
0x192fe05,0x0192fe05,PSPropertyBag_WriteRECTL
0x1a6ee7b,0x01a6ee7b,PSPropertyBag_WriteSHORT
0x85ff0024,0x85ff0024,PSPropertyBag_WriteStr
0x39b47837,0x39b47837,PSPropertyBag_WriteStream
0xd00b0fa0,0xd00b0fa0,PSPropertyBag_WriteULONGLONG
0xfbbf85fb,0xfbbf85fb,PSPropertyBag_WriteUnknown
0x3be9c52b,0x3be9c52b,PSPropertyKeyFromString
0x11e3f157,0x11e3f157,PSRefreshPropertySchema
0x2c1491ad,0x2c1491ad,PSRegisterPropertySchema
0x87f68de0,0x87f68de0,PSSetPropertyValue
0x7b5a634b,0x7b5a634b,PSStringFromPropertyKey
0x68f361f0,0x68f361f0,PSUnregisterPropertySchema
0x332a5694,0x332a5694,PT_FPrintStats
0xf84ec78,0x0f84ec78,PackDDElParam
0x34819905,0x34819905,PaintDesktop
0xe8f7e695,0xe8f7e695,PaintMenuBar
0x45bed3,0x0045bed3,PaintMonitor
0xffe22092,0xffe22092,PaintRgn
0xbb8df8de,0xbb8df8de,ParseURLA
0xbb8df8f4,0xbb8df8f4,ParseURLW
0xcbcf4333,0xcbcf4333,ParseX509EncodedCertificateForListBoxEntry
0xc39b03b6,0xc39b03b6,PatBlt
0x5f722472,0x5f722472,PathAddBackslashA
0x5f722488,0x5f722488,PathAddBackslashW
0xba1ae883,0xba1ae883,PathAddExtensionA
0xba1ae899,0xba1ae899,PathAddExtensionW
0x70c83b5,0x070c83b5,PathAppendA
0x70c83cb,0x070c83cb,PathAppendW
0x5aca5251,0x5aca5251,PathBuildRootA
0x5aca5267,0x5aca5267,PathBuildRootW
0x38e3300d,0x38e3300d,PathCanonicalizeA
0x38e33023,0x38e33023,PathCanonicalizeW
0x6fb9ed4f,0x6fb9ed4f,PathCleanupSpec
0x6cee157a,0x6cee157a,PathCombineA
0x6cee1590,0x6cee1590,PathCombineW
0xdb1aa714,0xdb1aa714,PathCommonPrefixA
0xdb1aa72a,0xdb1aa72a,PathCommonPrefixW
0x8ad32a11,0x8ad32a11,PathCompactPathA
0x8c46130e,0x8c46130e,PathCompactPathExA
0x8c461324,0x8c461324,PathCompactPathExW
0x8ad32a27,0x8ad32a27,PathCompactPathW
0x3da2fe58,0x3da2fe58,PathCreateFromUrlA
0x39677d62,0x39677d62,PathCreateFromUrlAlloc
0x3da2fe6e,0x3da2fe6e,PathCreateFromUrlW
0x869d767d,0x869d767d,PathFileExistsA
0x869d7693,0x869d7693,PathFileExistsW
0xde3dfbfb,0xde3dfbfb,PathFindExtensionA
0xde3dfc11,0xde3dfc11,PathFindExtensionW
0xab29edf,0x0ab29edf,PathFindFileNameA
0xab29ef5,0x0ab29ef5,PathFindFileNameW
0xcdf81050,0xcdf81050,PathFindNextComponentA
0xcdf81066,0xcdf81066,PathFindNextComponentW
0x6bf90808,0x6bf90808,PathFindOnPathA
0x6bf9081e,0x6bf9081e,PathFindOnPathW
0x455324b2,0x455324b2,PathFindSuffixArrayA
0x455324c8,0x455324c8,PathFindSuffixArrayW
0x2a32d0aa,0x2a32d0aa,PathGetArgsA
0x2a32d0c0,0x2a32d0c0,PathGetArgsW
0x92ef26dd,0x92ef26dd,PathGetCharTypeA
0x92ef26f3,0x92ef26f3,PathGetCharTypeW
0x9d5ca780,0x9d5ca780,PathGetDriveNumberA
0x9d5ca796,0x9d5ca796,PathGetDriveNumberW
0x1291e059,0x1291e059,PathGetShortPath
0xe8570b96,0xe8570b96,PathIsContentTypeA
0xe8570bac,0xe8570bac,PathIsContentTypeW
0x1620dcee,0x1620dcee,PathIsDirectoryA
0x557e9add,0x557e9add,PathIsDirectoryEmptyA
0x557e9af3,0x557e9af3,PathIsDirectoryEmptyW
0x1620dd04,0x1620dd04,PathIsDirectoryW
0x39ef473a,0x39ef473a,PathIsExe
0x31e90a44,0x31e90a44,PathIsFileSpecA
0x31e90a5a,0x31e90a5a,PathIsFileSpecW
0xc95c1be4,0xc95c1be4,PathIsLFNFileSpecA
0xc95c1bfa,0xc95c1bfa,PathIsLFNFileSpecW
0x9c091070,0x9c091070,PathIsNetworkPathA
0x9c091086,0x9c091086,PathIsNetworkPathW
0xe34fb9c7,0xe34fb9c7,PathIsPrefixA
0xe34fb9dd,0xe34fb9dd,PathIsPrefixW
0xefb3fad5,0xefb3fad5,PathIsRelativeA
0xefb3faeb,0xefb3faeb,PathIsRelativeW
0x73c4869d,0x73c4869d,PathIsRootA
0x73c486b3,0x73c486b3,PathIsRootW
0x713e4e3,0x0713e4e3,PathIsSameRootA
0x713e4f9,0x0713e4f9,PathIsSameRootW
0x73d4fa5e,0x73d4fa5e,PathIsSlowA
0x73d4fa74,0x73d4fa74,PathIsSlowW
0xea4b035a,0xea4b035a,PathIsSystemFolderA
0xea4b0370,0xea4b0370,PathIsSystemFolderW
0x77e03dbf,0x77e03dbf,PathIsUNCA
0x4c8ff8d6,0x4c8ff8d6,PathIsUNCServerA
0x2208e149,0x2208e149,PathIsUNCServerShareA
0x2208e15f,0x2208e15f,PathIsUNCServerShareW
0x4c8ff8ec,0x4c8ff8ec,PathIsUNCServerW
0x77e03dd5,0x77e03dd5,PathIsUNCW
0x77e04fec,0x77e04fec,PathIsURLA
0x77e05002,0x77e05002,PathIsURLW
0xd7cf44e3,0xd7cf44e3,PathMakePrettyA
0xd7cf44f9,0xd7cf44f9,PathMakePrettyW
0x2636d3bc,0x2636d3bc,PathMakeSystemFolderA
0x2636d3d2,0x2636d3d2,PathMakeSystemFolderW
0x2c84f772,0x2c84f772,PathMakeUniqueName
0xe8f4d835,0xe8f4d835,PathMatchSpecA
0xf98bda32,0xf98bda32,PathMatchSpecExA
0xf98bda48,0xf98bda48,PathMatchSpecExW
0xe8f4d84b,0xe8f4d84b,PathMatchSpecW
0xdbfc5c1a,0xdbfc5c1a,PathParseIconLocationA
0xdbfc5c30,0xdbfc5c30,PathParseIconLocationW
0xe14e6d37,0xe14e6d37,PathQualify
0xb98cb0a,0x0b98cb0a,PathQuoteSpacesA
0xb98cb20,0x0b98cb20,PathQuoteSpacesW
0x28900b49,0x28900b49,PathRelativePathToA
0x28900b5f,0x28900b5f,PathRelativePathToW
0xf29977f8,0xf29977f8,PathRemoveArgsA
0xf299780e,0xf299780e,PathRemoveArgsW
0xfe0476f7,0xfe0476f7,PathRemoveBackslashA
0xfe04770d,0xfe04770d,PathRemoveBackslashW
0x3d640fc6,0x3d640fc6,PathRemoveBlanksA
0x3d640fdc,0x3d640fdc,PathRemoveBlanksW
0x58ad3b08,0x58ad3b08,PathRemoveExtensionA
0x58ad3b1e,0x58ad3b1e,PathRemoveExtensionW
0x6be24236,0x6be24236,PathRemoveFileSpecA
0x6be2424c,0x6be2424c,PathRemoveFileSpecW
0x842ca732,0x842ca732,PathRenameExtensionA
0x842ca748,0x842ca748,PathRenameExtensionW
0xa3d8cdc,0x0a3d8cdc,PathResolve
0xb0a7ea21,0xb0a7ea21,PathSearchAndQualifyA
0xb0a7ea37,0xb0a7ea37,PathSearchAndQualifyW
0x5035229c,0x5035229c,PathSetDlgItemPathA
0x503522b2,0x503522b2,PathSetDlgItemPathW
0x8c905138,0x8c905138,PathSkipRootA
0x8c90514e,0x8c90514e,PathSkipRootW
0xae35671c,0xae35671c,PathStripPathA
0xae356732,0xae356732,PathStripPathW
0x635a3256,0x635a3256,PathStripToRootA
0x635a326c,0x635a326c,PathStripToRootW
0xde870c63,0xde870c63,PathToRegion
0x7f1fb6d3,0x7f1fb6d3,PathUnExpandEnvStringsA
0x7f1fb6e9,0x7f1fb6e9,PathUnExpandEnvStringsW
0xb84b0fc7,0xb84b0fc7,PathUndecorateA
0xb84b0fdd,0xb84b0fdd,PathUndecorateW
0x2f7f809f,0x2f7f809f,PathUnmakeSystemFolderA
0x2f7f80b5,0x2f7f80b5,PathUnmakeSystemFolderW
0xeb961e0d,0xeb961e0d,PathUnquoteSpacesA
0xeb961e23,0xeb961e23,PathUnquoteSpacesW
0xe87d2175,0xe87d2175,PathYetAnotherMakeUniqueName
0xe324f458,0xe324f458,PeekConsoleInputA
0xe324f46e,0xe324f46e,PeekConsoleInputW
0xeb31c15a,0xeb31c15a,PeekMessageA
0xeb31c170,0xeb31c170,PeekMessageW
0x26832907,0x26832907,PeekNamedPipe
0x5891b8bc,0x5891b8bc,Perf
0x59bca658,0x59bca658,PerfAddCounters
0x4be81852,0x4be81852,PerfClose
0xd0838714,0xd0838714,PerfCloseQueryHandle
0xed14dbc2,0xed14dbc2,PerfCollect
0xc4c7bb45,0xc4c7bb45,PerfCreateInstance
0x18dd1013,0x18dd1013,PerfDecrement
0x3527c535,0x3527c535,PerfDecrementULongCounterValue
0x39cc9cc5,0x39cc9cc5,PerfDecrementULongLongCounterValue
0x2c0620a2,0x2c0620a2,PerfDeleteCounters
0x644edc04,0x644edc04,PerfDeleteInstance
0x5c9635ee,0x5c9635ee,PerfEnumerateCounterSet
0x3d137476,0x3d137476,PerfEnumerateCounterSetInstances
0xad9bc101,0xad9bc101,PerfIncrement
0x2db02fe3,0x2db02fe3,PerfIncrementULongCounterValue
0xc0c6ae73,0xc0c6ae73,PerfIncrementULongLongCounterValue
0x4824f28e,0x4824f28e,PerfOpen
0xe5ce03d0,0xe5ce03d0,PerfOpenQueryHandle
0x635dda8c,0x635dda8c,PerfQueryCounterData
0x6360cdfe,0x6360cdfe,PerfQueryCounterInfo
0xe99bf7a5,0xe99bf7a5,PerfQueryCounterSetRegistrationInfo
0x252381e7,0x252381e7,PerfQueryInstance
0x6718b802,0x6718b802,PerfSetCounterRefValue
0x58d26160,0x58d26160,PerfSetCounterSetInfo
0x866fb38a,0x866fb38a,PerfSetULongCounterValue
0xaf5dad9a,0xaf5dad9a,PerfSetULongLongCounterValue
0xd796b9f5,0xd796b9f5,PerfStartProvider
0x182d1492,0x182d1492,PerfStartProviderEx
0x7e21408d,0x7e21408d,PerfStopProvider
0xb89106c,0x0b89106c,PfxFindPrefix
0xc992d92f,0xc992d92f,PfxInitialize
0x92f6e4a0,0x92f6e4a0,PfxInsertPrefix
0x3e3d9539,0x3e3d9539,PfxRemovePrefix
0xbbbe27f4,0xbbbe27f4,PhysicalToLogicalPoint
0x79540596,0x79540596,PickIconDlg
0xa71060d,0x0a71060d,Pie
0x35f08476,0x35f08476,PifMgr_CloseProperties
0xa22ba1a0,0xa22ba1a0,PifMgr_GetProperties
0x56d7ad2,0x056d7ad2,PifMgr_OpenProperties
0x5aa013ac,0x5aa013ac,PifMgr_SetProperties
0x9a7f2b87,0x9a7f2b87,PlayEnhMetaFile
0xa48c5406,0xa48c5406,PlayEnhMetaFileRecord
0xac1891db,0xac1891db,PlayGdiScriptOnPrinterIC
0xe05f4a8c,0xe05f4a8c,PlayMetaFile
0xa0aae2cb,0xa0aae2cb,PlayMetaFileRecord
0xd28c2bae,0xd28c2bae,PlaySound
0x2411a1af,0x2411a1af,PlaySoundA
0x2411a1c5,0x2411a1c5,PlaySoundW
0xc45af054,0xc45af054,PlgBlt
0xd505160f,0xd505160f,PnPGetServiceName
0x19b9f80e,0x19b9f80e,PnPService
0x56f4e6f0,0x56f4e6f0,Pointer
0x80011b94,0x80011b94,PolyBezier
0x84b65bd7,0x84b65bd7,PolyBezierTo
0x3d3e2fc1,0x3d3e2fc1,PolyDraw
0xcc32ee7b,0xcc32ee7b,PolyPolygon
0x5293629f,0x5293629f,PolyPolyline
0x1d681051,0x1d681051,PolyTextOutA
0x1d681067,0x1d681067,PolyTextOutW
0x57310297,0x57310297,Polygon
0x3d53fa3b,0x3d53fa3b,Polyline
0xe23b803e,0xe23b803e,PolylineTo
0xf834853f,0xf834853f,PopEntrySList
0x71c4bebb,0x71c4bebb,PostMessageA
0x71c4bed1,0x71c4bed1,PostMessageW
0x6e20a5dc,0x6e20a5dc,PostQueuedCompletionStatus
0x623f36bd,0x623f36bd,PostQuitMessage
0x1da78173,0x1da78173,PostThreadMessageA
0x1da78189,0x1da78189,PostThreadMessageW
0xfc1a68c,0x0fc1a68c,PowerClearRequest
0xccb615f9,0xccb615f9,PowerCreateRequest
0x17d36131,0x17d36131,PowerSetRequest
0x583e8bca,0x583e8bca,PreAllocator_Create
0x8fbeed20,0x8fbeed20,PreAllocator_Destroy
0x3386a1fe,0x3386a1fe,PrePrepareComplete
0xcd961088,0xcd961088,PrePrepareEnlistment
0xdc17ff22,0xdc17ff22,PrepareBitStringForEncoding
0x83cb4fd7,0x83cb4fd7,PrepareComplete
0xc4128f27,0xc4128f27,PrepareDiscForBurnRunDllW
0x41bd98a1,0x41bd98a1,PrepareEnlistment
0x7da582a8,0x7da582a8,PrepareTape
0xef0186d4,0xef0186d4,PrintWindow
0x25f3a3c2,0x25f3a3c2,PrinterMessageBoxA
0x25f3a3d8,0x25f3a3d8,PrinterMessageBoxW
0x42fcac60,0x42fcac60,PrinterProperties
0xfcf66df5,0xfcf66df5,PrintersGetCommand_RunDLL
0x9bc42cd6,0x9bc42cd6,PrintersGetCommand_RunDLLA
0x9bc42cec,0x9bc42cec,PrintersGetCommand_RunDLLW
0xb38559df,0xb38559df,PrivCopyFileExW
0x2df3f14a,0x2df3f14a,PrivCreateTransaction
0xd99cd149,0xd99cd149,PrivIsLogWritableTransactionManager
0x1b0c80e8,0x1b0c80e8,PrivMoveFileIdentityW
0x7008ed6d,0x7008ed6d,PrivPropagationComplete
0x98522879,0x98522879,PrivPropagationFailed
0xe72ad593,0xe72ad593,PrivRegisterProtocolAddressInformation
0x906b89df,0x906b89df,PrivacyGetZonePreferenceW
0xb975236b,0xb975236b,PrivacySetZonePreferenceW
0x1d07125b,0x1d07125b,Private1
0x4fbe212c,0x4fbe212c,PrivateExtractIconExA
0x4fbe2142,0x4fbe2142,PrivateExtractIconExW
0x38b83542,0x38b83542,PrivateExtractIconsA
0x38b83558,0x38b83558,PrivateExtractIconsW
0xda85e162,0xda85e162,PrivateRegisterICSProc
0x254a2fd4,0x254a2fd4,PrivilegeCheck
0xdf8fec30,0xdf8fec30,PrivilegedServiceAuditAlarmA
0xdf8fec46,0xdf8fec46,PrivilegedServiceAuditAlarmW
0x565f031b,0x565f031b,Process32First
0x223f66d2,0x223f66d2,Process32FirstW
0x21aa1c92,0x21aa1c92,Process32Next
0x56edaf29,0x56edaf29,Process32NextW
0xf404828f,0xf404828f,ProcessIdToSessionId
0xf3612e12,0xf3612e12,ProcessIdleTasks
0x5f86f0a9,0x5f86f0a9,ProcessIdleTasksW
0x8f20a1bd,0x8f20a1bd,ProcessTrace
0x9b1a3392,0x9b1a3392,ProcessorInformationEx
0xd3bbded8,0xd3bbded8,ProcessorNumber
0xb22efe35,0xb22efe35,ProcessorNumberEx
0xec208d97,0xec208d97,ProgIDFromCLSID
0x951f81d6,0x951f81d6,PropStgNameToFmtId
0xded41291,0xded41291,PropSysAllocString
0xceb31f08,0xceb31f08,PropSysFreeString
0x7938b78d,0x7938b78d,PropVariantChangeType
0x3eef886c,0x3eef886c,PropVariantClear
0x11b73e29,0x11b73e29,PropVariantCompareEx
0x66c17f00,0x66c17f00,PropVariantCopy
0xb1559a48,0xb1559a48,PropVariantGetBooleanElem
0x582cb263,0x582cb263,PropVariantGetDoubleElem
0x217163b8,0x217163b8,PropVariantGetElementCount
0xfb6eb3d7,0xfb6eb3d7,PropVariantGetFileTimeElem
0xf6c6957a,0xf6c6957a,PropVariantGetInt16Elem
0xfb2884b8,0xfb2884b8,PropVariantGetInt32Elem
0x24c2f9d,0x024c2f9d,PropVariantGetInt64Elem
0x361a153f,0x361a153f,PropVariantGetStringElem
0xb940260f,0xb940260f,PropVariantGetUInt16Elem
0xbda2154d,0xbda2154d,PropVariantGetUInt32Elem
0xc4c5c032,0xc4c5c032,PropVariantGetUInt64Elem
0x44ab21c3,0x44ab21c3,PropVariantToBSTR
0xde977288,0xde977288,PropVariantToBoolean
0x57cccf3b,0x57cccf3b,PropVariantToBooleanVector
0x819bd7e6,0x819bd7e6,PropVariantToBooleanVectorAlloc
0xb68cbc09,0xb68cbc09,PropVariantToBooleanWithDefault
0x1e6c2102,0x1e6c2102,PropVariantToBuffer
0x22b208c3,0x22b208c3,PropVariantToDouble
0x24abe5b6,0x24abe5b6,PropVariantToDoubleVector
0xa2433341,0xa2433341,PropVariantToDoubleVectorAlloc
0xd7341764,0xd7341764,PropVariantToDoubleWithDefault
0x8d2854f7,0x8d2854f7,PropVariantToFileTime
0xfc7f88ea,0xfc7f88ea,PropVariantToFileTimeVector
0x820f6f5,0x0820f6f5,PropVariantToFileTimeVectorAlloc
0x44ade6b1,0x44ade6b1,PropVariantToGUID
0xda9d57fa,0xda9d57fa,PropVariantToInt16
0xa359822d,0xa359822d,PropVariantToInt16Vector
0x4f683218,0x4f683218,PropVariantToInt16VectorAlloc
0x8459163b,0x8459163b,PropVariantToInt16WithDefault
0xda9d5838,0xda9d5838,PropVariantToInt32
0x47f438eb,0x47f438eb,PropVariantToInt32Vector
0x2a58cf96,0x2a58cf96,PropVariantToInt32VectorAlloc
0x5f49b3b9,0x5f49b3b9,PropVariantToInt32WithDefault
0xda9d589d,0xda9d589d,PropVariantToInt64
0xa6ae3110,0xa6ae3110,PropVariantToInt64Vector
0x7a5ca6db,0x7a5ca6db,PropVariantToInt64VectorAlloc
0xaf4d8afe,0xaf4d8afe,PropVariantToInt64WithDefault
0x4607faac,0x4607faac,PropVariantToStrRet
0x46085d9f,0x46085d9f,PropVariantToString
0xb28404ca,0xb28404ca,PropVariantToStringAlloc
0x337d6f92,0x337d6f92,PropVariantToStringVector
0x2fa1469d,0x2fa1469d,PropVariantToStringVectorAlloc
0x64922ac0,0x64922ac0,PropVariantToStringWithDefault
0x47a6866f,0x47a6866f,PropVariantToUInt16
0x186af462,0x186af462,PropVariantToUInt16Vector
0xfed24d6d,0xfed24d6d,PropVariantToUInt16VectorAlloc
0x33c33190,0x33c33190,PropVariantToUInt16WithDefault
0x47a686ad,0x47a686ad,PropVariantToUInt32
0xbd05ab20,0xbd05ab20,PropVariantToUInt32Vector
0xd9c2eaeb,0xd9c2eaeb,PropVariantToUInt32VectorAlloc
0xeb3cf0e,0x0eb3cf0e,PropVariantToUInt32WithDefault
0x47a68712,0x47a68712,PropVariantToUInt64
0x1bbfa345,0x1bbfa345,PropVariantToUInt64Vector
0x29c6c230,0x29c6c230,PropVariantToUInt64VectorAlloc
0x5eb7a653,0x5eb7a653,PropVariantToUInt64WithDefault
0xc1b08ddd,0xc1b08ddd,PropVariantToVariant
0x5bb97cbe,0x5bb97cbe,PropVariantToWinRTPropertyValue
0x5c98672d,0x5c98672d,PropertySheet
0xefa54d0e,0xefa54d0e,PropertySheetA
0xefa54d24,0xefa54d24,PropertySheetW
0x75d01025,0x75d01025,ProviderEnabled
0x6bbd3a38,0x6bbd3a38,PtInRect
0x4ff6b9ae,0x4ff6b9ae,PtInRegion
0xc2c72121,0xc2c72121,PtVisible
0xbc6d919a,0xbc6d919a,PulseEvent
0x14ab53de,0x14ab53de,PurgeComm
0x5fa90490,0x5fa90490,PushEntrySList
0xdd65f69a,0xdd65f69a,PushListSList
0x80b0055f,0x80b0055f,QISearch
0xa1adca54,0xa1adca54,QueryActCtxSettingsW
0x4426ea43,0x4426ea43,QueryActCtxW
0xe7888ea1,0xe7888ea1,QueryAllTracesA
0xe7888eb7,0xe7888eb7,QueryAllTracesW
0x2e1165b5,0x2e1165b5,QueryColorProfile
0xdadb1672,0xdadb1672,QueryContextAttributesA
0xdadb1688,0xdadb1688,QueryContextAttributesW
0x6af3609b,0x6af3609b,QueryCredentialsAttributesA
0x6af360b1,0x6af360b1,QueryCredentialsAttributesW
0xfc329dc9,0xfc329dc9,QueryDepthSList
0x6dcb27d1,0x6dcb27d1,QueryDisplayConfig
0xda72cd7c,0xda72cd7c,QueryDosDeviceA
0xda72cd92,0xda72cd92,QueryDosDeviceW
0xcd74bdfc,0xcd74bdfc,QueryFullProcessImageNameA
0xcd74be12,0xcd74be12,QueryFullProcessImageNameW
0x1e807302,0x1e807302,QueryIdleProcessorCycleTime
0xc06944df,0xc06944df,QueryIdleProcessorCycleTimeEx
0xdd9fdcfd,0xdd9fdcfd,QueryInformationJobObject
0x89bb8f8d,0x89bb8f8d,QueryMemoryResourceNotification
0x1eebfef7,0x1eebfef7,QueryPerformanceCounter
0xe3902ce9,0xe3902ce9,QueryPerformanceFrequency
0x78304c86,0x78304c86,QueryProcessAffinityUpdateMode
0xfa0a14c3,0xfa0a14c3,QueryProcessCycleTime
0x4f4b47e1,0x4f4b47e1,QueryRecoveryAgentsOnEncryptedFile
0x98281bdb,0x98281bdb,QueryRemoteFonts
0x35fd6d9b,0x35fd6d9b,QuerySecurityAccessMask
0x3c62af03,0x3c62af03,QuerySecurityContextToken
0x376de216,0x376de216,QuerySecurityPackageInfoA
0x376de22c,0x376de22c,QuerySecurityPackageInfoW
0xb43e2234,0xb43e2234,QuerySendMessage
0xb26115f6,0xb26115f6,QueryService
0xe5fe43bf,0xe5fe43bf,QueryServiceConfig2A
0xe5fe43d5,0xe5fe43d5,QueryServiceConfig2W
0xb964cbcd,0xb964cbcd,QueryServiceConfigA
0xb964cbe3,0xb964cbe3,QueryServiceConfigW
0x2d91b64,0x02d91b64,QueryServiceLockStatusA
0x2d91b7a,0x02d91b7a,QueryServiceLockStatusW
0x58507125,0x58507125,QueryServiceObjectSecurity
0x8099aada,0x8099aada,QueryServiceStatus
0xdafd2b7,0x0dafd2b7,QueryServiceStatusEx
0xfeba2f77,0xfeba2f77,QuerySpoolMode
0x90db40dc,0x90db40dc,QueryThreadCycleTime
0x93719c47,0x93719c47,QueryThreadProfiling
0x27f1c053,0x27f1c053,QueryThreadpoolStackInformation
0xda12eab5,0xda12eab5,QueryTraceA
0xda12eacb,0xda12eacb,QueryTraceW
0x88aa6dac,0x88aa6dac,QueryUnbiasedInterruptTime
0xb87f79c2,0xb87f79c2,QueryUsersOnEncryptedFile
0x54605ce7,0x54605ce7,QueueUserAPC
0xdb23e205,0xdb23e205,QueueUserWorkItem
0xef4bfa2e,0xef4bfa2e,RIOCloseCompletionQueue
0xe032614c,0xe032614c,RIOCreateCompletionQueue
0x6e1585db,0x6e1585db,RIOCreateRequestQueue
0x1e2b45a1,0x1e2b45a1,RIODequeueCompletion
0xd7581801,0xd7581801,RIODeregisterBuffer
0xa29c1252,0xa29c1252,RIONotify
0x117df3fc,0x117df3fc,RIOReceive
0x68caec59,0x68caec59,RIOReceiveEx
0xf34f9cb8,0xf34f9cb8,RIORegisterBuffer
0xcfb5a88a,0xcfb5a88a,RIOResizeCompletionQueue
0x14f5e5d9,0x14f5e5d9,RIOResizeRequestQueue
0x965fce83,0x965fce83,RIOSend
0xad8d84a0,0xad8d84a0,RIOSendEx
0x9ba90b08,0x9ba90b08,RSA_FormatBlock
0x4f743592,0x4f743592,RaiseException
0x13f80d5c,0x13f80d5c,RaiseFailFastException
0xe34e7403,0xe34e7403,RangeMapAddPeImageSections
0x757778e,0x0757778e,RangeMapCreate
0x4e877c1c,0x4e877c1c,RangeMapFree
0x4e8dd8d6,0x4e8dd8d6,RangeMapRead
0x296e3948,0x296e3948,RangeMapRemove
0x20aab385,0x20aab385,RangeMapWrite
0xd5237b38,0xd5237b38,ReOpenFile
0x7fba3162,0x7fba3162,ReadCabinetState
0xc3d9298f,0xc3d9298f,ReadClassStg
0xc3d92995,0xc3d92995,ReadClassStm
0xc91926bf,0xc91926bf,ReadConsoleA
0xdcf96def,0xdcf96def,ReadConsoleInputA
0x10cc66c,0x010cc66c,ReadConsoleInputExA
0x10cc682,0x010cc682,ReadConsoleInputExW
0xdcf96e05,0xdcf96e05,ReadConsoleInputW
0x5a9e63f0,0x5a9e63f0,ReadConsoleOutputA
0x6dc33423,0x6dc33423,ReadConsoleOutputAttribute
0x1ceecb3d,0x1ceecb3d,ReadConsoleOutputCharacterA
0x1ceecb53,0x1ceecb53,ReadConsoleOutputCharacterW
0x5a9e6406,0x5a9e6406,ReadConsoleOutputW
0xc91926d5,0xc91926d5,ReadConsoleW
0x22a10470,0x22a10470,ReadDirectoryChangesW
0xbdb84163,0xbdb84163,ReadEncryptedFileRaw
0x8ad6e2f0,0x8ad6e2f0,ReadEventLogA
0x8ad6e306,0x8ad6e306,ReadEventLogW
0xf8d7ac4b,0xf8d7ac4b,ReadFile
0x8d73f468,0x8d73f468,ReadFileEx
0x1674d281,0x1674d281,ReadFileScatter
0x5c7bc501,0x5c7bc501,ReadFmtUserTypeStg
0xa2a48e59,0xa2a48e59,ReadOleStg
0x124f6810,0x124f6810,ReadOnlyEnlistment
0x5286ba6f,0x5286ba6f,ReadPrinter
0xe3aa66c3,0xe3aa66c3,ReadProcessMemory
0x5f59f5ad,0x5f59f5ad,ReadStorageProperties
0x4c8e88e,0x04c8e88e,ReadStringStream
0x5a0e7187,0x5a0e7187,ReadThreadProfilingData
0x5c987410,0x5c987410,ReadUrlCacheEntryStream
0xe485c16d,0xe485c16d,ReadUrlCacheEntryStreamEx
0xceb38f4d,0xceb38f4d,RealChildWindowFromPoint
0xcb2efecf,0xcb2efecf,RealDriveType
0x5ca50f21,0x5ca50f21,RealGetWindowClass
0xf146f382,0xf146f382,RealGetWindowClassA
0xf146f398,0xf146f398,RealGetWindowClassW
0x2559caff,0x2559caff,RealShellExecuteA
0xe2f8a77c,0xe2f8a77c,RealShellExecuteExA
0xe2f8a792,0xe2f8a792,RealShellExecuteExW
0x2559cb15,0x2559cb15,RealShellExecuteW
0x449fc7aa,0x449fc7aa,RealizePalette
0xb08608cc,0xb08608cc,ReasonCodeNeedsBugID
0x29a7a074,0x29a7a074,ReasonCodeNeedsComment
0xd7c2ae92,0xd7c2ae92,RecordShutdownReason
0x13149908,0x13149908,RecoverEnlistment
0x362fe28,0x0362fe28,RecoverResourceManager
0x115d0666,0x115d0666,RecoverTransactionManager
0x1333e298,0x1333e298,RectInRegion
0xb92dd4cb,0xb92dd4cb,RectVisible
0xd4ff78c4,0xd4ff78c4,Rectangle
0x1533982c,0x1533982c,RedrawWindow
0xfe0371ec,0xfe0371ec,RegCloseKey
0xeda97111,0xeda97111,RegConnectRegistryA
0xfdca1a0e,0xfdca1a0e,RegConnectRegistryExA
0xfdca1a24,0xfdca1a24,RegConnectRegistryExW
0xeda97127,0xeda97127,RegConnectRegistryW
0xdd121e79,0xdd121e79,RegCopyTreeA
0xdd121e8f,0xdd121e8f,RegCopyTreeW
0xb0e16ba7,0xb0e16ba7,RegCreateHKCUKeyExU
0xc82d040b,0xc82d040b,RegCreateKeyA
0x877e5388,0x877e5388,RegCreateKeyExA
0x877e539c,0x877e539c,RegCreateKeyExU
0x877e539e,0x877e539e,RegCreateKeyExW
0xaa32acb4,0xaa32acb4,RegCreateKeyTransactedA
0xaa32acca,0xaa32acca,RegCreateKeyTransactedW
0xc82d0421,0xc82d0421,RegCreateKeyW
0x8b9b9d4a,0x8b9b9d4a,RegDeleteKeyA
0xe0f83887,0xe0f83887,RegDeleteKeyExA
0xe0f8389d,0xe0f8389d,RegDeleteKeyExW
0x494520b3,0x494520b3,RegDeleteKeyTransactedA
0x494520c9,0x494520c9,RegDeleteKeyTransactedW
0x23185187,0x23185187,RegDeleteKeyValueA
0x2318519d,0x2318519d,RegDeleteKeyValueW
0x8b9b9d60,0x8b9b9d60,RegDeleteKeyW
0xffb8f3d1,0xffb8f3d1,RegDeleteTreeA
0xffb8f3e7,0xffb8f3e7,RegDeleteTreeW
0xfa523e3e,0xfa523e3e,RegDeleteValueA
0xfa523e52,0xfa523e52,RegDeleteValueU
0xfa523e54,0xfa523e54,RegDeleteValueW
0xb6ef9aab,0xb6ef9aab,RegDisablePredefinedCache
0x3140fac8,0x3140fac8,RegDisablePredefinedCacheEx
0x806a36b5,0x806a36b5,RegDisableReflectionKey
0x15e7bb88,0x15e7bb88,RegEnableReflectionKey
0x7e00250c,0x7e00250c,RegEnumKeyA
0xfe9db8c9,0xfe9db8c9,RegEnumKeyExA
0xfe9db8df,0xfe9db8df,RegEnumKeyExW
0x7e002522,0x7e002522,RegEnumKeyW
0x17f7be80,0x17f7be80,RegEnumValueA
0x17f7be94,0x17f7be94,RegEnumValueU
0x17f7be96,0x17f7be96,RegEnumValueW
0xd0c98978,0xd0c98978,RegFlushKey
0xbd13296e,0xbd13296e,RegGetKeySecurity
0x579e2f0b,0x579e2f0b,RegGetValueA
0x579e2f21,0x579e2f21,RegGetValueW
0x48631ea,0x048631ea,RegKrnGetGlobalState
0x936dbe4a,0x936dbe4a,RegKrnInitialize
0x2b218b98,0x2b218b98,RegLoadAppKeyA
0x2b218bae,0x2b218bae,RegLoadAppKeyW
0x117d2ad7,0x117d2ad7,RegLoadKeyA
0x117d2aed,0x117d2aed,RegLoadKeyW
0x23cce550,0x23cce550,RegLoadMUIStringA
0x23cce566,0x23cce566,RegLoadMUIStringW
0x60a35f92,0x60a35f92,RegNotifyChangeKeyValue
0xedd32c61,0xedd32c61,RegOpenCurrentUser
0x2d2abbe5,0x2d2abbe5,RegOpenHKCUKeyExU
0x2d467dc9,0x2d467dc9,RegOpenKeyA
0x98dd34c6,0x98dd34c6,RegOpenKeyExA
0x98dd34da,0x98dd34da,RegOpenKeyExU
0x98dd34dc,0x98dd34dc,RegOpenKeyExW
0xcf05ebf2,0xcf05ebf2,RegOpenKeyTransactedA
0xcf05ec08,0xcf05ec08,RegOpenKeyTransactedW
0x2d467ddf,0x2d467ddf,RegOpenKeyW
0xb6c8e90,0x0b6c8e90,RegOpenUserClassesRoot
0x6f2725cc,0x6f2725cc,RegOverridePredefKey
0x9d1d7439,0x9d1d7439,RegQueryInfoKeyA
0x9d1d744d,0x9d1d744d,RegQueryInfoKeyU
0x9d1d744f,0x9d1d744f,RegQueryInfoKeyW
0x68f06660,0x68f06660,RegQueryMultipleValuesA
0x68f06676,0x68f06676,RegQueryMultipleValuesW
0x58e69177,0x58e69177,RegQueryReflectionKey
0x34d5f941,0x34d5f941,RegQueryValueA
0xc2396e3e,0xc2396e3e,RegQueryValueExA
0xc2396e52,0xc2396e52,RegQueryValueExU
0xc2396e54,0xc2396e54,RegQueryValueExW
0x34d5f957,0x34d5f957,RegQueryValueW
0xa596f96e,0xa596f96e,RegRenameKey
0xd86ae053,0xd86ae053,RegReplaceKeyA
0xd86ae069,0xd86ae069,RegReplaceKeyW
0xf09b8e5b,0xf09b8e5b,RegRestoreKeyA
0xf09b8e71,0xf09b8e71,RegRestoreKeyW
0x82a91826,0x82a91826,RegSaveKeyA
0xd14fda63,0xd14fda63,RegSaveKeyExA
0xd14fda79,0xd14fda79,RegSaveKeyExW
0x82a9183c,0x82a9183c,RegSaveKeyW
0x8415dcfa,0x8415dcfa,RegSetKeySecurity
0x4ff70bc0,0x4ff70bc0,RegSetKeyValueA
0x4ff70bd6,0x4ff70bd6,RegSetKeyValueW
0xcd737b17,0xcd737b17,RegSetValueA
0xf83ebd94,0xf83ebd94,RegSetValueExA
0xf83ebda8,0xf83ebda8,RegSetValueExU
0xf83ebdaa,0xf83ebdaa,RegSetValueExW
0xcd737b2d,0xcd737b2d,RegSetValueW
0x35d6e07a,0x35d6e07a,RegUnLoadKeyA
0x35d6e090,0x35d6e090,RegUnLoadKeyW
0x31a4cc65,0x31a4cc65,RegenerateUserEnvironment
0x90f5a3b8,0x90f5a3b8,RegisterActiveObjectExt
0xafc00444,0xafc00444,RegisterApplicationRecoveryCallback
0x6204560d,0x6204560d,RegisterApplicationRestart
0x3afbf62b,0x3afbf62b,RegisterClassA
0xe9d24da8,0xe9d24da8,RegisterClassExA
0xe9d24dbe,0xe9d24dbe,RegisterClassExW
0xa8336002,0xa8336002,RegisterClassNameW
0x3afbf641,0x3afbf641,RegisterClassW
0x58a603ae,0x58a603ae,RegisterClipboardFormatA
0x58a603c4,0x58a603c4,RegisterClipboardFormatW
0xfdcc5442,0xfdcc5442,RegisterConsoleIME
0xfdcc6e7b,0xfdcc6e7b,RegisterConsoleOS2
0xfdcc8a6e,0xfdcc8a6e,RegisterConsoleVDM
0x58202cc,0x058202cc,RegisterDeviceNotificationA
0x58202e2,0x058202e2,RegisterDeviceNotificationW
0xa2ff61a7,0xa2ff61a7,RegisterDragDrop
0xe97f8a08,0xe97f8a08,RegisterErrorReportingDialog
0x7232aa08,0x7232aa08,RegisterEventSourceA
0x7232aa1e,0x7232aa1e,RegisterEventSourceW
0xb16acd60,0xb16acd60,RegisterForPrintAsyncNotifications
0x184d0efa,0x184d0efa,RegisterFrostWindow
0x754018f1,0x754018f1,RegisterGhostWindow
0x46e5ca48,0x46e5ca48,RegisterHotKey
0x242643a5,0x242643a5,RegisterIdleTask
0x35f3da52,0x35f3da52,RegisterLogonProcess
0x28ba8b2c,0x28ba8b2c,RegisterMessagePumpHook
0xd33831a6,0xd33831a6,RegisterPowerSettingNotification
0x3eba7cf1,0x3eba7cf1,RegisterRawInputDevices
0xb8872b19,0xb8872b19,RegisterServiceCtrlHandlerA
0xf6fe7616,0xf6fe7616,RegisterServiceCtrlHandlerExA
0xf6fe762c,0xf6fe762c,RegisterServiceCtrlHandlerExW
0xb8872b2f,0xb8872b2f,RegisterServiceCtrlHandlerW
0x93193b97,0x93193b97,RegisterServicesProcess
0x64f011bd,0x64f011bd,RegisterSessionPort
0x31553eb5,0x31553eb5,RegisterShellHookWindow
0x4da50bd1,0x4da50bd1,RegisterSpecialCase
0x5cbeadf1,0x5cbeadf1,RegisterSystemThread
0x74d9ada3,0x74d9ada3,RegisterTasklist
0xb251c40f,0xb251c40f,RegisterTouchWindow
0x994dcb80,0x994dcb80,RegisterTraceGuidsA
0x994dcb96,0x994dcb96,RegisterTraceGuidsW
0xcb170482,0xcb170482,RegisterUrlCacheNotification
0x580a359e,0x580a359e,RegisterUserApiHook
0x977e60d8,0x977e60d8,RegisterWaitChainCOMCallback
0xb20e76de,0xb20e76de,RegisterWaitForInputIdle
0x1fee69e9,0x1fee69e9,RegisterWaitForSingleObject
0xd5309186,0xd5309186,RegisterWaitForSingleObjectEx
0x8f833c52,0x8f833c52,RegisterWindowMessageA
0x8f833c68,0x8f833c68,RegisterWindowMessageW
0x856158fd,0x856158fd,RegisterWowBaseHandlers
0xa67bf076,0xa67bf076,RegisterWowExec
0x414fd624,0x414fd624,RelaunchChromeBrowserWithNewCommandLineIfNeeded
0xd89d8c57,0xd89d8c57,ReleaseActCtx
0x816bbfe4,0x816bbfe4,ReleaseCapture
0x66d0ea37,0x66d0ea37,ReleaseDC
0x3856e559,0x3856e559,ReleaseDDThreadLock
0xa3854238,0xa3854238,ReleaseDPCache
0x35ff1543,0x35ff1543,ReleaseMutex
0x3dd3df55,0x3dd3df55,ReleaseMutexWhenCallbackReturns
0xd73b3d0d,0xd73b3d0d,ReleaseSRWLockExclusive
0x5c1b6acc,0x5c1b6acc,ReleaseSRWLockShared
0x70893594,0x70893594,ReleaseSemaphore
0xb64fac06,0xb64fac06,ReleaseSemaphoreWhenCallbackReturns
0x4b16bd7f,0x4b16bd7f,ReleaseStgMedium
0xb3b2107c,0xb3b2107c,RemoveClipboardFormatListener
0x98360f53,0x98360f53,RemoveDirectoryA
0x575871fc,0x575871fc,RemoveDirectoryTransactedA
0x57587212,0x57587212,RemoveDirectoryTransactedW
0x98360f69,0x98360f69,RemoveDirectoryW
0xc8f4eace,0xc8f4eace,RemoveDllDirectory
0x973c3f58,0x973c3f58,RemoveFontMemResourceEx
0xc119cf7d,0xc119cf7d,RemoveFontResourceA
0x6ecbc37a,0x6ecbc37a,RemoveFontResourceExA
0x6ecbc390,0x6ecbc390,RemoveFontResourceExW
0xbc12142f,0xbc12142f,RemoveFontResourceTracking
0xc119cf93,0xc119cf93,RemoveFontResourceW
0xcc7926,0x00cc7926,RemoveInvalidModuleList
0xa19626f9,0xa19626f9,RemoveLocalAlternateComputerNameA
0xa196270f,0xa196270f,RemoveLocalAlternateComputerNameW
0x5ee8ccf2,0x5ee8ccf2,RemoveMenu
0x3c3fd97f,0x3c3fd97f,RemovePropA
0x3c3fd995,0x3c3fd995,RemovePropW
0xaf4cecfe,0xaf4cecfe,RemoveSecureMemoryCacheCallback
0x73f847b9,0x73f847b9,RemoveTraceCallback
0x23150df1,0x23150df1,RemoveUsersFromEncryptedFile
0x300f68fc,0x300f68fc,RemoveVectoredContinueHandler
0x187a5a26,0x187a5a26,RemoveVectoredExceptionHandler
0x5fcaaab5,0x5fcaaab5,RemoveWindowSubclass
0x1f93df88,0x1f93df88,RenameTransactionManager
0x812228cb,0x812228cb,ReplaceFile
0xa567426c,0xa567426c,ReplaceFileA
0xa5674282,0xa5674282,ReplaceFileW
0x23bbcf85,0x23bbcf85,ReplacePartitionUnit
0x31459b00,0x31459b00,ReplyMessage
0x88971e2e,0x88971e2e,ReportEventA
0x88971e44,0x88971e44,ReportEventW
0xfca78318,0xfca78318,ReportJobProcessingProgress
0xeba3076f,0xeba3076f,ReportSymbolLoadSummary
0x4d1c8655,0x4d1c8655,RequestDeviceWakeup
0x4f3dbab5,0x4f3dbab5,RequestWakeupLatency
0x22ff36ba,0x22ff36ba,ResetDCA
0x22ff36d0,0x22ff36d0,ResetDCW
0xdfd684d4,0xdfd684d4,ResetEvent
0x1d2dd617,0x1d2dd617,ResetPrinterA
0x1d2dd62d,0x1d2dd62d,ResetPrinterW
0xe61ff774,0xe61ff774,ResetWriteWatch
0xfd97b5f0,0xfd97b5f0,ResizePalette
0xd6ddb4cd,0xd6ddb4cd,ResolveDesktopForWOW
0x71787f40,0x71787f40,ResolveLocaleName
0x588f0be4,0x588f0be4,RestartDialog
0xb8819e41,0xb8819e41,RestartDialogEx
0xa5a2bf9a,0xa5a2bf9a,RestoreDC
0xf48b2e11,0xf48b2e11,RestoreLastError
0x64d5103,0x064d5103,ResumeSuspendedDownload
0x51b5c298,0x51b5c298,ResumeThread
0xa97462ef,0xa97462ef,RetrieveUrlCacheEntryFileA
0xa9746305,0xa9746305,RetrieveUrlCacheEntryFileW
0xdae3d8db,0xdae3d8db,RetrieveUrlCacheEntryStreamA
0xdae3d8f1,0xdae3d8f1,RetrieveUrlCacheEntryStreamW
0x6f30b45d,0x6f30b45d,ReuseDDElParam
0xe30e2464,0xe30e2464,RevertSecurityContext
0xbac73f4f,0xbac73f4f,RevertToOldImplementation
0x366ecad4,0x366ecad4,RevertToSelf
0x14a05a3f,0x14a05a3f,RevokeActiveObjectExt
0x16df720e,0x16df720e,RevokeDragDrop
0xf9e35dc1,0xf9e35dc1,RoGetAgileReference
0x626f8b2,0x0626f8b2,RollbackComplete
0xc9a6e43c,0xc9a6e43c,RollbackEnlistment
0x4e0dc79f,0x4e0dc79f,RollbackTransaction
0xc87fbc9d,0xc87fbc9d,RollbackTransactionAsync
0x55fa7b9e,0x55fa7b9e,RollforwardTransactionManager
0x6b5200a5,0x6b5200a5,RoundRect
0x53823766,0x53823766,RpcAsyncAbortCall
0xc84e5ab4,0xc84e5ab4,RpcAsyncCancelCall
0x141ca2e7,0x141ca2e7,RpcAsyncCompleteCall
0xc174fc12,0xc174fc12,RpcAsyncGetCallStatus
0xe73fb5d0,0xe73fb5d0,RpcAsyncInitializeHandle
0x4b8148a3,0x4b8148a3,RpcAsyncRegisterInfo
0x6ea4310c,0x6ea4310c,RpcBindingBind
0x6ea4d74a,0x6ea4d74a,RpcBindingCopy
0x185f4904,0x185f4904,RpcBindingCreateA
0x185f491a,0x185f491a,RpcBindingCreateW
0x6ea687b1,0x6ea687b1,RpcBindingFree
0x71d9a56,0x071d9a56,RpcBindingFromStringBindingA
0x71d9a6c,0x071d9a6c,RpcBindingFromStringBindingW
0x527e63e9,0x527e63e9,RpcBindingInqAuthClientA
0xeba722e6,0xeba722e6,RpcBindingInqAuthClientExA
0xeba722fc,0xeba722fc,RpcBindingInqAuthClientExW
0x527e63ff,0x527e63ff,RpcBindingInqAuthClientW
0xfe2737d6,0xfe2737d6,RpcBindingInqAuthInfoA
0x24d4a613,0x24d4a613,RpcBindingInqAuthInfoExA
0x24d4a629,0x24d4a629,RpcBindingInqAuthInfoExW
0xfe2737ec,0xfe2737ec,RpcBindingInqAuthInfoW
0x27b4956e,0x27b4956e,RpcBindingInqObject
0x28b77ad0,0x28b77ad0,RpcBindingInqOption
0x4449bef2,0x4449bef2,RpcBindingReset
0xbadc8599,0xbadc8599,RpcBindingServerFromClient
0x438631ba,0x438631ba,RpcBindingSetAuthInfoA
0x3dd9a8f7,0x3dd9a8f7,RpcBindingSetAuthInfoExA
0x3dd9a90d,0x3dd9a90d,RpcBindingSetAuthInfoExW
0x438631d0,0x438631d0,RpcBindingSetAuthInfoW
0x4d2f39d2,0x4d2f39d2,RpcBindingSetObject
0x4e321f34,0x4e321f34,RpcBindingSetOption
0x70ffede5,0x70ffede5,RpcBindingToStringBindingA
0x70ffedfb,0x70ffedfb,RpcBindingToStringBindingW
0xd51ab1cf,0xd51ab1cf,RpcBindingUnbind
0x8dd4df24,0x8dd4df24,RpcBindingVectorFree
0x60223032,0x60223032,RpcCancelThread
0xf16f0e0f,0xf16f0e0f,RpcCancelThreadEx
0xd3e3a851,0xd3e3a851,RpcCertGeneratePrincipalNameA
0xd3e3a867,0xd3e3a867,RpcCertGeneratePrincipalNameW
0x17bd88f2,0x17bd88f2,RpcCertMatchPrincipalName
0xa4fffd2f,0xa4fffd2f,RpcEpRegisterA
0xb2a6c868,0xb2a6c868,RpcEpRegisterNoReplaceA
0xb2a6c87e,0xb2a6c87e,RpcEpRegisterNoReplaceW
0xa4fffd45,0xa4fffd45,RpcEpRegisterW
0x61ce3c44,0x61ce3c44,RpcEpResolveBinding
0x3fad47f1,0x3fad47f1,RpcEpUnregister
0x9a980f26,0x9a980f26,RpcErrorAddRecord
0xac01f4eb,0xac01f4eb,RpcErrorClearInformation
0x4c4abfdc,0x4c4abfdc,RpcErrorEndEnumeration
0x2374b37c,0x2374b37c,RpcErrorGetNextRecord
0xf1b3eee,0x0f1b3eee,RpcErrorGetNumberOfRecords
0x9e4d8814,0x9e4d8814,RpcErrorLoadErrorInfo
0xd15a0a08,0xd15a0a08,RpcErrorResetEnumeration
0x113d1ec3,0x113d1ec3,RpcErrorSaveErrorInfo
0x4c0e0c73,0x4c0e0c73,RpcErrorStartEnumeration
0x1525a3a9,0x1525a3a9,RpcExceptionFilter
0x382d4d2c,0x382d4d2c,RpcFreeAuthorizationContext
0xe02adf0,0x0e02adf0,RpcGetAuthorizationContextForClient
0x5569bde5,0x5569bde5,RpcIfIdVectorFree
0x914f6118,0x914f6118,RpcIfInqId
0x8430637a,0x8430637a,RpcImpersonateClient
0x4853c5f6,0x4853c5f6,RpcMgmtEnableIdleCleanup
0xb8b95ed0,0xb8b95ed0,RpcMgmtEpEltInqBegin
0x79f75e51,0x79f75e51,RpcMgmtEpEltInqDone
0xb992ce6b,0xb992ce6b,RpcMgmtEpEltInqNextA
0xb992ce81,0xb992ce81,RpcMgmtEpEltInqNextW
0x25a94746,0x25a94746,RpcMgmtEpUnregister
0xec573e37,0xec573e37,RpcMgmtInqComTimeout
0x8294f60f,0x8294f60f,RpcMgmtInqDefaultProtectLevel
0x2637cdc0,0x2637cdc0,RpcMgmtInqIfIds
0xb6c89786,0xb6c89786,RpcMgmtInqServerPrincNameA
0xb6c8979c,0xb6c8979c,RpcMgmtInqServerPrincNameW
0x26f4d840,0x26f4d840,RpcMgmtInqStats
0x22cdce69,0x22cdce69,RpcMgmtIsServerListening
0xef81a1fa,0xef81a1fa,RpcMgmtSetAuthorizationFn
0xdcaa6222,0xdcaa6222,RpcMgmtSetCancelTimeout
0xdd95749b,0xdd95749b,RpcMgmtSetComTimeout
0xdba614fd,0xdba614fd,RpcMgmtSetServerStackSize
0xa98fa9cd,0xa98fa9cd,RpcMgmtStatsVectorFree
0x18f6c533,0x18f6c533,RpcMgmtStopServerListening
0xcc03284,0x0cc03284,RpcMgmtWaitServerListen
0x93d55268,0x93d55268,RpcNetworkInqProtseqsA
0x93d5527e,0x93d5527e,RpcNetworkInqProtseqsW
0x99d43e79,0x99d43e79,RpcNetworkIsProtseqValidA
0x99d43e8f,0x99d43e8f,RpcNetworkIsProtseqValidW
0xcce6fe2c,0xcce6fe2c,RpcNsBindingInqEntryNameA
0xcce6fe42,0xcce6fe42,RpcNsBindingInqEntryNameW
0x78ab6cb5,0x78ab6cb5,RpcObjectInqType
0x1a119633,0x1a119633,RpcObjectSetInqFn
0x65a9a819,0x65a9a819,RpcObjectSetType
0x27a82638,0x27a82638,RpcProtseqVectorFreeA
0x27a8264e,0x27a8264e,RpcProtseqVectorFreeW
0xa724fb97,0xa724fb97,RpcRaiseException
0xc4bc4b99,0xc4bc4b99,RpcRevertToSelf
0xe4fd9f36,0xe4fd9f36,RpcRevertToSelfEx
0x23abed89,0x23abed89,RpcServerCompleteSecurityCallback
0x8e2ee67a,0x8e2ee67a,RpcServerInqBindingHandle
0xcae49aa1,0xcae49aa1,RpcServerInqBindings
0xc392b577,0xc392b577,RpcServerInqCallAttributesA
0xc392b58d,0xc392b58d,RpcServerInqCallAttributesW
0xafa53e56,0xafa53e56,RpcServerInqDefaultPrincNameA
0xafa53e6c,0xafa53e6c,RpcServerInqDefaultPrincNameW
0x7b99c002,0x7b99c002,RpcServerInqIf
0xf5788f9a,0xf5788f9a,RpcServerListen
0x59735d6f,0x59735d6f,RpcServerRegisterAuthInfoA
0x59735d85,0x59735d85,RpcServerRegisterAuthInfoW
0x1dcff55f,0x1dcff55f,RpcServerRegisterIf
0xd7cea171,0xd7cea171,RpcServerRegisterIf2
0xd1a2d27c,0xd1a2d27c,RpcServerRegisterIfEx
0x27b8cd7b,0x27b8cd7b,RpcServerSubscribeForNotification
0x1670f1f1,0x1670f1f1,RpcServerTestCancel
0x2e472362,0x2e472362,RpcServerUnregisterIf
0xdc9d8d3f,0xdc9d8d3f,RpcServerUnregisterIfEx
0xfbfec4be,0xfbfec4be,RpcServerUnsubscribeForNotification
0xce57e6b2,0xce57e6b2,RpcServerUseAllProtseqs
0xc3ec648f,0xc3ec648f,RpcServerUseAllProtseqsEx
0xc3ec6501,0xc3ec6501,RpcServerUseAllProtseqsIf
0x7099b29e,0x7099b29e,RpcServerUseAllProtseqsIfEx
0x4d7e71a7,0x4d7e71a7,RpcServerUseProtseqA
0xa6e1971c,0xa6e1971c,RpcServerUseProtseqEpA
0xe5a3eed9,0xe5a3eed9,RpcServerUseProtseqEpExA
0xe5a3eeef,0xe5a3eeef,RpcServerUseProtseqEpExW
0xa6e19732,0xa6e19732,RpcServerUseProtseqEpW
0xa6e19824,0xa6e19824,RpcServerUseProtseqExA
0xa6e1983a,0xa6e1983a,RpcServerUseProtseqExW
0xa6e1a6d6,0xa6e1a6d6,RpcServerUseProtseqIfA
0xe5e6d513,0xe5e6d513,RpcServerUseProtseqIfExA
0xe5e6d529,0xe5e6d529,RpcServerUseProtseqIfExW
0xa6e1a6ec,0xa6e1a6ec,RpcServerUseProtseqIfW
0x4d7e71bd,0x4d7e71bd,RpcServerUseProtseqW
0x7cb85ba2,0x7cb85ba2,RpcServerYield
0xcb018379,0xcb018379,RpcSmAllocate
0xede12595,0xede12595,RpcSmClientFree
0xe9e61742,0xe9e61742,RpcSmDestroyClientContext
0x6967d82d,0x6967d82d,RpcSmDisableAllocate
0x66bc1440,0x66bc1440,RpcSmEnableAllocate
0xaf9cc676,0xaf9cc676,RpcSmFree
0x3d23e918,0x3d23e918,RpcSmGetThreadHandle
0xbed7034c,0xbed7034c,RpcSmSetClientAllocFree
0xe47d0e24,0xe47d0e24,RpcSmSetThreadHandle
0xfabb69fb,0xfabb69fb,RpcSmSwapClientAllocFree
0x85ec297f,0x85ec297f,RpcSsAllocate
0x33d90860,0x33d90860,RpcSsContextLockExclusive
0xcfcdbeff,0xcfcdbeff,RpcSsContextLockShared
0xd033f648,0xd033f648,RpcSsDestroyClientContext
0xb2a6bb73,0xb2a6bb73,RpcSsDisableAllocate
0x8432741c,0x8432741c,RpcSsDontSerializeContext
0x3a68a6c6,0x3a68a6c6,RpcSsEnableAllocate
0xb009597c,0xb009597c,RpcSsFree
0x5b2b2e5a,0x5b2b2e5a,RpcSsGetContextBinding
0x8662cc5e,0x8662cc5e,RpcSsGetThreadHandle
0xe3f568d2,0xe3f568d2,RpcSsSetClientAllocFree
0x2dbbf16a,0x2dbbf16a,RpcSsSetThreadHandle
0xc3a68041,0xc3a68041,RpcSsSwapClientAllocFree
0xa740ef9d,0xa740ef9d,RpcStringBindingComposeA
0xa740efb3,0xa740efb3,RpcStringBindingComposeW
0x217ee2e2,0x217ee2e2,RpcStringBindingParseA
0x217ee2f8,0x217ee2f8,RpcStringBindingParseW
0x53cf8dce,0x53cf8dce,RpcStringFreeA
0x53cf8de4,0x53cf8de4,RpcStringFreeW
0x573b3c7a,0x573b3c7a,RpcTestCancel
0xf88882b5,0xf88882b5,RpcUserFree
0x474269fb,0x474269fb,RtlAbortRXact
0xc59043e0,0xc59043e0,RtlAbsoluteToSelfRelativeSD
0x20cca82b,0x20cca82b,RtlAcquirePebLock
0x257d292,0x0257d292,RtlAcquirePrivilege
0xae5b7289,0xae5b7289,RtlAcquireReleaseSRWLockExclusive
0xf9ec448b,0xf9ec448b,RtlAcquireResourceExclusive
0x49c7730a,0x49c7730a,RtlAcquireResourceShared
0xcb7ecd08,0xcb7ecd08,RtlAcquireSRWLockExclusive
0x9f184a7,0x09f184a7,RtlAcquireSRWLockShared
0xb07ae0e9,0xb07ae0e9,RtlActivateActivationContext
0xbab6c886,0xbab6c886,RtlActivateActivationContextEx
0x378c2639,0x378c2639,RtlActivateActivationContextUnsafeFast
0x79e57b8d,0x79e57b8d,RtlAddAccessAllowedAce
0x89329c2a,0x89329c2a,RtlAddAccessAllowedAceEx
0x18f1f944,0x18f1f944,RtlAddAccessAllowedObjectAce
0xea65e6ce,0xea65e6ce,RtlAddAccessDeniedAce
0x1b7adbab,0x1b7adbab,RtlAddAccessDeniedAceEx
0xc601145,0x0c601145,RtlAddAccessDeniedObjectAce
0xeae02793,0xeae02793,RtlAddAce
0x80c1ea6d,0x80c1ea6d,RtlAddActionToRXact
0xb2d52d77,0xb2d52d77,RtlAddAtomToAtomTable
0xd7308fa1,0xd7308fa1,RtlAddAttributeActionToRXact
0x23318b9c,0x23318b9c,RtlAddAuditAccessAce
0xb5c2ebf9,0xb5c2ebf9,RtlAddAuditAccessAceEx
0xb1b39893,0xb1b39893,RtlAddAuditAccessObjectAce
0x58df5558,0x58df5558,RtlAddCompoundAce
0x54bf898f,0x54bf898f,RtlAddIntegrityLabelToBoundaryDescriptor
0x6c4bc502,0x6c4bc502,RtlAddMandatoryAce
0xb5d0525e,0xb5d0525e,RtlAddRefActivationContext
0xd9654dcc,0xd9654dcc,RtlAddRefMemoryStream
0x1eeec630,0x1eeec630,RtlAddSIDToBoundaryDescriptor
0x62decb89,0x62decb89,RtlAddVectoredContinueHandler
0xa5360e53,0xa5360e53,RtlAddVectoredExceptionHandler
0xc9725c9b,0xc9725c9b,RtlAddressInSectionTable
0xbee125b3,0xbee125b3,RtlAdjustPrivilege
0x1d469eb3,0x1d469eb3,RtlAllocateActivationContextStack
0x88eafbcb,0x88eafbcb,RtlAllocateAndInitializeSid
0xe6713cf2,0xe6713cf2,RtlAllocateHandle
0x16321c4,0x016321c4,RtlAllocateHeap
0xc1d9f4c5,0xc1d9f4c5,RtlAllocateMemoryBlockLookaside
0x5e0be5bb,0x5e0be5bb,RtlAllocateMemoryZone
0x3c95d412,0x3c95d412,RtlAnsiCharToUnicodeChar
0x48049f88,0x48049f88,RtlAnsiStringToUnicodeSize
0x5c6d6ba4,0x5c6d6ba4,RtlAnsiStringToUnicodeString
0x43785116,0x43785116,RtlAppendAsciizToString
0xfb57930,0x0fb57930,RtlAppendPathElement
0xa96532a,0x0a96532a,RtlAppendStringToString
0x2828c671,0x2828c671,RtlAppendUnicodeStringToString
0xb97f385a,0xb97f385a,RtlAppendUnicodeToString
0x1966b497,0x1966b497,RtlApplicationVerifierStop
0xd01ecb89,0xd01ecb89,RtlApplyRXact
0xe1c26528,0xe1c26528,RtlApplyRXactNoFlush
0xdf7ff881,0xdf7ff881,RtlAreAllAccessesGranted
0xa3e6a8f0,0xa3e6a8f0,RtlAreAnyAccessesGranted
0xc6da5fb2,0xc6da5fb2,RtlAreBitsClear
0xce58da37,0xce58da37,RtlAreBitsSet
0xebf86bf3,0xebf86bf3,RtlAssert
0x8df82c68,0x8df82c68,RtlBarrier
0x72354ec2,0x72354ec2,RtlBarrierForDelete
0xa39f53a8,0xa39f53a8,RtlCancelTimer
0xa24b313a,0xa24b313a,RtlCaptureContext
0x8b99c36b,0x8b99c36b,RtlCaptureStackBackTrace
0xec900530,0xec900530,RtlCaptureStackContext
0x9c3d6e90,0x9c3d6e90,RtlCharToInteger
0x5cff9faa,0x5cff9faa,RtlCheckForOrphanedCriticalSections
0xcc693f41,0xcc693f41,RtlCheckRegistryKey
0x8ae7c495,0x8ae7c495,RtlCleanUpTEBLangLists
0xe97c753,0x0e97c753,RtlClearAllBits
0x783848fa,0x783848fa,RtlClearBits
0xc52dd837,0xc52dd837,RtlCloneMemoryStream
0x90498f30,0x90498f30,RtlCloneUserProcess
0x7cfd1d54,0x7cfd1d54,RtlCmDecodeMemIoResource
0x8c9eb6be,0x8c9eb6be,RtlCmEncodeMemIoResource
0x2f846e9d,0x2f846e9d,RtlCommitDebugInfo
0xef889bef,0xef889bef,RtlCommitMemoryStream
0x20581646,0x20581646,RtlCompactHeap
0x95082a97,0x95082a97,RtlCompareAltitudes
0xf7991441,0xf7991441,RtlCompareMemory
0xe4442766,0xe4442766,RtlCompareMemoryUlong
0x6aa1b5f,0x06aa1b5f,RtlCompareString
0xca5458c6,0xca5458c6,RtlCompareUnicodeString
0x14df71f9,0x14df71f9,RtlCompareUnicodeStrings
0x4cc33ce7,0x4cc33ce7,RtlCompressBuffer
0x99cccf3b,0x99cccf3b,RtlComputeCrc32
0x8cc52e45,0x8cc52e45,RtlComputeImportTableHash
0x8a6e3cd1,0x8a6e3cd1,RtlComputePrivatizedDllName_U
0xf0408dce,0xf0408dce,RtlConnectToSm
0x18b2f00b,0x18b2f00b,RtlConsoleMultiByteToUnicodeN
0x87ecab0b,0x87ecab0b,RtlContractHashTable
0x8f3829b4,0x8f3829b4,RtlConvertExclusiveToShared
0xbd54fd38,0xbd54fd38,RtlConvertLCIDToString
0x74df91ce,0x74df91ce,RtlConvertLongToLargeInteger
0x58e9a674,0x58e9a674,RtlConvertSharedToExclusive
0x70c37b43,0x70c37b43,RtlConvertSidToUnicodeString
0xaa3ea3a0,0xaa3ea3a0,RtlConvertToAutoInheritSecurityObject
0x27aca935,0x27aca935,RtlConvertUiListToApiList
0xff769dc3,0xff769dc3,RtlConvertUlongToLargeInteger
0xe2743ec1,0xe2743ec1,RtlCopyContext
0x6bba0912,0x6bba0912,RtlCopyExtendedContext
0x6ab3976a,0x6ab3976a,RtlCopyLuid
0xd3790743,0xd3790743,RtlCopyLuidAndAttributesArray
0x6a6d21cc,0x6a6d21cc,RtlCopyMappedMemory
0xb960a9a4,0xb960a9a4,RtlCopyMemoryStreamTo
0x20534690,0x20534690,RtlCopyOutOfProcessMemoryStreamTo
0x7042d6b3,0x7042d6b3,RtlCopySecurityDescriptor
0xfb79ea7c,0xfb79ea7c,RtlCopySid
0xb8414ad5,0xb8414ad5,RtlCopySidAndAttributesArray
0xf63e3113,0xf63e3113,RtlCopyString
0x70287bfa,0x70287bfa,RtlCopyUnicodeString
0x1f9fc25,0x01f9fc25,RtlCreateAcl
0x41b6328c,0x41b6328c,RtlCreateActivationContext
0x9214ff0b,0x9214ff0b,RtlCreateAndSetSD
0xe868d3ee,0xe868d3ee,RtlCreateAtomTable
0x14d8e767,0x14d8e767,RtlCreateBootStatusDataFile
0x41ce5858,0x41ce5858,RtlCreateBoundaryDescriptor
0x4855d1aa,0x4855d1aa,RtlCreateEnvironment
0xb510ed87,0xb510ed87,RtlCreateEnvironmentEx
0xb72c4621,0xb72c4621,RtlCreateHashTable
0x413d5ef3,0x413d5ef3,RtlCreateHeap
0x568eaff4,0x568eaff4,RtlCreateMemoryBlockLookaside
0x5bd10a2a,0x5bd10a2a,RtlCreateMemoryZone
0x93584d88,0x93584d88,RtlCreateProcessParameters
0xcaa1d8e5,0xcaa1d8e5,RtlCreateProcessParametersEx
0x963c701f,0x963c701f,RtlCreateProcessReflection
0xc432716c,0xc432716c,RtlCreateQueryDebugBuffer
0x6f53db77,0x6f53db77,RtlCreateRegistryKey
0xa5d4c8c,0x0a5d4c8c,RtlCreateSecurityDescriptor
0x15aa4a46,0x15aa4a46,RtlCreateServiceSid
0x2473e374,0x2473e374,RtlCreateSystemVolumeInformationFolder
0xdaec730f,0xdaec730f,RtlCreateTagHeap
0x69c4c6f6,0x69c4c6f6,RtlCreateTimer
0x458136fb,0x458136fb,RtlCreateTimerQueue
0x5862a633,0x5862a633,RtlCreateUnicodeString
0x3b3fd82a,0x3b3fd82a,RtlCreateUnicodeStringFromAsciiz
0x1232fbd3,0x1232fbd3,RtlCreateUserProcess
0x209ce6a3,0x209ce6a3,RtlCreateUserSecurityObject
0x1fbb8c0a,0x1fbb8c0a,RtlCreateUserStack
0x18b269ec,0x18b269ec,RtlCreateUserThread
0x6c748249,0x6c748249,RtlCreateVirtualAccountSid
0x3acdf005,0x3acdf005,RtlCultureNameToLCID
0x3980ace7,0x3980ace7,RtlCustomCPToUnicodeN
0x4c0df46f,0x4c0df46f,RtlCutoverTimeToSystemTime
0xcc4164e6,0xcc4164e6,RtlDeCommitDebugInfo
0xe417ee9e,0xe417ee9e,RtlDeNormalizeProcessParams
0x8dd6692,0x08dd6692,RtlDeactivateActivationContext
0x26cc9322,0x26cc9322,RtlDeactivateActivationContextUnsafeFast
0x3c1c53b7,0x3c1c53b7,RtlDebugPrintTimes
0x80fbc166,0x80fbc166,RtlDecodePointer
0xea58e12b,0xea58e12b,RtlDecodeSystemPointer
0x452d4230,0x452d4230,RtlDecompressBuffer
0x40bb32a,0x040bb32a,RtlDecompressFragment
0x617d6714,0x617d6714,RtlDefaultNpAcl
0xf1f6b854,0xf1f6b854,RtlDelete
0x9b4ae97d,0x9b4ae97d,RtlDeleteAce
0xce9eddb2,0xce9eddb2,RtlDeleteAtomFromAtomTable
0xfae8d95b,0xfae8d95b,RtlDeleteBarrier
0x4ce8b3d7,0x4ce8b3d7,RtlDeleteBoundaryDescriptor
0x407173f4,0x407173f4,RtlDeleteCriticalSection
0xb6c84143,0xb6c84143,RtlDeleteElementGenericTable
0xc5928286,0xc5928286,RtlDeleteElementGenericTableAvl
0x47977ec0,0x47977ec0,RtlDeleteHashTable
0xb519e71a,0xb519e71a,RtlDeleteNoSplay
0x6301b98a,0x6301b98a,RtlDeleteRegistryValue
0x522fef3c,0x522fef3c,RtlDeleteResource
0x3de10b03,0x3de10b03,RtlDeleteSecurityObject
0x9b068815,0x9b068815,RtlDeleteTimer
0xe353837a,0xe353837a,RtlDeleteTimerQueue
0x6425357,0x06425357,RtlDeleteTimerQueueEx
0xc150fc30,0xc150fc30,RtlDeregisterSecureMemoryCacheCallback
0xebefdb04,0xebefdb04,RtlDeregisterWait
0xa752b561,0xa752b561,RtlDeregisterWaitEx
0xca88fb64,0xca88fb64,RtlDestroyAtomTable
0x331daea0,0x331daea0,RtlDestroyEnvironment
0x666f9dbf,0x666f9dbf,RtlDestroyHandleTable
0x223384a9,0x223384a9,RtlDestroyHeap
0x481581aa,0x481581aa,RtlDestroyMemoryBlockLookaside
0x81f62060,0x81f62060,RtlDestroyMemoryZone
0x3c0b8afe,0x3c0b8afe,RtlDestroyProcessParameters
0xf018d822,0xf018d822,RtlDestroyQueryDebugBuffer
0x7d8ffe88,0x7d8ffe88,RtlDetectHeapLeaks
0x932a51c8,0x932a51c8,RtlDetermineDosPathNameType_U
0x718ac4d7,0x718ac4d7,RtlDisableThreadProfiling
0x1a11b065,0x1a11b065,RtlDllShutdownInProgress
0x4bf0f018,0x4bf0f018,RtlDnsHostNameToComputerName
0x8f046240,0x8f046240,RtlDoesFileExists_U
0xacf4ab84,0xacf4ab84,RtlDosApplyFileIsolationRedirection_Ustr
0x717303dc,0x717303dc,RtlDosPathNameToNtPathName_U
0x705be9db,0x705be9db,RtlDosPathNameToNtPathName_U_WithStatus
0xf2759518,0xf2759518,RtlDosPathNameToRelativeNtPathName_U
0x5d0bbd97,0x5d0bbd97,RtlDosPathNameToRelativeNtPathName_U_WithStatus
0xe125177e,0xe125177e,RtlDosSearchPath_U
0x97e8c757,0x97e8c757,RtlDosSearchPath_Ustr
0x43238a5a,0x43238a5a,RtlDowncaseUnicodeChar
0xc06473b3,0xc06473b3,RtlDowncaseUnicodeString
0x3f091c5f,0x3f091c5f,RtlDumpResource
0x362d19fa,0x362d19fa,RtlDuplicateUnicodeString
0xa1eb5c49,0xa1eb5c49,RtlEmptyAtomTable
0xdceb335c,0xdceb335c,RtlEnableEarlyCriticalSectionEventCreation
0x4c447bea,0x4c447bea,RtlEnableThreadProfiling
0x88e91350,0x88e91350,RtlEncodePointer
0xf9fa7a95,0xf9fa7a95,RtlEncodeSystemPointer
0x5455de4b,0x5455de4b,RtlEndEnumerationHashTable
0xe7c35dd3,0xe7c35dd3,RtlEndWeakEnumerationHashTable
0x61cd1d31,0x61cd1d31,RtlEnlargedIntegerMultiply
0x664436b5,0x664436b5,RtlEnlargedUnsignedDivide
0xdbae7f40,0xdbae7f40,RtlEnlargedUnsignedMultiply
0xd847483f,0xd847483f,RtlEnterCriticalSection
0xa83eb2e6,0xa83eb2e6,RtlEnumProcessHeaps
0xa466a765,0xa466a765,RtlEnumerateEntryHashTable
0x36033e6c,0x36033e6c,RtlEnumerateGenericTable
0x3d5edb0f,0x3d5edb0f,RtlEnumerateGenericTableAvl
0x7f57d7e7,0x7f57d7e7,RtlEnumerateGenericTableLikeADirectory
0x5010f367,0x5010f367,RtlEnumerateGenericTableWithoutSplaying
0x9b89b22a,0x9b89b22a,RtlEnumerateGenericTableWithoutSplayingAvl
0x532f4d49,0x532f4d49,RtlEqualComputerName
0x74bd4352,0x74bd4352,RtlEqualDomainName
0xcdb739c7,0xcdb739c7,RtlEqualLuid
0xa3f25b27,0xa3f25b27,RtlEqualPrefixSid
0xe7343539,0xe7343539,RtlEqualSid
0x28b3deb0,0x28b3deb0,RtlEqualString
0xe3916f7,0x0e3916f7,RtlEqualUnicodeString
0x8930278f,0x8930278f,RtlEraseUnicodeString
0x6a698741,0x6a698741,RtlEthernetAddressToStringA
0x6a698757,0x6a698757,RtlEthernetAddressToStringW
0xb54c2381,0xb54c2381,RtlEthernetStringToAddressA
0xb54c2397,0xb54c2397,RtlEthernetStringToAddressW
0xc8a18099,0xc8a18099,RtlExitUserProcess
0xb9606df2,0xb9606df2,RtlExitUserThread
0x67f0e780,0x67f0e780,RtlExpandEnvironmentStrings
0x27c8d414,0x27c8d414,RtlExpandEnvironmentStrings_U
0xa61b134d,0xa61b134d,RtlExpandHashTable
0xfcd3c028,0xfcd3c028,RtlExtendMemoryBlockLookaside
0x5316895e,0x5316895e,RtlExtendMemoryZone
0x7e095a0,0x07e095a0,RtlExtendedIntegerMultiply
0xa8af9be0,0xa8af9be0,RtlExtendedLargeIntegerDivide
0xb52d2de8,0xb52d2de8,RtlExtendedMagicDivide
0x9ea5ce01,0x9ea5ce01,RtlFillMemory
0x1d0af926,0x1d0af926,RtlFillMemoryUlong
0x2ecc3bd6,0x2ecc3bd6,RtlFillMemoryUlonglong
0xb1b33f1d,0xb1b33f1d,RtlFinalReleaseOutOfProcessMemoryStream
0x9529eec8,0x9529eec8,RtlFindAceByType
0x90f34897,0x90f34897,RtlFindActivationContextSectionGuid
0xb6d8aca5,0xb6d8aca5,RtlFindActivationContextSectionString
0xb9e7f2b5,0xb9e7f2b5,RtlFindCharInUnicodeString
0x143a6a5b,0x143a6a5b,RtlFindClearBits
0x71739f5a,0x71739f5a,RtlFindClearBitsAndSet
0x144362b1,0x144362b1,RtlFindClearRuns
0x1d7d75e,0x01d7d75e,RtlFindClosestEncodableLength
0x2ea06bd1,0x2ea06bd1,RtlFindLastBackwardRunClear
0xfbc69549,0xfbc69549,RtlFindLeastSignificantBit
0x7195053a,0x7195053a,RtlFindLongestRunClear
0xfab84367,0xfab84367,RtlFindMessage
0x53d0cab3,0x53d0cab3,RtlFindMostSignificantBit
0x59a5e2d2,0x59a5e2d2,RtlFindNextForwardRunClear
0xc88d0da0,0xc88d0da0,RtlFindSetBits
0x238b11da,0x238b11da,RtlFindSetBitsAndClear
0x3149fc0a,0x3149fc0a,RtlFirstEntrySList
0xdd9eb714,0xdd9eb714,RtlFirstFreeAce
0x4ba5e411,0x4ba5e411,RtlFlsAlloc
0xdb83fc68,0xdb83fc68,RtlFlsFree
0x390e9837,0x390e9837,RtlFlushSecureMemoryCache
0x53bf5582,0x53bf5582,RtlFormatCurrentUserKeyPath
0x4e7032af,0x4e7032af,RtlFormatMessage
0xab47a3cc,0xab47a3cc,RtlFormatMessageEx
0x4febb6f0,0x4febb6f0,RtlFreeActivationContextStack
0x223a6045,0x223a6045,RtlFreeAnsiString
0x1a6f7b2f,0x1a6f7b2f,RtlFreeHandle
0xfb52acc1,0xfb52acc1,RtlFreeHeap
0x4ef1d9c2,0x4ef1d9c2,RtlFreeMemoryBlockLookaside
0x68018e1b,0x68018e1b,RtlFreeOemString
0xe8961583,0xe8961583,RtlFreeSid
0x108af628,0x108af628,RtlFreeThreadActivationContextStack
0xa83f5bc1,0xa83f5bc1,RtlFreeUnicodeString
0xecafaa98,0xecafaa98,RtlFreeUserStack
0x3d2d2b75,0x3d2d2b75,RtlGUIDFromString
0xe1baab5f,0xe1baab5f,RtlGenerate8dot3Name
0xf8f9f9ea,0xf8f9f9ea,RtlGetAce
0xfedb6e94,0xfedb6e94,RtlGetActiveActivationContext
0xc66d6ced,0xc66d6ced,RtlGetCallersAddress
0x5f9c6f9d,0x5f9c6f9d,RtlGetCompressionWorkSpaceSize
0x6efda359,0x6efda359,RtlGetControlSecurityDescriptor
0x614137c4,0x614137c4,RtlGetCriticalSectionRecursionCount
0xdd86a44d,0xdd86a44d,RtlGetCurrentDirectory_U
0x7650ecfb,0x7650ecfb,RtlGetCurrentPeb
0xe1d9dcd,0x0e1d9dcd,RtlGetCurrentProcessorNumber
0xbfc4e6a,0x0bfc4e6a,RtlGetCurrentProcessorNumberEx
0x8c37864a,0x8c37864a,RtlGetCurrentTransaction
0x26ded1ec,0x26ded1ec,RtlGetDaclSecurityDescriptor
0xb75c8bb0,0xb75c8bb0,RtlGetElementGenericTable
0x167651d3,0x167651d3,RtlGetElementGenericTableAvl
0x486d7d1c,0x486d7d1c,RtlGetEnabledExtendedFeatures
0xafeeec79,0xafeeec79,RtlGetExtendedContextLength
0xd571afbd,0xd571afbd,RtlGetExtendedFeaturesMask
0x70f29359,0x70f29359,RtlGetFileMUIPath
0x1fc2ce0c,0x1fc2ce0c,RtlGetFrame
0xd4ffd76,0x0d4ffd76,RtlGetFullPathName_U
0xa1453c53,0xa1453c53,RtlGetFullPathName_UEx
0xfb79636c,0xfb79636c,RtlGetFullPathName_UstrEx
0x3727a565,0x3727a565,RtlGetGroupSecurityDescriptor
0xb2bbc9a0,0xb2bbc9a0,RtlGetIntegerAtom
0xd216567b,0xd216567b,RtlGetLastNtStatus
0xc27d9732,0xc27d9732,RtlGetLastWin32Error
0x1a7ca0fe,0x1a7ca0fe,RtlGetLengthWithoutLastFullDosOrNtPathElement
0xbc158f06,0xbc158f06,RtlGetLengthWithoutTrailingPathSeperators
0xc246daa3,0xc246daa3,RtlGetLocaleFileMappingAddress
0x9347f1ae,0x9347f1ae,RtlGetLongestNtPathLength
0x3092c0b3,0x3092c0b3,RtlGetNativeSystemInformation
0x2e35e8be,0x2e35e8be,RtlGetNextEntryHashTable
0xd1edcee1,0xd1edcee1,RtlGetNtGlobalFlags
0x64b53566,0x64b53566,RtlGetNtProductType
0xe536d925,0xe536d925,RtlGetNtVersionNumbers
0x466fc83,0x0466fc83,RtlGetOwnerSecurityDescriptor
0x20db3ddc,0x20db3ddc,RtlGetParentLocaleName
0xd918b131,0xd918b131,RtlGetProcessHeaps
0x259f3c94,0x259f3c94,RtlGetProcessPreferredUILanguages
0x66ec73ae,0x66ec73ae,RtlGetProductInfo
0xdef7315b,0xdef7315b,RtlGetSaclSecurityDescriptor
0xbd5f2138,0xbd5f2138,RtlGetSecurityDescriptorRMControl
0x5e543e9f,0x5e543e9f,RtlGetSetBootStatusData
0x9fe868ba,0x9fe868ba,RtlGetSystemPreferredUILanguages
0xdbaf1508,0xdbaf1508,RtlGetThreadErrorMode
0x86aa12db,0x86aa12db,RtlGetThreadLangIdByIndex
0x3339db8d,0x3339db8d,RtlGetThreadPreferredUILanguages
0x486ddcaf,0x486ddcaf,RtlGetUILanguageInfo
0x7272c0d5,0x7272c0d5,RtlGetUnloadEventTrace
0xda265372,0xda265372,RtlGetUnloadEventTraceEx
0x8a5f884a,0x8a5f884a,RtlGetUserInfoHeap
0xa6fa34b4,0xa6fa34b4,RtlGetUserPreferredUILanguages
0xce364787,0xce364787,RtlGetVersion
0x9e144943,0x9e144943,RtlHashUnicodeString
0x2166b9a2,0x2166b9a2,RtlHeapTrkInitialize
0x8e3a6aed,0x8e3a6aed,RtlIdentifierAuthoritySid
0x522c4d48,0x522c4d48,RtlIdnToAscii
0x2f3e20be,0x2f3e20be,RtlIdnToNameprepUnicode
0x86c122c6,0x86c122c6,RtlIdnToUnicode
0x515d4428,0x515d4428,RtlImageDirectoryEntryToData
0x1cddcccf,0x1cddcccf,RtlImageNtHeader
0xcb8445ec,0xcb8445ec,RtlImageNtHeaderEx
0x2febcc5,0x02febcc5,RtlImageRvaToSection
0x9845c4e7,0x9845c4e7,RtlImageRvaToVa
0x2f33c472,0x2f33c472,RtlImpersonateSelf
0xcb36b24f,0xcb36b24f,RtlImpersonateSelfEx
0x2abafb77,0x2abafb77,RtlInitAnsiString
0xc567be94,0xc567be94,RtlInitAnsiStringEx
0xc48a8ffc,0xc48a8ffc,RtlInitBarrier
0x21317275,0x21317275,RtlInitCodePageTable
0x6e024068,0x6e024068,RtlInitEnumerationHashTable
0xd88e44ba,0xd88e44ba,RtlInitMemoryStream
0xb484f55d,0xb484f55d,RtlInitNlsTables
0x7d846426,0x7d846426,RtlInitOutOfProcessMemoryStream
0xa35124ec,0xa35124ec,RtlInitString
0x35d981b3,0x35d981b3,RtlInitUnicodeString
0x1240c3d0,0x1240c3d0,RtlInitUnicodeStringEx
0xe6dd8670,0xe6dd8670,RtlInitWeakEnumerationHashTable
0xa4d91850,0xa4d91850,RtlInitializeAtomPackage
0x94d84990,0x94d84990,RtlInitializeBitMap
0x81e5b200,0x81e5b200,RtlInitializeConditionVariable
0x8a838e58,0x8a838e58,RtlInitializeContext
0x42f7da33,0x42f7da33,RtlInitializeCriticalSection
0x349a7569,0x349a7569,RtlInitializeCriticalSectionAndSpinCount
0xe0573c50,0xe0573c50,RtlInitializeCriticalSectionEx
0xe38a5d85,0xe38a5d85,RtlInitializeExceptionChain
0xcf0effa9,0xcf0effa9,RtlInitializeExtendedContext
0xb4437ef8,0xb4437ef8,RtlInitializeGenericTable
0x3703e01b,0x3703e01b,RtlInitializeGenericTableAvl
0xae6abbe7,0xae6abbe7,RtlInitializeHandleTable
0x51799a78,0x51799a78,RtlInitializeNtUserPfn
0x897b8cd5,0x897b8cd5,RtlInitializeRXact
0xbc626e5b,0xbc626e5b,RtlInitializeResource
0xb2240bb4,0xb2240bb4,RtlInitializeSListHead
0x14cbc538,0x14cbc538,RtlInitializeSRWLock
0xeebb0693,0xeebb0693,RtlInitializeSid
0x27202825,0x27202825,RtlInsertElementGenericTable
0x69249628,0x69249628,RtlInsertElementGenericTableAvl
0x8dba1538,0x8dba1538,RtlInsertElementGenericTableFull
0x771dce5b,0x771dce5b,RtlInsertElementGenericTableFullAvl
0xa567b234,0xa567b234,RtlInsertEntryHashTable
0x286e7e97,0x286e7e97,RtlInt64ToUnicodeString
0xd12e7e30,0xd12e7e30,RtlIntegerToChar
0x97772f30,0x97772f30,RtlIntegerToUnicodeString
0x299f3450,0x299f3450,RtlInterlockedClearBitRun
0x1e355509,0x1e355509,RtlInterlockedCompareExchange64
0xf65c7f66,0xf65c7f66,RtlInterlockedFlushSList
0x61a5b05,0x061a5b05,RtlInterlockedPopEntrySList
0x2a499316,0x2a499316,RtlInterlockedPushEntrySList
0xeb4bcc60,0xeb4bcc60,RtlInterlockedPushListSList
0x9dd19c15,0x9dd19c15,RtlInterlockedSetBitRun
0xfb99591c,0xfb99591c,RtlIoDecodeMemIoResource
0xb3af286,0x0b3af286,RtlIoEncodeMemIoResource
0x46e3145,0x046e3145,RtlIpv4AddressToStringA
0xd8bfb742,0xd8bfb742,RtlIpv4AddressToStringExA
0xd8bfb758,0xd8bfb758,RtlIpv4AddressToStringExW
0x46e315b,0x046e315b,RtlIpv4AddressToStringW
0x4f50cd85,0x4f50cd85,RtlIpv4StringToAddressA
0x66ba6382,0x66ba6382,RtlIpv4StringToAddressExA
0x66ba6398,0x66ba6398,RtlIpv4StringToAddressExW
0x4f50cd9b,0x4f50cd9b,RtlIpv4StringToAddressW
0x2a21f547,0x2a21f547,RtlIpv6AddressToStringA
0x3a7483c4,0x3a7483c4,RtlIpv6AddressToStringExA
0x3a7483da,0x3a7483da,RtlIpv6AddressToStringExW
0x2a21f55d,0x2a21f55d,RtlIpv6AddressToStringW
0x75049187,0x75049187,RtlIpv6StringToAddressA
0xc86f3004,0xc86f3004,RtlIpv6StringToAddressExA
0xc86f301a,0xc86f301a,RtlIpv6StringToAddressExW
0x7504919d,0x7504919d,RtlIpv6StringToAddressW
0x3f4a9f10,0x3f4a9f10,RtlIsActivationContextActive
0x18cc862f,0x18cc862f,RtlIsCriticalSectionLocked
0xc1966562,0xc1966562,RtlIsCriticalSectionLockedByThread
0x61b11500,0x61b11500,RtlIsCurrentThreadAttachExempt
0x79aa1528,0x79aa1528,RtlIsDosDeviceName_U
0x499cc4d1,0x499cc4d1,RtlIsGenericTableEmpty
0xa00a0354,0xa00a0354,RtlIsGenericTableEmptyAvl
0x8dd9d205,0x8dd9d205,RtlIsNameInExpression
0xa5d3af7b,0xa5d3af7b,RtlIsNameLegalDOS8Dot3
0x9f191869,0x9f191869,RtlIsNormalizedString
0x3269f8e9,0x3269f8e9,RtlIsTextUnicode
0xb1f40193,0xb1f40193,RtlIsThreadWithinLoaderCallout
0xb9ca4af9,0xb9ca4af9,RtlIsValidHandle
0xc3171e71,0xc3171e71,RtlIsValidIndexHandle
0x3cdb26be,0x3cdb26be,RtlIsValidLocaleName
0x3636fd03,0x3636fd03,RtlKnownExceptionFilter
0x38894865,0x38894865,RtlLCIDToCultureName
0xdeff8e3,0x0deff8e3,RtlLargeIntegerAdd
0x404eeb62,0x404eeb62,RtlLargeIntegerArithmeticShift
0x8b6f112f,0x8b6f112f,RtlLargeIntegerDivide
0xa271ebce,0xa271ebce,RtlLargeIntegerNegate
0x8ae4ff23,0x8ae4ff23,RtlLargeIntegerShiftLeft
0xe7f3ab36,0xe7f3ab36,RtlLargeIntegerShiftRight
0x6935f5a2,0x6935f5a2,RtlLargeIntegerSubtract
0xb112325b,0xb112325b,RtlLargeIntegerToChar
0x33f1e3b1,0x33f1e3b1,RtlLcidToLocaleName
0xabcc81ce,0xabcc81ce,RtlLeaveCriticalSection
0x46b34284,0x46b34284,RtlLengthRequiredSid
0x26c51c1a,0x26c51c1a,RtlLengthSecurityDescriptor
0xddcf2ec3,0xddcf2ec3,RtlLengthSid
0xf23ad638,0xf23ad638,RtlLoadString
0x52559092,0x52559092,RtlLocalTimeToSystemTime
0xcb588c31,0xcb588c31,RtlLocaleNameToLcid
0x2d224116,0x2d224116,RtlLocateExtendedFeature
0xfd9fe9d3,0xfd9fe9d3,RtlLocateLegacyContext
0x4607b13c,0x4607b13c,RtlLockBootStatusData
0xf262dd25,0xf262dd25,RtlLockCurrentThread
0x99b13588,0x99b13588,RtlLockHeap
0xd0bf1089,0xd0bf1089,RtlLockMemoryBlockLookaside
0x601f8af3,0x601f8af3,RtlLockMemoryStreamRegion
0xfaf2bc7f,0xfaf2bc7f,RtlLockMemoryZone
0xc395ffc5,0xc395ffc5,RtlLockModuleSection
0x8e337cb9,0x8e337cb9,RtlLogStackBackTrace
0x867e97c,0x0867e97c,RtlLookupAtomInAtomTable
0x4c1012ca,0x4c1012ca,RtlLookupElementGenericTable
0x9c5ebaad,0x9c5ebaad,RtlLookupElementGenericTableAvl
0x2838ca5d,0x2838ca5d,RtlLookupElementGenericTableFull
0x4c30ad60,0x4c30ad60,RtlLookupElementGenericTableFullAvl
0xafc21b9,0x0afc21b9,RtlLookupEntryHashTable
0x47cf53dc,0x47cf53dc,RtlMakeSelfRelativeSD
0x81fc70a8,0x81fc70a8,RtlMapGenericMask
0xb7c1776a,0xb7c1776a,RtlMapSecurityErrorToNtStatus
0x95951371,0x95951371,RtlMoveMemory
0x83f4037c,0x83f4037c,RtlMultiAppendUnicodeStringBuffer
0xe5476c38,0xe5476c38,RtlMultiByteToUnicodeN
0xef432de5,0xef432de5,RtlMultiByteToUnicodeSize
0x3b6f2d90,0x3b6f2d90,RtlMultipleAllocateHeap
0x2978b28d,0x2978b28d,RtlMultipleFreeHeap
0xd673240f,0xd673240f,RtlNewInstanceSecurityObject
0x643cbcba,0x643cbcba,RtlNewSecurityGrantedAccess
0x4b70549a,0x4b70549a,RtlNewSecurityObject
0xe8d7ec77,0xe8d7ec77,RtlNewSecurityObjectEx
0x7d2b074c,0x7d2b074c,RtlNewSecurityObjectWithMultipleInheritance
0xd1860475,0xd1860475,RtlNormalizeProcessParams
0x453ae4a9,0x453ae4a9,RtlNormalizeString
0x4a833da8,0x4a833da8,RtlNtPathNameToDosPathName
0xc61259da,0xc61259da,RtlNtStatusToDosError
0xfeb85a32,0xfeb85a32,RtlNtStatusToDosErrorNoTeb
0xe793b28c,0xe793b28c,RtlNumberGenericTableElements
0x849c5b2f,0x849c5b2f,RtlNumberGenericTableElementsAvl
0x83b0e838,0x83b0e838,RtlNumberOfClearBits
0xa5a0703d,0xa5a0703d,RtlNumberOfSetBits
0x6f11b158,0x6f11b158,RtlNumberOfSetBitsUlongPtr
0x671b755e,0x671b755e,RtlOemStringToUnicodeSize
0x9c910efa,0x9c910efa,RtlOemStringToUnicodeString
0xe6b65cfa,0xe6b65cfa,RtlOemToUnicodeN
0xc5a127d5,0xc5a127d5,RtlOpenCurrentUser
0xdd4ba5e9,0xdd4ba5e9,RtlOwnerAcesPresent
0xcaf03740,0xcaf03740,RtlPcToFileHeader
0x3f6fb749,0x3f6fb749,RtlPinAtomInAtomTable
0x668506fb,0x668506fb,RtlPopFrame
0xf35aa906,0xf35aa906,RtlPrefixString
0xf236248d,0xf236248d,RtlPrefixUnicodeString
0xdd5eaf9f,0xdd5eaf9f,RtlProcessFlsData
0xc0162680,0xc0162680,RtlProtectHeap
0xf3dbe9ec,0xf3dbe9ec,RtlPushFrame
0x7a00c0f3,0x7a00c0f3,RtlQueryActivationContextApplicationSettings
0x9d1f1358,0x9d1f1358,RtlQueryAtomInAtomTable
0xb15e7482,0xb15e7482,RtlQueryCriticalSectionOwner
0x342015b,0x0342015b,RtlQueryDepthSList
0x44a33b2d,0x44a33b2d,RtlQueryDynamicTimeZoneInformation
0xae4cee8b,0xae4cee8b,RtlQueryElevationFlags
0x6c15bdb2,0x6c15bdb2,RtlQueryEnvironmentVariable
0xc87bfec6,0xc87bfec6,RtlQueryEnvironmentVariable_U
0xf78ef13b,0xf78ef13b,RtlQueryHeapInformation
0xf0d4172d,0xf0d4172d,RtlQueryInformationAcl
0xc8defb94,0xc8defb94,RtlQueryInformationActivationContext
0x3f20c1d0,0x3f20c1d0,RtlQueryInformationActiveActivationContext
0x35d9926d,0x35d9926d,RtlQueryInterfaceMemoryStream
0xf1cba263,0xf1cba263,RtlQueryModuleInformation
0x53a6d489,0x53a6d489,RtlQueryPerformanceCounter
0x3256aefb,0x3256aefb,RtlQueryPerformanceFrequency
0x41c3e13c,0x41c3e13c,RtlQueryProcessBackTraceInformation
0x7aba9803,0x7aba9803,RtlQueryProcessDebugInformation
0x13d605da,0x13d605da,RtlQueryProcessHeapInformation
0x9b733d45,0x9b733d45,RtlQueryProcessLockInformation
0x83ea4ac0,0x83ea4ac0,RtlQueryRegistryValues
0xfe926a86,0xfe926a86,RtlQuerySecurityObject
0x3acc14d1,0x3acc14d1,RtlQueryTagHeap
0x9f280b19,0x9f280b19,RtlQueryThreadProfiling
0x1f921e08,0x1f921e08,RtlQueryTimeZoneInformation
0x66b6b3b9,0x66b6b3b9,RtlQueueApcWow64Thread
0x9d3d6d38,0x9d3d6d38,RtlQueueWorkItem
0x957c6ee4,0x957c6ee4,RtlRaiseException
0xb9aae0b9,0xb9aae0b9,RtlRaiseStatus
0x1257a302,0x1257a302,RtlRandom
0x6cc74df,0x06cc74df,RtlRandomEx
0xe6e0bb7b,0xe6e0bb7b,RtlReAllocateHeap
0xb8f758c2,0xb8f758c2,RtlReadMemoryStream
0x2b23c42e,0x2b23c42e,RtlReadOutOfProcessMemoryStream
0x8ec94719,0x8ec94719,RtlReadThreadProfilingData
0x4d547c24,0x4d547c24,RtlRealPredecessor
0x637de93f,0x637de93f,RtlRealSuccessor
0x9a12dd87,0x9a12dd87,RtlRegisterSecureMemoryCacheCallback
0xd5411ca8,0xd5411ca8,RtlRegisterThreadWithCsrss
0x2589bbfb,0x2589bbfb,RtlRegisterWait
0xf3ca1259,0xf3ca1259,RtlReleaseActivationContext
0x9abd64e7,0x9abd64e7,RtlReleaseMemoryStream
0xb86a4fe2,0xb86a4fe2,RtlReleasePebLock
0xf7fe4409,0xf7fe4409,RtlReleasePrivilege
0x8606a79f,0x8606a79f,RtlReleaseRelativeName
0xc85c8baa,0xc85c8baa,RtlReleaseResource
0xbf6129f,0x0bf6129f,RtlReleaseSRWLockExclusive
0x67d1d99e,0x67d1d99e,RtlReleaseSRWLockShared
0x2b454ee9,0x2b454ee9,RtlRemoteCall
0x62bdebcd,0x62bdebcd,RtlRemoveEntryHashTable
0xa5c6bb69,0xa5c6bb69,RtlRemovePrivileges
0xa38ca40e,0xa38ca40e,RtlRemoveVectoredContinueHandler
0xfb9ef778,0xfb9ef778,RtlRemoveVectoredExceptionHandler
0xca5f886b,0xca5f886b,RtlReplaceSidInSd
0x9639204c,0x9639204c,RtlReportException
0x9d247a05,0x9d247a05,RtlReportSilentProcessExit
0x459b4911,0x459b4911,RtlReportSqmEscalation
0xdc2681c3,0xdc2681c3,RtlResetMemoryBlockLookaside
0x2b4e7d39,0x2b4e7d39,RtlResetMemoryZone
0x84e150d8,0x84e150d8,RtlResetRtlTranslations
0x5f6b7db6,0x5f6b7db6,RtlRestoreLastWin32Error
0x1e2592c,0x01e2592c,RtlRetrieveNtUserPfn
0x8f36b55e,0x8f36b55e,RtlRevertMemoryStream
0xff438598,0xff438598,RtlRunDecodeUnicodeString
0xee51f02,0x0ee51f02,RtlRunEncodeUnicodeString
0x7cf45e72,0x7cf45e72,RtlRunOnceBeginInitialize
0x87393b34,0x87393b34,RtlRunOnceComplete
0xeb9cf153,0xeb9cf153,RtlRunOnceExecuteOnce
0x59cd4fad,0x59cd4fad,RtlRunOnceInitialize
0x4671c225,0x4671c225,RtlSecondsSince1970ToTime
0x32b39706,0x32b39706,RtlSecondsSince1980ToTime
0xddc6a7ae,0xddc6a7ae,RtlSeekMemoryStream
0x66a8fa0,0x066a8fa0,RtlSelfRelativeToAbsoluteSD
0xd3bc83d2,0xd3bc83d2,RtlSelfRelativeToAbsoluteSD2
0xd0017f35,0xd0017f35,RtlSendMsgToSm
0xbdfac4b8,0xbdfac4b8,RtlSetAllBits
0x9680574b,0x9680574b,RtlSetAttributesSecurityDescriptor
0xb3f4b87f,0xb3f4b87f,RtlSetBits
0x8e4d9be5,0x8e4d9be5,RtlSetControlSecurityDescriptor
0xa4f28250,0xa4f28250,RtlSetCriticalSectionSpinCount
0xaa226259,0xaa226259,RtlSetCurrentDirectory_U
0x3d979f85,0x3d979f85,RtlSetCurrentEnvironment
0x58d34456,0x58d34456,RtlSetCurrentTransaction
0x3802b5f8,0x3802b5f8,RtlSetDaclSecurityDescriptor
0xcb3d3703,0xcb3d3703,RtlSetDynamicTimeZoneInformation
0xa3bed32c,0xa3bed32c,RtlSetEnvironmentStrings
0xf83bc28b,0xf83bc28b,RtlSetEnvironmentVar
0x29c4fe48,0x29c4fe48,RtlSetEnvironmentVariable
0x37f520c9,0x37f520c9,RtlSetExtendedFeaturesMask
0x6cc80af1,0x6cc80af1,RtlSetGroupSecurityDescriptor
0x61f956d1,0x61f956d1,RtlSetHeapInformation
0x321d2203,0x321d2203,RtlSetInformationAcl
0x11ad660c,0x11ad660c,RtlSetIoCompletionCallback
0xa4b42f3e,0xa4b42f3e,RtlSetLastWin32Error
0xaa821811,0xaa821811,RtlSetLastWin32ErrorAndNtStatusFromNtStatus
0x79100ccd,0x79100ccd,RtlSetMemoryStreamSize
0x3a07620f,0x3a07620f,RtlSetOwnerSecurityDescriptor
0x8a43399,0x08a43399,RtlSetProcessDebugInformation
0x6b8354b3,0x6b8354b3,RtlSetProcessIsCritical
0x58cf8820,0x58cf8820,RtlSetProcessPreferredUILanguages
0xf01b1567,0xf01b1567,RtlSetSaclSecurityDescriptor
0xf08f6cc4,0xf08f6cc4,RtlSetSecurityDescriptorRMControl
0x3fdb755c,0x3fdb755c,RtlSetSecurityObject
0xa48e45b9,0xa48e45b9,RtlSetSecurityObjectEx
0x4b8ae94,0x04b8ae94,RtlSetThreadErrorMode
0x950dd6ec,0x950dd6ec,RtlSetThreadIsCritical
0x101cd99,0x0101cd99,RtlSetThreadPoolStartFunc
0x3c88e599,0x3c88e599,RtlSetThreadPreferredUILanguages
0xdd415e9e,0xdd415e9e,RtlSetTimeZoneInformation
0x33d1624e,0x33d1624e,RtlSetTimer
0x929053d5,0x929053d5,RtlSetUnhandledExceptionFilter
0x6109c32e,0x6109c32e,RtlSetUserCallbackExceptionFilter
0xa2432cb7,0xa2432cb7,RtlSetUserFlagsHeap
0x31a19527,0x31a19527,RtlSetUserValueHeap
0xc706f5a5,0xc706f5a5,RtlSidDominates
0x88f797d1,0x88f797d1,RtlSidEqualLevel
0xf2160877,0xf2160877,RtlSidHashInitialize
0x477dcf3f,0x477dcf3f,RtlSidHashLookup
0x20ec98cc,0x20ec98cc,RtlSidIsHigherLevel
0x76daae9a,0x76daae9a,RtlSizeHeap
0x6e3c559d,0x6e3c559d,RtlSleepConditionVariableCS
0x35c74d83,0x35c74d83,RtlSleepConditionVariableSRW
0x940d6d4a,0x940d6d4a,RtlSplay
0xd526ec11,0xd526ec11,RtlStartRXact
0x4c4c8502,0x4c4c8502,RtlStatMemoryStream
0x4971ee35,0x4971ee35,RtlStringFromGUID
0xee9a21fd,0xee9a21fd,RtlSubAuthorityCountSid
0x85a8e5f4,0x85a8e5f4,RtlSubAuthoritySid
0x40db0fa,0x040db0fa,RtlSubtreePredecessor
0xab97f095,0xab97f095,RtlSubtreeSuccessor
0xe27810b2,0xe27810b2,RtlSystemTimeToLocalTime
0xf7a060,0x00f7a060,RtlTestBit
0xfe55c059,0xfe55c059,RtlTimeFieldsToTime
0x6971c97,0x06971c97,RtlTimeToElapsedTimeFields
0x6fcd96e5,0x6fcd96e5,RtlTimeToSecondsSince1970
0x6fcd9706,0x6fcd9706,RtlTimeToSecondsSince1980
0x213de099,0x213de099,RtlTimeToTimeFields
0xce23c74e,0xce23c74e,RtlTraceDatabaseAdd
0xb2370d39,0xb2370d39,RtlTraceDatabaseCreate
0x28c79c6f,0x28c79c6f,RtlTraceDatabaseDestroy
0xc4a3ce0b,0xc4a3ce0b,RtlTraceDatabaseEnumerate
0x929f85e6,0x929f85e6,RtlTraceDatabaseFind
0x92a2e84e,0x92a2e84e,RtlTraceDatabaseLock
0xdbef9691,0xdbef9691,RtlTraceDatabaseUnlock
0x99501c0f,0x99501c0f,RtlTraceDatabaseValidate
0x812d434a,0x812d434a,RtlTryAcquirePebLock
0x7b055b07,0x7b055b07,RtlTryAcquireSRWLockExclusive
0x767bb06,0x0767bb06,RtlTryAcquireSRWLockShared
0xd5bd7e9e,0xd5bd7e9e,RtlTryEnterCriticalSection
0xb3a40de0,0xb3a40de0,RtlUTF8ToUnicodeN
0xc91c78d5,0xc91c78d5,RtlUlongByteSwap
0x39fe6b85,0x39fe6b85,RtlUlonglongByteSwap
0xc6edd4e9,0xc6edd4e9,RtlUnhandledExceptionFilter
0xa4a8723b,0xa4a8723b,RtlUnhandledExceptionFilter2
0xc6d8d7a8,0xc6d8d7a8,RtlUnicodeStringToAnsiSize
0xe1302bc4,0xe1302bc4,RtlUnicodeStringToAnsiString
0x775dd38c,0x775dd38c,RtlUnicodeStringToCountedOemString
0xf98b9c70,0xf98b9c70,RtlUnicodeStringToInteger
0xb1e21c1e,0xb1e21c1e,RtlUnicodeStringToOemSize
0xb39c65ba,0xb39c65ba,RtlUnicodeStringToOemString
0xf80df247,0xf80df247,RtlUnicodeToCustomCPN
0x9b7e3bb8,0x9b7e3bb8,RtlUnicodeToMultiByteN
0xf381cd65,0xf381cd65,RtlUnicodeToMultiByteSize
0x95852aba,0x95852aba,RtlUnicodeToOemN
0x468d1a20,0x468d1a20,RtlUnicodeToUTF8N
0x62346901,0x62346901,RtlUniform
0x895cdfbf,0x895cdfbf,RtlUnlockBootStatusData
0x2abac748,0x2abac748,RtlUnlockCurrentThread
0x3c4ad44b,0x3c4ad44b,RtlUnlockHeap
0xdacbd54c,0xdacbd54c,RtlUnlockMemoryBlockLookaside
0x8f9e42f6,0x8f9e42f6,RtlUnlockMemoryStreamRegion
0x80672182,0x80672182,RtlUnlockMemoryZone
0xfbede9e8,0xfbede9e8,RtlUnlockModuleSection
0x1a475ff6,0x1a475ff6,RtlUnwind
0xcdecd027,0xcdecd027,RtlUpcaseUnicodeChar
0x229660c0,0x229660c0,RtlUpcaseUnicodeString
0x53e746e5,0x53e746e5,RtlUpcaseUnicodeStringToAnsiString
0x27ff036d,0x27ff036d,RtlUpcaseUnicodeStringToCountedOemString
0xce5c20bb,0xce5c20bb,RtlUpcaseUnicodeStringToOemString
0xa821c088,0xa821c088,RtlUpcaseUnicodeToCustomCPN
0x4e0bd219,0x4e0bd219,RtlUpcaseUnicodeToMultiByteN
0x247dcc5b,0x247dcc5b,RtlUpcaseUnicodeToOemN
0x4f6e6479,0x4f6e6479,RtlUpdateClonedCriticalSection
0xb3d7697e,0xb3d7697e,RtlUpdateClonedSRWLock
0x4db7f245,0x4db7f245,RtlUpdateTimer
0xb215530b,0xb215530b,RtlUpperChar
0xb2eb2ca4,0xb2eb2ca4,RtlUpperString
0x68a1bae6,0x68a1bae6,RtlUserThreadStart
0x16aa7895,0x16aa7895,RtlUshortByteSwap
0xb37d3221,0xb37d3221,RtlValidAcl
0xaf74a244,0xaf74a244,RtlValidRelativeSecurityDescriptor
0x2a92b08,0x02a92b08,RtlValidSecurityDescriptor
0xb37d7f71,0xb37d7f71,RtlValidSid
0x7bb52fc9,0x7bb52fc9,RtlValidateHeap
0x26aeb4bb,0x26aeb4bb,RtlValidateProcessHeaps
0x3f79c7c9,0x3f79c7c9,RtlValidateUnicodeString
0x9acb9268,0x9acb9268,RtlVerifyVersionInfo
0xb79c1bef,0xb79c1bef,RtlWakeAllConditionVariable
0x12591896,0x12591896,RtlWakeConditionVariable
0xe6f1809e,0xe6f1809e,RtlWalkFrameChain
0x9fd4764e,0x9fd4764e,RtlWalkHeap
0xac2a3972,0xac2a3972,RtlWeaklyEnumerateEntryHashTable
0xfc6e96ca,0xfc6e96ca,RtlWerpReportException
0xe5d2814,0x0e5d2814,RtlWow64CallFunction64
0xcec4320,0x0cec4320,RtlWow64EnableFsRedirection
0xf909947d,0xf909947d,RtlWow64EnableFsRedirectionEx
0xc3758c88,0xc3758c88,RtlWow64LogMessageInEventLogger
0x17472ad1,0x17472ad1,RtlWriteMemoryStream
0x87c9cde2,0x87c9cde2,RtlWriteRegistryValue
0xa6ca3dbf,0xa6ca3dbf,RtlZeroHeap
0x8e01141a,0x8e01141a,RtlZeroMemory
0xbc904458,0xbc904458,RtlZombifyActivationContext
0x426bdb7f,0x426bdb7f,RtlpApplyLengthFunction
0xac8569c5,0xac8569c5,RtlpCheckDynamicTimeZoneInformation
0x186f872e,0x186f872e,RtlpCleanupRegistryKeys
0xbc8cc3fc,0xbc8cc3fc,RtlpConvertCultureNamesToLCIDs
0xde891bdc,0xde891bdc,RtlpConvertLCIDsToCultureNames
0x1e2f0fa9,0x1e2f0fa9,RtlpCreateProcessRegistryInfo
0xb4bc1df8,0xb4bc1df8,RtlpEnsureBufferSize
0x4a7474d5,0x4a7474d5,RtlpGetLCIDFromLangInfoNode
0x58dbbfa,0x058dbbfa,RtlpGetNameFromLangInfoNode
0xc799dfbd,0xc799dfbd,RtlpGetSystemDefaultUILanguage
0x888fbae9,0x888fbae9,RtlpGetUserOrMachineUILanguage4NLS
0xbf1075ca,0xbf1075ca,RtlpInitializeLangRegistryInfo
0x8aa3bec5,0x8aa3bec5,RtlpIsQualifiedLanguage
0x5664f46f,0x5664f46f,RtlpLoadMachineUIByPolicy
0x48c1a3d9,0x48c1a3d9,RtlpLoadUserUIByPolicy
0x61d22ba5,0x61d22ba5,RtlpMuiFreeLangRegistryInfo
0xc54a8cd3,0xc54a8cd3,RtlpMuiRegCreateRegistryInfo
0xb5e3b661,0xb5e3b661,RtlpMuiRegFreeRegistryInfo
0xd8ec605f,0xd8ec605f,RtlpMuiRegLoadRegistryInfo
0x8f1b7b8d,0x8f1b7b8d,RtlpNotOwnerCriticalSection
0x58b67690,0x58b67690,RtlpNtCreateKey
0xce13a90c,0xce13a90c,RtlpNtEnumerateSubKey
0x94384c9d,0x94384c9d,RtlpNtMakeTemporaryKey
0xfa9bf70e,0xfa9bf70e,RtlpNtOpenKey
0x7047dc8f,0x7047dc8f,RtlpNtQueryValueKey
0x8a9fb265,0x8a9fb265,RtlpNtSetValueKey
0xfef93a2e,0xfef93a2e,RtlpQueryDefaultUILanguage
0xc6764e1f,0xc6764e1f,RtlpQueryProcessDebugInformationRemote
0xe163b37a,0xe163b37a,RtlpRefreshCachedUILanguage
0x1d24f398,0x1d24f398,RtlpSetInstallLanguage
0x330a7371,0x330a7371,RtlpSetPreferredUILanguages
0x8148f250,0x8148f250,RtlpSetUserPreferredUILanguages
0x757848c9,0x757848c9,RtlpUnWaitCriticalSection
0x43728435,0x43728435,RtlpVerifyAndCommitUILanguageSettings
0xd9611ded,0xd9611ded,RtlpWaitForCriticalSection
0x7a853520,0x7a853520,RtlxAnsiStringToUnicodeSize
0x2a93b7f6,0x2a93b7f6,RtlxOemStringToUnicodeSize
0xf9596d40,0xf9596d40,RtlxUnicodeStringToAnsiSize
0x755a5eb6,0x755a5eb6,RtlxUnicodeStringToOemSize
0x10c102a8,0x10c102a8,RunAsNewUser_RunDLLW
0xfe2ffc30,0xfe2ffc30,RunOnceUrlCache
0x40b0b3d8,0x40b0b3d8,SECHashObjects
0xa35bf742,0xa35bf742,SECITEM_AllocArray
0xc6e82b92,0xc6e82b92,SECITEM_AllocItem
0x133e64f,0x0133e64f,SECITEM_AllocItem_Util
0x8ed5cad7,0x8ed5cad7,SECITEM_ArenaDupItem
0x4a70d8b4,0x4a70d8b4,SECITEM_ArenaDupItem_Util
0x5dc9252e,0x5dc9252e,SECITEM_CompareItem
0x247d416b,0x247d416b,SECITEM_CompareItem_Util
0xe6bb4542,0xe6bb4542,SECITEM_CopyItem
0xe86a8dff,0xe86a8dff,SECITEM_CopyItem_Util
0x9cfb9d00,0x9cfb9d00,SECITEM_DupArray
0x982b1190,0x982b1190,SECITEM_DupItem
0x698c3b0d,0x698c3b0d,SECITEM_DupItem_Util
0x62654fb9,0x62654fb9,SECITEM_FreeArray
0x775cd129,0x775cd129,SECITEM_FreeItem
0x5d92a246,0x5d92a246,SECITEM_FreeItem_Util
0x4cf063dc,0x4cf063dc,SECITEM_Hash
0xd33fdc3,0x0d33fdc3,SECITEM_HashCompare
0xad7cd56a,0xad7cd56a,SECITEM_ItemsAreEqual
0x53f47727,0x53f47727,SECITEM_ItemsAreEqual_Util
0xde8a8e45,0xde8a8e45,SECITEM_MakeItem
0x268e6a89,0x268e6a89,SECITEM_ReallocItem
0x3d33c11,0x03d33c11,SECITEM_ReallocItemV2
0xd9e86c73,0xd9e86c73,SECITEM_ZfreeArray
0x54323ea3,0x54323ea3,SECITEM_ZfreeItem
0xe6698c00,0xe6698c00,SECITEM_ZfreeItem_Util
0x918ecb88,0x918ecb88,SECKEY_AddPrivateKeyToListTail
0xb0d9f0cc,0xb0d9f0cc,SECKEY_AddPublicKeyToListTail
0xe0e45462,0xe0e45462,SECKEY_AttributeTemplate
0x64f67e73,0x64f67e73,SECKEY_BigIntegerBitLength
0x860f3c1b,0x860f3c1b,SECKEY_CacheStaticFlags
0x1455f1c8,0x1455f1c8,SECKEY_ConvertAndDecodePublicKeyAndChallenge
0x86d3fdce,0x86d3fdce,SECKEY_ConvertAndDecodeSubjectPublicKeyInfo
0x2de8527e,0x2de8527e,SECKEY_ConvertToPublicKey
0xe7a90a2b,0xe7a90a2b,SECKEY_CopyEncryptedPrivateKeyInfo
0x811142d1,0x811142d1,SECKEY_CopyPrivateKey
0x5ad22c7d,0x5ad22c7d,SECKEY_CopyPrivateKeyInfo
0xb679cd5,0x0b679cd5,SECKEY_CopyPublicKey
0x711a9671,0x711a9671,SECKEY_CopySubjectPublicKeyInfo
0xe9872176,0xe9872176,SECKEY_CreateDHPrivateKey
0x7faaf492,0x7faaf492,SECKEY_CreateECPrivateKey
0x507a9d3,0x0507a9d3,SECKEY_CreateEDPrivateKey
0x70975570,0x70975570,SECKEY_CreateRSAPrivateKey
0x1b4b1eca,0x1b4b1eca,SECKEY_CreateSubjectPublicKeyInfo
0x948fca14,0x948fca14,SECKEY_DHParamKeyTemplate
0xd4dfa720,0xd4dfa720,SECKEY_DHPrivateKeyExportTemplate
0xa62c69e2,0xa62c69e2,SECKEY_DHPublicKeyTemplate
0x2b14f88c,0x2b14f88c,SECKEY_DSAPrivateKeyExportTemplate
0x5f21bcce,0x5f21bcce,SECKEY_DSAPublicKeyTemplate
0x6293fbd5,0x6293fbd5,SECKEY_DecodeDERSubjectPublicKeyInfo
0xcd74abfa,0xcd74abfa,SECKEY_DestroyEncryptedPrivateKeyInfo
0xccd3c840,0xccd3c840,SECKEY_DestroyPrivateKey
0x2627d16c,0x2627d16c,SECKEY_DestroyPrivateKeyInfo
0x262962fc,0x262962fc,SECKEY_DestroyPrivateKeyList
0xdf27b064,0xdf27b064,SECKEY_DestroyPublicKey
0x92bcbd20,0x92bcbd20,SECKEY_DestroyPublicKeyList
0xd4b9f2a0,0xd4b9f2a0,SECKEY_DestroySubjectPublicKeyInfo
0xe42e67e1,0xe42e67e1,SECKEY_ECParamsToBasePointOrderLen
0xa673e265,0xa673e265,SECKEY_ECParamsToKeySize
0xa788bb3c,0xa788bb3c,SECKEY_ECPrivateKeyExportTemplate
0x53a10e3d,0x53a10e3d,SECKEY_EDPrivateKeyExportTemplate
0xd02be1bf,0xd02be1bf,SECKEY_EncodeDERSubjectPublicKeyInfo
0x1149aec,0x01149aec,SECKEY_EncryptedPrivateKeyInfoTemplate
0xa9c4d218,0xa9c4d218,SECKEY_EnforceKeySize
0x11759a15,0x11759a15,SECKEY_ExtractPublicKey
0xe9073519,0xe9073519,SECKEY_GetECCOid
0xb619fe38,0xb619fe38,SECKEY_GetPrivateKeyType
0x78161d9c,0x78161d9c,SECKEY_GetPublicKeyType
0x9aa42109,0x9aa42109,SECKEY_HashPassword
0x6bee1530,0x6bee1530,SECKEY_ImportDERPublicKey
0xa3e0cedc,0xa3e0cedc,SECKEY_NewPrivateKeyList
0x7f462d00,0x7f462d00,SECKEY_NewPublicKeyList
0xa9d2097a,0xa9d2097a,SECKEY_PQGParamsTemplate
0xc72c5d0,0x0c72c5d0,SECKEY_PointerToEncryptedPrivateKeyInfoTemplate
0x7e1b8c02,0x7e1b8c02,SECKEY_PointerToPrivateKeyInfoTemplate
0x633f519e,0x633f519e,SECKEY_PrivateKeyInfoTemplate
0x8211e7ee,0x8211e7ee,SECKEY_PrivateKeyStrengthInBits
0x777a4529,0x777a4529,SECKEY_PublicKeyStrength
0x23a2dc52,0x23a2dc52,SECKEY_PublicKeyStrengthInBits
0x1cad258e,0x1cad258e,SECKEY_RSAPSSParamsTemplate
0x3bb43e1a,0x3bb43e1a,SECKEY_RSAPrivateKeyExportTemplate
0x8946461c,0x8946461c,SECKEY_RSAPublicKeyTemplate
0x108691e6,0x108691e6,SECKEY_RemovePrivateKeyListNode
0xfebb318a,0xfebb318a,SECKEY_RemovePublicKeyListNode
0xd9f041e3,0xd9f041e3,SECKEY_SetOfAttributeTemplate
0xafad0d7a,0xafad0d7a,SECKEY_SetPublicValue
0xd5ea0f63,0xd5ea0f63,SECKEY_SignatureLen
0x6b20eaeb,0x6b20eaeb,SECKEY_UpdateCertPQG
0xced19653,0xced19653,SECMIME_CreateEncrypted
0x312a3b5f,0x312a3b5f,SECMIME_CreateSigned
0x59be2a9a,0x59be2a9a,SECMIME_DecryptionAllowed
0x5a93f273,0x5a93f273,SECMIME_EnableCipher
0x78a1873d,0x78a1873d,SECMIME_EncryptionPossible
0x82ea2d4d,0x82ea2d4d,SECMIME_SetPolicy
0xb0199e4e,0xb0199e4e,SECMOD_AddList
0x1fb3fe58,0x1fb3fe58,SECMOD_AddModule
0xd6ba2c5f,0xd6ba2c5f,SECMOD_AddModuleToDBOnlyList
0x6434cfd7,0x6434cfd7,SECMOD_AddModuleToList
0x161bd47a,0x161bd47a,SECMOD_AddModuleToUnloadList
0x5b185e2,0x05b185e2,SECMOD_AddNewModule
0x382a8fbf,0x382a8fbf,SECMOD_AddNewModuleEx
0x2606092c,0x2606092c,SECMOD_AddPermDB
0x6e815e11,0x6e815e11,SECMOD_CanDeleteInternalModule
0x8213ae84,0x8213ae84,SECMOD_CancelWait
0xf5edd404,0xf5edd404,SECMOD_CloseUserDB
0xca345203,0xca345203,SECMOD_CreateModule
0x2890e820,0x2890e820,SECMOD_CreateModuleEx
0xfeca03bf,0xfeca03bf,SECMOD_DeleteInternalModule
0x23ae3702,0x23ae3702,SECMOD_DeleteModule
0xc81808df,0xc81808df,SECMOD_DeleteModuleEx
0x2a0041d6,0x2a0041d6,SECMOD_DeletePermDB
0x27c50f98,0x27c50f98,SECMOD_DestroyListLock
0xb9a6ea39,0xb9a6ea39,SECMOD_DestroyModule
0xab3ed975,0xab3ed975,SECMOD_DestroyModuleList
0x63c7b43f,0x63c7b43f,SECMOD_DestroyModuleListElement
0x47531770,0x47531770,SECMOD_FindModule
0x61178cd8,0x61178cd8,SECMOD_FindModuleByID
0xea73744c,0xea73744c,SECMOD_FindSlot
0x2492f7b4,0x2492f7b4,SECMOD_FindSlotByID
0xa79427d8,0xa79427d8,SECMOD_FreeModuleSpecList
0xcc365e51,0xcc365e51,SECMOD_GetDBModuleList
0x454ba9d9,0x454ba9d9,SECMOD_GetDeadModuleList
0x8670e80e,0x8670e80e,SECMOD_GetDefaultModDBFlag
0x748bc4b0,0x748bc4b0,SECMOD_GetDefaultModuleList
0xa96a2ed9,0xa96a2ed9,SECMOD_GetDefaultModuleListLock
0xbf3c0f0c,0xbf3c0f0c,SECMOD_GetInternalModule
0x90f6b9d6,0x90f6b9d6,SECMOD_GetModuleSpecList
0xdbe92f0e,0xdbe92f0e,SECMOD_GetReadLock
0xa256ff82,0xa256ff82,SECMOD_GetSkipFirstFlag
0xb21d956b,0xb21d956b,SECMOD_GetSystemFIPSEnabled
0x2daaeb1d,0x2daaeb1d,SECMOD_GetWriteLock
0xeffbebb7,0xeffbebb7,SECMOD_HasRemovableSlots
0x5711e8a,0x05711e8a,SECMOD_HasRootCerts
0xbd010b7d,0xbd010b7d,SECMOD_Init
0x632fa438,0x632fa438,SECMOD_InternaltoPubCipherFlags
0x35a8101a,0x35a8101a,SECMOD_InternaltoPubMechFlags
0x465b5bec,0x465b5bec,SECMOD_IsModulePresent
0x1b2554cf,0x1b2554cf,SECMOD_LoadModule
0xd4886f6e,0xd4886f6e,SECMOD_LoadUserModule
0xbe0175cf,0xbe0175cf,SECMOD_LockedModuleHasRemovableSlots
0x7eed9bc5,0x7eed9bc5,SECMOD_LookupSlot
0xb463cff8,0xb463cff8,SECMOD_NewListLock
0x72f4e09f,0x72f4e09f,SECMOD_NewModuleListElement
0x57608947,0x57608947,SECMOD_OpenNewSlot
0x61814da0,0x61814da0,SECMOD_OpenUserDB
0x3ab812b8,0x3ab812b8,SECMOD_PubCipherFlagstoInternal
0xd3cff91a,0xd3cff91a,SECMOD_PubMechFlagstoInternal
0xb2e4841e,0xb2e4841e,SECMOD_ReferenceModule
0x519e62ef,0x519e62ef,SECMOD_ReleaseReadLock
0x5a069b1e,0x5a069b1e,SECMOD_ReleaseWriteLock
0x674019f3,0x674019f3,SECMOD_RemoveList
0xa77fe007,0xa77fe007,SECMOD_RestartModules
0x396387da,0x396387da,SECMOD_SetRootCerts
0xae500ba5,0xae500ba5,SECMOD_Shutdown
0xcfd8bb9b,0xcfd8bb9b,SECMOD_SlotDestroyModule
0xcb192a52,0xcb192a52,SECMOD_UnloadModule
0x5da14e71,0x5da14e71,SECMOD_UnloadUserModule
0x2c8ce732,0x2c8ce732,SECMOD_UpdateModule
0x3f84fd4a,0x3f84fd4a,SECMOD_UpdateSlotList
0x962c9ff0,0x962c9ff0,SECMOD_WaitForAnyTokenEvent
0xf48bfa20,0xf48bfa20,SECOID_AddEntry
0xfea4fd9d,0xfea4fd9d,SECOID_AddEntry_Util
0x4476bff5,0x4476bff5,SECOID_AlgorithmIDTemplate
0x49edb092,0x49edb092,SECOID_AlgorithmIDTemplate_Util
0x97822e80,0x97822e80,SECOID_CompareAlgorithmID
0x178aedfd,0x178aedfd,SECOID_CompareAlgorithmID_Util
0xcfbd3734,0xcfbd3734,SECOID_CopyAlgorithmID
0xf9cb8731,0xf9cb8731,SECOID_CopyAlgorithmID_Util
0x739c19a3,0x739c19a3,SECOID_DestroyAlgorithmID
0xe9344700,0xe9344700,SECOID_DestroyAlgorithmID_Util
0x2fe246e2,0x2fe246e2,SECOID_FindOID
0x49c6ab92,0x49c6ab92,SECOID_FindOIDByMechanism
0xca5a0179,0xca5a0179,SECOID_FindOIDByTag
0xc8ea8496,0xc8ea8496,SECOID_FindOIDByTag_Util
0xe381e5de,0xe381e5de,SECOID_FindOIDTag
0x312416a2,0x312416a2,SECOID_FindOIDTagDescription
0x59ed3b5f,0x59ed3b5f,SECOID_FindOIDTagDescription_Util
0x7639f01b,0x7639f01b,SECOID_FindOIDTag_Util
0xcc53939f,0xcc53939f,SECOID_FindOID_Util
0xb3a4d688,0xb3a4d688,SECOID_GetAlgorithmTag
0xe3fdb05,0x0e3fdb05,SECOID_GetAlgorithmTag_Util
0x731f3e98,0x731f3e98,SECOID_GetTotalTags
0xc7a748b9,0xc7a748b9,SECOID_Init
0x41fc68c0,0x41fc68c0,SECOID_KnownCertExtenOID
0x8e64c805,0x8e64c805,SECOID_SetAlgorithmID
0xc73342a2,0xc73342a2,SECOID_SetAlgorithmID_Util
0xf00a86e1,0xf00a86e1,SECOID_Shutdown
0xe0cbd5c0,0xe0cbd5c0,SEC_ASN1Decode
0xa248e64e,0xa248e64e,SEC_ASN1DecodeInteger
0x8ea2b68b,0x8ea2b68b,SEC_ASN1DecodeInteger_Util
0x6a6ab84f,0x6a6ab84f,SEC_ASN1DecodeItem
0x710cf12c,0x710cf12c,SEC_ASN1DecodeItem_Util
0xb93f1d3d,0xb93f1d3d,SEC_ASN1Decode_Util
0xc011aaa,0x0c011aaa,SEC_ASN1DecoderAbort
0xee360467,0xee360467,SEC_ASN1DecoderAbort_Util
0x509f37b3,0x509f37b3,SEC_ASN1DecoderClearFilterProc
0x802caf10,0x802caf10,SEC_ASN1DecoderClearFilterProc_Util
0x420045a6,0x420045a6,SEC_ASN1DecoderClearNotifyProc
0x136ce3,0x00136ce3,SEC_ASN1DecoderClearNotifyProc_Util
0x984c3433,0x984c3433,SEC_ASN1DecoderFinish
0x71eb7b90,0x71eb7b90,SEC_ASN1DecoderFinish_Util
0xb4bbeb8,0x0b4bbeb8,SEC_ASN1DecoderSetFilterProc
0xba6f6135,0xba6f6135,SEC_ASN1DecoderSetFilterProc_Util
0x74cc3261,0x74cc3261,SEC_ASN1DecoderSetMaximumElementSize
0xfcacccab,0xfcacccab,SEC_ASN1DecoderSetNotifyProc
0x3a561f08,0x3a561f08,SEC_ASN1DecoderSetNotifyProc_Util
0xd507700,0x0d507700,SEC_ASN1DecoderStart
0x7c1a867d,0x7c1a867d,SEC_ASN1DecoderStart_Util
0xbbc2a375,0xbbc2a375,SEC_ASN1DecoderUpdate
0xb5b3c412,0xb5b3c412,SEC_ASN1DecoderUpdate_Util
0xe3c3daea,0xe3c3daea,SEC_ASN1Encode
0xaa363838,0xaa363838,SEC_ASN1EncodeInteger
0xa661cab5,0xa661cab5,SEC_ASN1EncodeInteger_Util
0x86d54279,0x86d54279,SEC_ASN1EncodeItem
0x29966596,0x29966596,SEC_ASN1EncodeItem_Util
0x9724b44c,0x9724b44c,SEC_ASN1EncodeLength
0xd0120ed5,0xd0120ed5,SEC_ASN1EncodeUnsignedInteger
0x4b4d4b72,0x4b4d4b72,SEC_ASN1EncodeUnsignedInteger_Util
0x62faeca7,0x62faeca7,SEC_ASN1Encode_Util
0xed36d754,0xed36d754,SEC_ASN1EncoderAbort
0xeeee3b51,0xeeee3b51,SEC_ASN1EncoderAbort_Util
0x8e215ed0,0x8e215ed0,SEC_ASN1EncoderClearNotifyProc
0xbbc4d04d,0xbbc4d04d,SEC_ASN1EncoderClearNotifyProc_Util
0x2d1660ed,0x2d1660ed,SEC_ASN1EncoderClearStreaming
0xe9d0ac8a,0xe9d0ac8a,SEC_ASN1EncoderClearStreaming_Util
0xc3100479,0xc3100479,SEC_ASN1EncoderClearTakeFromBuf
0xa2da6796,0xa2da6796,SEC_ASN1EncoderClearTakeFromBuf_Util
0xa039861d,0xa039861d,SEC_ASN1EncoderFinish
0x89aa8fba,0x89aa8fba,SEC_ASN1EncoderFinish_Util
0x819355,0x00819355,SEC_ASN1EncoderSetNotifyProc
0x2ca39ff2,0x2ca39ff2,SEC_ASN1EncoderSetNotifyProc_Util
0x384f98d2,0x384f98d2,SEC_ASN1EncoderSetStreaming
0x42919b8f,0x42919b8f,SEC_ASN1EncoderSetStreaming_Util
0x8176c99e,0x8176c99e,SEC_ASN1EncoderSetTakeFromBuf
0x2f932bdb,0x2f932bdb,SEC_ASN1EncoderSetTakeFromBuf_Util
0xee8633aa,0xee8633aa,SEC_ASN1EncoderStart
0x7cd2bd67,0x7cd2bd67,SEC_ASN1EncoderStart_Util
0xc3aff55f,0xc3aff55f,SEC_ASN1EncoderUpdate
0xcd72d83c,0xcd72d83c,SEC_ASN1EncoderUpdate_Util
0x19224b22,0x19224b22,SEC_ASN1GetSubtemplate
0xdc5478fe,0xdc5478fe,SEC_ASN1IsTemplateSimple
0x71269b60,0x71269b60,SEC_ASN1LengthLength
0x8f5666dd,0x8f5666dd,SEC_ASN1LengthLength_Util
0x451f9b0d,0x451f9b0d,SEC_AnyTemplate
0x5533aaa,0x05533aaa,SEC_AnyTemplate_Util
0xa124a5fb,0xa124a5fb,SEC_BMPStringTemplate
0x2b3a4a58,0x2b3a4a58,SEC_BMPStringTemplate_Util
0xed0039bb,0xed0039bb,SEC_BitStringTemplate
0xbe283618,0xbe283618,SEC_BitStringTemplate_Util
0xf2f78765,0xf2f78765,SEC_BooleanTemplate
0x40449e02,0x40449e02,SEC_BooleanTemplate_Util
0x1c6731d0,0x1c6731d0,SEC_CERTExtensionTemplate
0x8dbe900e,0x8dbe900e,SEC_CertIssuerTemplate
0x3dd00eef,0x3dd00eef,SEC_CertNicknameConflict
0xd6ab4bac,0xd6ab4bac,SEC_CertSequenceTemplate
0x3a68623c,0x3a68623c,SEC_CertSerialNumberTemplate
0xf123e1e3,0xf123e1e3,SEC_CertSubjectTemplate
0x5dd023c8,0x5dd023c8,SEC_CheckCRL
0xe6fde84a,0xe6fde84a,SEC_CheckCrlTimes
0x261ad6aa,0x261ad6aa,SEC_CreateSignatureAlgorithmParameters
0x5722c887,0x5722c887,SEC_CrlIsNewer
0x82cf5cf1,0x82cf5cf1,SEC_DeletePermCRL
0x70dcdd33,0x70dcdd33,SEC_DeletePermCertificate
0xbadd93cf,0xbadd93cf,SEC_DerSignData
0x59e9b8ff,0x59e9b8ff,SEC_DerSignDataWithAlgorithmID
0xd4babf34,0xd4babf34,SEC_DestroyCrl
0xcd86beb3,0xcd86beb3,SEC_DupCrl
0x179f07af,0x179f07af,SEC_EnumeratedTemplate
0xd5b466ef,0xd5b466ef,SEC_FindCrlByDERCert
0xb9b83327,0xb9b83327,SEC_FindCrlByName
0x2187041e,0x2187041e,SEC_GeneralizedTimeTemplate
0xcf6bf65b,0xcf6bf65b,SEC_GeneralizedTimeTemplate_Util
0x2e83338c,0x2e83338c,SEC_GetCrlTimes
0xf2ddb2f8,0xf2ddb2f8,SEC_GetMgfTypeByOidTag
0x173bba56,0x173bba56,SEC_GetRegisteredHttpClient
0xf4ce537a,0xf4ce537a,SEC_GetSignatureAlgorithmOidTag
0xda137a1b,0xda137a1b,SEC_IA5StringTemplate
0xf932b278,0xf932b278,SEC_IA5StringTemplate_Util
0x51b462f3,0x51b462f3,SEC_IntegerTemplate
0x597ee250,0x597ee250,SEC_IntegerTemplate_Util
0x230cf917,0x230cf917,SEC_LookupCrls
0xe3bca394,0xe3bca394,SEC_NewCrl
0xa33681a0,0xa33681a0,SEC_NullTemplate
0x7a90351d,0x7a90351d,SEC_NullTemplate_Util
0xd9eab309,0xd9eab309,SEC_ObjectIDTemplate
0x4378b026,0x4378b026,SEC_ObjectIDTemplate_Util
0x6f575d7b,0x6f575d7b,SEC_OctetStringTemplate
0xb34bb1d8,0xb34bb1d8,SEC_OctetStringTemplate_Util
0x8a339954,0x8a339954,SEC_PKCS12AddCert
0x947c4310,0x947c4310,SEC_PKCS12AddCertAndKey
0xac244294,0xac244294,SEC_PKCS12AddCertOrChainAndKey
0xc12aba44,0xc12aba44,SEC_PKCS12AddKeyForCert
0x6b40f678,0x6b40f678,SEC_PKCS12AddPasswordIntegrity
0xffeca0ad,0xffeca0ad,SEC_PKCS12AddPublicKeyIntegrity
0xed404e1b,0xed404e1b,SEC_PKCS12AuthenticatedSafeTemplate
0x12d555b9,0x12d555b9,SEC_PKCS12AuthenticatedSafeTemplate_OLD
0x5d0a4ec6,0x5d0a4ec6,SEC_PKCS12BaggageItemTemplate
0x3cfab7b7,0x3cfab7b7,SEC_PKCS12BaggageTemplate
0x26a32d55,0x26a32d55,SEC_PKCS12BaggageTemplate_OLD
0xf53228a5,0xf53228a5,SEC_PKCS12CertAndCRLBagTemplate
0x1de56543,0x1de56543,SEC_PKCS12CertAndCRLBagTemplate_OLD
0xd231f55b,0xd231f55b,SEC_PKCS12CertAndCRLTemplate
0xdac89cf9,0xdac89cf9,SEC_PKCS12CertAndCRLTemplate_OLD
0xc30eca0,0x0c30eca0,SEC_PKCS12CipherAllowed
0xafd745b7,0xafd745b7,SEC_PKCS5GetCryptoAlgorithm
0xcfdbb154,0xcfdbb154,SEC_PKCS5GetCryptoFromAlgTag
0x470d533a,0x470d533a,SEC_PKCS5GetHashAlgorithm
0x4dd36f37,0x4dd36f37,SEC_PKCS5GetHashFromAlgTag
0x66d3a48e,0x66d3a48e,SEC_PKCS5GetIV
0x301c1d1a,0x301c1d1a,SEC_PKCS5GetKeyLength
0xeda3b8ad,0xeda3b8ad,SEC_PKCS5GetPBEAlgorithm
0x5ad8aa1d,0x5ad8aa1d,SEC_PKCS5IsAlgorithmPBEAlg
0xe921c339,0xe921c339,SEC_PKCS5IsAlgorithmPBEAlgTag
0x98d962e3,0x98d962e3,SEC_PKCS5PBEParameterTemplate
0x5614f9eb,0x5614f9eb,SEC_PKCS5V2PBEParameterTemplate
0x57b2a754,0x57b2a754,SEC_PKCS5V2ParameterTemplate
0x9e8ae1d1,0x9e8ae1d1,SEC_PointerToAnyTemplate
0xbed5bee,0x0bed5bee,SEC_PointerToAnyTemplate_Util
0x2d4689f3,0x2d4689f3,SEC_PointerToEnumeratedTemplate
0xb4ce90e2,0xb4ce90e2,SEC_PointerToGeneralizedTimeTemplate
0x39ef283f,0x39ef283f,SEC_PointerToOctetStringTemplate
0xaf84d71c,0xaf84d71c,SEC_PointerToOctetStringTemplate_Util
0x7033787d,0x7033787d,SEC_PrintableStringTemplate
0x13be5174,0x13be5174,SEC_QuickDERDecodeItem
0x21d70971,0x21d70971,SEC_QuickDERDecodeItem_Util
0xb6e3c0d2,0xb6e3c0d2,SEC_RegisterDefaultHttpClient
0xe4c7fcdb,0xe4c7fcdb,SEC_SequenceOfAnyTemplate
0xa77e6597,0xa77e6597,SEC_SequenceOfObjectIDTemplate
0x27995e2e,0x27995e2e,SEC_SetOfAnyTemplate
0x86591a6b,0x86591a6b,SEC_SetOfAnyTemplate_Util
0xf19bdbb0,0xf19bdbb0,SEC_SetOfEnumeratedTemplate
0x74442eb4,0x74442eb4,SEC_SignData
0xeee3f544,0xeee3f544,SEC_SignDataWithAlgorithmID
0x55fa4602,0x55fa4602,SEC_SignedCertificateTemplate
0x282a509c,0x282a509c,SEC_SkipTemplate
0x94b6f39f,0x94b6f39f,SEC_StringToOID
0x1609d877,0x1609d877,SEC_T61StringTemplate
0xc3e9df00,0xc3e9df00,SEC_UTCTimeTemplate
0xd2d4ee7d,0xd2d4ee7d,SEC_UTCTimeTemplate_Util
0x7e9064e3,0x7e9064e3,SEC_UTF8StringTemplate
0x74d99a40,0x74d99a40,SEC_UTF8StringTemplate_Util
0x139782d5,0x139782d5,SEC_UniversalStringTemplate
0x692746f9,0x692746f9,SEC_V2PKCS12PBEParameterTemplate
0xf62ad58a,0xf62ad58a,SEC_VisibleStringTemplate
0x160bbefb,0x160bbefb,SGN_Begin
0x16eff749,0x16eff749,SGN_CompareDigestInfo
0x9fb29c66,0x9fb29c66,SGN_CompareDigestInfo_Util
0xe2f16b1d,0xe2f16b1d,SGN_CopyDigestInfo
0x441994ba,0x441994ba,SGN_CopyDigestInfo_Util
0x7b680136,0x7b680136,SGN_CreateDigestInfo
0xb66ee273,0xb66ee273,SGN_CreateDigestInfo_Util
0xe78d006,0x0e78d006,SGN_DecodeDigestInfo
0xcb11ae85,0xcb11ae85,SGN_DestroyContext
0xe178a0c,0x0e178a0c,SGN_DestroyDigestInfo
0x7f436109,0x7f436109,SGN_DestroyDigestInfo_Util
0xdc7641b6,0xdc7641b6,SGN_Digest
0xd830d1b0,0xd830d1b0,SGN_EncodeDigestInfo
0xdea3aded,0xdea3aded,SGN_End
0xa4657465,0xa4657465,SGN_NewContext
0xc4d9cad5,0xc4d9cad5,SGN_NewContextWithAlgorithmID
0x49ae9d9,0x049ae9d9,SGN_Update
0xd5d6df91,0xd5d6df91,SHAddDefaultPropertiesByExt
0x23e067f1,0x23e067f1,SHAddFromPropSheetExtArray
0x31ebfde0,0x31ebfde0,SHAddToRecentDocs
0xe0155ef5,0xe0155ef5,SHAlloc
0x32cd466c,0x32cd466c,SHAllocShared
0x2b890e03,0x2b890e03,SHAnsiToAnsi
0x756e585f,0x756e585f,SHAnsiToUnicode
0xdca73f45,0xdca73f45,SHAppBarMessage
0xe5e7e029,0xe5e7e029,SHAssocEnumHandlers
0x7325b2d1,0x7325b2d1,SHAssocEnumHandlersForProtocolByApplication
0x4ce6f81c,0x4ce6f81c,SHAutoComplete
0x9958c9b9,0x9958c9b9,SHBindToFolderIDListParent
0x52b22556,0x52b22556,SHBindToFolderIDListParentEx
0x8d4f82c1,0x8d4f82c1,SHBindToObject
0x8f96f754,0x8f96f754,SHBindToParent
0x1273a7df,0x1273a7df,SHBrowseForFolder
0x60e8a400,0x60e8a400,SHBrowseForFolderA
0x60e8a416,0x60e8a416,SHBrowseForFolderW
0x19f70404,0x19f70404,SHCLSIDFromString
0x1f19ba1f,0x1f19ba1f,SHChangeNotification_Lock
0x616220a2,0x616220a2,SHChangeNotification_Unlock
0x16f14689,0x16f14689,SHChangeNotify
0x84401c77,0x84401c77,SHChangeNotifyDeregister
0xd93057ee,0xd93057ee,SHChangeNotifyRegister
0x64059966,0x64059966,SHChangeNotifyRegisterThread
0x75ce119c,0x75ce119c,SHChangeNotifySuspendResume
0x809cc925,0x809cc925,SHCloneSpecialIDList
0x6c1c6f05,0x6c1c6f05,SHCoCreateInstance
0x617782cf,0x617782cf,SHCopyKeyA
0x617782e5,0x617782e5,SHCopyKeyW
0xa089f16,0x0a089f16,SHCreateAssociationRegistration
0xc012170f,0xc012170f,SHCreateDataObject
0x6ee05cdd,0x6ee05cdd,SHCreateDefaultContextMenu
0x1b785ba7,0x1b785ba7,SHCreateDefaultExtractIcon
0xbd93f5af,0xbd93f5af,SHCreateDefaultPropertiesOp
0xc16edf33,0xc16edf33,SHCreateDirectory
0xed13ab91,0xed13ab91,SHCreateDirectoryExA
0xed13aba7,0xed13aba7,SHCreateDirectoryExW
0x57d83299,0x57d83299,SHCreateFileExtractIconW
0x715da82a,0x715da82a,SHCreateItemFromIDList
0xaf94c816,0xaf94c816,SHCreateItemFromParsingName
0x9b0befde,0x9b0befde,SHCreateItemFromRelativeName
0xdca70f4d,0xdca70f4d,SHCreateItemInKnownFolder
0xcc8cf2b3,0xcc8cf2b3,SHCreateItemWithParent
0x799ba7b1,0x799ba7b1,SHCreateLocalServerRunDll
0x7f19d4a9,0x7f19d4a9,SHCreateMemStream
0xf04e3ca7,0xf04e3ca7,SHCreateProcessAsUserW
0xc133d0e8,0xc133d0e8,SHCreatePropSheetExtArray
0x864e3bbe,0x864e3bbe,SHCreateQueryCancelAutoPlayMoniker
0xa19ab82d,0xa19ab82d,SHCreateShellFolderView
0x732980ca,0x732980ca,SHCreateShellFolderViewEx
0xd0a20bc5,0xd0a20bc5,SHCreateShellItem
0xff01dcc4,0xff01dcc4,SHCreateShellItemArray
0xcdaf2a49,0xcdaf2a49,SHCreateShellItemArrayFromDataObject
0x90939e74,0x90939e74,SHCreateShellItemArrayFromIDLists
0x54ec9fbf,0x54ec9fbf,SHCreateShellItemArrayFromShellItem
0x9ad81c45,0x9ad81c45,SHCreateShellPalette
0x706eaa41,0x706eaa41,SHCreateStdEnumFmtEtc
0x45a66e68,0x45a66e68,SHCreateStreamOnFileA
0xfa743c64,0xfa743c64,SHCreateStreamOnFileEx
0x45a66e7e,0x45a66e7e,SHCreateStreamOnFileW
0xb8b9746b,0xb8b9746b,SHCreateStreamWrapper
0x7f3fcfb6,0x7f3fcfb6,SHCreateThread
0x1cc6a633,0x1cc6a633,SHCreateThreadRef
0xd407319e,0xd407319e,SHDefExtractIconA
0xd40731b4,0xd40731b4,SHDefExtractIconW
0x1de39f6,0x01de39f6,SHDeleteEmptyKeyA
0x1de3a0c,0x01de3a0c,SHDeleteEmptyKeyW
0xbf887867,0xbf887867,SHDeleteKeyA
0xbf88787d,0xbf88787d,SHDeleteKeyW
0xdb317b0f,0xdb317b0f,SHDeleteOrphanKeyA
0xdb317b25,0xdb317b25,SHDeleteOrphanKeyW
0xdce2549b,0xdce2549b,SHDeleteValueA
0xdce254b1,0xdce254b1,SHDeleteValueW
0xca49677e,0xca49677e,SHDestroyPropSheetExtArray
0x1e9f41b0,0x1e9f41b0,SHDoDragDrop
0x10200b9a,0x10200b9a,SHEmptyRecycleBinA
0x10200bb0,0x10200bb0,SHEmptyRecycleBinW
0xbc83adb9,0xbc83adb9,SHEnableServiceObject
0x328a93e6,0x328a93e6,SHEnumKeyExA
0x328a93fc,0x328a93fc,SHEnumKeyExW
0x4be4999d,0x4be4999d,SHEnumValueA
0x4be499b3,0x4be499b3,SHEnumValueW
0x32fea909,0x32fea909,SHEnumerateUnreadMailAccountsW
0xd24de281,0xd24de281,SHEvaluateSystemCommandTemplate
0x18fc3158,0x18fc3158,SHExtractIconsW
0xd61a007b,0xd61a007b,SHFileOperation
0x995a101c,0x995a101c,SHFileOperationA
0x995a1032,0x995a1032,SHFileOperationW
0x9908e87e,0x9908e87e,SHFindFiles
0x954900a7,0x954900a7,SHFind_InitMenuPopup
0xc3594ed9,0xc3594ed9,SHFlushSFCache
0xda4db521,0xda4db521,SHFormatDateTimeA
0xda4db537,0xda4db537,SHFormatDateTimeW
0x6ca6ffcd,0x6ca6ffcd,SHFormatDrive
0xc8bdaacc,0xc8bdaacc,SHFree
0x902dbf8c,0x902dbf8c,SHFreeNameMappings
0xef6ad783,0xef6ad783,SHFreeShared
0x990c4956,0x990c4956,SHGetAttributesFromDataObject
0x6b74a462,0x6b74a462,SHGetDataFromIDListA
0x6b74a478,0x6b74a478,SHGetDataFromIDListW
0xa23ba520,0xa23ba520,SHGetDesktopFolder
0xb52b2544,0xb52b2544,SHGetDiskFreeSpaceA
0xac89a701,0xac89a701,SHGetDiskFreeSpaceExA
0xac89a717,0xac89a717,SHGetDiskFreeSpaceExW
0x7b43e904,0x7b43e904,SHGetDriveMedia
0xbf2ded6,0x0bf2ded6,SHGetFileInfo
0x8a4eb9d7,0x8a4eb9d7,SHGetFileInfoA
0x8a4eb9ed,0x8a4eb9ed,SHGetFileInfoW
0x9ca3185f,0x9ca3185f,SHGetFolderLocation
0xf8008354,0xf8008354,SHGetFolderPathA
0x180cf510,0x180cf510,SHGetFolderPathAndSubDirA
0x180cf526,0x180cf526,SHGetFolderPathAndSubDirW
0xf810eed0,0xf810eed0,SHGetFolderPathEx
0xf800836a,0xf800836a,SHGetFolderPathW
0x837d8d9e,0x837d8d9e,SHGetIDListFromObject
0x3de0e1ee,0x3de0e1ee,SHGetIconOverlayIndexA
0x3de0e204,0x3de0e204,SHGetIconOverlayIndexW
0x509d2c09,0x509d2c09,SHGetImageList
0x90517950,0x90517950,SHGetInstanceExplorer
0xe99f73a7,0xe99f73a7,SHGetInverseCMAP
0x492259fe,0x492259fe,SHGetItemFromDataObject
0x3c033244,0x3c033244,SHGetItemFromObject
0x7aa6a3fc,0x7aa6a3fc,SHGetKnownFolderIDList
0x3320b2e2,0x3320b2e2,SHGetKnownFolderItem
0x33243aa0,0x33243aa0,SHGetKnownFolderPath
0xa450d0a2,0xa450d0a2,SHGetLocalizedName
0xf69f0802,0xf69f0802,SHGetMalloc
0xccbdaba8,0xccbdaba8,SHGetNameFromIDList
0x2190b6e,0x02190b6e,SHGetNewLinkInfo
0x453a796f,0x453a796f,SHGetNewLinkInfoA
0x453a7985,0x453a7985,SHGetNewLinkInfoW
0x29fbcc54,0x29fbcc54,SHGetPathFromIDList
0x69755715,0x69755715,SHGetPathFromIDListA
0x98203ab1,0x98203ab1,SHGetPathFromIDListEx
0x6975572b,0x6975572b,SHGetPathFromIDListW
0xf45b007b,0xf45b007b,SHGetPropertyStoreForWindow
0x6841c0d9,0x6841c0d9,SHGetPropertyStoreFromIDList
0x28fea625,0x28fea625,SHGetPropertyStoreFromParsingName
0x53f027a7,0x53f027a7,SHGetRealIDL
0xb2beffe,0x0b2beffe,SHGetSetFolderCustomSettings
0x900a7e67,0x900a7e67,SHGetSetSettings
0xeb2bfc1b,0xeb2bfc1b,SHGetSettings
0xc5223be0,0xc5223be0,SHGetSpecialFolderLocation
0x49916e75,0x49916e75,SHGetSpecialFolderPathA
0x49916e8b,0x49916e8b,SHGetSpecialFolderPathW
0x3dec08c3,0x3dec08c3,SHGetStockIconInfo
0x9da84888,0x9da84888,SHGetTemporaryPropertyForItem
0xcc64f99f,0xcc64f99f,SHGetThreadRef
0x154c9d2c,0x154c9d2c,SHGetUnreadMailCountW
0xb9d9a88,0x0b9d9a88,SHGetValueA
0xb9d9a9e,0x0b9d9a9e,SHGetValueW
0xa9b5afb5,0xa9b5afb5,SHGetViewStatePropertyBag
0xba33083c,0xba33083c,SHHandleUpdateImage
0xf79c7ab2,0xf79c7ab2,SHHelpShortcuts_RunDLL
0xeb2bd133,0xeb2bd133,SHHelpShortcuts_RunDLLA
0xeb2bd149,0xeb2bd149,SHHelpShortcuts_RunDLLW
0xc7ddefb4,0xc7ddefb4,SHILCreateFromPath
0x8795677a,0x8795677a,SHInvokePrinterCommandA
0x87956790,0x87956790,SHInvokePrinterCommandW
0xe41e4135,0xe41e4135,SHIsChildOrSelf
0x7a9d006a,0x7a9d006a,SHIsFileAvailableOffline
0xc6ce0006,0xc6ce0006,SHIsLowMemoryMachine
0xfcc2a0ff,0xfcc2a0ff,SHLimitInputEdit
0x95430695,0x95430695,SHLoadInProc
0x18bed3,0x0018bed3,SHLoadIndirectString
0xf3b7a7f,0x0f3b7a7f,SHLoadNonloadedIconOverlayIdentifiers
0x9f8eae0a,0x9f8eae0a,SHLockShared
0x458c5650,0x458c5650,SHMapPIDLToSystemImageListIndex
0xc6498637,0xc6498637,SHMessageBoxCheckA
0xc649864d,0xc649864d,SHMessageBoxCheckW
0x52a8ad22,0x52a8ad22,SHMultiFileProperties
0x1ab6fb8e,0x1ab6fb8e,SHObjectProperties
0xa17da96d,0xa17da96d,SHOpenFolderAndSelectItems
0x9fedbb4d,0x9fedbb4d,SHOpenPropSheetW
0x100fa299,0x100fa299,SHOpenRegStream2A
0x100fa2af,0x100fa2af,SHOpenRegStream2W
0xf0f8b767,0xf0f8b767,SHOpenRegStreamA
0xf0f8b77d,0xf0f8b77d,SHOpenRegStreamW
0xb6619f48,0xb6619f48,SHOpenWithDialog
0x9e5054fc,0x9e5054fc,SHParseDisplayName
0xcc8eec99,0xcc8eec99,SHPathPrepareForWriteA
0xcc8eecaf,0xcc8eecaf,SHPathPrepareForWriteW
0x155f650d,0x155f650d,SHPropStgCreate
0x3f1ca861,0x3f1ca861,SHPropStgReadMultiple
0x3bbed9f0,0x3bbed9f0,SHPropStgWriteMultiple
0xbd924858,0xbd924858,SHPropertyBag_ReadStrAlloc
0xd1b05636,0xd1b05636,SHQueryInfoKeyA
0xd1b0564c,0xd1b0564c,SHQueryInfoKeyW
0x9258b341,0x9258b341,SHQueryRecycleBinA
0x9258b357,0x9258b357,SHQueryRecycleBinW
0x2ec99867,0x2ec99867,SHQueryUserNotificationState
0xf6cc503b,0xf6cc503b,SHQueryValueExA
0xf6cc5051,0xf6cc5051,SHQueryValueExW
0x2d1a78f,0x02d1a78f,SHRegCloseUSKey
0x71883cee,0x71883cee,SHRegCreateUSKeyA
0x71883d04,0x71883d04,SHRegCreateUSKeyW
0x152491fc,0x152491fc,SHRegDeleteEmptyUSKeyA
0x15249212,0x15249212,SHRegDeleteEmptyUSKeyW
0xad6c77a1,0xad6c77a1,SHRegDeleteUSValueA
0xad6c77b7,0xad6c77b7,SHRegDeleteUSValueW
0x7cd76b14,0x7cd76b14,SHRegDuplicateHKey
0x8a128f6f,0x8a128f6f,SHRegEnumUSKeyA
0x8a128f85,0x8a128f85,SHRegEnumUSKeyW
0x724e4da3,0x724e4da3,SHRegEnumUSValueA
0x724e4db9,0x724e4db9,SHRegEnumUSValueW
0xea6d057a,0xea6d057a,SHRegGetBoolUSValueA
0xea6d0590,0xea6d0590,SHRegGetBoolUSValueW
0x33913c4a,0x33913c4a,SHRegGetIntW
0xa6305296,0xa6305296,SHRegGetPathA
0xa63052ac,0xa63052ac,SHRegGetPathW
0x86b34d8e,0x86b34d8e,SHRegGetUSValueA
0x86b34da4,0x86b34da4,SHRegGetUSValueW
0x7a357246,0x7a357246,SHRegGetValueA
0x7a35725c,0x7a35725c,SHRegGetValueW
0x24520b6c,0x24520b6c,SHRegOpenUSKeyA
0x24520b82,0x24520b82,SHRegOpenUSKeyW
0x23aa36bc,0x23aa36bc,SHRegQueryInfoUSKeyA
0x23aa36d2,0x23aa36d2,SHRegQueryInfoUSKeyW
0xc23de804,0xc23de804,SHRegQueryUSValueA
0xc23de81a,0xc23de81a,SHRegQueryUSValueW
0xb9464d22,0xb9464d22,SHRegSetPathA
0xb9464d38,0xb9464d38,SHRegSetPathW
0xc70bcc9a,0xc70bcc9a,SHRegSetUSValueA
0xc70bccb0,0xc70bccb0,SHRegSetUSValueW
0xf6d2c19,0x0f6d2c19,SHRegWriteUSValueA
0xf6d2c2f,0x0f6d2c2f,SHRegWriteUSValueW
0xacd55295,0xacd55295,SHRegisterValidateTemplate
0x899d4220,0x899d4220,SHReleaseThreadRef
0x3e10e730,0x3e10e730,SHRemoveLocalizedName
0xe8f6b184,0xe8f6b184,SHReplaceFromPropSheetExtArray
0x8387927f,0x8387927f,SHResolveLibrary
0xec3e40e3,0xec3e40e3,SHRestricted
0xe582796d,0xe582796d,SHRunIndirectRegClientCommand
0x3bd94d4d,0x3bd94d4d,SHSendMessageBroadcastA
0x3bd94d63,0x3bd94d63,SHSendMessageBroadcastW
0xa3151308,0xa3151308,SHSetDefaultProperties
0xbf0336e0,0xbf0336e0,SHSetFolderPathA
0xbf0336f6,0xbf0336f6,SHSetFolderPathW
0xda8e445c,0xda8e445c,SHSetInstanceExplorer
0x5c2dd42c,0x5c2dd42c,SHSetKnownFolderPath
0x36ce972e,0x36ce972e,SHSetLocalizedName
0x87555f94,0x87555f94,SHSetTemporaryPropertyForItem
0x17cd5a2b,0x17cd5a2b,SHSetThreadRef
0x5f896838,0x5f896838,SHSetUnreadMailCountW
0x8172e694,0x8172e694,SHSetValueA
0x8172e6aa,0x8172e6aa,SHSetValueW
0xb2d09b3d,0xb2d09b3d,SHShellFolderView_Message
0x873382c7,0x873382c7,SHShowManageLibraryUI
0x8b9edafe,0x8b9edafe,SHSimpleIDListFromPath
0x1585452b,0x1585452b,SHSkipJunction
0x70bef936,0x70bef936,SHStartNetConnectionDialogW
0xb77fd4cd,0xb77fd4cd,SHStrDupA
0xb77fd4e3,0xb77fd4e3,SHStrDupW
0xeb351708,0xeb351708,SHStripMneumonicA
0xeb35171e,0xeb35171e,SHStripMneumonicW
0x5755a697,0x5755a697,SHTestTokenMembership
0x109ff81f,0x109ff81f,SHUnicodeToAnsi
0xcb245cfb,0xcb245cfb,SHUnicodeToUnicode
0x7121b7cd,0x7121b7cd,SHUnlockShared
0xc840d6f1,0xc840d6f1,SHUpdateImageA
0xc840d707,0xc840d707,SHUpdateImageW
0xa8bed856,0xa8bed856,SHUpdateRecycleBinIcon
0xdbe639ba,0xdbe639ba,SHValidateUNC
0x3d954f0,0x03d954f0,SListHead
0xf6657612,0xf6657612,SNB_UserFree
0x259b49bc,0x259b49bc,SNB_UserFree64
0xcd283e98,0xcd283e98,SNB_UserMarshal
0xb8324bc2,0xb8324bc2,SNB_UserMarshal64
0xf66c736b,0xf66c736b,SNB_UserSize
0x43570155,0x43570155,SNB_UserSize64
0xb14c60bb,0xb14c60bb,SNB_UserUnmarshal
0x35e782a5,0x35e782a5,SNB_UserUnmarshal64
0xf8e58f74,0xf8e58f74,SRWLock
0x5320975,0x05320975,STAN_AddModuleToDefaultTrustDomain
0xdc9e68ba,0xdc9e68ba,STAN_ChangeCertTrust
0x87d50ff4,0x87d50ff4,STAN_DeleteCertTrustMatchingSlot
0xd1c99a7,0x0d1c99a7,STAN_ForceCERTCertificateUpdate
0xd7ea9d5,0x0d7ea9d5,STAN_GetCERTCertificate
0x9de5fcf6,0x9de5fcf6,STAN_GetCERTCertificateName
0x3cdc4272,0x3cdc4272,STAN_GetCERTCertificateNameForInstance
0x352b16d7,0x352b16d7,STAN_GetCERTCertificateOrRelease
0x49443584,0x49443584,STAN_GetCertIdentifierFromDER
0x2fdbe9af,0x2fdbe9af,STAN_GetDefaultCryptoContext
0x694d62a3,0x694d62a3,STAN_GetDefaultTrustDomain
0xea071e9b,0xea071e9b,STAN_GetNSSCertificate
0x783ad16e,0x783ad16e,STAN_InitTokenForSlotInfo
0x7151012a,0x7151012a,STAN_LoadDefaultNSS3TrustDomain
0x1ebf202b,0x1ebf202b,STAN_RemoveModuleFromDefaultTrustDomain
0x237aaa0,0x0237aaa0,STAN_ResetTokenInterator
0x1480f560,0x1480f560,STAN_Shutdown
0x82b854de,0x82b854de,STGMEDIUM_UserFree
0x12210b88,0x12210b88,STGMEDIUM_UserFree64
0x5642c58f,0x5642c58f,STGMEDIUM_UserFreeExt
0x4a6639e4,0x4a6639e4,STGMEDIUM_UserMarshal
0x7cdc4a0e,0x7cdc4a0e,STGMEDIUM_UserMarshal64
0x1865d4d5,0x1865d4d5,STGMEDIUM_UserMarshalExt
0x82bf5237,0x82bf5237,STGMEDIUM_UserSize
0x2fdcc321,0x2fdcc321,STGMEDIUM_UserSize64
0x2b757048,0x2b757048,STGMEDIUM_UserSizeExt
0x75f65f07,0x75f65f07,STGMEDIUM_UserUnmarshal
0xcd0a43f1,0xcd0a43f1,STGMEDIUM_UserUnmarshal64
0x6e530b18,0x6e530b18,STGMEDIUM_UserUnmarshalExt
0xb9e7894e,0xb9e7894e,SaferCloseLevel
0xa91cfbca,0xa91cfbca,SaferComputeTokenFromLevel
0xa0c7cfcc,0xa0c7cfcc,SaferCreateLevel
0x5b88ae5e,0x5b88ae5e,SaferGetLevelInformation
0x19f25a76,0x19f25a76,SaferGetPolicyInformation
0x3904db4,0x03904db4,SaferIdentifyLevel
0xae7aad35,0xae7aad35,SaferRecordEventLogEntry
0xa5c5796a,0xa5c5796a,SaferSetLevelInformation
0xabc88702,0xabc88702,SaferSetPolicyInformation
0x3edfde02,0x3edfde02,SaferiChangeRegistryScope
0x1173965c,0x1173965c,SaferiCompareTokenLevels
0x4bc96d69,0x4bc96d69,SaferiIsDllAllowed
0xa540dde9,0xa540dde9,SaferiIsExecutableFileType
0xaaf4a2fb,0xaaf4a2fb,SaferiPopulateDefaultsInRegistry
0x864562fe,0x864562fe,SaferiRecordEventLogEntry
0xe728bd59,0xe728bd59,SaferiSearchMatchingHashRules
0x9d54baef,0x9d54baef,SaslAcceptSecurityContext
0xbe6c17ed,0xbe6c17ed,SaslEnumerateProfilesA
0xbe6c1803,0xbe6c1803,SaslEnumerateProfilesW
0xec172d00,0xec172d00,SaslGetContextOption
0x40be0960,0x40be0960,SaslGetProfilePackageA
0x40be0976,0x40be0976,SaslGetProfilePackageW
0x5e9e78b,0x05e9e78b,SaslIdentifyPackageA
0x5e9e7a1,0x05e9e7a1,SaslIdentifyPackageW
0x404d0072,0x404d0072,SaslInitializeSecurityContextA
0x404d0088,0x404d0088,SaslInitializeSecurityContextW
0x7e94f38c,0x7e94f38c,SaslSetContextOption
0xca9c25e5,0xca9c25e5,SaveDC
0x8b894760,0x8b894760,SbExecuteProcedure
0x5a8e1b6d,0x5a8e1b6d,SbSelectProcedure
0xc914ca45,0xc914ca45,ScaleViewportExtEx
0x3afcf4fd,0x3afcf4fd,ScaleWindowExtEx
0xf6341af7,0xf6341af7,ScheduleJob
0x51b802f1,0x51b802f1,ScreenToClient
0x497a0358,0x497a0358,ScriptApplyDigitSubstitution
0xac87bde5,0xac87bde5,ScriptApplyLogicalWidth
0xca8d15c9,0xca8d15c9,ScriptBreak
0xca8ccaf2,0xca8ccaf2,ScriptCPtoX
0x39e65eb1,0x39e65eb1,ScriptCacheGetHeight
0xabee485a,0xabee485a,ScriptFreeCache
0x5b85525,0x05b85525,ScriptGetCMap
0x77bb80b2,0x77bb80b2,ScriptGetFontAlternateGlyphs
0xf801efd6,0xf801efd6,ScriptGetFontFeatureTags
0x3bf194ee,0x3bf194ee,ScriptGetFontLanguageTags
0x9d223228,0x9d223228,ScriptGetFontProperties
0x99a05ddf,0x99a05ddf,ScriptGetFontScriptTags
0x8288436e,0x8288436e,ScriptGetGlyphABCWidth
0x38339db2,0x38339db2,ScriptGetLogicalWidths
0x90178e11,0x90178e11,ScriptGetProperties
0xd6bd59b8,0xd6bd59b8,ScriptIsComplex
0xc1b242bb,0xc1b242bb,ScriptItemize
0x915c3ef,0x0915c3ef,ScriptItemizeOpenType
0x1202d352,0x1202d352,ScriptJustify
0x325af982,0x325af982,ScriptLayout
0xcb8711c9,0xcb8711c9,ScriptPlace
0xa517c0fd,0xa517c0fd,ScriptPlaceOpenType
0x10db9ff,0x010db9ff,ScriptPositionSingleGlyph
0xd48bf631,0xd48bf631,ScriptRecordDigitSubstitution
0xcbbb2b75,0xcbbb2b75,ScriptShape
0x3f0c6a9,0x03f0c6a9,ScriptShapeOpenType
0x3ef257e8,0x3ef257e8,ScriptStringAnalyse
0xc37c6b69,0xc37c6b69,ScriptStringCPtoX
0xdf2500bd,0xdf2500bd,ScriptStringFree
0x393fa5c9,0x393fa5c9,ScriptStringGetLogicalWidths
0x1c3d56b7,0x1c3d56b7,ScriptStringGetOrder
0x63da7c13,0x63da7c13,ScriptStringOut
0xaf555cc5,0xaf555cc5,ScriptStringValidate
0xc50c10a9,0xc50c10a9,ScriptStringXtoCP
0xf9188307,0xf9188307,ScriptString_pLogAttr
0x768b2d05,0x768b2d05,ScriptString_pSize
0x3961d7f6,0x3961d7f6,ScriptString_pcOutChars
0xd182dae6,0xd182dae6,ScriptSubstituteSingleGlyph
0xeed0b6a1,0xeed0b6a1,ScriptTextOut
0xcc1c7032,0xcc1c7032,ScriptXtoCP
0x4812e147,0x4812e147,ScrollChildren
0xa58c834c,0xa58c834c,ScrollConsoleScreenBufferA
0xa58c8362,0xa58c8362,ScrollConsoleScreenBufferW
0x73a8a5c5,0x73a8a5c5,ScrollDC
0xee9fb136,0xee9fb136,ScrollWindow
0x1550e013,0x1550e013,ScrollWindowEx
0x3567b299,0x3567b299,SealMessage
0x60f07ab3,0x60f07ab3,SearchPathA
0x60f07ac9,0x60f07ac9,SearchPathW
0xb6f9b5fc,0xb6f9b5fc,SearchTreeForFile
0x963075d3,0x963075d3,SearchTreeForFileW
0x930c497c,0x930c497c,SecCacheSspiPackages
0x2d855186,0x2d855186,SecDeleteUserModeContext
0x3c928ae7,0x3c928ae7,SecInitUserModeContext
0x9cb0b7e0,0x9cb0b7e0,SeciAllocateAndSetCallFlags
0xa8acfd76,0xa8acfd76,SeciAllocateAndSetIPAddress
0xabbd8156,0xabbd8156,SeciFreeCallContext
0xb2a8f767,0xb2a8f767,SectionSpinCount
0x8d8046a6,0x8d8046a6,SecurityDescriptor
0x3d891ba7,0x3d891ba7,SecurityDescriptorA
0x3d891bbd,0x3d891bbd,SecurityDescriptorW
0x1fa205db,0x1fa205db,SeekPrinter
0x9168a95e,0x9168a95e,SelectBrushLocal
0x3f283464,0x3f283464,SelectClipPath
0x28b3adbe,0x28b3adbe,SelectClipRgn
0xd0606751,0xd0606751,SelectFontLocal
0x5a9495a6,0x5a9495a6,SelectObject
0xf7f0d83e,0xf7f0d83e,SelectPalette
0x3c66704a,0x3c66704a,SemaphoreOnCompletion
0xa6d8a25,0x0a6d8a25,SendDlgItemMessageA
0xa6d8a3b,0x0a6d8a3b,SendDlgItemMessageW
0x14e2494a,0x14e2494a,SendDriverMessage
0x77072cf7,0x77072cf7,SendIMEMessageExA
0x77072d0d,0x77072d0d,SendIMEMessageExW
0x7137d769,0x7137d769,SendInput
0x7303dc9f,0x7303dc9f,SendMessageA
0xfaf7a18c,0xfaf7a18c,SendMessageCallbackA
0xfaf7a1a2,0xfaf7a1a2,SendMessageCallbackW
0x2a22206,0x02a22206,SendMessageTimeoutA
0x2a2221c,0x02a2221c,SendMessageTimeoutW
0x7303dcb5,0x7303dcb5,SendMessageW
0x9bc20d98,0x9bc20d98,SendNotifyMessageA
0x9bc20dae,0x9bc20dae,SendNotifyMessageW
0xb7fe190c,0xb7fe190c,SendPnPMessage
0xd9c49425,0xd9c49425,SendTSMessage
0xff2073e7,0xff2073e7,SetAbortProc
0x5aefb5b1,0x5aefb5b1,SetAclInformation
0xd58a5a4f,0xd58a5a4f,SetActiveWindow
0x431e213f,0x431e213f,SetAddrInfoEx
0xf8f6075a,0xf8f6075a,SetAppCompatData
0xb660b078,0xb660b078,SetAppCompatStringPointer
0x94e54c72,0x94e54c72,SetArcDirection
0x8dd34aa,0x08dd34aa,SetBitmapBits
0x285ce41b,0x285ce41b,SetBitmapDimensionEx
0x34c64507,0x34c64507,SetBkColor
0xf21b00ad,0xf21b00ad,SetBkMode
0x4426294,0x04426294,SetBoundsRect
0xe975a684,0xe975a684,SetBrushOrgEx
0xca44842,0x0ca44842,SetCalendarInfoA
0xca44858,0x0ca44858,SetCalendarInfoW
0x6d9e1eaf,0x6d9e1eaf,SetCapture
0x2eb08bc9,0x2eb08bc9,SetCaretBlinkTime
0x24fbbafc,0x24fbbafc,SetCaretPos
0xc38a533c,0xc38a533c,SetCheckUserInterruptShared
0xd6e1e242,0xd6e1e242,SetClassLongA
0xd6e1e258,0xd6e1e258,SetClassLongW
0xef432e8d,0xef432e8d,SetClassWord
0x7d9b9cb,0x07d9b9cb,SetClientTimeZoneInformation
0x7647bae5,0x7647bae5,SetClipboardData
0x51a7d8dd,0x51a7d8dd,SetClipboardViewer
0xb8ecf939,0xb8ecf939,SetColorAdjustment
0x256c3f86,0x256c3f86,SetColorSpace
0x18ef55c5,0x18ef55c5,SetComPlusPackageInstallStatus
0x3e5c834c,0x3e5c834c,SetCommBreak
0xc10d0bd,0x0c10d0bd,SetCommConfig
0x4f7cec73,0x4f7cec73,SetCommMask
0x3f912e08,0x3f912e08,SetCommState
0x33a5fe81,0x33a5fe81,SetCommTimeouts
0x9385236c,0x9385236c,SetComputerNameA
0x895bcf29,0x895bcf29,SetComputerNameExA
0x895bcf3f,0x895bcf3f,SetComputerNameExW
0x93852382,0x93852382,SetComputerNameW
0x62b61d24,0x62b61d24,SetConsoleActiveScreenBuffer
0x9c80b441,0x9c80b441,SetConsoleCP
0xce8b48e1,0xce8b48e1,SetConsoleCtrlHandler
0x9d30f28c,0x9d30f28c,SetConsoleCursor
0xda6941b8,0xda6941b8,SetConsoleCursorInfo
0xda6b7731,0xda6b7731,SetConsoleCursorMode
0x6d125321,0x6d125321,SetConsoleCursorPosition
0x20e28ec9,0x20e28ec9,SetConsoleDisplayMode
0xbf810025,0xbf810025,SetConsoleFont
0x52345d,0x0052345d,SetConsoleHardwareState
0xf5f0eacc,0xf5f0eacc,SetConsoleHistoryInfo
0xbf827257,0xbf827257,SetConsoleIcon
0x9ed750a2,0x9ed750a2,SetConsoleInputExeNameA
0x9ed750b8,0x9ed750b8,SetConsoleInputExeNameW
0xdb9f0ea6,0xdb9f0ea6,SetConsoleKeyShortcuts
0x3611843a,0x3611843a,SetConsoleLocalEUDC
0xa2d8593f,0xa2d8593f,SetConsoleMaximumWindowSize
0xea935839,0xea935839,SetConsoleMenuClose
0xbf84d573,0xbf84d573,SetConsoleMode
0x7d0eb360,0x7d0eb360,SetConsoleNlsMode
0x6560425f,0x6560425f,SetConsoleNumberOfCommandsA
0x65604275,0x65604275,SetConsoleNumberOfCommandsW
0x8858684c,0x8858684c,SetConsoleOS2OemFormat
0xc4c52392,0xc4c52392,SetConsoleOutputCP
0xfce902dd,0xfce902dd,SetConsolePalette
0xfde7b731,0xfde7b731,SetConsoleScreenBufferInfoEx
0x66bf91e3,0x66bf91e3,SetConsoleScreenBufferSize
0x8dd87f07,0x8dd87f07,SetConsoleTextAttribute
0xc40078b1,0xc40078b1,SetConsoleTitleA
0xc40078c7,0xc40078c7,SetConsoleTitleW
0x8210e3f2,0x8210e3f2,SetConsoleWindowInfo
0xef028c8,0x0ef028c8,SetContextAttributesA
0xef028de,0x0ef028de,SetContextAttributesW
0xfca7722a,0xfca7722a,SetConvertStg
0x370ccc35,0x370ccc35,SetCounterRefValue
0x8dab3b33,0x8dab3b33,SetCounterSetInfo
0xed55adf1,0xed55adf1,SetCredentialsAttributesA
0xed55ae07,0xed55ae07,SetCredentialsAttributesW
0x8a8333be,0x8a8333be,SetCriticalSectionSpinCount
0x2bb0e445,0x2bb0e445,SetCurrentConsoleFontEx
0xcae5c294,0xcae5c294,SetCurrentDirectoryA
0xcae5c2aa,0xcae5c2aa,SetCurrentDirectoryW
0x2210a21d,0x2210a21d,SetCurrentProcessExplicitAppUserModelID
0xf5397ad9,0xf5397ad9,SetCursor
0x684e27a7,0x684e27a7,SetCursorContents
0x59f79b4b,0x59f79b4b,SetCursorPos
0x7983a685,0x7983a685,SetDCBrushColor
0xf3eec153,0xf3eec153,SetDCHook
0x40a335c4,0x40a335c4,SetDCPenColor
0x678fd391,0x678fd391,SetDIBColorTable
0xf457f13a,0xf457f13a,SetDIBits
0x7209b2ed,0x7209b2ed,SetDIBitsToDevice
0x5ab0c284,0x5ab0c284,SetDebugErrorLevel
0x96986223,0x96986223,SetDefaultCommConfigA
0x96986239,0x96986239,SetDefaultCommConfigW
0x1dce4f9,0x01dce4f9,SetDefaultDllDirectories
0xa71bb45,0x0a71bb45,SetDefaultPrinterA
0xa71bb5b,0x0a71bb5b,SetDefaultPrinterW
0xe521e9ca,0xe521e9ca,SetDeskWallpaper
0xc9214b7e,0xc9214b7e,SetDeviceGammaRamp
0xd45fec67,0xd45fec67,SetDisplayConfig
0xc781512c,0xc781512c,SetDlgItemInt
0xaddc8a87,0xaddc8a87,SetDlgItemTextA
0xaddc8a9d,0xaddc8a9d,SetDlgItemTextW
0xaa3d7eed,0xaa3d7eed,SetDllDirectoryA
0xaa3d7f03,0xaa3d7f03,SetDllDirectoryW
0xc9f3e9e7,0xc9f3e9e7,SetDocumentBitStg
0x2e3b5c0b,0x2e3b5c0b,SetDoubleClickTime
0x57bffbf1,0x57bffbf1,SetDynamicTimeZoneInformation
0x78967fca,0x78967fca,SetEncryptedFileMetadata
0x42c00ea7,0x42c00ea7,SetEndOfFile
0xcae5994f,0xcae5994f,SetEnhMetaFileBits
0x15426313,0x15426313,SetEnlistmentRecoveryInformation
0xac1f6b7b,0xac1f6b7b,SetEntriesInAccessListA
0xac1f6b91,0xac1f6b91,SetEntriesInAccessListW
0x397a55fd,0x397a55fd,SetEntriesInAclA
0x397a5613,0x397a5613,SetEntriesInAclW
0x702460,0x00702460,SetEntriesInAuditListA
0x702476,0x00702476,SetEntriesInAuditListW
0x488bcd9b,0x488bcd9b,SetEnvironmentStringsA
0x488bcdb1,0x488bcdb1,SetEnvironmentStringsW
0x2da9f1f7,0x2da9f1f7,SetEnvironmentVariableA
0x2da9f20d,0x2da9f20d,SetEnvironmentVariableW
0x74f6a891,0x74f6a891,SetErrorInfo
0x74f8de0a,0x74f8de0a,SetErrorMode
0xf54cefd,0x0f54cefd,SetEvent
0x8204aacf,0x8204aacf,SetEventWhenCallbackReturns
0xe622a904,0xe622a904,SetExecutionEnvironment
0x568efa16,0x568efa16,SetFileApisToANSI
0x8680ae8c,0x8680ae8c,SetFileApisToOEM
0x83a59603,0x83a59603,SetFileAttributesA
0xd02414ac,0xd02414ac,SetFileAttributesTransactedA
0xd02414c2,0xd02414c2,SetFileAttributesTransactedW
0x83a59619,0x83a59619,SetFileAttributesW
0xcb981502,0xcb981502,SetFileBandwidthReservation
0x43f085b4,0x43f085b4,SetFileCompletionNotificationModes
0xf562dea8,0xf562dea8,SetFileInformationByHandle
0xf31965f2,0xf31965f2,SetFileIoOverlappedRange
0x17d5b69c,0x17d5b69c,SetFilePointer
0x641dd6f9,0x641dd6f9,SetFilePointerEx
0xc9559894,0xc9559894,SetFileSecurityA
0xc95598aa,0xc95598aa,SetFileSecurityW
0x805c64ad,0x805c64ad,SetFileShortNameA
0x805c64c3,0x805c64c3,SetFileShortNameW
0x438309ca,0x438309ca,SetFileTime
0xd7fe0e5,0x0d7fe0e5,SetFileValidData
0xf4bc9194,0xf4bc9194,SetFirmwareEnvironmentVariableA
0xf4bc91aa,0xf4bc91aa,SetFirmwareEnvironmentVariableW
0xf63093b,0x0f63093b,SetFocus
0x288deff9,0x288deff9,SetFontEnumeration
0xa2adb96e,0xa2adb96e,SetForegroundWindow
0xf6347d0,0x0f6347d0,SetFormA
0xf6347e6,0x0f6347e6,SetFormW
0xd40c34d0,0xd40c34d0,SetGestureConfig
0x133bbb11,0x133bbb11,SetGraphicsMode
0x99c57d8c,0x99c57d8c,SetHandleContext
0x504da2b0,0x504da2b0,SetHandleCount
0x7d0c502d,0x7d0c502d,SetHandleInformation
0x1a59e819,0x1a59e819,SetHookFlags
0xf2f1f099,0xf2f1f099,SetICMMode
0xcae50de6,0xcae50de6,SetICMProfileA
0xcae50dfc,0xcae50dfc,SetICMProfileW
0x228c4677,0x228c4677,SetInformationCodeAuthzLevelW
0xbe9eb98f,0xbe9eb98f,SetInformationCodeAuthzPolicyW
0x6b42dcd3,0x6b42dcd3,SetInformationJobObject
0x262bdce2,0x262bdce2,SetInternalWindowPos
0x274340f7,0x274340f7,SetJobA
0x17321d00,0x17321d00,SetJobNamedProperty
0x2743410d,0x2743410d,SetJobW
0x8befbeeb,0x8befbeeb,SetKernelObjectSecurity
0xb16477ed,0xb16477ed,SetKeyboardState
0xb22080,0x00b22080,SetLastConsoleEventActive
0x498ae399,0x498ae399,SetLastError
0xd7d23736,0xd7d23736,SetLastErrorEx
0xf2b353c0,0xf2b353c0,SetLayeredWindowAttributes
0x8d1c4d9,0x08d1c4d9,SetLayout
0xc5a9965b,0xc5a9965b,SetLocalPrimaryComputerNameA
0xc5a99671,0xc5a99671,SetLocalPrimaryComputerNameW
0x3bdfd995,0x3bdfd995,SetLocalTime
0xd8a1d498,0xd8a1d498,SetLocaleInfoA
0xd8a1d4ae,0xd8a1d4ae,SetLocaleInfoW
0x57fe2e2e,0x57fe2e2e,SetMagicColors
0x7afd3b9a,0x7afd3b9a,SetMagnificationDesktopColorEffect
0x38943727,0x38943727,SetMagnificationDesktopMagnification
0x443db6db,0x443db6db,SetMagnificationLensCtxInformation
0xd5fb4d8c,0xd5fb4d8c,SetMailslotInfo
0x6f4f001e,0x6f4f001e,SetMapMode
0xeadbbecd,0xeadbbecd,SetMapperFlags
0x2744bd50,0x2744bd50,SetMenu
0x2b129bab,0x2b129bab,SetMenuContextHelpId
0xb2bbe764,0xb2bbe764,SetMenuDefaultItem
0x8b2cce7c,0x8b2cce7c,SetMenuInfo
0xcbfd560f,0xcbfd560f,SetMenuItemBitmaps
0x4beaba2c,0x4beaba2c,SetMenuItemInfoA
0x4beaba42,0x4beaba42,SetMenuItemInfoW
0x91e7e350,0x91e7e350,SetMessageExtraInfo
0xc05c9a5,0x0c05c9a5,SetMessageQueue
0xa0eaffb0,0xa0eaffb0,SetMessageWaitingIndicator
0x73938cf1,0x73938cf1,SetMetaFileBitsEx
0x78f68149,0x78f68149,SetMetaRgn
0x4e4f1bd4,0x4e4f1bd4,SetMirrorRendering
0xf2b13dfb,0xf2b13dfb,SetMiterLimit
0x3e564962,0x3e564962,SetNamedPipeAttribute
0xcad0fc3b,0xcad0fc3b,SetNamedPipeHandleState
0x16aea9e5,0x16aea9e5,SetNamedSecurityInfoA
0x7d00d7e2,0x7d00d7e2,SetNamedSecurityInfoExA
0x7d00d7f8,0x7d00d7f8,SetNamedSecurityInfoExW
0x16aea9fb,0x16aea9fb,SetNamedSecurityInfoW
0x833fe23d,0x833fe23d,SetObjectOwner
0xd2154f2b,0xd2154f2b,SetOleautModule
0x83434c84,0x83434c84,SetPaletteEntries
0x12226545,0x12226545,SetParent
0xba3ed788,0xba3ed788,SetPhysicalCursorPos
0x10150b3d,0x10150b3d,SetPixel
0xcf73e0c6,0xcf73e0c6,SetPixelFormat
0x12b67333,0x12b67333,SetPixelV
0x3449956b,0x3449956b,SetPolyFillMode
0x10183dc1,0x10183dc1,SetPortA
0x10183dd7,0x10183dd7,SetPortW
0x2c965ba0,0x2c965ba0,SetPrinterA
0x208a01a,0x0208a01a,SetPrinterDataA
0xa6b12f57,0xa6b12f57,SetPrinterDataExA
0xa6b12f6d,0xa6b12f6d,SetPrinterDataExW
0x208a030,0x0208a030,SetPrinterDataW
0x2c965bb6,0x2c965bb6,SetPrinterW
0x22a84d93,0x22a84d93,SetPriorityClass
0x634b2c5,0x0634b2c5,SetPrivateObjectSecurity
0x662c8162,0x662c8162,SetPrivateObjectSecurityEx
0x1813f040,0x1813f040,SetProcessAffinityMask
0xa1baa21c,0xa1baa21c,SetProcessAffinityUpdateMode
0xb3e6f5e3,0xb3e6f5e3,SetProcessDEPPolicy
0x982a35e7,0x982a35e7,SetProcessDPIAware
0x4412a39d,0x4412a39d,SetProcessDefaultLayout
0x75aaeace,0x75aaeace,SetProcessPreferredUILanguages
0x8613c223,0x8613c223,SetProcessPriorityBoost
0x979d504a,0x979d504a,SetProcessShutdownParameters
0xbc7dc89d,0xbc7dc89d,SetProcessUserModeExceptionPolicy
0xffe656d4,0xffe656d4,SetProcessWindowStation
0xa3cdbc22,0xa3cdbc22,SetProcessWorkingSetSize
0xce2d55ff,0xce2d55ff,SetProcessWorkingSetSizeEx
0x5f871e47,0x5f871e47,SetProgmanWindow
0x1019d59d,0x1019d59d,SetPropA
0x1019d5b3,0x1019d5b3,SetPropW
0x2747197e,0x2747197e,SetROP2
0x274779c9,0x274779c9,SetRect
0xe5d64b58,0xe5d64b58,SetRectEmpty
0xf8b07bb0,0xf8b07bb0,SetRectRgn
0x17113394,0x17113394,SetRelAbs
0xad1bb788,0xad1bb788,SetRequestExts
0xdd42d05d,0xdd42d05d,SetResourceManagerCompletionPort
0x6d7b4896,0x6d7b4896,SetScrollInfo
0xfb8f7d3c,0xfb8f7d3c,SetScrollPos
0x1d803857,0x1d803857,SetScrollRange
0x7a412d03,0x7a412d03,SetSearchPathMode
0x6a127ff1,0x6a127ff1,SetSecurityAccessMask
0xe737e8f3,0xe737e8f3,SetSecurityDescriptorControl
0xed3ada66,0xed3ada66,SetSecurityDescriptorDacl
0x94d5f7bf,0x94d5f7bf,SetSecurityDescriptorGroup
0x9569735d,0x9569735d,SetSecurityDescriptorOwner
0xd6acf72,0x0d6acf72,SetSecurityDescriptorRMControl
0xed431415,0xed431415,SetSecurityDescriptorSacl
0x4a169f9f,0x4a169f9f,SetSecurityInfo
0x71dea47d,0x71dea47d,SetSecurityInfoExA
0x71dea493,0x71dea493,SetSecurityInfoExW
0x46bba20c,0x46bba20c,SetService
0x1e2fe3cd,0x1e2fe3cd,SetServiceA
0xa0bbc71e,0xa0bbc71e,SetServiceBits
0x9a536bbb,0x9a536bbb,SetServiceObjectSecurity
0xe72e6f70,0xe72e6f70,SetServiceStatus
0x1e2fe3e3,0x1e2fe3e3,SetServiceW
0x5348a82b,0x5348a82b,SetShellWindow
0x48136848,0x48136848,SetShellWindowEx
0x2085189,0x02085189,SetSingleReqExts
0x54c16813,0x54c16813,SetSocketMediaStreamingMode
0x4d00fa16,0x4d00fa16,SetSplwow64AppCompat
0x1a807cf2,0x1a807cf2,SetStdHandle
0xbc938acf,0xbc938acf,SetStdHandleEx
0x5b9aa39f,0x5b9aa39f,SetStretchBltMode
0xe04fff9e,0xe04fff9e,SetSymLoadError
0x2fc5d76c,0x2fc5d76c,SetSysColors
0xc4ab7962,0xc4ab7962,SetSysColorsTemp
0x4393f67e,0x4393f67e,SetSystemCursor
0xfe0cf76f,0xfe0cf76f,SetSystemFileCacheSize
0xcd120bb5,0xcd120bb5,SetSystemMenu
0xa924177c,0xa924177c,SetSystemPaletteUse
0x27cf5e2e,0x27cf5e2e,SetSystemPowerState
0xcd15f32f,0xcd15f32f,SetSystemTime
0x503bd6e,0x0503bd6e,SetSystemTimeAdjustment
0x64abc299,0x64abc299,SetTapeParameters
0xbc196cba,0xbc196cba,SetTapePosition
0x82772a62,0x82772a62,SetTaskmanWindow
0x8e09ec6b,0x8e09ec6b,SetTermsrvAppInstallMode
0x1f0d1b4b,0x1f0d1b4b,SetTextAlign
0x69ae6af1,0x69ae6af1,SetTextCharacterExtra
0x1f32ff3f,0x1f32ff3f,SetTextColor
0x65f637bc,0x65f637bc,SetTextJustification
0x1ed106f9,0x1ed106f9,SetThreadAffinityMask
0xd4c43378,0xd4c43378,SetThreadContext
0xac0a3ad,0x0ac0a3ad,SetThreadDesktop
0xed701c42,0xed701c42,SetThreadErrorMode
0x88c44288,0x88c44288,SetThreadExecutionState
0xa0059afa,0xa0059afa,SetThreadGroupAffinity
0xe7ad37d2,0xe7ad37d2,SetThreadIdealProcessor
0x87da7daf,0x87da7daf,SetThreadIdealProcessorEx
0x70bff803,0x70bff803,SetThreadLocale
0xc90baa87,0xc90baa87,SetThreadPreferredUILanguages
0x4793c415,0x4793c415,SetThreadPriority
0x6473affc,0x6473affc,SetThreadPriorityBoost
0xa69eb85,0x0a69eb85,SetThreadStackGuarantee
0x1b416274,0x1b416274,SetThreadToken
0xe53eca35,0xe53eca35,SetThreadUILanguage
0x82c6c8a9,0x82c6c8a9,SetThreadpoolStackInformation
0xe6f13803,0xe6f13803,SetThreadpoolThreadMaximum
0xf8e58801,0xf8e58801,SetThreadpoolThreadMinimum
0xc993dbce,0xc993dbce,SetThreadpoolTimer
0xf6996282,0xf6996282,SetThreadpoolWait
0xa33f34c,0x0a33f34c,SetTimeZoneInformation
0x105d3e7c,0x105d3e7c,SetTimer
0xcfbd5e22,0xcfbd5e22,SetTimerQueueTimer
0x2702cf22,0x2702cf22,SetTokenInformation
0x36a381d7,0x36a381d7,SetTraceCallback
0x96dd3447,0x96dd3447,SetTransactionInformation
0x78210543,0x78210543,SetUnhandledExceptionFilter
0x30945a65,0x30945a65,SetUrlCacheConfigInfoA
0x30945a7b,0x30945a7b,SetUrlCacheConfigInfoW
0x78a428e1,0x78a428e1,SetUrlCacheEntryGroup
0x8d294542,0x8d294542,SetUrlCacheEntryGroupA
0x8d294558,0x8d294558,SetUrlCacheEntryGroupW
0x78c60121,0x78c60121,SetUrlCacheEntryInfoA
0x78c60137,0x78c60137,SetUrlCacheEntryInfoW
0xe1917e44,0xe1917e44,SetUrlCacheGroupAttributeA
0xe1917e5a,0xe1917e5a,SetUrlCacheGroupAttributeW
0x821b3fe5,0x821b3fe5,SetUrlCacheHeaderData
0x91b294e,0x091b294e,SetUserFileEncryptionKey
0xbc8abe2b,0xbc8abe2b,SetUserFileEncryptionKeyEx
0xc44f2ee2,0xc44f2ee2,SetUserGeoID
0xa873bf38,0xa873bf38,SetUserObjectInformationA
0xa873bf4e,0xa873bf4e,SetUserObjectInformationW
0x3f0fbce9,0x3f0fbce9,SetUserObjectSecurity
0x41dfee2,0x041dfee2,SetVDMCurrentDirectories
0x4c54d949,0x4c54d949,SetViewportExtEx
0x4d064cc0,0x4d064cc0,SetViewportOrgEx
0x4d80e256,0x4d80e256,SetVirtualResolution
0x6c9b594,0x06c9b594,SetVolumeLabelA
0x6c9b5aa,0x06c9b5aa,SetVolumeLabelW
0x7fbf3471,0x7fbf3471,SetVolumeMountPointA
0x7fbf3487,0x7fbf3487,SetVolumeMountPointW
0x8322d69,0x08322d69,SetWOWThunkGlobalPtr
0x5af5f925,0x5af5f925,SetWaitableTimer
0xf058dfc2,0xf058dfc2,SetWaitableTimerEx
0xe73a619c,0xe73a619c,SetWinEventHook
0xf9e469c2,0xf9e469c2,SetWinMetaFileBits
0x374f06fb,0x374f06fb,SetWindowCompositionAttribute
0xf334134e,0xf334134e,SetWindowContextHelpId
0xf12246a3,0xf12246a3,SetWindowDisplayAffinity
0x52257301,0x52257301,SetWindowExtEx
0x529f19c4,0x529f19c4,SetWindowLongA
0x529f19da,0x529f19da,SetWindowLongW
0x52d6e678,0x52d6e678,SetWindowOrgEx
0x7a49dc8c,0x7a49dc8c,SetWindowPlacement
0x9b6de45,0x09b6de45,SetWindowPos
0x9b6e5ba,0x09b6e5ba,SetWindowRgn
0x53074597,0x53074597,SetWindowRgnEx
0xce256fd4,0xce256fd4,SetWindowStationUser
0x77dd2893,0x77dd2893,SetWindowSubclass
0x532a8e39,0x532a8e39,SetWindowTextA
0x532a8e4f,0x532a8e4f,SetWindowTextW
0x40967dcf,0x40967dcf,SetWindowWord
0xfeba7b38,0xfeba7b38,SetWindowsHookA
0x974649f5,0x974649f5,SetWindowsHookExA
0x97464a0b,0x97464a0b,SetWindowsHookExW
0xfeba7b4e,0xfeba7b4e,SetWindowsHookW
0xdedb3a7f,0xdedb3a7f,SetWorldTransform
0x6f710e1f,0x6f710e1f,SetXStateFeaturesMask
0x696718ac,0x696718ac,SetupComm
0x309e1eac,0x309e1eac,SfmDxBindSwapChain
0xed85785e,0xed85785e,SfmDxGetSwapChainStats
0x74073e1,0x074073e1,SfmDxOpenSwapChain
0x452947c4,0x452947c4,SfmDxQuerySwapChainBindingStatus
0x6c845d30,0x6c845d30,SfmDxReleaseSwapChain
0xc140c14b,0xc140c14b,SfmDxReportPendingBindingsToDwm
0xadbc4c9a,0xadbc4c9a,SfmDxSetSwapChainBindingStatus
0xcfbc106a,0xcfbc106a,SfmDxSetSwapChainStats
0x2c273cb5,0x2c273cb5,SheChangeDirA
0xd2e95ec8,0xd2e95ec8,SheChangeDirExW
0x30a36aaf,0x30a36aaf,SheGetDirA
0x44ef485f,0x44ef485f,SheSetCurDrive
0x423fdf2e,0x423fdf2e,Shell32.DLL(Function Name)
0x10975343,0x10975343,ShellAboutA
0x10975359,0x10975359,ShellAboutW
0x63ee27fc,0x63ee27fc,ShellExec_RunDLL
0xe1b327bd,0xe1b327bd,ShellExec_RunDLLA
0xe1b327d3,0xe1b327d3,ShellExec_RunDLLW
0xc9a9df5b,0xc9a9df5b,ShellExecuteA
0xfee5cbb7,0xfee5cbb7,ShellExecuteEx
0xdb9f42d8,0xdb9f42d8,ShellExecuteExA
0xdb9f42ee,0xdb9f42ee,ShellExecuteExW
0xc9a9df71,0xc9a9df71,ShellExecuteW
0xf173446c,0xf173446c,ShellHookProc
0x2eae6b36,0x2eae6b36,ShellMessageBoxA
0x2eae6b4c,0x2eae6b4c,ShellMessageBoxW
0xe903a5b9,0xe903a5b9,Shell_GetCachedImageIndex
0x9785d1a,0x09785d1a,Shell_GetCachedImageIndexA
0x9785d30,0x09785d30,Shell_GetCachedImageIndexW
0x76df4c38,0x76df4c38,Shell_GetImageLists
0xaab987be,0xaab987be,Shell_MergeMenus
0xb37a7ac8,0xb37a7ac8,Shell_NotifyIcon
0x22c9d409,0x22c9d409,Shell_NotifyIconA
0x67d3736,0x067d3736,Shell_NotifyIconGetRect
0x22c9d41f,0x22c9d41f,Shell_NotifyIconW
0xe1cc5ef5,0xe1cc5ef5,ShipAssert
0x81a7d13b,0x81a7d13b,ShipAssertGetBufferInfo
0x9e49015d,0x9e49015d,ShipAssertMsgA
0x9e490173,0x9e490173,ShipAssertMsgW
0xaed5e93f,0xaed5e93f,ShowCaret
0xfc4cf073,0xfc4cf073,ShowCertificate
0xc873122,0x0c873122,ShowClientAuthCerts
0xda9fd0a1,0xda9fd0a1,ShowConsoleCursor
0x8afd368e,0x8afd368e,ShowCursor
0x34d2402,0x034d2402,ShowHideMenuCtl
0x27d5c194,0x27d5c194,ShowOwnedPopups
0xc5605b74,0xc5605b74,ShowScrollBar
0x1d678f14,0x1d678f14,ShowSecurityInfo
0x7461a138,0x7461a138,ShowStartGlass
0x16e4e5f3,0x16e4e5f3,ShowSystemCursor
0xb8c8cbc8,0xb8c8cbc8,ShowWindow
0xd460c266,0xd460c266,ShowWindowAsync
0x73d861db,0x73d861db,ShowX509EncodedCertificate
0x9eb744d2,0x9eb744d2,ShutdownBlockReasonCreate
0xa54ec728,0xa54ec728,ShutdownBlockReasonDestroy
0xb078e934,0xb078e934,ShutdownBlockReasonQuery
0x7e5c3f60,0x7e5c3f60,ShutdownCRLCache
0x703c22bf,0x703c22bf,SignalFileOpen
0x6a739dec,0x6a739dec,SignalObjectAndWait
0xef3024b8,0xef3024b8,SignatureInFile
0x891efbfa,0x891efbfa,SimpleTypeAlignment
0xa2fb63f0,0xa2fb63f0,SimpleTypeBufferSize
0xd11340ef,0xd11340ef,SimpleTypeMemorySize
0xc7c531df,0xc7c531df,SinglePhaseReject
0xcffdf307,0xcffdf307,SizeofResource
0x6b02b968,0x6b02b968,Sleep
0xa226cdcb,0xa226cdcb,SleepConditionVariableCS
0xe700cb71,0xe700cb71,SleepConditionVariableSRW
0x3696bcc5,0x3696bcc5,SleepEx
0x889f0dc6,0x889f0dc6,SoftModalMessageBox
0xed077e2f,0xed077e2f,SoftpubAuthenticode
0x16dcf45e,0x16dcf45e,SoftpubCheckCert
0xfac5d43a,0xfac5d43a,SoftpubCleanup
0x48284c23,0x48284c23,SoftpubDefCertInit
0x4585cfaa,0x4585cfaa,SoftpubDllRegisterServer
0x45a36bed,0x45a36bed,SoftpubDllUnregisterServer
0xd1b77659,0xd1b77659,SoftpubDumpStructure
0xf79275ae,0xf79275ae,SoftpubFreeDefUsageCallData
0x90c328a4,0x90c328a4,SoftpubInitialize
0x62bbeeac,0x62bbeeac,SoftpubLoadDefUsageCallData
0x73c1d2f7,0x73c1d2f7,SoftpubLoadMessage
0x30173624,0x30173624,SoftpubLoadSignature
0x4e75f239,0x4e75f239,SortCloseHandle
0x40e29963,0x40e29963,SortGetHandle
0xf8cb31d,0x0f8cb31d,SoundSentry
0x1ae6b686,0x1ae6b686,SplDriverUnloadComplete
0xe5b5d30c,0xe5b5d30c,SpoolerDevQueryPrintW
0x7512b379,0x7512b379,SpoolerPrinterEvent
0x2c89fc39,0x2c89fc39,SspiCompareAuthIdentities
0x145a0a65,0x145a0a65,SspiCopyAuthIdentity
0x32b538a5,0x32b538a5,SspiDecryptAuthIdentity
0x4f59a376,0x4f59a376,SspiEncodeAuthIdentityAsStrings
0x158125f6,0x158125f6,SspiEncodeStringsAsAuthIdentity
0x4256d20f,0x4256d20f,SspiEncryptAuthIdentity
0x4a7349c4,0x4a7349c4,SspiExcludePackage
0x63a08d4c,0x63a08d4c,SspiFreeAuthIdentity
0x4c665336,0x4c665336,SspiGetComputerNameForSPN
0xbc0bb454,0xbc0bb454,SspiGetTargetHostName
0x52eac314,0x52eac314,SspiIsAuthIdentityEncrypted
0x6ce735bb,0x6ce735bb,SspiLocalFree
0x8d89b612,0x8d89b612,SspiMarshalAuthIdentity
0xac5f463e,0xac5f463e,SspiPrepareForCredRead
0x38a9cded,0x38a9cded,SspiPrepareForCredWrite
0xfd88ec35,0xfd88ec35,SspiUnmarshalAuthIdentity
0x63be9832,0x63be9832,SspiUnmarshalAuthIdentityInternal
0x7fd166d4,0x7fd166d4,SspiValidateAuthIdentity
0x29203c4a,0x29203c4a,SspiZeroAuthIdentity
0x60637594,0x60637594,StackWalk
0x71731be,0x071731be,StackWalk64
0x71733f1,0x071733f1,StackWalkEx
0x83f98294,0x83f98294,StartDocA
0x74f6e82b,0x74f6e82b,StartDocDlgA
0x74f6e841,0x74f6e841,StartDocDlgW
0x52426538,0x52426538,StartDocPrinterA
0x5242654e,0x5242654e,StartDocPrinterW
0x83f982aa,0x83f982aa,StartDocW
0x83ffdc3a,0x83ffdc3a,StartPage
0x68c4047e,0x68c4047e,StartPagePrinter
0x2d5da248,0x2d5da248,StartProvider
0xfb4f5da5,0xfb4f5da5,StartProviderEx
0x57911051,0x57911051,StartScenario
0x106d808f,0x106d808f,StartServiceA
0xdbe5a54b,0xdbe5a54b,StartServiceCtrlDispatcherA
0xdbe5a561,0xdbe5a561,StartServiceCtrlDispatcherW
0x106d80a5,0x106d80a5,StartServiceW
0xa2229b47,0xa2229b47,StartThreadpoolIo
0x8decd04d,0x8decd04d,StartTraceA
0x8decd063,0x8decd063,StartTraceW
0xaeb31d7c,0xaeb31d7c,StdTypesGetClassObject
0x1c5ed2ab,0x1c5ed2ab,StdTypesRegisterServer
0x4c86559b,0x4c86559b,StgConvertPropertyToVariant
0xdb66269b,0xdb66269b,StgConvertVariantToProperty
0xfad0947,0x0fad0947,StgCreateDocfile
0xae9a3add,0xae9a3add,StgCreateDocfileOnILockBytes
0xad534c,0x00ad534c,StgCreatePropSetStg
0xb345a180,0xb345a180,StgCreatePropStg
0xd6cd8683,0xd6cd8683,StgCreateStorageEx
0xc138a8a4,0xc138a8a4,StgDeserializePropVariant
0x90acbbda,0x90acbbda,StgGetIFillLockBytesOnFile
0xbc834413,0xbc834413,StgGetIFillLockBytesOnILockBytes
0x67ca82ae,0x67ca82ae,StgIsStorageFile
0xff97d9e7,0xff97d9e7,StgIsStorageILockBytes
0xd0144173,0xd0144173,StgMakeUniqueName
0x7f0f8700,0x7f0f8700,StgOpenAsyncDocfileOnIFillLockBytes
0x34edde7e,0x34edde7e,StgOpenPropStg
0x208838a4,0x208838a4,StgOpenStorage
0x6378fb01,0x6378fb01,StgOpenStorageEx
0xabdc288d,0xabdc288d,StgOpenStorageOnHandle
0x283a5dba,0x283a5dba,StgOpenStorageOnILockBytes
0x35bddaed,0x35bddaed,StgPropertyLengthAsVariant
0x3aac119b,0x3aac119b,StgSerializePropVariant
0x72bfe28b,0x72bfe28b,StgSetTimes
0x61b2ea80,0x61b2ea80,StopProvider
0xd62aa85,0x0d62aa85,StopTraceA
0xd62aa9b,0x0d62aa9b,StopTraceW
0x8d1cd95d,0x8d1cd95d,StrCSpnA
0x30b80646,0x30b80646,StrCSpnIA
0x30b8065c,0x30b8065c,StrCSpnIW
0x8d1cd973,0x8d1cd973,StrCSpnW
0x7ad33a24,0x7ad33a24,StrCatBuffA
0x7ad33a3a,0x7ad33a3a,StrCatBuffW
0xd6a1bdba,0xd6a1bdba,StrCatChainW
0x4a186197,0x4a186197,StrCatW
0x4a187f06,0x4a187f06,StrChrA
0x8d28610f,0x8d28610f,StrChrIA
0x8d286125,0x8d286125,StrChrIW
0x32349993,0x32349993,StrChrNIW
0x8d2861ca,0x8d2861ca,StrChrNW
0x4a187f1c,0x4a187f1c,StrChrW
0x8d2b15ac,0x8d2b15ac,StrCmpCA
0x8d2b15c2,0x8d2b15c2,StrCmpCW
0x328de535,0x328de535,StrCmpICA
0x328de54b,0x328de54b,StrCmpICW
0x8d2b1688,0x8d2b1688,StrCmpIW
0xdbb6675a,0xdbb6675a,StrCmpLogicalW
0x8d2b1717,0x8d2b1717,StrCmpNA
0x328dfa7a,0x328dfa7a,StrCmpNCA
0x328dfa90,0x328dfa90,StrCmpNCW
0x328dfb40,0x328dfb40,StrCmpNIA
0x844d63c3,0x844d63c3,StrCmpNICA
0x844d63d9,0x844d63d9,StrCmpNICW
0x328dfb56,0x328dfb56,StrCmpNIW
0x8d2b172d,0x8d2b172d,StrCmpNW
0x4a18941f,0x4a18941f,StrCmpW
0x8d2ce299,0x8d2ce299,StrCpyNW
0x4a18a20b,0x4a18a20b,StrCpyW
0x4a194272,0x4a194272,StrDupA
0x4a194288,0x4a194288,StrDupW
0xebad970b,0xebad970b,StrFormatByteSize64A
0x81be92a1,0x81be92a1,StrFormatByteSizeA
0xb990e7bd,0xb990e7bd,StrFormatByteSizeEx
0x81be92b7,0x81be92b7,StrFormatByteSizeW
0xd04588da,0xd04588da,StrFormatKBSizeA
0xd04588f0,0xd04588f0,StrFormatKBSizeW
0xb9bd5bb1,0xb9bd5bb1,StrFromTimeIntervalA
0xb9bd5bc7,0xb9bd5bc7,StrFromTimeIntervalW
0x3e896cd4,0x3e896cd4,StrIsIntlEqualA
0x3e896cea,0x3e896cea,StrIsIntlEqualW
0x8ddae1cf,0x8ddae1cf,StrNCatA
0x8ddae1e5,0x8ddae1e5,StrNCatW
0x8ddb1457,0x8ddb1457,StrNCmpA
0x493da080,0x493da080,StrNCmpIA
0x493da096,0x493da096,StrNCmpIW
0x8ddb146d,0x8ddb146d,StrNCmpW
0x8dfecd98,0x8dfecd98,StrPBrkA
0x8dfecdae,0x8dfecdae,StrPBrkW
0x8e236158,0x8e236158,StrRChrA
0x528f8da1,0x528f8da1,StrRChrIA
0x528f8db7,0x528f8db7,StrRChrIW
0x8e23616e,0x8e23616e,StrRChrW
0x8e2c5a74,0x8e2c5a74,StrRStrA
0x53b7aa3d,0x53b7aa3d,StrRStrIA
0x53b7aa53,0x53b7aa53,StrRStrIW
0x8e2c5a8a,0x8e2c5a8a,StrRStrW
0x8308add1,0x8308add1,StrRetToBSTR
0x830940b4,0x830940b4,StrRetToBufA
0x830940ca,0x830940ca,StrRetToBufW
0x83129070,0x83129070,StrRetToStrA
0x83129086,0x83129086,StrRetToStrW
0x4a21669a,0x4a21669a,StrSpnA
0x4a2166b0,0x4a2166b0,StrSpnW
0x4a217822,0x4a217822,StrStrA
0x8e507dab,0x8e507dab,StrStrIA
0x8e507dc1,0x8e507dc1,StrStrIW
0x586049af,0x586049af,StrStrNIW
0x8e507e66,0x8e507e66,StrStrNW
0x4a217838,0x4a217838,StrStrW
0xa62ac8be,0xa62ac8be,StrToInt64ExA
0xa62ac8d4,0xa62ac8d4,StrToInt64ExW
0x5a4509d7,0x5a4509d7,StrToIntA
0xffaefc54,0xffaefc54,StrToIntExA
0xffaefc6a,0xffaefc6a,StrToIntExW
0x5a4509ed,0x5a4509ed,StrToIntW
0x8e615bc5,0x8e615bc5,StrTrimA
0x8e615bdb,0x8e615bdb,StrTrimW
0xfcce8b20,0xfcce8b20,Str_SetPtrW
0xcd007cce,0xcd007cce,StretchBlt
0xcd00809b,0xcd00809b,StretchDIB
0xf3874ccb,0xf3874ccb,StretchDIBits
0x70532b49,0x70532b49,StringFromCLSID
0x70a05175,0x70a05175,StringFromGUID2
0x2ea623b0,0x2ea623b0,StringFromIID
0xf4816aae,0xf4816aae,StrokeAndFillPath
0xb9dffb74,0xb9dffb74,StrokePath
0x4a29fa38,0x4a29fa38,SubmitThreadpoolWork
0xac6990e5,0xac6990e5,SubtractRect
0x1d89efc9,0x1d89efc9,SuspendThread
0xfb2cd0ce,0xfb2cd0ce,SvchostPushServiceGlobals
0x4ccdb37,0x04ccdb37,SwapBuffers
0xf729b2f,0x0f729b2f,SwapMouseButton
0x709b8e5b,0x709b8e5b,SwitchDesktop
0x3da066c7,0x3da066c7,SwitchDesktopWithFade
0x54633b6c,0x54633b6c,SwitchToFiber
0x5ecfb034,0x5ecfb034,SwitchToThisWindow
0x1698d7c,0x01698d7c,SwitchToThread
0x456152ee,0x456152ee,SymAddSourceStream
0xf18bb0ef,0xf18bb0ef,SymAddSourceStreamA
0xf18bb105,0xf18bb105,SymAddSourceStreamW
0x8ff1e487,0x8ff1e487,SymAddSymbol
0x8e2e75be,0x8e2e75be,SymAddSymbolW
0x587678b5,0x587678b5,SymAddrIncludeInlineTrace
0x2a614970,0x2a614970,SymCleanup
0x91351c1d,0x91351c1d,SymCompareInlineTrace
0x158b74d1,0x158b74d1,SymDeleteSymbol
0xc6fa0f48,0xc6fa0f48,SymDeleteSymbolW
0xf289d418,0xf289d418,SymEnumLines
0x43c4576f,0x43c4576f,SymEnumLinesW
0x74dbfab4,0x74dbfab4,SymEnumProcesses
0xe1959962,0xe1959962,SymEnumSourceFileTokens
0x74b92381,0x74b92381,SymEnumSourceFiles
0xbdd93f8,0x0bdd93f8,SymEnumSourceFilesW
0x7525bf09,0x7525bf09,SymEnumSourceLines
0x19dda080,0x19dda080,SymEnumSourceLinesW
0xca27be76,0xca27be76,SymEnumSym
0xfc65ad26,0xfc65ad26,SymEnumSymbols
0xac859803,0xac859803,SymEnumSymbolsEx
0x3d3898ba,0x3d3898ba,SymEnumSymbolsExW
0x1ef425c8,0x1ef425c8,SymEnumSymbolsForAddr
0xfd78df1f,0xfd78df1f,SymEnumSymbolsForAddrW
0x891b523d,0x891b523d,SymEnumSymbolsW
0xf32366b2,0xf32366b2,SymEnumTypes
0x5e44a34e,0x5e44a34e,SymEnumTypesByName
0x26d90d65,0x26d90d65,SymEnumTypesByNameW
0x57903d49,0x57903d49,SymEnumTypesW
0xa591da67,0xa591da67,SymEnumerateModules
0x51721751,0x51721751,SymEnumerateModules64
0x7fb58e48,0x7fb58e48,SymEnumerateModulesW64
0x8b5b5c37,0x8b5b5c37,SymEnumerateSymbols
0xcfa34d21,0xcfa34d21,SymEnumerateSymbols64
0xf6c6e36e,0xf6c6e36e,SymEnumerateSymbolsW
0xc40d7e18,0xc40d7e18,SymEnumerateSymbolsW64
0xe252dddc,0xe252dddc,SymFindDebugInfoFile
0x2cae99b3,0x2cae99b3,SymFindDebugInfoFileW
0x52becee,0x052becee,SymFindExecutableImage
0xaaa98b05,0xaaa98b05,SymFindExecutableImageW
0xa7d970d,0x0a7d970d,SymFindFileInPath
0x5a307904,0x5a307904,SymFindFileInPathW
0xf3cfb1cf,0xf3cfb1cf,SymFreeDiaString
0x21412877,0x21412877,SymFromAddr
0x496637ae,0x496637ae,SymFromAddrW
0x49fc75f4,0x49fc75f4,SymFromIndex
0x898b34cb,0x898b34cb,SymFromIndexW
0x80dc1080,0x80dc1080,SymFromInlineContext
0x9c5e20d7,0x9c5e20d7,SymFromInlineContextW
0x21483dbd,0x21483dbd,SymFromName
0x4a4ff5b4,0x4a4ff5b4,SymFromNameW
0x4ac42d9d,0x4ac42d9d,SymFromToken
0xa349e194,0xa349e194,SymFromTokenW
0x9bd7dbc8,0x9bd7dbc8,SymFunctionTableAccess
0xf13df4f2,0xf13df4f2,SymFunctionTableAccess64
0xda75409d,0xda75409d,SymFunctionTableAccess64AccessRoutines
0x7a0e91da,0x7a0e91da,SymGetDiaSession
0x9f169112,0x9f169112,SymGetExtendedOption
0x2534c454,0x2534c454,SymGetFileLineOffsets64
0x8dcfcfa6,0x8dcfcfa6,SymGetHomeDirectory
0x47c9c4bd,0x47c9c4bd,SymGetHomeDirectoryW
0x32c610ff,0x32c610ff,SymGetLineFromAddr
0xfc8e53e9,0xfc8e53e9,SymGetLineFromAddr64
0xfc8e561c,0xfc8e561c,SymGetLineFromAddrEx
0x8e595de0,0x8e595de0,SymGetLineFromAddrW64
0x40031208,0x40031208,SymGetLineFromInlineContext
0x4065535f,0x4065535f,SymGetLineFromInlineContextW
0x32cd2645,0x32cd2645,SymGetLineFromName
0x1aafd2af,0x1aafd2af,SymGetLineFromName64
0x1aafd4e2,0x1aafd4e2,SymGetLineFromNameEx
0x70aab566,0x70aab566,SymGetLineFromNameW64
0x7d03b08f,0x7d03b08f,SymGetLineNext
0xccb21779,0xccb21779,SymGetLineNext64
0xccb219ac,0xccb219ac,SymGetLineNextEx
0x62f59370,0x62f59370,SymGetLineNextW64
0x7d04fe2d,0x7d04fe2d,SymGetLinePrev
0xd23d4497,0xd23d4497,SymGetLinePrev64
0xd23d46ca,0xd23d46ca,SymGetLinePrevEx
0x19e6644e,0x19e6644e,SymGetLinePrevW64
0x6695a789,0x6695a789,SymGetModuleBase
0x629db4f3,0x629db4f3,SymGetModuleBase64
0x6699b3da,0x6699b3da,SymGetModuleInfo
0x73d61984,0x73d61984,SymGetModuleInfo64
0x39d02f71,0x39d02f71,SymGetModuleInfoW
0xee99d6db,0xee99d6db,SymGetModuleInfoW64
0x3446c77b,0x3446c77b,SymGetOmapBlockBase
0x2e70e908,0x2e70e908,SymGetOmaps
0x96a2bd74,0x96a2bd74,SymGetOptions
0x2eb40ac2,0x2eb40ac2,SymGetScope
0x5356359,0x05356359,SymGetScopeW
0x3183f8ab,0x3183f8ab,SymGetSearchPath
0x62030e62,0x62030e62,SymGetSearchPathW
0x33495ff9,0x33495ff9,SymGetSourceFile
0xf4fad4ec,0xf4fad4ec,SymGetSourceFileChecksum
0x945572c3,0x945572c3,SymGetSourceFileChecksumW
0x43d47bce,0x43d47bce,SymGetSourceFileFromToken
0xbe63f5e5,0xbe63f5e5,SymGetSourceFileFromTokenW
0x8e00009a,0x8e00009a,SymGetSourceFileToken
0x4e001431,0x4e001431,SymGetSourceFileTokenW
0x9c755f70,0x9c755f70,SymGetSourceFileW
0x63025a17,0x63025a17,SymGetSourceVarFromToken
0xc34d9d4e,0xc34d9d4e,SymGetSourceVarFromTokenW
0x2253bc10,0x2253bc10,SymGetSymFromAddr
0x633073a,0x0633073a,SymGetSymFromAddr64
0x225ad156,0x225ad156,SymGetSymFromName
0x24548600,0x24548600,SymGetSymFromName64
0xdefc7b20,0xdefc7b20,SymGetSymNext
0x9007ca4a,0x9007ca4a,SymGetSymNext64
0xdefdc8be,0xdefdc8be,SymGetSymPrev
0x9592f768,0x9592f768,SymGetSymPrev64
0xaaefe9fe,0xaaefe9fe,SymGetSymbolFile
0x8ed2a15,0x08ed2a15,SymGetSymbolFileW
0x1848879f,0x1848879f,SymGetTypeFromName
0x21597bd6,0x21597bd6,SymGetTypeFromNameW
0xb35ddaf6,0xb35ddaf6,SymGetTypeInfo
0x24079d3,0x024079d3,SymGetTypeInfoEx
0x431f849,0x0431f849,SymGetUnwindInfo
0x9ec41a1a,0x9ec41a1a,SymInitialize
0x77475db1,0x77475db1,SymInitializeW
0xad567f0e,0xad567f0e,SymLoadModule
0x5cf281b8,0x5cf281b8,SymLoadModule64
0x5cf283eb,0x5cf283eb,SymLoadModuleEx
0xfb4301a2,0xfb4301a2,SymLoadModuleExW
0x5d189536,0x5d189536,SymMatchFileName
0x2b3c4d,0x002b3c4d,SymMatchFileNameW
0x3c1d82ec,0x3c1d82ec,SymMatchString
0xbfcde0ad,0xbfcde0ad,SymMatchStringA
0xbfcde0c3,0xbfcde0c3,SymMatchStringW
0x556dcc07,0x556dcc07,SymNext
0x3274d3e,0x03274d3e,SymNextW
0x556f19a5,0x556f19a5,SymPrev
0x3524e9c,0x03524e9c,SymPrevW
0x147d874c,0x147d874c,SymQueryInlineTrace
0xd50b6d79,0xd50b6d79,SymRefreshModuleList
0x8751af9a,0x8751af9a,SymRegisterCallback
0xa27c0544,0xa27c0544,SymRegisterCallback64
0xf1fd3a9b,0xf1fd3a9b,SymRegisterCallbackW64
0x60bc3fb2,0x60bc3fb2,SymRegisterFunctionEntryCallback
0x80cafb5c,0x80cafb5c,SymRegisterFunctionEntryCallback64
0x73ae1cde,0x73ae1cde,SymSearch
0xe971b8f5,0xe971b8f5,SymSearchW
0x28aad539,0x28aad539,SymSetContext
0x814d291e,0x814d291e,SymSetExtendedOption
0x204d9632,0x204d9632,SymSetHomeDirectory
0x2a005cc9,0x2a005cc9,SymSetHomeDirectoryW
0xc7218b00,0xc7218b00,SymSetOptions
0xcf438016,0xcf438016,SymSetParentWindow
0x441f1edd,0x441f1edd,SymSetScopeFromAddr
0xc899391a,0xc899391a,SymSetScopeFromIndex
0xf00499a6,0xf00499a6,SymSetScopeFromInlineContext
0xe9f86ab7,0xe9f86ab7,SymSetSearchPath
0x2905c1ee,0x2905c1ee,SymSetSearchPathW
0x6c15586e,0x6c15586e,SymSrvDeltaName
0xeec06685,0xeec06685,SymSrvDeltaNameW
0x6eea87a7,0x6eea87a7,SymSrvGetFileIndexInfo
0x4c3b7cde,0x4c3b7cde,SymSrvGetFileIndexInfoW
0xeb71c052,0xeb71c052,SymSrvGetFileIndexString
0x59a9cae9,0x59a9cae9,SymSrvGetFileIndexStringW
0x8b80d133,0x8b80d133,SymSrvGetFileIndexes
0xfb9af7ea,0xfb9af7ea,SymSrvGetFileIndexesW
0x3d76f2f0,0x3d76f2f0,SymSrvGetSupplement
0xec555147,0xec555147,SymSrvGetSupplementW
0xc0c9df2c,0xc0c9df2c,SymSrvIsStore
0xda05c503,0xda05c503,SymSrvIsStoreW
0xf9c3f690,0xf9c3f690,SymSrvStoreFile
0x3242c8e7,0x3242c8e7,SymSrvStoreFileW
0x709b8d7d,0x709b8d7d,SymSrvStoreSupplement
0x840d3d74,0x840d3d74,SymSrvStoreSupplementW
0x96441410,0x96441410,SymUnDName
0x37995f3a,0x37995f3a,SymUnDName64
0xae3de051,0xae3de051,SymUnloadModule
0x35373fbb,0x35373fbb,SymUnloadModule64
0xf7e6778b,0xf7e6778b,SystemFunction001
0xf7e6778c,0xf7e6778c,SystemFunction002
0xf7e6778d,0xf7e6778d,SystemFunction003
0xf7e6778e,0xf7e6778e,SystemFunction004
0xf7e6778f,0xf7e6778f,SystemFunction005
0xf7e67790,0xf7e67790,SystemFunction006
0xf7e67791,0xf7e67791,SystemFunction007
0xf7e67792,0xf7e67792,SystemFunction008
0xf7e67793,0xf7e67793,SystemFunction009
0xf7e677ab,0xf7e677ab,SystemFunction010
0xf7e677ac,0xf7e677ac,SystemFunction011
0xf7e677ad,0xf7e677ad,SystemFunction012
0xf7e677ae,0xf7e677ae,SystemFunction013
0xf7e677af,0xf7e677af,SystemFunction014
0xf7e677b0,0xf7e677b0,SystemFunction015
0xf7e677b1,0xf7e677b1,SystemFunction016
0xf7e677b2,0xf7e677b2,SystemFunction017
0xf7e677b3,0xf7e677b3,SystemFunction018
0xf7e677b4,0xf7e677b4,SystemFunction019
0xf7e677cc,0xf7e677cc,SystemFunction020
0xf7e677cd,0xf7e677cd,SystemFunction021
0xf7e677ce,0xf7e677ce,SystemFunction022
0xf7e677cf,0xf7e677cf,SystemFunction023
0xf7e677d0,0xf7e677d0,SystemFunction024
0xf7e677d1,0xf7e677d1,SystemFunction025
0xf7e677d2,0xf7e677d2,SystemFunction026
0xf7e677d3,0xf7e677d3,SystemFunction027
0xf7e677d4,0xf7e677d4,SystemFunction028
0xf7e677d5,0xf7e677d5,SystemFunction029
0xf7e677ed,0xf7e677ed,SystemFunction030
0xf7e677ee,0xf7e677ee,SystemFunction031
0xf7e677ef,0xf7e677ef,SystemFunction032
0xf7e677f0,0xf7e677f0,SystemFunction033
0xf7e677f1,0xf7e677f1,SystemFunction034
0xf7e677f2,0xf7e677f2,SystemFunction035
0xf7e677f3,0xf7e677f3,SystemFunction036
0xf7e6780e,0xf7e6780e,SystemFunction040
0xf7e6780f,0xf7e6780f,SystemFunction041
0x42a0a335,0x42a0a335,SystemParametersInfoA
0x42a0a34b,0x42a0a34b,SystemParametersInfoW
0x40be8635,0x40be8635,SystemPointer
0xc87be275,0xc87be275,SystemTimeToFileTime
0xe6d94954,0xe6d94954,SystemTimeToTzSpecificLocalTime
0x250f7b1,0x0250f7b1,SystemTimeToTzSpecificLocalTimeEx
0xa4607cb8,0xa4607cb8,TMethodImplementationIntercept
0x3c6f9a4f,0x3c6f9a4f,TabbedTextOutA
0x3c6f9a65,0x3c6f9a65,TabbedTextOutW
0xf134c591,0xf134c591,TagInformation
0x26511eff,0x26511eff,TargetConfigureOPMProtectedOutput
0xff14e1e9,0xff14e1e9,TargetConfigureOPMProtectedOutput64
0x38b2f2f4,0x38b2f2f4,TargetCreateNamedPipeW
0x313b871e,0x313b871e,TargetCreateNamedPipeW64
0x6b2e4704,0x6b2e4704,TargetCreateOPMProtectedOutputs
0xefdc1f2e,0xefdc1f2e,TargetCreateOPMProtectedOutputs64
0x3cb594ca,0x3cb594ca,TargetCreateProcessA
0x406df674,0x406df674,TargetCreateProcessA64
0x3cb594e0,0x3cb594e0,TargetCreateProcessW
0x406e540a,0x406e540a,TargetCreateProcessW64
0x4fadfac2,0x4fadfac2,TargetCreateThread
0xf317ba6c,0xf317ba6c,TargetCreateThread64
0xdd734347,0xdd734347,TargetDestroyOPMProtectedOutput
0x7513831,0x07513831,TargetDestroyOPMProtectedOutput64
0x28bdd885,0x28bdd885,TargetEnumDisplayDevicesA
0x4f9614ef,0x4f9614ef,TargetEnumDisplayDevicesA64
0x6634ebfc,0x6634ebfc,TargetEnumDisplayMonitors
0xc71fe226,0xc71fe226,TargetEnumDisplayMonitors64
0x3d687f98,0x3d687f98,TargetGdiDllInitialize
0x3986ccc2,0x3986ccc2,TargetGdiDllInitialize64
0x7cde0419,0x7cde0419,TargetGetCertificate
0x2c6f7583,0x2c6f7583,TargetGetCertificate64
0xc71565e0,0xc71565e0,TargetGetCertificateByHandle
0xe206650a,0xe206650a,TargetGetCertificateByHandle64
0x633bad4,0x0633bad4,TargetGetCertificateSize
0x620dc6fe,0x620dc6fe,TargetGetCertificateSize64
0x64a7a79b,0x64a7a79b,TargetGetCertificateSizeByHandle
0x2d300185,0x2d300185,TargetGetCertificateSizeByHandle64
0x150b41eb,0x150b41eb,TargetGetMonitorInfoA
0x84e36fd5,0x84e36fd5,TargetGetMonitorInfoA64
0x150b4201,0x150b4201,TargetGetMonitorInfoW
0x84e3cd6b,0x84e3cd6b,TargetGetMonitorInfoW64
0xbfeeb3c8,0xbfeeb3c8,TargetGetOPMInformation
0x766accf2,0x766accf2,TargetGetOPMInformation64
0xde967e4c,0xde967e4c,TargetGetOPMRandomNumber
0xde2f4876,0xde2f4876,TargetGetOPMRandomNumber64
0x65467031,0x65467031,TargetGetStockObject
0xd0a3479b,0xd0a3479b,TargetGetStockObject64
0x803590e2,0x803590e2,TargetGetSuggestedOPMProtectedOutputArraySize
0x63dd588c,0x63dd588c,TargetGetSuggestedOPMProtectedOutputArraySize64
0xaf9e490e,0xaf9e490e,TargetNtCreateEvent
0x1054cbb8,0x1054cbb8,TargetNtCreateEvent64
0xe64af34c,0xe64af34c,TargetNtCreateFile
0xa4d4fd76,0xa4d4fd76,TargetNtCreateFile64
0xefb4c6d5,0xefb4c6d5,TargetNtCreateKey
0xb001d73f,0xb001d73f,TargetNtCreateKey64
0x1e3b5da1,0x1e3b5da1,TargetNtCreateSection
0x9a89510b,0x9a89510b,TargetNtCreateSection64
0xf365709b,0xf365709b,TargetNtMapViewOfSection
0x62840a85,0x62840a85,TargetNtMapViewOfSection64
0xa810bbcc,0xa810bbcc,TargetNtOpenEvent
0xef2ee5f6,0xef2ee5f6,TargetNtOpenEvent64
0x90bb064a,0x90bb064a,TargetNtOpenFile
0xab95c7f4,0xab95c7f4,TargetNtOpenFile64
0xb6cf7213,0xb6cf7213,TargetNtOpenKey
0xa87449fd,0xa87449fd,TargetNtOpenKey64
0xa8744c30,0xa8744c30,TargetNtOpenKeyEx
0x96b81f5a,0x96b81f5a,TargetNtOpenKeyEx64
0x354994e9,0x354994e9,TargetNtOpenProcess
0xae027a53,0xae027a53,TargetNtOpenProcess64
0x4c16cb8a,0x4c16cb8a,TargetNtOpenProcessToken
0xacf7dd34,0xacf7dd34,TargetNtOpenProcessToken64
0xacf7df67,0xacf7df67,TargetNtOpenProcessTokenEx
0xca6d5c51,0xca6d5c51,TargetNtOpenProcessTokenEx64
0xcc2f3842,0xcc2f3842,TargetNtOpenThread
0x94de57ec,0x94de57ec,TargetNtOpenThread64
0x2956e83,0x02956e83,TargetNtOpenThreadToken
0xfdab226d,0xfdab226d,TargetNtOpenThreadToken64
0xfdab24a0,0xfdab24a0,TargetNtOpenThreadTokenEx
0x1506d3ca,0x1506d3ca,TargetNtOpenThreadTokenEx64
0xea667ed5,0xea667ed5,TargetNtQueryAttributesFile
0x1e018f3f,0x1e018f3f,TargetNtQueryAttributesFile64
0xb2fe6da8,0xb2fe6da8,TargetNtQueryFullAttributesFile
0x6c507ed2,0x6c507ed2,TargetNtQueryFullAttributesFile64
0x69c19bea,0x69c19bea,TargetNtSetInformationFile
0xe0984594,0xe0984594,TargetNtSetInformationFile64
0x131b5e2,0x0131b5e2,TargetNtSetInformationThread
0x1476bd8c,0x1476bd8c,TargetNtSetInformationThread64
0x5488fc1e,0x5488fc1e,TargetNtUnmapViewOfSection
0x9ab882c8,0x9ab882c8,TargetNtUnmapViewOfSection64
0x5161248,0x05161248,TargetRegisterClassW
0xa2e3cb72,0xa2e3cb72,TargetRegisterClassW64
0x8835d10e,0x8835d10e,TargetSetOPMSigningKeyAndSequenceNumbers
0x6cee53b8,0x6cee53b8,TargetSetOPMSigningKeyAndSequenceNumbers64
0x3f46580a,0x3f46580a,TerminateJobObject
0xb752a497,0xb752a497,TerminateProcess
0xc85e0a30,0xc85e0a30,TerminateThread
0x625e24bf,0x625e24bf,TermsrvAppInstallMode
0x828a7ed,0x0828a7ed,TextOutA
0x828a803,0x0828a803,TextOutW
0x249737b4,0x249737b4,Thread32First
0x46f1a20b,0x46f1a20b,Thread32Next
0x87f021f7,0x87f021f7,ThreadAttributeList
0x97a1a08c,0x97a1a08c,TileChildWindows
0x613340c8,0x613340c8,TileWindows
0x13cb648d,0x13cb648d,TlsAlloc
0x847d5d64,0x847d5d64,TlsFree
0x3aa72bff,0x3aa72bff,TlsGetValue
0x4dbd268b,0x4dbd268b,TlsSetValue
0x880c7bdb,0x880c7bdb,ToAscii
0xbd1ae7f8,0xbd1ae7f8,ToAsciiEx
0xc92819ca,0xc92819ca,ToSecurityDescriptorA
0xc92819e0,0xc92819e0,ToSecurityDescriptorW
0xb5674219,0xb5674219,ToUnicode
0xac4035b6,0xac4035b6,ToUnicodeEx
0x7c51e8af,0x7c51e8af,Toolhelp32ReadProcessMemory
0xec54b045,0xec54b045,TowerConstruct
0x427b1f1,0x0427b1f1,TowerExplode
0xf3f123b8,0xf3f123b8,TpAllocAlpcCompletion
0xb4c8fb15,0xb4c8fb15,TpAllocAlpcCompletionEx
0xf2a46713,0xf2a46713,TpAllocCleanupGroup
0x97bd530,0x097bd530,TpAllocIoCompletion
0xc016f918,0xc016f918,TpAllocPool
0xc33b2adf,0xc33b2adf,TpAllocTimer
0xc01a9373,0xc01a9373,TpAllocWait
0xc01ad021,0xc01ad021,TpAllocWork
0xe8b7b22e,0xe8b7b22e,TpAlpcRegisterCompletionList
0xfde576b1,0xfde576b1,TpAlpcUnregisterCompletionList
0xaaf503ee,0xaaf503ee,TpCallbackIndependent
0x539b02a4,0x539b02a4,TpCallbackLeaveCriticalSectionOnCompletion
0x3f2c2a8c,0x3f2c2a8c,TpCallbackMayRunLong
0x73bce66b,0x73bce66b,TpCallbackReleaseMutexOnCompletion
0x932dc8bc,0x932dc8bc,TpCallbackReleaseSemaphoreOnCompletion
0x72486a5,0x072486a5,TpCallbackSetEventOnCompletion
0xb4a411f6,0xb4a411f6,TpCallbackUnloadDllOnCompletion
0x4b87c840,0x4b87c840,TpCancelAsyncIoOperation
0x4d19609a,0x4d19609a,TpCaptureCaller
0x12b23054,0x12b23054,TpCheckTerminateWorker
0x126986a9,0x126986a9,TpDbgDumpHeapUsage
0x8815ad2e,0x8815ad2e,TpDbgGetFreeInfo
0xd28fb3b4,0xd28fb3b4,TpDbgSetLogRoutine
0x3064a6bf,0x3064a6bf,TpDisablePoolCallbackChecks
0x2e7ddc,0x002e7ddc,TpDisassociateCallback
0x377920fc,0x377920fc,TpIsTimerSet
0x8530407c,0x8530407c,TpPoolFreeUnusedNodes
0x9ef7493c,0x9ef7493c,TpPostWork
0x320b90ff,0x320b90ff,TpQueryPoolStackInformation
0x4846890e,0x4846890e,TpReleaseAlpcCompletion
0x8a947ee9,0x8a947ee9,TpReleaseCleanupGroup
0xe58eb534,0xe58eb534,TpReleaseCleanupGroupMembers
0xa16bed06,0xa16bed06,TpReleaseIoCompletion
0x5cef9aee,0x5cef9aee,TpReleasePool
0xfb280775,0xfb280775,TpReleaseTimer
0x5cf33549,0x5cf33549,TpReleaseWait
0x5cf371f7,0x5cf371f7,TpReleaseWork
0xd7bcb9ef,0xd7bcb9ef,TpSetDefaultPoolMaxThreads
0xa4a1e27a,0xa4a1e27a,TpSetDefaultPoolStackInformation
0xddeb8f0a,0xddeb8f0a,TpSetPoolMaxThreads
0x473cc648,0x473cc648,TpSetPoolMinThreads
0x6840dfd5,0x6840dfd5,TpSetPoolStackInformation
0x62125580,0x62125580,TpSetTimer
0xf3766df4,0xf3766df4,TpSetWait
0x655423c2,0x655423c2,TpSimpleTryPost
0xb211c028,0xb211c028,TpStartAsyncIoOperation
0x2a78a669,0x2a78a669,TpWaitForAlpcCompletion
0x3e30f7a1,0x3e30f7a1,TpWaitForIoCompletion
0xa1199a70,0xa1199a70,TpWaitForTimer
0x3b30d4e4,0x3b30d4e4,TpWaitForWait
0x3b311192,0x3b311192,TpWaitForWork
0xee0489d2,0xee0489d2,TraceEnableFlags
0xee6d9f3d,0xee6d9f3d,TraceEnableLevel
0x78aa9160,0x78aa9160,TraceEvent
0x344d2d15,0x344d2d15,TraceEventInstance
0x78ce45ba,0x78ce45ba,TraceGuids
0x9296fd3b,0x9296fd3b,TraceGuidsA
0x9296fd51,0x9296fd51,TraceGuidsW
0x9046bf20,0x9046bf20,TraceInstanceId
0x601a3dca,0x601a3dca,TraceLoggerHandle
0x8ebe6e83,0x8ebe6e83,TraceMessage
0x381426ba,0x381426ba,TraceMessageVa
0xf6d2e2d0,0xf6d2e2d0,TraceSetInformation
0xc71c470f,0xc71c470f,TrackMouseEvent
0x717fd2d,0x0717fd2d,TrackPopupMenu
0x2d0c05ca,0x2d0c05ca,TrackPopupMenuEx
0xecf0bf22,0xecf0bf22,TransactNamedPipe
0xf4a44962,0xf4a44962,TranslateAccelerator
0x892d75e3,0x892d75e3,TranslateAcceleratorA
0x892d75f9,0x892d75f9,TranslateAcceleratorW
0x44e00d73,0x44e00d73,TranslateCharsetInfo
0x4c58308e,0x4c58308e,TranslateMDISysAccel
0x3be5f782,0x3be5f782,TranslateMessage
0xcd41e95f,0xcd41e95f,TranslateMessageEx
0xcc377e6b,0xcc377e6b,TransmitCommChar
0x2446b6a1,0x2446b6a1,TransmitFile
0x592a844c,0x592a844c,TransmitPackets
0xfaef57e3,0xfaef57e3,TransparentBlt
0x3c6900cc,0x3c6900cc,TreeResetNamedSecurityInfoA
0x3c6900e2,0x3c6900e2,TreeResetNamedSecurityInfoW
0x64fe1995,0x64fe1995,TreeSetNamedSecurityInfoA
0x64fe19ab,0x64fe19ab,TreeSetNamedSecurityInfoW
0xeaf28f75,0xeaf28f75,TrustDecode
0x9b696870,0x9b696870,TrustFindIssuerCertificate
0xb69e8657,0xb69e8657,TrustFreeDecode
0x8bba6e94,0x8bba6e94,TrustIsCertificateSelfSigned
0xcae453c3,0xcae453c3,TrustOpenStores
0x789b36e8,0x789b36e8,TrusteeAccessToObjectA
0x789b36fe,0x789b36fe,TrusteeAccessToObjectW
0x536e96b5,0x536e96b5,TryAcquireSRWLockExclusive
0xd2ace574,0xd2ace574,TryAcquireSRWLockShared
0xa102a90c,0xa102a90c,TryEnterCriticalSection
0x800174e1,0x800174e1,TrySubmitThreadpoolCallback
0x482a8674,0x482a8674,TzSpecificLocalTimeToSystemTime
0xfce5fcd1,0xfce5fcd1,TzSpecificLocalTimeToSystemTimeEx
0x6b1589f4,0x6b1589f4,ULong
0x3b36ced1,0x3b36ced1,ULongCounterValue
0xae1cf784,0xae1cf784,ULongLong
0xe3cc0bcb,0xe3cc0bcb,UTIL_SetForkState
0x9f6d419d,0x9f6d419d,UTRegister
0xa2372e00,0xa2372e00,UTUnRegister
0xe56a4190,0xe56a4190,UnDecorateSymbolName
0x92b273e7,0x92b273e7,UnDecorateSymbolNameW
0x6b3b4143,0x6b3b4143,UnRegisterForPrintAsyncNotifications
0xfad84d17,0xfad84d17,UnhandledExceptionFilter
0xa0daf033,0xa0daf033,UnhookWinEvent
0x59b3215f,0x59b3215f,UnhookWindowsHook
0x9300fe7c,0x9300fe7c,UnhookWindowsHookEx
0x3b328dc0,0x3b328dc0,UninitializeFlatSB
0xbe3219d,0x0be3219d,UninstallApplication
0x43d4c366,0x43d4c366,UnionRect
0xbeab9821,0xbeab9821,UnloadKeyboardLayout
0xb3997f66,0xb3997f66,UnloadNetworkFonts
0x6b3d6d9b,0x6b3d6d9b,UnlockFile
0x304f49b8,0x304f49b8,UnlockFileEx
0xc167a801,0xc167a801,UnlockServiceDatabase
0xdb24974,0x0db24974,UnlockUrlCacheEntryFile
0xc3fb7835,0xc3fb7835,UnlockUrlCacheEntryFileA
0xc3fb784b,0xc3fb784b,UnlockUrlCacheEntryFileW
0x6287eb60,0x6287eb60,UnlockUrlCacheEntryStream
0xfd7028b5,0xfd7028b5,UnlockWindowStation
0x16e99240,0x16e99240,UnmapViewOfFile
0x82fd309b,0x82fd309b,UnpackDDElParam
0xe7a58bb5,0xe7a58bb5,UnrealizeObject
0x6ab7fca7,0x6ab7fca7,UnregisterApplicationRecoveryCallback
0xe192fb10,0xe192fb10,UnregisterApplicationRestart
0x1d7cbeae,0x1d7cbeae,UnregisterClassA
0x1d7cbec4,0x1d7cbec4,UnregisterClassW
0x4cb3a645,0x4cb3a645,UnregisterConsoleIME
0xae45022e,0xae45022e,UnregisterDeviceNotification
0x296692cb,0x296692cb,UnregisterHotKey
0xa9fb38e8,0xa9fb38e8,UnregisterIdleTask
0x2e04970f,0x2e04970f,UnregisterMessagePumpHook
0x755d4ce9,0x755d4ce9,UnregisterPowerSettingNotification
0x90c1a420,0x90c1a420,UnregisterSessionPort
0xde235672,0xde235672,UnregisterTouchWindow
0x5f93162,0x05f93162,UnregisterTraceGuids
0x83dbc801,0x83dbc801,UnregisterUserApiHook
0x5f82caec,0x5f82caec,UnregisterWait
0x4b613f49,0x4b613f49,UnregisterWaitEx
0xccaa91fc,0xccaa91fc,UnsealMessage
0xa80bd16b,0xa80bd16b,UpdateCalendarDayOfWeek
0x97d4fd04,0x97d4fd04,UpdateColors
0x456f5266,0x456f5266,UpdateDCOMSettings
0x8ac8a1b2,0x8ac8a1b2,UpdateICMRegKey
0xe3dcd833,0xe3dcd833,UpdateICMRegKeyA
0xe3dcd849,0xe3dcd849,UpdateICMRegKeyW
0x74d27050,0x74d27050,UpdateLayeredWindow
0x6261b942,0x6261b942,UpdateLayeredWindowIndirect
0xd9064c31,0xd9064c31,UpdatePerUserSystemParameters
0xac8926d2,0xac8926d2,UpdateProcThreadAttribute
0x7c7a0cd9,0x7c7a0cd9,UpdateProcessTracing
0xb5d9759b,0xb5d9759b,UpdateResourceA
0xb5d975b1,0xb5d975b1,UpdateResourceW
0xbfacbc22,0xbfacbc22,UpdateTraceA
0xbfacbc38,0xbfacbc38,UpdateTraceW
0x64795b61,0x64795b61,UpdateUrlCacheContentPath
0xc610802a,0xc610802a,UpdateWindow
0x2c458226,0x2c458226,UpdateWindowTransform
0xe928e591,0xe928e591,UploadPrinterDriverPackageA
0xe928e5a7,0xe928e5a7,UploadPrinterDriverPackageW
0x2d78573e,0x2d78573e,UrlApplySchemeA
0x2d785754,0x2d785754,UrlApplySchemeW
0xa84185b,0x0a84185b,UrlCacheCheckEntriesExist
0x678835aa,0x678835aa,UrlCacheCloseEntryHandle
0x4ff0ef82,0x4ff0ef82,UrlCacheContainerSetEntryMaximumAge
0x4579338d,0x4579338d,UrlCacheCreateContainer
0x840df811,0x840df811,UrlCacheFindFirstEntry
0x47b44368,0x47b44368,UrlCacheFindNextEntry
0x55009156,0x55009156,UrlCacheFreeEntryInfo
0xa7ce97b5,0xa7ce97b5,UrlCacheFreeGlobalSpace
0x53f79131,0x53f79131,UrlCacheGetContentPaths
0x27a042f4,0x27a042f4,UrlCacheGetEntryInfo
0xb28a67f6,0xb28a67f6,UrlCacheGetGlobalCacheSize
0xa09eda86,0xa09eda86,UrlCacheGetGlobalLimit
0xe5d79390,0xe5d79390,UrlCacheReadEntryStream
0xbf003b1e,0xbf003b1e,UrlCacheReloadSettings
0x9fdfb5ee,0x9fdfb5ee,UrlCacheRetrieveEntryFile
0x35c25e5a,0x35c25e5a,UrlCacheRetrieveEntryStream
0x1979f96d,0x1979f96d,UrlCacheServer
0x67a18e12,0x67a18e12,UrlCacheSetGlobalLimit
0xe9e6cd09,0xe9e6cd09,UrlCacheUpdateEntryExtraData
0xdadd4e53,0xdadd4e53,UrlCanonicalizeA
0xdadd4e69,0xdadd4e69,UrlCanonicalizeW
0xea24b000,0xea24b000,UrlCombineA
0xea24b016,0xea24b016,UrlCombineW
0xeb1db50a,0xeb1db50a,UrlCompareA
0xeb1db520,0xeb1db520,UrlCompareW
0xfa99eb78,0xfa99eb78,UrlCreateFromPathA
0xfa99eb8e,0xfa99eb8e,UrlCreateFromPathW
0xc0f1eaf4,0xc0f1eaf4,UrlEscapeA
0xc0f1eb0a,0xc0f1eb0a,UrlEscapeW
0x7be1ece5,0x7be1ece5,UrlFixupW
0xaa0f6d5c,0xaa0f6d5c,UrlGetLocationA
0xaa0f6d72,0xaa0f6d72,UrlGetLocationW
0xa86fb73a,0xa86fb73a,UrlGetPartA
0xa86fb750,0xa86fb750,UrlGetPartW
0xbe0f49a7,0xbe0f49a7,UrlHashA
0xbe0f49bd,0xbe0f49bd,UrlHashW
0xd0742adf,0xd0742adf,UrlIsA
0xa4502bee,0xa4502bee,UrlIsNoHistoryA
0xa4502c04,0xa4502c04,UrlIsNoHistoryW
0xb572edca,0xb572edca,UrlIsOpaqueA
0xb572ede0,0xb572ede0,UrlIsOpaqueW
0xd0742af5,0xd0742af5,UrlIsW
0x329b1997,0x329b1997,UrlUnescapeA
0x329b19ad,0x329b19ad,UrlUnescapeW
0x9ca83eba,0x9ca83eba,UrlZonesDetach
0xb6da556c,0xb6da556c,UsePinForEncryptedFilesA
0xb6da5582,0xb6da5582,UsePinForEncryptedFilesW
0x798fa542,0x798fa542,User32InitializeImmEntryTable
0x163ea29b,0x163ea29b,UserClientDllInitialize
0x533596c8,0x533596c8,UserHandleGrantAccess
0xb4a68a62,0xb4a68a62,UserLpkPSMTextOut
0xb9df03d4,0xb9df03d4,UserLpkTabbedTextOut
0xecfb1449,0xecfb1449,UserRealizePalette
0x2f11c8a1,0x2f11c8a1,UserRegisterWowHandlers
0xd2550986,0xd2550986,UspAllocCache
0xe7614dc8,0xe7614dc8,UspAllocTemp
0x31409168,0x31409168,UspFreeMem
0xbf66ee6c,0xbf66ee6c,UtConvertDvtd16toDvtd32
0xf58a4c6c,0xf58a4c6c,UtConvertDvtd32toDvtd16
0x50eab9d,0x050eab9d,UtGetDvtd16Info
0x9709adb,0x09709adb,UtGetDvtd32Info
0xd7be102d,0xd7be102d,UuidCompare
0x3d08dfda,0x3d08dfda,UuidCreate
0xfac9635d,0xfac9635d,UuidCreateNil
0x29714d75,0x29714d75,UuidCreateSequential
0x9d242d7e,0x9d242d7e,UuidEqual
0x3bff47b2,0x3bff47b2,UuidFromStringA
0x3bff47c8,0x3bff47c8,UuidFromStringW
0x9feb33aa,0x9feb33aa,UuidHash
0x9d6d0365,0x9d6d0365,UuidIsNil
0xb4dfac61,0xb4dfac61,UuidToStringA
0xb4dfac77,0xb4dfac77,UuidToStringW
0x433b49ba,0x433b49ba,VDMConsoleOperation
0xf43bd7de,0xf43bd7de,VDMOperationStarted
0xd5ffd968,0xd5ffd968,VFY_Begin
0xf5599d5c,0xf5599d5c,VFY_CreateContext
0x9b944817,0x9b944817,VFY_CreateContextDirect
0x44807eec,0x44807eec,VFY_CreateContextWithAlgorithmID
0x88c2d392,0x88c2d392,VFY_DestroyContext
0xc404491a,0xc404491a,VFY_End
0x4a9f21e8,0x4a9f21e8,VFY_EndWithSignature
0xc31251e6,0xc31251e6,VFY_Update
0xfd1abc52,0xfd1abc52,VFY_VerifyData
0xfbaa478d,0xfbaa478d,VFY_VerifyDataDirect
0xefa44322,0xefa44322,VFY_VerifyDataWithAlgorithmID
0xaf44dc38,0xaf44dc38,VFY_VerifyDigest
0x9b823bf3,0x9b823bf3,VFY_VerifyDigestDirect
0xffe48a48,0xffe48a48,VFY_VerifyDigestWithAlgorithmID
0x92aa2707,0x92aa2707,VR_RuntimePath
0xc0781a1,0x0c0781a1,VRipOutput
0xde2599d2,0xde2599d2,VTagOutput
0x1a830b2,0x01a830b2,ValidatePixelShader
0x3614ef07,0x3614ef07,ValidateRect
0xd317e880,0xd317e880,ValidateRgn
0x7bd97bee,0x7bd97bee,ValidateVertexShader
0x1df4328b,0x1df4328b,VariantCompare
0x53e80e27,0x53e80e27,VariantGetBooleanElem
0xf840a662,0xf840a662,VariantGetDoubleElem
0x16525377,0x16525377,VariantGetElementCount
0xec1c8599,0xec1c8599,VariantGetInt16Elem
0xf07e74d7,0xf07e74d7,VariantGetInt32Elem
0xf7a21fbc,0xf7a21fbc,VariantGetInt64Elem
0xd62e093e,0xd62e093e,VariantGetStringElem
0x59541a0e,0x59541a0e,VariantGetUInt16Elem
0x5db6094c,0x5db6094c,VariantGetUInt32Elem
0x64d9b431,0x64d9b431,VariantGetUInt64Elem
0x38ab3f07,0x38ab3f07,VariantToBoolean
0x65b76946,0x65b76946,VariantToBooleanArray
0x25df70d1,0x25df70d1,VariantToBooleanArrayAlloc
0xf5e45b28,0xf5e45b28,VariantToBooleanWithDefault
0x28e8d9a1,0x28e8d9a1,VariantToBuffer
0xf509673a,0xf509673a,VariantToDosDateTime
0x2d2ec162,0x2d2ec162,VariantToDouble
0xb7019c81,0xb7019c81,VariantToDoubleArray
0x5621e0ec,0x5621e0ec,VariantToDoubleArrayAlloc
0x2e74cea3,0x2e74cea3,VariantToDoubleWithDefault
0x29b5b156,0x29b5b156,VariantToFileTime
0x9515eb90,0x9515eb90,VariantToGUID
0x3805f8b9,0x3805f8b9,VariantToInt16
0x36e40238,0x36e40238,VariantToInt16Array
0x572b7103,0x572b7103,VariantToInt16ArrayAlloc
0x50b0619a,0x50b0619a,VariantToInt16WithDefault
0x3805f8f7,0x3805f8f7,VariantToInt32
0xc783d936,0xc783d936,VariantToInt32Array
0xa39f56c1,0xa39f56c1,VariantToInt32ArrayAlloc
0x2ba0ff18,0x2ba0ff18,VariantToInt32WithDefault
0x3805f95c,0x3805f95c,VariantToInt64
0xb31ce0bb,0xb31ce0bb,VariantToInt64Array
0x4132d966,0x4132d966,VariantToInt64ArrayAlloc
0x7ba4d65d,0x7ba4d65d,VariantToInt64WithDefault
0x90c46cbd,0x90c46cbd,VariantToPropVariant
0x5084b34b,0x5084b34b,VariantToStrRet
0x5085163e,0x5085163e,VariantToString
0x5297f8c9,0x5297f8c9,VariantToStringAlloc
0x529b5add,0x529b5add,VariantToStringArray
0x241cf8c8,0x241cf8c8,VariantToStringArrayAlloc
0xbbd2e1ff,0xbbd2e1ff,VariantToStringWithDefault
0x52233f0e,0x52233f0e,VariantToUInt16
0x3a8385ad,0x3a8385ad,VariantToUInt16Array
0x1ae06598,0x1ae06598,VariantToUInt16ArrayAlloc
0x8b03e8cf,0x8b03e8cf,VariantToUInt16WithDefault
0x52233f4c,0x52233f4c,VariantToUInt32
0xcb235cab,0xcb235cab,VariantToUInt32Array
0x67544b56,0x67544b56,VariantToUInt32ArrayAlloc
0x65f4864d,0x65f4864d,VariantToUInt32WithDefault
0x52233fb1,0x52233fb1,VariantToUInt64
0xb6bc6430,0xb6bc6430,VariantToUInt64Array
0x4e7cdfb,0x04e7cdfb,VariantToUInt64ArrayAlloc
0xb5f85d92,0xb5f85d92,VariantToUInt64WithDefault
0xb755c033,0xb755c033,VaultAddItem
0xac63197d,0xac63197d,VaultCloseVault
0x1171ac40,0x1171ac40,VaultCreateItemType
0xb0f8ccff,0xb0f8ccff,VaultDeleteItemType
0xcb7e0a05,0xcb7e0a05,VaultEnumerateItemTypes
0x6b694463,0x6b694463,VaultEnumerateItems
0xf595d1c0,0xf595d1c0,VaultEnumerateVaults
0x53da75e,0x053da75e,VaultFindItems
0x4e1afa1d,0x4e1afa1d,VaultFree
0x3a2022e1,0x3a2022e1,VaultGetInformation
0x88a9dd6a,0x88a9dd6a,VaultGetItem
0x5bfea3cc,0x5bfea3cc,VaultGetItemType
0xf6d2fd59,0xf6d2fd59,VaultOpenVault
0xd5d7da98,0xd5d7da98,VaultRemoveItem
0xd54b2ebe,0xd54b2ebe,VerFindFileA
0xd54b2ed4,0xd54b2ed4,VerFindFileW
0x48792054,0x48792054,VerInstallFileA
0x4879206a,0x4879206a,VerInstallFileW
0xb26893c2,0xb26893c2,VerLanguageNameA
0xb26893d8,0xb26893d8,VerLanguageNameW
0x3c4be2f0,0x3c4be2f0,VerQueryValueA
0x3c4be306,0x3c4be306,VerQueryValueW
0xcbe3da9b,0xcbe3da9b,VerSetConditionMask
0xc91e7665,0xc91e7665,VerifyCdmHost_0
0xd5bff19b,0xd5bff19b,VerifyConsoleIoHandle
0xfd2aaf4c,0xfd2aaf4c,VerifyScripts
0x37f88676,0x37f88676,VerifySignature
0xdcf54d57,0xdcf54d57,VerifyVersionInfoA
0xdcf54d6d,0xdcf54d6d,VerifyVersionInfoW
0x4389245e,0x4389245e,VideoForWindowsVersion
0x15cba7c1,0x15cba7c1,VirtualAlloc
0xb754a55e,0xb754a55e,VirtualAllocEx
0xf1f0ea0f,0xf1f0ea0f,VirtualAllocExNuma
0xf1280a18,0xf1280a18,VirtualFree
0xdb52f975,0xdb52f975,VirtualFreeEx
0xf12b475f,0xf12b475f,VirtualLock
0x48363c37,0x48363c37,VirtualProtect
0x2eb62f54,0x2eb62f54,VirtualProtectEx
0x16f201ec,0x16f201ec,VirtualQuery
0x9b7a3649,0x9b7a3649,VirtualQueryEx
0xfe0bfde2,0xfe0bfde2,VirtualUnlock
0xcd3ed1ff,0xcd3ed1ff,VkKeyScanA
0x183b6e7c,0x183b6e7c,VkKeyScanExA
0x183b6e92,0x183b6e92,VkKeyScanExW
0xcd3ed215,0xcd3ed215,VkKeyScanW
0xa15123eb,0xa15123eb,WCSToMBEx
0xa711f1b,0x0a711f1b,WEP
0x3d933dcc,0x3d933dcc,WINNLSEnableIME
0xc17b5f15,0xc17b5f15,WINNLSGetEnableStatus
0x3dc965b9,0x3dc965b9,WINNLSGetIMEHotkey
0x6c7d08aa,0x6c7d08aa,WOW32DriverCallback
0x2a72e468,0x2a72e468,WOW32ResolveMultiMediaHandle
0x4090bd67,0x4090bd67,WOWAppExit
0xecf42997,0xecf42997,WOWShellExecute
0xceb7ad2a,0xceb7ad2a,WSAAccept
0x666b4e9a,0x666b4e9a,WSAAddressToString
0xe286bc4c,0xe286bc4c,WSAAsyncGetHostByAddr
0xe28dd192,0xe28dd192,WSAAsyncGetHostByName
0xa40c1168,0xa40c1168,WSAAsyncGetProtoByName
0xd8bff630,0xd8bff630,WSAAsyncGetProtoByNumber
0x2fd84894,0x2fd84894,WSAAsyncGetServByName
0x2fd99d98,0x2fd99d98,WSAAsyncGetServByPort
0xeae10798,0xeae10798,WSAAsyncSelect
0xe0e0b07,0x0e0e0b07,WSACancelAsyncRequest
0xd06e0565,0xd06e0565,WSACancelBlockingCall
0x54c23122,0x54c23122,WSACleanup
0xdc3fccf2,0xdc3fccf2,WSACloseEvent
0x5c6b7fe4,0x5c6b7fe4,WSAConnect
0x165a641b,0x165a641b,WSAConnectByList
0x165b5a00,0x165b5a00,WSAConnectByName
0x1cdc8eb0,0x1cdc8eb0,WSACreateEvent
0x692df78a,0x692df78a,WSADeleteSocketPeerTargetName
0xfc610dfe,0xfc610dfe,WSADuplicateSocket
0xb0f4a51a,0xb0f4a51a,WSAEnumNameSpaceProviders
0xc0b25cf7,0xc0b25cf7,WSAEnumNameSpaceProvidersEx
0xe6821cee,0xe6821cee,WSAEnumNetworkEvents
0x62603174,0x62603174,WSAEnumProtocols
0xf58c4bc,0x0f58c4bc,WSAEventSelect
0x4214a590,0x4214a590,WSAGetFailConnectOnIcmpError
0x68b51468,0x68b51468,WSAGetIPUserMtu
0xc800bd99,0xc800bd99,WSAGetIcmpErrorInfo
0x7bef5e38,0x7bef5e38,WSAGetLastError
0x4040912b,0x4040912b,WSAGetOverlappedResult
0x156c07c9,0x156c07c9,WSAGetQOSByName
0x875fb40d,0x875fb40d,WSAGetServiceClassInfo
0x4e2c6440,0x4e2c6440,WSAGetServiceClassNameByClassId
0x42a3c117,0x42a3c117,WSAGetUdpRecvMaxCoalescedSize
0x2d2c5fed,0x2d2c5fed,WSAGetUdpSendMessageSize
0xe002201f,0xe002201f,WSAHtonl
0xe0022026,0xe0022026,WSAHtons
0x1383fdb6,0x1383fdb6,WSAImpersonateSocketPeer
0x2ddeaf78,0x2ddeaf78,WSAInstallServiceClass
0xe0114875,0xe0114875,WSAIoctl
0x9ae8b41f,0x9ae8b41f,WSAIsBlocking
0x53f0d462,0x53f0d462,WSAJoinLeaf
0xdd21ed2a,0xdd21ed2a,WSALookupServiceBegin
0x8aa845c,0x08aa845c,WSALookupServiceEnd
0x1dffdc04,0x1dffdc04,WSALookupServiceNext
0x5cbe2ba6,0x5cbe2ba6,WSANSPIoctl
0xe06eb25f,0xe06eb25f,WSANtohl
0xe06eb266,0xe06eb266,WSANtohs
0x2d97c2b1,0x2d97c2b1,WSAPoll
0x89bea781,0x89bea781,WSAProviderConfigChange
0xe78fd5f1,0xe78fd5f1,WSAQuerySocketSecurity
0x2d98afca,0x2d98afca,WSARecv
0x71c8abf4,0x71c8abf4,WSARecvDisconnect
0xf683d3a7,0xf683d3a7,WSARecvEx
0xa6c7dafe,0xa6c7dafe,WSARecvFrom
0xfc17f92f,0xfc17f92f,WSARemoveServiceClass
0x87cc993f,0x87cc993f,WSAResetEvent
0x7a9e6aba,0x7a9e6aba,WSARevertImpersonation
0x2d993d84,0x2d993d84,WSASend
0x66f92a2e,0x66f92a2e,WSASendDisconnect
0x14b5d5cb,0x14b5d5cb,WSASendMsg
0xf8deb9c7,0xf8deb9c7,WSASendTo
0xdc9dc5c0,0xdc9dc5c0,WSASetBlockingHook
0xb754cca8,0xb754cca8,WSASetEvent
0x5338899c,0x5338899c,WSASetFailConnectOnIcmpError
0xb41d74f4,0xb41d74f4,WSASetIPUserMtu
0xc757bec4,0xc757bec4,WSASetLastError
0xeeb1b677,0xeeb1b677,WSASetService
0xc70a0f43,0xc70a0f43,WSASetSocketPeerTargetName
0xdba17e87,0xdba17e87,WSASetSocketSecurity
0x784426a3,0x784426a3,WSASetUdpRecvMaxCoalescedSize
0xf9c81df9,0xf9c81df9,WSASetUdpSendMessageSize
0xf98dc6a3,0xf98dc6a3,WSASocket
0x36d04c2d,0x36d04c2d,WSAStartup
0xd54b62da,0xd54b62da,WSAStringToAddress
0x624d5828,0x624d5828,WSAUnhookBlockingHook
0x65a15857,0x65a15857,WSAWaitForMultipleEvents
0x330a9fe2,0x330a9fe2,WSApSetPostRoutine
0x121c4db,0x0121c4db,WSHEnumProtocols
0x66181a28,0x66181a28,WTHelperCertCheckValidSignature
0x7dffa1e7,0x7dffa1e7,WTHelperCertFindIssuerCertificate
0x5e0c0c68,0x5e0c0c68,WTHelperCertIsSelfSigned
0x483abadb,0x483abadb,WTHelperCheckCertUsage
0x1c8abe9d,0x1c8abe9d,WTHelperGetAgencyInfo
0x9a1fb0c6,0x9a1fb0c6,WTHelperGetFileHandle
0x517dcb5b,0x517dcb5b,WTHelperGetFileName
0xd8b051ef,0xd8b051ef,WTHelperGetKnownUsages
0xc7a69246,0xc7a69246,WTHelperGetProvCertFromChain
0xe459c9ad,0xe459c9ad,WTHelperGetProvPrivateDataFromChain
0x3e640f20,0x3e640f20,WTHelperGetProvSignerFromChain
0xd647efde,0xd647efde,WTHelperIsInRootStore
0x45498d99,0x45498d99,WTHelperOpenKnownStores
0x32a6cdca,0x32a6cdca,WTHelperProvDataFromStateData
0x5074952d,0x5074952d,WTSGetActiveConsoleSessionId
0x1358c663,0x1358c663,WVTAsn1CatMemberInfoDecode
0x1650cb8d,0x1650cb8d,WVTAsn1CatMemberInfoEncode
0x7413d29d,0x7413d29d,WVTAsn1CatNameValueDecode
0x770bd7c7,0x770bd7c7,WVTAsn1CatNameValueEncode
0x693b1031,0x693b1031,WVTAsn1SpcFinancialCriteriaInfoDecode
0x6c33155b,0x6c33155b,WVTAsn1SpcFinancialCriteriaInfoEncode
0x43e62eb4,0x43e62eb4,WVTAsn1SpcIndirectDataContentDecode
0x46de33de,0x46de33de,WVTAsn1SpcIndirectDataContentEncode
0xeb3c7afb,0xeb3c7afb,WVTAsn1SpcLinkDecode
0xee348025,0xee348025,WVTAsn1SpcLinkEncode
0x7be59b53,0x7be59b53,WVTAsn1SpcMinimalCriteriaInfoDecode
0x7edda07d,0x7edda07d,WVTAsn1SpcMinimalCriteriaInfoEncode
0x734b21bf,0x734b21bf,WVTAsn1SpcPeImageDataDecode
0x764326e9,0x764326e9,WVTAsn1SpcPeImageDataEncode
0x72012ebc,0x72012ebc,WVTAsn1SpcSigInfoDecode
0x74f933e6,0x74f933e6,WVTAsn1SpcSigInfoEncode
0x366a53b3,0x366a53b3,WVTAsn1SpcSpAgencyInfoDecode
0x396258dd,0x396258dd,WVTAsn1SpcSpAgencyInfoEncode
0x9b621263,0x9b621263,WVTAsn1SpcSpOpusInfoDecode
0x9e5a178d,0x9e5a178d,WVTAsn1SpcSpOpusInfoEncode
0x2d68a584,0x2d68a584,WVTAsn1SpcStatementTypeDecode
0x3060aaae,0x3060aaae,WVTAsn1SpcStatementTypeEncode
0xc2eec112,0xc2eec112,WaitCommEvent
0xe9918214,0xe9918214,WaitForDebugEvent
0x1fb966b8,0x1fb966b8,WaitForExplorerRestartW
0xe1f2f579,0xe1f2f579,WaitForInputIdle
0xad3cca1,0x0ad3cca1,WaitForMultipleObjects
0xef9823e,0x0ef9823e,WaitForMultipleObjectsEx
0xc0334a95,0xc0334a95,WaitForPrinterChange
0x3abf26a4,0x3abf26a4,WaitForSingleObject
0xe7236901,0xe7236901,WaitForSingleObjectEx
0xcb01fd75,0xcb01fd75,WaitForThreadpoolIoCallbacks
0xb668e7de,0xb668e7de,WaitForThreadpoolTimerCallbacks
0xa27b5b12,0xa27b5b12,WaitForThreadpoolWaitCallbacks
0xdbadbb80,0xdbadbb80,WaitForThreadpoolWorkCallbacks
0x40a27229,0x40a27229,WaitMessage
0xcc3d8c58,0xcc3d8c58,WaitNamedPipeA
0xcc3d8c6e,0xcc3d8c6e,WaitNamedPipeW
0xeb86941d,0xeb86941d,WakeAllConditionVariable
0x8fd4cf84,0x8fd4cf84,WakeConditionVariable
0xea24ef60,0xea24ef60,WdtpInterfacePointer_UserFree
0x71e4e8a,0x071e4e8a,WdtpInterfacePointer_UserFree64
0xdf0bdd26,0xdf0bdd26,WdtpInterfacePointer_UserMarshal
0xd177c5d0,0xd177c5d0,WdtpInterfacePointer_UserMarshal64
0xea2becb9,0xea2becb9,WdtpInterfacePointer_UserSize
0x24da0623,0x24da0623,WdtpInterfacePointer_UserSize64
0xca91dac9,0xca91dac9,WdtpInterfacePointer_UserUnmarshal
0xb673b833,0xb673b833,WdtpInterfacePointer_UserUnmarshal64
0x38db326a,0x38db326a,WerGetFlags
0xb95c8942,0xb95c8942,WerRegisterFile
0xe8c56ea6,0xe8c56ea6,WerRegisterMemoryBlock
0x504185db,0x504185db,WerRegisterRuntimeExceptionModule
0xdc3f408c,0xdc3f408c,WerReportSQMEvent
0x4bf12cf6,0x4bf12cf6,WerSetFlags
0xa0529885,0xa0529885,WerUnregisterFile
0x4faf5489,0x4faf5489,WerUnregisterMemoryBlock
0xdde17de,0x0dde17de,WerUnregisterRuntimeExceptionModule
0xffeb0e06,0xffeb0e06,WerpCleanupMessageMapping
0x50199dff,0x50199dff,WerpInitiateRemoteRecovery
0xac118ec5,0xac118ec5,WerpNotifyLoadStringResource
0xf6b05d62,0xf6b05d62,WerpNotifyLoadStringResourceEx
0x4ab4abb2,0x4ab4abb2,WerpNotifyUseStringResource
0xd8dacbbe,0xd8dacbbe,WerpStringLookup
0xa937f9c7,0xa937f9c7,WhichPlatform
0x344eb6b8,0x344eb6b8,WideCharToMultiByte
0xf74c8f53,0xf74c8f53,WidenPath
0xb42904f5,0xb42904f5,Win32DeleteFile
0x23860bb7,0x23860bb7,WinDbgExtensionDllInit
0x6411ac62,0x6411ac62,WinExec
0xe67336a7,0xe67336a7,WinHelpA
0xe67336bd,0xe67336bd,WinHelpW
0xa4daf26b,0xa4daf26b,WinHttpAddRequestHeaders
0x47614288,0x47614288,WinHttpAddRequestHeadersEx
0xcc18d389,0xcc18d389,WinHttpAutoProxySvcMain
0x676a6cc0,0x676a6cc0,WinHttpCheckPlatform
0xc4219c7f,0xc4219c7f,WinHttpCloseHandle
0x36290c27,0x36290c27,WinHttpConnect
0x8961c98a,0x8961c98a,WinHttpConnectionDeletePolicyEntries
0x85cd034e,0x85cd034e,WinHttpConnectionDeleteProxyInfo
0x246cd26c,0x246cd26c,WinHttpConnectionFreeNameList
0x14c24e3d,0x14c24e3d,WinHttpConnectionFreeProxyInfo
0x14c3dfcd,0x14c3dfcd,WinHttpConnectionFreeProxyList
0xccc4b56a,0xccc4b56a,WinHttpConnectionGetNameList
0xc81690fb,0xc81690fb,WinHttpConnectionGetProxyInfo
0xc818228b,0xc818228b,WinHttpConnectionGetProxyList
0x2745b950,0x2745b950,WinHttpConnectionOnlyConvert
0x91cb63d2,0x91cb63d2,WinHttpConnectionOnlyReceive
0xc9915e19,0xc9915e19,WinHttpConnectionOnlySend
0x5e622c43,0x5e622c43,WinHttpConnectionSetPolicyEntries
0x137ef187,0x137ef187,WinHttpConnectionSetProxyInfo
0x631d08df,0x631d08df,WinHttpConnectionUpdateIfIndexTable
0xc3223874,0xc3223874,WinHttpCrackUrl
0xdb4d7425,0xdb4d7425,WinHttpCreateProxyResolver
0x57531124,0x57531124,WinHttpCreateUrl
0x31a8161a,0x31a8161a,WinHttpDetectAutoProxyConfigUrl
0xe97f47c0,0xe97f47c0,WinHttpFreeProxyResult
0x4670411d,0x4670411d,WinHttpFreeProxyResultEx
0x34f36bd2,0x34f36bd2,WinHttpFreeProxySettings
0x3f7db1af,0x3f7db1af,WinHttpFreeProxySettingsEx
0xcb8ac051,0xcb8ac051,WinHttpFreeQueryConnectionGroupResult
0x6084f19c,0x6084f19c,WinHttpGetDefaultProxyConfiguration
0x1e4c966c,0x1e4c966c,WinHttpGetIEProxyConfigForCurrentUser
0x633ae1b9,0x633ae1b9,WinHttpGetProxyForUrl
0x1d7a3d56,0x1d7a3d56,WinHttpGetProxyForUrlEx
0xccc1e848,0xccc1e848,WinHttpGetProxyForUrlEx2
0x650096b3,0x650096b3,WinHttpGetProxyForUrlHvsi
0x7e84e7fe,0x7e84e7fe,WinHttpGetProxyResult
0x335ee8db,0x335ee8db,WinHttpGetProxyResultEx
0x22b540ed,0x22b540ed,WinHttpGetProxySettingsEx
0xc6d86ecc,0xc6d86ecc,WinHttpGetProxySettingsResultEx
0x876fa856,0x876fa856,WinHttpGetProxySettingsVersion
0x4414e9fc,0x4414e9fc,WinHttpGetTunnelSocket
0xe8e774cf,0xe8e774cf,WinHttpOpen
0x78b74978,0x78b74978,WinHttpOpenRequest
0xcf1a118d,0xcf1a118d,WinHttpPacJsWorkerMain
0x14d1aaf4,0x14d1aaf4,WinHttpPalAcquireNextInterface
0x8a6ffd12,0x8a6ffd12,WinHttpPalAcquireNextInterfaceAsync
0x255ed0e9,0x255ed0e9,WinHttpPalCancelRequest
0x32be2251,0x32be2251,WinHttpPalCreateCmSessionReference
0x5fa574c6,0x5fa574c6,WinHttpPalCreateRequestCtx
0x653dc48a,0x653dc48a,WinHttpPalDllInit
0xc7c09359,0xc7c09359,WinHttpPalDllUnload
0x8bf149ca,0x8bf149ca,WinHttpPalFreeProxyInfo
0xedc66ad4,0xedc66ad4,WinHttpPalFreeRequestCtx
0x41ad452d,0x41ad452d,WinHttpPalGetProxyCreds
0x503cb3f7,0x503cb3f7,WinHttpPalGetProxyForCurrentInterface
0x1e70f74a,0x1e70f74a,WinHttpPalIsImplemented
0x28530ac3,0x28530ac3,WinHttpPalOnSendRequestComplete
0xfec77714,0xfec77714,WinHttpProbeConnectivity
0xbf0482cd,0xbf0482cd,WinHttpQueryAuthSchemes
0x3ff31450,0x3ff31450,WinHttpQueryConnectionGroup
0xd78b92ee,0xd78b92ee,WinHttpQueryDataAvailable
0x868e748f,0x868e748f,WinHttpQueryHeaders
0x63fdddac,0x63fdddac,WinHttpQueryHeadersEx
0xcf680c4c,0xcf680c4c,WinHttpQueryOption
0xb24584d3,0xb24584d3,WinHttpReadData
0x59ba0ef0,0x59ba0ef0,WinHttpReadDataEx
0xb01926cc,0xb01926cc,WinHttpReadProxySettings
0xd2d12d46,0xd2d12d46,WinHttpReadProxySettingsHvsi
0xb19f9dcf,0xb19f9dcf,WinHttpReceiveResponse
0xa9372011,0xa9372011,WinHttpRegisterProxyChangeNotification
0xe027fbdb,0xe027fbdb,WinHttpResetAutoProxy
0xb27c1f9c,0xb27c1f9c,WinHttpSaveProxyCredentials
0x3f838a50,0x3f838a50,WinHttpSendRequest
0xbc9eacd7,0xbc9eacd7,WinHttpSetCredentials
0x7fd4ea28,0x7fd4ea28,WinHttpSetDefaultProxyConfiguration
0xf82f3222,0xf82f3222,WinHttpSetOption
0x1c0562c2,0x1c0562c2,WinHttpSetProxySettingsPerUser
0x7aedb6d4,0x7aedb6d4,WinHttpSetSecureLegacyServersAppCompat
0x23b1555a,0x23b1555a,WinHttpSetStatusCallback
0x32997083,0x32997083,WinHttpSetTimeouts
0x7ed69d34,0x7ed69d34,WinHttpTimeFromSystemTime
0xc70d8603,0xc70d8603,WinHttpTimeToSystemTime
0xb3213a74,0xb3213a74,WinHttpUnregisterProxyChangeNotification
0x198cb7fa,0x198cb7fa,WinHttpWebSocketClose
0x52bf5dc5,0x52bf5dc5,WinHttpWebSocketCompleteUpgrade
0x53032e94,0x53032e94,WinHttpWebSocketQueryCloseStatus
0x210f5ea7,0x210f5ea7,WinHttpWebSocketReceive
0x4e62410e,0x4e62410e,WinHttpWebSocketSend
0x413530a0,0x413530a0,WinHttpWebSocketShutdown
0xd0258762,0xd0258762,WinHttpWriteData
0xc1027a3b,0xc1027a3b,WinHttpWriteProxySettings
0x24339ade,0x24339ade,WinRTPropertyValueToPropVariant
0x79853875,0x79853875,WinSqmAddToAverageDWORD
0x6cb156c6,0x6cb156c6,WinSqmAddToStream
0x5e6229a3,0x5e6229a3,WinSqmAddToStreamEx
0x1dbaeaa4,0x1dbaeaa4,WinSqmCheckEscalationAddToStreamEx
0xdff4a55b,0xdff4a55b,WinSqmCheckEscalationSetDWORD
0xafb36f45,0xafb36f45,WinSqmCheckEscalationSetDWORD64
0x3a711b2,0x03a711b2,WinSqmCheckEscalationSetString
0x6f0ede8e,0x6f0ede8e,WinSqmCommonDatapointDelete
0x566015e7,0x566015e7,WinSqmCommonDatapointSetDWORD
0x6ebd32d1,0x6ebd32d1,WinSqmCommonDatapointSetDWORD64
0x29a51b30,0x29a51b30,WinSqmCommonDatapointSetStreamEx
0x478093be,0x478093be,WinSqmCommonDatapointSetString
0x1f3ea989,0x1f3ea989,WinSqmEndSession
0x5842395b,0x5842395b,WinSqmEventEnabled
0xeeca965b,0xeeca965b,WinSqmEventWrite
0x8204db6d,0x8204db6d,WinSqmGetEscalationRuleStatus
0x7fb4d867,0x7fb4d867,WinSqmGetInstrumentationProperty
0x4fa37d53,0x4fa37d53,WinSqmIncrementDWORD
0x5c917add,0x5c917add,WinSqmIsOptedIn
0xc6dbaf7a,0xc6dbaf7a,WinSqmIsOptedInEx
0x3409c8fa,0x3409c8fa,WinSqmSetDWORD
0x5d9ff6a4,0x5d9ff6a4,WinSqmSetDWORD64
0xff159e69,0xff159e69,WinSqmSetEscalationInfo
0x81a24f,0x0081a24f,WinSqmSetIfMaxDWORD
0x50fff20d,0x50fff20d,WinSqmSetIfMinDWORD
0xda60a931,0xda60a931,WinSqmSetString
0xde9f4ea0,0xde9f4ea0,WinSqmStartSession
0x818c9fd4,0x818c9fd4,WinVerifyTrust
0x1733ee31,0x1733ee31,WinVerifyTrustEx
0xa66b7fca,0xa66b7fca,WinWatchClose
0xde6fffaf,0xde6fffaf,WinWatchDidStatusChange
0x775d5db8,0x775d5db8,WinWatchGetClipList
0x8dbd156d,0x8dbd156d,WinWatchNotify
0x339d4b06,0x339d4b06,WinWatchOpen
0x27774060,0x27774060,WindowFromAccessibleObject
0xad983862,0xad983862,WindowFromDC
0xee84eee2,0xee84eee2,WindowFromPhysicalPoint
0x6760925,0x06760925,WindowFromPoint
0x4da9cb53,0x4da9cb53,WintrustAddActionID
0x7669caa9,0x7669caa9,WintrustAddDefaultForUsage
0xf7e8c724,0xf7e8c724,WintrustCertificateTrust
0x611ad780,0x611ad780,WintrustGetDefaultForUsage
0x5a16611a,0x5a16611a,WintrustGetRegPolicyFlags
0x84851c59,0x84851c59,WintrustLoadFunctionPointers
0x3a36a5b8,0x3a36a5b8,WintrustRemoveActionID
0x3c4cf926,0x3c4cf926,WintrustSetRegPolicyFlags
0xf1356141,0xf1356141,WithMultipleInheritance
0xab37febd,0xab37febd,WmiCloseBlock
0xea6816d3,0xea6816d3,WmiDevInstToInstanceNameA
0xea6816e9,0xea6816e9,WmiDevInstToInstanceNameW
0xbeee99fe,0xbeee99fe,WmiEnumerateGuids
0xb7815bb1,0xb7815bb1,WmiExecuteMethodA
0xb7815bc7,0xb7815bc7,WmiExecuteMethodW
0xc207d362,0xc207d362,WmiFileHandleToInstanceNameA
0xc207d378,0xc207d378,WmiFileHandleToInstanceNameW
0xb3f39838,0xb3f39838,WmiFreeBuffer
0xe5d350a0,0xe5d350a0,WmiMofEnumerateResourcesA
0xe5d350b6,0xe5d350b6,WmiMofEnumerateResourcesW
0x25f7971f,0x25f7971f,WmiNotificationRegistrationA
0x25f79735,0x25f79735,WmiNotificationRegistrationW
0xfd32aa79,0xfd32aa79,WmiOpenBlock
0x79e11586,0x79e11586,WmiQueryAllDataA
0xf9082cd2,0xf9082cd2,WmiQueryAllDataMultipleA
0xf9082ce8,0xf9082ce8,WmiQueryAllDataMultipleW
0x79e1159c,0x79e1159c,WmiQueryAllDataW
0xb0a28e1,0x0b0a28e1,WmiQueryGuidInformation
0x6153e1aa,0x6153e1aa,WmiQuerySingleInstanceA
0xbe06dcf6,0xbe06dcf6,WmiQuerySingleInstanceMultipleA
0xbe06dd0c,0xbe06dd0c,WmiQuerySingleInstanceMultipleW
0x6153e1c0,0x6153e1c0,WmiQuerySingleInstanceW
0x222f881a,0x222f881a,WmiReceiveNotificationsA
0x222f8830,0x222f8830,WmiReceiveNotificationsW
0xe62e9480,0xe62e9480,WmiSetSingleInstanceA
0xe62e9496,0xe62e9496,WmiSetSingleInstanceW
0xd5d1d19a,0xd5d1d19a,WmiSetSingleItemA
0xd5d1d1b0,0xd5d1d1b0,WmiSetSingleItemW
0x28441082,0x28441082,Wow64DisableWow64FsRedirection
0x5d601815,0x5d601815,Wow64EnableWow64FsRedirection
0x70934393,0x70934393,Wow64GetThreadContext
0xbda90821,0xbda90821,Wow64GetThreadSelectorEntry
0x5658af86,0x5658af86,Wow64RevertWow64FsRedirection
0x3110a1f,0x03110a1f,Wow64SetThreadContext
0xc872efd0,0xc872efd0,Wow64SuspendThread
0x6b4e789a,0x6b4e789a,Write
0xd3d03187,0xd3d03187,WriteBuffers
0xbe8f4931,0xbe8f4931,WriteCabinetState
0x7a94b1de,0x7a94b1de,WriteClassStg
0x7a94b1e4,0x7a94b1e4,WriteClassStm
0x7fd4af0e,0x7fd4af0e,WriteConsoleA
0xf6717f9e,0xf6717f9e,WriteConsoleInputA
0x72d87245,0x72d87245,WriteConsoleInputVDMA
0x72d8725b,0x72d8725b,WriteConsoleInputVDMW
0xf6717fb4,0xf6717fb4,WriteConsoleInputW
0xa318ab7f,0xa318ab7f,WriteConsoleOutputA
0x25179ab2,0x25179ab2,WriteConsoleOutputAttribute
0xbed003ac,0xbed003ac,WriteConsoleOutputCharacterA
0xbed003c2,0xbed003c2,WriteConsoleOutputCharacterW
0xa318ab95,0xa318ab95,WriteConsoleOutputW
0x7fd4af24,0x7fd4af24,WriteConsoleW
0xde2a8b2,0x0de2a8b2,WriteEncryptedFileRaw
0x59135a5,0x059135a5,WriteEndScenario
0xe8d5651a,0xe8d5651a,WriteFile
0x73c31cf7,0x73c31cf7,WriteFileEx
0xacb241f5,0xacb241f5,WriteFileGather
0xa4f60c90,0xa4f60c90,WriteFmtUserTypeStg
0x88f3b6e8,0x88f3b6e8,WriteOleStg
0x2baf4de,0x02baf4de,WritePrinter
0xf507011c,0xf507011c,WritePrivateProfileSectionA
0xf5070132,0xf5070132,WritePrivateProfileSectionW
0x2b73ae5e,0x2b73ae5e,WritePrivateProfileStringA
0x2b73ae74,0x2b73ae74,WritePrivateProfileStringW
0x2b7a15cc,0x2b7a15cc,WritePrivateProfileStructA
0x2b7a15e2,0x2b7a15e2,WritePrivateProfileStructW
0xfd227872,0xfd227872,WriteProcessMemory
0x6f63fa21,0x6f63fa21,WriteProfileSectionA
0x6f63fa37,0x6f63fa37,WriteProfileSectionW
0x17e31ac3,0x17e31ac3,WriteProfileStringA
0x17e31ad9,0x17e31ad9,WriteProfileStringW
0xb4d146dc,0xb4d146dc,WriteStorageProperties
0x92e09b31,0x92e09b31,WriteString
0x439e005d,0x439e005d,WriteStringStream
0xfe3033ef,0xfe3033ef,WriteTapemark
0xf87715bf,0xf87715bf,WriteTransfer
0x5d04a6da,0x5d04a6da,WsControl
0x39b76a3e,0x39b76a3e,X3DAudioCalculate
0xae4f4762,0xae4f4762,X3DAudioInitialize
0x48c11f3e,0x48c11f3e,XInputEnable
0x37f7d698,0x37f7d698,XInputGetBatteryInformation
0xb7f5a5e1,0xb7f5a5e1,XInputGetCapabilities
0x733c4502,0x733c4502,XInputGetDSoundAudioDeviceGuids
0x312ac0d8,0x312ac0d8,XInputGetKeystroke
0xcc846378,0xcc846378,XInputGetState
0xdf9a5e04,0xdf9a5e04,XInputSetState
0xf61f445b,0xf61f445b,XRE_GetBootstrap
0x457ab4e1,0x457ab4e1,XRegThunkEntry
0x173670b1,0x173670b1,XcvDataW
0x5e6cf7b6,0x5e6cf7b6,ZombifyActCtx
0x50e9d3bf,0x50e9d3bf,ZwAcceptConnectPort
0xfb723e70,0xfb723e70,ZwAccessCheck
0x79fea387,0x79fea387,ZwAccessCheckAndAuditAlarm
0x33d5824d,0x33d5824d,ZwAccessCheckByType
0xf0c88684,0xf0c88684,ZwAccessCheckByTypeAndAuditAlarm
0x87b9b6e8,0x87b9b6e8,ZwAccessCheckByTypeResultList
0x62c41eff,0x62c41eff,ZwAccessCheckByTypeResultListAndAuditAlarm
0x7e4306c6,0x7e4306c6,ZwAccessCheckByTypeResultListAndAuditAlarmByHandle
0xb713311a,0xb713311a,ZwAddAtom
0x91063f6f,0x91063f6f,ZwAddBootEntry
0xc54d7c27,0xc54d7c27,ZwAddDriverEntry
0xf3f07f4c,0xf3f07f4c,ZwAdjustGroupsToken
0x674834a6,0x674834a6,ZwAdjustPrivilegesToken
0xaa9f3a61,0xaa9f3a61,ZwAlertResumeThread
0xf6f6170,0x0f6f6170,ZwAlertThread
0xea76fb39,0xea76fb39,ZwAllocateLocallyUniqueId
0x9aba4738,0x9aba4738,ZwAllocateReserveObject
0x45733d31,0x45733d31,ZwAllocateUserPhysicalPages
0x19c682f,0x019c682f,ZwAllocateUuids
0x65b9fe25,0x65b9fe25,ZwAllocateVirtualMemory
0x4321ee9f,0x4321ee9f,ZwAlpcAcceptConnectPort
0xf892acb,0x0f892acb,ZwAlpcCancelMessage
0x933117cf,0x933117cf,ZwAlpcConnectPort
0x2eec3259,0x2eec3259,ZwAlpcCreatePort
0x93de918e,0x93de918e,ZwAlpcCreatePortSection
0xff363838,0xff363838,ZwAlpcCreateResourceReserve
0xddcbcec4,0xddcbcec4,ZwAlpcCreateSectionView
0xe38bb611,0xe38bb611,ZwAlpcCreateSecurityContext
0xebfa6ded,0xebfa6ded,ZwAlpcDeletePortSection
0x80972c17,0x80972c17,ZwAlpcDeleteResourceReserve
0x35e7ab23,0x35e7ab23,ZwAlpcDeleteSectionView
0x64eca9f0,0x64eca9f0,ZwAlpcDeleteSecurityContext
0xc3d3b2f,0x0c3d3b2f,ZwAlpcDisconnectPort
0x11411a0,0x011411a0,ZwAlpcImpersonateClientOfPort
0xe7548d2,0x0e7548d2,ZwAlpcOpenSenderProcess
0x14f930b,0x014f930b,ZwAlpcOpenSenderThread
0x92f5dd7c,0x92f5dd7c,ZwAlpcQueryInformation
0x6d3d6361,0x6d3d6361,ZwAlpcQueryInformationMessage
0xdf5ebec9,0xdf5ebec9,ZwAlpcRevokeSecurityContext
0xc548faa7,0xc548faa7,ZwAlpcSendWaitReceivePort
0x3025a452,0x3025a452,ZwAlpcSetInformation
0x5f735e9f,0x5f735e9f,ZwApphelpCacheControl
0xefae5669,0xefae5669,ZwAreMappedFilesTheSame
0x50f1d779,0x50f1d779,ZwAssignProcessToJobObject
0xc3d7604d,0xc3d7604d,ZwCallbackReturn
0xc5e231e,0x0c5e231e,ZwCancelIoFile
0x9c736bfb,0x9c736bfb,ZwCancelIoFileEx
0xbf7fd529,0xbf7fd529,ZwCancelSynchronousIoFile
0xe21c9847,0xe21c9847,ZwCancelTimer
0xd063f69,0x0d063f69,ZwClearEvent
0x68b3bc16,0x68b3bc16,ZwClose
0xbdadcf31,0xbdadcf31,ZwCloseObjectAuditAlarm
0x7e4c5982,0x7e4c5982,ZwCommitComplete
0xe0a7b90c,0xe0a7b90c,ZwCommitEnlistment
0x4529366f,0x4529366f,ZwCommitTransaction
0x5ed70323,0x5ed70323,ZwCompactKeys
0xdb81ca3b,0xdb81ca3b,ZwCompareTokens
0xc8a230c8,0xc8a230c8,ZwCompleteConnectPort
0x8022c2b5,0x8022c2b5,ZwCompressKey
0x2ebba4ef,0x2ebba4ef,ZwConnectPort
0xdba60765,0xdba60765,ZwContinue
0xad82ab92,0xad82ab92,ZwCreateDebugObject
0x333e0a60,0x333e0a60,ZwCreateDirectoryObject
0x820e2797,0x820e2797,ZwCreateEnlistment
0xa7399c16,0xa7399c16,ZwCreateEvent
0xa4634002,0xa4634002,ZwCreateEventPair
0xcec40554,0xcec40554,ZwCreateFile
0xdcd40d26,0xdcd40d26,ZwCreateIoCompletion
0x448e9a26,0x448e9a26,ZwCreateJobObject
0x999624fb,0x999624fb,ZwCreateJobSet
0x34cfb7dd,0x34cfb7dd,ZwCreateKey
0x8d77326,0x08d77326,ZwCreateKeyTransacted
0x27118008,0x27118008,ZwCreateKeyedEvent
0xef438ad9,0xef438ad9,ZwCreateMailslotFile
0xa10c4d6d,0xa10c4d6d,ZwCreateMutant
0xa0aa90c7,0xa0aa90c7,ZwCreateNamedPipeFile
0x1a3d22ca,0x1a3d22ca,ZwCreatePagingFile
0xcec99b79,0xcec99b79,ZwCreatePort
0x160cc73c,0x160cc73c,ZwCreatePrivateNamespace
0xa22bafb3,0xa22bafb3,ZwCreateProcess
0xdbd671d0,0xdbd671d0,ZwCreateProcessEx
0xa22d64e5,0xa22d64e5,ZwCreateProfile
0xe31a3b82,0xe31a3b82,ZwCreateProfileEx
0x4016fe17,0x4016fe17,ZwCreateResourceManager
0x69f792a9,0x69f792a9,ZwCreateSection
0x9c1624b8,0x9c1624b8,ZwCreateSemaphore
0xf390f77b,0xf390f77b,ZwCreateSymbolicLinkObject
0xb07421cc,0xb07421cc,ZwCreateThread
0x9e03ce29,0x9e03ce29,ZwCreateThreadEx
0xa8420b95,0xa8420b95,ZwCreateTimer
0xa8454d55,0xa8454d55,ZwCreateToken
0x135d765a,0x135d765a,ZwCreateTransaction
0x8187b3f5,0x8187b3f5,ZwCreateTransactionManager
0xc1fefbb2,0xc1fefbb2,ZwCreateUserProcess
0xd6380e02,0xd6380e02,ZwCreateWaitablePort
0xf75c1c86,0xf75c1c86,ZwCreateWorkerFactory
0x31028222,0x31028222,ZwDebugActiveProcess
0x3432d34c,0x3432d34c,ZwDebugContinue
0xdd40b543,0xdd40b543,ZwDelayExecution
0x92300fe4,0x92300fe4,ZwDeleteAtom
0x6e0fec79,0x6e0fec79,ZwDeleteBootEntry
0xb7693b1,0x0b7693b1,ZwDeleteDriverEntry
0x92329e93,0x92329e93,ZwDeleteFile
0xce20a53c,0xce20a53c,ZwDeleteKey
0xb87f4aae,0xb87f4aae,ZwDeleteObjectAuditAlarm
0xc38c36fb,0xc38c36fb,ZwDeletePrivateNamespace
0xee5b4ef9,0xee5b4ef9,ZwDeleteValueKey
0x6583fc69,0x6583fc69,ZwDeviceIoControlFile
0x31ce449e,0x31ce449e,ZwDisableLastKnownGood
0x77e893ad,0x77e893ad,ZwDisplayString
0x90ae2213,0x90ae2213,ZwDrawText
0x55763a32,0x55763a32,ZwDuplicateObject
0x2f899bc,0x02f899bc,ZwDuplicateToken
0xdd0aa711,0xdd0aa711,ZwEnableLastKnownGood
0x11d5f74,0x011d5f74,ZwEnumerateBootEntries
0xed91d56c,0xed91d56c,ZwEnumerateDriverEntries
0xe364a98f,0xe364a98f,ZwEnumerateKey
0xcc5590ad,0xcc5590ad,ZwEnumerateSystemEnvironmentValuesEx
0xf4191923,0xf4191923,ZwEnumerateTransactionObject
0x45dff2c,0x045dff2c,ZwEnumerateValueKey
0x67d63e5d,0x67d63e5d,ZwExtendSection
0x67efb787,0x67efb787,ZwFilterToken
0xd156bb12,0xd156bb12,ZwFindAtom
0xf2c54e0f,0xf2c54e0f,ZwFlushBuffersFile
0x1aaae61b,0x1aaae61b,ZwFlushInstallUILanguage
0x7e3e75b8,0x7e3e75b8,ZwFlushInstructionCache
0xc9bdb06b,0xc9bdb06b,ZwFlushKey
0xa5e4fd99,0xa5e4fd99,ZwFlushProcessWriteBuffers
0xa6de9e82,0xa6de9e82,ZwFlushVirtualMemory
0xb08d81a7,0xb08d81a7,ZwFlushWriteBuffer
0xd50163ce,0xd50163ce,ZwFreeUserPhysicalPages
0xa98b5e42,0xa98b5e42,ZwFreeVirtualMemory
0xa4ae229a,0xa4ae229a,ZwFreezeRegistry
0x39edb93a,0x39edb93a,ZwFreezeTransactions
0x9267513a,0x9267513a,ZwFsControlFile
0xda4e97d,0x0da4e97d,ZwGetContextThread
0xc5df0cac,0xc5df0cac,ZwGetCurrentProcessorNumber
0xf3e5f79e,0xf3e5f79e,ZwGetDevicePowerState
0x60bf0090,0x60bf0090,ZwGetMUIRegistryInfo
0x35ab221e,0x35ab221e,ZwGetNextProcess
0x294972d7,0x294972d7,ZwGetNextThread
0xc96510d8,0xc96510d8,ZwGetNlsSectionPtr
0x14a7bca,0x014a7bca,ZwGetNotificationResourceManager
0xef97d9f0,0xef97d9f0,ZwGetPlugPlayEvent
0x8689d0a2,0x8689d0a2,ZwGetWriteWatch
0xb1a9b951,0xb1a9b951,ZwImpersonateAnonymousToken
0x7fbb4ec0,0x7fbb4ec0,ZwImpersonateClientOfPort
0x7d916ddf,0x7d916ddf,ZwImpersonateThread
0xcc922572,0xcc922572,ZwInitializeNlsFiles
0x4942e14b,0x4942e14b,ZwInitializeRegistry
0x364ab8e2,0x364ab8e2,ZwInitiatePowerAction
0x2a68cb8d,0x2a68cb8d,ZwIsProcessInJob
0x7c095419,0x7c095419,ZwIsSystemResumeAutomatic
0x1baea097,0x1baea097,ZwIsUILanguageComitted
0x5a9a5e54,0x5a9a5e54,ZwListenPort
0x5c9c374c,0x5c9c374c,ZwLoadDriver
0x1f58c469,0x1f58c469,ZwLoadKey
0xa7151bb,0x0a7151bb,ZwLoadKey2
0x589b8c06,0x589b8c06,ZwLoadKeyEx
0xf97a029,0x0f97a029,ZwLockFile
0x9fe94fb8,0x9fe94fb8,ZwLockProductActivationKeys
0x168548b,0x0168548b,ZwLockRegistryKey
0x12f9b6e9,0x12f9b6e9,ZwLockVirtualMemory
0xe442363f,0xe442363f,ZwMakePermanentObject
0x3293c338,0x3293c338,ZwMakeTemporaryObject
0xe47b1a3a,0xe47b1a3a,ZwMapCMFModule
0x6556ceea,0x6556ceea,ZwMapUserPhysicalPages
0x193cec40,0x193cec40,ZwMapUserPhysicalPagesScatter
0x92b5e8a3,0x92b5e8a3,ZwMapViewOfSection
0xcaab9f0e,0xcaab9f0e,ZwModifyBootEntry
0xfdc93f86,0xfdc93f86,ZwModifyDriverEntry
0xc82be674,0xc82be674,ZwNotifyChangeDirectoryFile
0x21469f08,0x21469f08,ZwNotifyChangeKey
0x83c07e47,0x83c07e47,ZwNotifyChangeMultipleKeys
0xf9b51303,0xf9b51303,ZwNotifyChangeSession
0xd5d2a09e,0xd5d2a09e,ZwOpenDirectoryObject
0x5cfe5f15,0x5cfe5f15,ZwOpenEnlistment
0xed2bacd4,0xed2bacd4,ZwOpenEvent
0xc24b7fc0,0xc24b7fc0,ZwOpenEventPair
0x2637f652,0x2637f652,ZwOpenFile
0x34b01c24,0x34b01c24,ZwOpenIoCompletion
0x6276d9e4,0x6276d9e4,ZwOpenJobObject
0x8ea811b,0x08ea811b,ZwOpenKey
0xed8f3d38,0xed8f3d38,ZwOpenKeyEx
0x5c3561e4,0x5c3561e4,ZwOpenKeyTransacted
0x3f157441,0x3f157441,ZwOpenKeyTransactedEx
0x201b786,0x0201b786,ZwOpenKeyedEvent
0xa54075eb,0xa54075eb,ZwOpenMutant
0x2738ed,0x002738ed,ZwOpenObjectAuditAlarm
0xb34253a,0x0b34253a,ZwOpenPrivateNamespace
0x2ce4e7f1,0x2ce4e7f1,ZwOpenProcess
0xeb674392,0xeb674392,ZwOpenProcessToken
0x6246796f,0x6246796f,ZwOpenProcessTokenEx
0xe2ab9455,0xe2ab9455,ZwOpenResourceManager
0xf4b0cae7,0xf4b0cae7,ZwOpenSection
0xb9fe6476,0xb9fe6476,ZwOpenSemaphore
0xf5d1c696,0xf5d1c696,ZwOpenSession
0xd007ccf9,0xd007ccf9,ZwOpenSymbolicLinkObject
0xb4a84a4a,0xb4a84a4a,ZwOpenThread
0x2e33058b,0x2e33058b,ZwOpenThreadToken
0x870a9da8,0x870a9da8,ZwOpenThreadTokenEx
0xee341c53,0xee341c53,ZwOpenTimer
0x4c549d98,0x4c549d98,ZwOpenTransaction
0x5dfe8973,0x5dfe8973,ZwOpenTransactionManager
0x4d8a218f,0x4d8a218f,ZwPlugPlayControl
0x12ecea53,0x12ecea53,ZwPowerInformation
0xf41b300f,0xf41b300f,ZwPrePrepareComplete
0x58666d9,0x058666d9,ZwPrePrepareEnlistment
0x99972f88,0x99972f88,ZwPrepareComplete
0xfa002892,0xfa002892,ZwPrepareEnlistment
0x9a505d65,0x9a505d65,ZwPrivilegeCheck
0xe0cbca22,0xe0cbca22,ZwPrivilegeObjectAuditAlarm
0xa0829b40,0xa0829b40,ZwPrivilegedServiceAuditAlarm
0x55e7f67d,0x55e7f67d,ZwPropagationComplete
0x7dbbad89,0x7dbbad89,ZwPropagationFailed
0xf8972681,0xf8972681,ZwProtectVirtualMemory
0x1b019eab,0x1b019eab,ZwPulseEvent
0x498859dd,0x498859dd,ZwQueryAttributesFile
0x983c5598,0x983c5598,ZwQueryBootEntryOrder
0xbd0b6ab6,0xbd0b6ab6,ZwQueryBootOptions
0x5ee7dcc4,0x5ee7dcc4,ZwQueryDebugFilterState
0x3b87caab,0x3b87caab,ZwQueryDefaultLocale
0x9f7fb0dd,0x9f7fb0dd,ZwQueryDefaultUILanguage
0x598cc0eb,0x598cc0eb,ZwQueryDirectoryFile
0x43f5e42,0x043f5e42,ZwQueryDirectoryObject
0x71edb490,0x71edb490,ZwQueryDriverEntryOrder
0xe6e8e43c,0xe6e8e43c,ZwQueryEaFile
0x8aec4d78,0x8aec4d78,ZwQueryEvent
0x36268cb0,0x36268cb0,ZwQueryFullAttributesFile
0x37912d6d,0x37912d6d,ZwQueryInformationAtom
0x14cdd45f,0x14cdd45f,ZwQueryInformationEnlistment
0x3793bc1c,0x3793bc1c,ZwQueryInformationFile
0xe427cdee,0xe427cdee,ZwQueryInformationJobObject
0x37995241,0x37995241,ZwQueryInformationPort
0xf0d5517b,0xf0d5517b,ZwQueryInformationProcess
0x6c09e7df,0x6c09e7df,ZwQueryInformationResourceManager
0x8c0caa94,0x8c0caa94,ZwQueryInformationThread
0x2b0bdd1d,0x2b0bdd1d,ZwQueryInformationToken
0xfe12bc22,0xfe12bc22,ZwQueryInformationTransaction
0x6ba8bd,0x006ba8bd,ZwQueryInformationTransactionManager
0x6479f44e,0x6479f44e,ZwQueryInformationWorkerFactory
0x3db1e16f,0x3db1e16f,ZwQueryInstallUILanguage
0xea483e2c,0xea483e2c,ZwQueryIntervalProfile
0x59a91c48,0x59a91c48,ZwQueryIoCompletion
0x8002a8bf,0x8002a8bf,ZwQueryKey
0x828f5076,0x828f5076,ZwQueryLicenseValue
0x32f52728,0x32f52728,ZwQueryMultipleValueKey
0xfb152b0f,0xfb152b0f,ZwQueryMutant
0xfe623e8d,0xfe623e8d,ZwQueryObject
0xaea0316e,0xaea0316e,ZwQueryOpenSubKeys
0xd7724e4b,0xd7724e4b,ZwQueryOpenSubKeysEx
0xc030ffa8,0xc030ffa8,ZwQueryPerformanceCounter
0x78520960,0x78520960,ZwQueryPortInformationProcess
0x6a596546,0x6a596546,ZwQueryQuotaInformationFile
0x51c248b,0x051c248b,ZwQuerySection
0xcf58dd96,0xcf58dd96,ZwQuerySecurityAttributesToken
0xd15dde25,0xd15dde25,ZwQuerySecurityObject
0x92a6b71a,0x92a6b71a,ZwQuerySemaphore
0xdef1581d,0xdef1581d,ZwQuerySymbolicLinkObject
0x42725c6d,0x42725c6d,ZwQuerySystemEnvironmentValue
0xa87b350a,0xa87b350a,ZwQuerySystemEnvironmentValueEx
0xb13d09a1,0xb13d09a1,ZwQuerySystemInformation
0xf4a5ff3e,0xf4a5ff3e,ZwQuerySystemInformationEx
0x27f6b68a,0x27f6b68a,ZwQuerySystemTime
0x8bf4bcf7,0x8bf4bcf7,ZwQueryTimer
0x958468ab,0x958468ab,ZwQueryTimerResolution
0x4e8afc5c,0x4e8afc5c,ZwQueryValueKey
0x94250fd6,0x94250fd6,ZwQueryVirtualMemory
0xfd0578b4,0xfd0578b4,ZwQueryVolumeInformationFile
0xa758cf31,0xa758cf31,ZwQueueApcThread
0xe0c968ce,0xe0c968ce,ZwQueueApcThreadEx
0xc47a6323,0xc47a6323,ZwRaiseException
0x654eec7d,0x654eec7d,ZwRaiseHardError
0x9233411c,0x9233411c,ZwReadFile
0x2c40b232,0x2c40b232,ZwReadFileScatter
0xd2e3f621,0xd2e3f621,ZwReadOnlyEnlistment
0xf7226fdf,0xf7226fdf,ZwReadRequestData
0x24b1193c,0x24b1193c,ZwReadVirtualMemory
0xcb5728f9,0xcb5728f9,ZwRecoverEnlistment
0xf8c22cb9,0xf8c22cb9,ZwRecoverResourceManager
0x17e4f757,0x17e4f757,ZwRecoverTransactionManager
0xccd11ca3,0xccd11ca3,ZwRegisterProtocolAddressInformation
0x2bcfd88b,0x2bcfd88b,ZwRegisterThreadTerminatePort
0x42293c55,0x42293c55,ZwReleaseKeyedEvent
0xc31feb3a,0xc31feb3a,ZwReleaseMutant
0x3fd10b65,0x3fd10b65,ZwReleaseSemaphore
0x7bf926d,0x07bf926d,ZwReleaseWorkerFactoryWorker
0x212135e0,0x212135e0,ZwRemoveIoCompletion
0xee46373d,0xee46373d,ZwRemoveIoCompletionEx
0xd6b13534,0xd6b13534,ZwRemoveProcessDebug
0xbd0ffec1,0xbd0ffec1,ZwRenameKey
0xe978f659,0xe978f659,ZwRenameTransactionManager
0x6a3fd585,0x6a3fd585,ZwReplaceKey
0x5bac25d6,0x5bac25d6,ZwReplacePartitionUnit
0x717b7411,0x717b7411,ZwReplyPort
0xe358c249,0xe358c249,ZwReplyWaitReceivePort
0x1c9281e6,0x1c9281e6,ZwReplyWaitReceivePortEx
0x6051a132,0x6051a132,ZwReplyWaitReplyPort
0xcf5547ae,0xcf5547ae,ZwRequestPort
0x9263d56f,0x9263d56f,ZwRequestWaitReplyPort
0x3e6a91e5,0x3e6a91e5,ZwResetEvent
0xfbebd725,0xfbebd725,ZwResetWriteWatch
0xb88ee28d,0xb88ee28d,ZwRestoreKey
0x38dfa970,0x38dfa970,ZwResumeProcess
0xa58157e9,0xa58157e9,ZwResumeThread
0xd56ece83,0xd56ece83,ZwRollbackComplete
0x8a3b724d,0x8a3b724d,ZwRollbackEnlistment
0x213417d0,0x213417d0,ZwRollbackTransaction
0x50037d0f,0x50037d0f,ZwRollforwardTransactionManager
0x1b04c3d8,0x1b04c3d8,ZwSaveKey
0xef452335,0xef452335,ZwSaveKeyEx
0x9033a9f,0x09033a9f,ZwSaveMergedKeys
0x312537f6,0x312537f6,ZwSecureConnectPort
0x68ad069c,0x68ad069c,ZwSerializeBoot
0xb685ecae,0xb685ecae,ZwSetBootEntryOrder
0x7b18698c,0x7b18698c,ZwSetBootOptions
0xa022b009,0xa022b009,ZwSetContextThread
0x35f3915a,0x35f3915a,ZwSetDebugFilterState
0x8cb7cfdf,0x8cb7cfdf,ZwSetDefaultHardErrorPort
0xb0cfd701,0xb0cfd701,ZwSetDefaultLocale
0x5801f833,0x5801f833,ZwSetDefaultUILanguage
0x48f96926,0x48f96926,ZwSetDriverEntryOrder
0xbd2fc552,0xbd2fc552,ZwSetEaFile
0xa8b063ce,0xa8b063ce,ZwSetEvent
0xabfd7,0x000abfd7,ZwSetEventBoostPriority
0x83f3255a,0x83f3255a,ZwSetHighEventPair
0x97ed7941,0x97ed7941,ZwSetHighWaitLowEventPair
0x58da3e70,0x58da3e70,ZwSetInformationDebugObject
0x492fd6b5,0x492fd6b5,ZwSetInformationEnlistment
0x1f1035f2,0x1f1035f2,ZwSetInformationFile
0xc87dd84,0x0c87dd84,ZwSetInformationJobObject
0xe1e94cbb,0xe1e94cbb,ZwSetInformationKey
0x38743109,0x38743109,ZwSetInformationObject
0xb9a08391,0xb9a08391,ZwSetInformationProcess
0x2098cff5,0x2098cff5,ZwSetInformationResourceManager
0x448ef1ea,0x448ef1ea,ZwSetInformationThread
0x21791b3,0x021791b3,ZwSetInformationToken
0xbeb50938,0xbeb50938,ZwSetInformationTransaction
0x917da113,0x917da113,ZwSetInformationTransactionManager
0xd6e3dee4,0xd6e3dee4,ZwSetInformationWorkerFactory
0xd1c4b802,0xd1c4b802,ZwSetIntervalProfile
0xd955f5de,0xd955f5de,ZwSetIoCompletion
0x86aaeebb,0x86aaeebb,ZwSetIoCompletionEx
0xcfb32eaa,0xcfb32eaa,ZwSetLdtEntries
0x2720be8c,0x2720be8c,ZwSetLowEventPair
0xae5be1e1,0xae5be1e1,ZwSetLowWaitHighEventPair
0x92b974dc,0x92b974dc,ZwSetQuotaInformationFile
0xefa7753b,0xefa7753b,ZwSetSecurityObject
0x314a983,0x0314a983,ZwSetSystemEnvironmentValue
0x1ae51fa0,0x1ae51fa0,ZwSetSystemEnvironmentValueEx
0x69bf50f7,0x69bf50f7,ZwSetSystemInformation
0xfaf5ae5f,0xfaf5ae5f,ZwSetSystemPowerState
0x9a5432a0,0x9a5432a0,ZwSetSystemTime
0x2a094339,0x2a094339,ZwSetThreadExecutionState
0xa9b8d34d,0xa9b8d34d,ZwSetTimer
0xfb3ae3ea,0xfb3ae3ea,ZwSetTimerEx
0x7d00e281,0x7d00e281,ZwSetTimerResolution
0xe11cda64,0xe11cda64,ZwSetUuidSeed
0xd20e7af2,0xd20e7af2,ZwSetValueKey
0x31677b0a,0x31677b0a,ZwSetVolumeInformationFile
0x4d9d57e1,0x4d9d57e1,ZwShutdownSystem
0x7dab68ee,0x7dab68ee,ZwShutdownWorkerFactory
0x814b8286,0x814b8286,ZwSignalAndWaitForSingleObject
0x8007c1d0,0x8007c1d0,ZwSinglePhaseReject
0x6c688f5f,0x6c688f5f,ZwStartProfile
0xb7e3ca77,0xb7e3ca77,ZwStopProfile
0x27016ae1,0x27016ae1,ZwSuspendProcess
0xeac82f3a,0xeac82f3a,ZwSuspendThread
0x9182a38d,0x9182a38d,ZwSystemDebugControl
0xffdae61b,0xffdae61b,ZwTerminateJobObject
0x869a7a68,0x869a7a68,ZwTerminateProcess
0xde29e9e1,0xde29e9e1,ZwTerminateThread
0x50262538,0x50262538,ZwTestAlert
0x792c574d,0x792c574d,ZwThawRegistry
0xd70d0f6d,0xd70d0f6d,ZwThawTransactions
0xf7bd95d0,0xf7bd95d0,ZwTraceControl
0xd73e9e71,0xd73e9e71,ZwTraceEvent
0x1da8bb7b,0x1da8bb7b,ZwTranslateFilePath
0x51240984,0x51240984,ZwUmsThreadYield
0x8cb6be8f,0x8cb6be8f,ZwUnloadDriver
0xeeafda8c,0xeeafda8c,ZwUnloadKey
0xc4ab2c3e,0xc4ab2c3e,ZwUnloadKey2
0x5a10b6e9,0x5a10b6e9,ZwUnloadKeyEx
0xc9d17aac,0xc9d17aac,ZwUnlockFile
0x6e5114cc,0x6e5114cc,ZwUnlockVirtualMemory
0x9d79626,0x09d79626,ZwUnmapViewOfSection
0xe8c96a8,0x0e8c96a8,ZwVdmControl
0xa1d41205,0xa1d41205,ZwWaitForDebugEvent
0x2164e430,0x2164e430,ZwWaitForKeyedEvent
0x32fb32,0x0032fb32,ZwWaitForMultipleObjects
0xd8de9677,0xd8de9677,ZwWaitForMultipleObjects32
0xde576d5,0x0de576d5,ZwWaitForSingleObject
0x38be8231,0x38be8231,ZwWaitForWorkViaWorkerFactory
0x1ae2fd03,0x1ae2fd03,ZwWaitHighEventPair
0x1c2fc515,0x1c2fc515,ZwWaitLowEventPair
0xfb666f41,0xfb666f41,ZwWorkerFactoryWorkerReady
0xe1289bb3,0xe1289bb3,ZwWow64CallFunction64
0x38fd19c2,0x38fd19c2,ZwWow64CsrAllocateCaptureBuffer
0xc9db337a,0xc9db337a,ZwWow64CsrAllocateMessagePointer
0xfac59e82,0xfac59e82,ZwWow64CsrCaptureMessageBuffer
0x2261db1f,0x2261db1f,ZwWow64CsrCaptureMessageString
0xc6c254a1,0xc6c254a1,ZwWow64CsrClientCallServer
0x989233d2,0x989233d2,ZwWow64CsrClientConnectToServer
0x94d60a5f,0x94d60a5f,ZwWow64CsrFreeCaptureBuffer
0xbdb0221b,0xbdb0221b,ZwWow64CsrGetProcessId
0x4ceadcef,0x4ceadcef,ZwWow64CsrIdentifyAlertableThread
0xbb0679c8,0xbb0679c8,ZwWow64CsrVerifyRegion
0x74d77dc8,0x74d77dc8,ZwWow64DebuggerCall
0x215d57f0,0x215d57f0,ZwWow64GetCurrentProcessorNumberEx
0xa595b179,0xa595b179,ZwWow64GetNativeSystemInformation
0xf1fe624b,0xf1fe624b,ZwWow64InterlockedPopEntrySList
0x2c13248c,0x2c13248c,ZwWow64QueryInformationProcess64
0xa0d5d147,0xa0d5d147,ZwWow64QueryVirtualMemory64
0x9c9bcf4d,0x9c9bcf4d,ZwWow64ReadVirtualMemory64
0x41170bbc,0x41170bbc,ZwWow64WriteVirtualMemory64
0xada3940b,0xada3940b,ZwWriteFile
0xc27e21a6,0xc27e21a6,ZwWriteFileGather
0x7c383fee,0x7c383fee,ZwWriteRequestData
0x467b290b,0x467b290b,ZwWriteVirtualMemory
0x677e9eb,0x0677e9eb,ZwYieldExecution
0x70b10280,0x70b10280,_CIacos
0x70b145c5,0x70b145c5,_CIasin
0x70b148fe,0x70b148fe,_CIatan
0x86da68f0,0x86da68f0,_CIatan2
0xe4627e7f,0xe4627e7f,_CIcos
0x70b24ec7,0x70b24ec7,_CIcosh
0xe4628827,0xe4628827,_CIexp
0x70b3eae0,0x70b3eae0,_CIfmod
0xe462a4bc,0xe462a4bc,_CIlog
0x879eca3d,0x879eca3d,_CIlog10
0xe462b5d0,0xe462b5d0,_CIpow
0xe462c1c4,0xe462c1c4,_CIsin
0x70bafaac,0x70bafaac,_CIsinh
0x70bb1d44,0x70bb1d44,_CIsqrt
0xe462c4fd,0xe462c4fd,_CItan
0x70bb6505,0x70bb6505,_CItanh
0x1a37bd72,0x1a37bd72,_CRT_RTC_INIT
0xdd0eab39,0xdd0eab39,_CreateFrameInfo
0x5643704,0x05643704,_CxxThrowException
0x72ce349f,0x72ce349f,_EFN_DumpImage
0x1bb886d,0x01bb886d,_EH_prolog
0xe61031de,0xe61031de,_FindAndUnlinkFrame
0xe4adddb3,0xe4adddb3,_Form1
0xd339c592,0xd339c592,_GetFileExtensionFromUrl
0xfd62dabf,0xfd62dabf,_Getdays
0xf77a5527,0xf77a5527,_Getmonths
0x7b519f6,0x07b519f6,_Gettnames
0x6bc7d9b7,0x6bc7d9b7,_HUGE
0x60b470d,0x060b470d,_IsExceptionObjectToBeDestroyed
0x79ce62d0,0x79ce62d0,_NLG_Dispatch2
0xa15deb8e,0xa15deb8e,_NLG_Return
0xcd1b5d80,0xcd1b5d80,_NLG_Return2
0x3f9a0d91,0x3f9a0d91,_NSSUTIL_Access
0x3a1d7c3f,0x3a1d7c3f,_PK11_ContextGetAEADSimulation
0x1c54144b,0x1c54144b,_PK11_ContextSetAEADSimulation
0xaf04c7a2,0xaf04c7a2,_PR_AddSleepQ
0x37b7a33b,0x37b7a33b,_PR_CreateThread
0x608dd58e,0x608dd58e,_PR_DelSleepQ
0xec55092a,0xec55092a,_PR_GetPrimordialCPU
0x6b9524b9,0x6b9524b9,_PR_MD_FREE_CV
0xc217152e,0xc217152e,_PR_MD_INIT_LOCKS
0xd48f461,0x0d48f461,_PR_MD_NEW_CV
0x835c6b31,0x835c6b31,_PR_MD_NEW_LOCK
0xffacba29,0xffacba29,_PR_MD_NOTIFYALL_CV
0xed54d30,0x0ed54d30,_PR_MD_NOTIFY_CV
0x1e39a10b,0x1e39a10b,_PR_MD_UNLOCK
0x60dc168c,0x60dc168c,_PR_MD_WAIT_CV
0x4a09c122,0x4a09c122,_PR_NativeCreateThread
0xb8670990,0xb8670990,_SetWinRTOutOfMemoryExceptionCallback
0x3b01c2fc,0x3b01c2fc,_Strftime
0x896f9f6e,0x896f9f6e,_TrackMouseEvent
0x253d8953,0x253d8953,_UserTestTokenForInteractive
0x4c4de353,0x4c4de353,_XcptFilter
0xf8d0a5ba,0xf8d0a5ba,_Z10utf8ToUCS4PKcPPj
0x39922bbf,0x39922bbf,_Z11localtime_rPKlP2tm
0x72464f92,0x72464f92,_Z11utf16ToUtf8PKtPi
0x1d25d45e,0x1d25d45e,_Z11utf16ToUtf8PKtiPci
0x3d17c141,0x3d17c141,_Z11utf8ToUtf16PKcPi
0xe21a6ffe,0xe21a6ffe,_Z11utf8ToUtf16PKciPti
0x23659276,0x23659276,_Z12appendToPathP9GooStringPKc
0x4872648d,0x4872648d,_Z13gbase64EncodeB5cxx11PKvj
0xc6506ad9,0xc6506ad9,_Z13utf8CountUCS4PKc
0x27000016,0x27000016,_Z15parseDateStringPK9GooStringPiS2_S2_S2_S2_S2_PcS2_S2_
0x3a000ad,0x03a000ad,_Z15unicodeToAscii7St4spanIjLj4294967295EEPPjPiPKiPS3_
0xa229b76d,0xa229b76d,_Z16TextStringToUCS4RKNSt7__cxx1112basic_stringIcSt11char_traitsIcESaIcEEE
0xe6458855,0xe6458855,_Z16TextStringToUtf8RKNSt7__cxx1112basic_stringIcSt11char_traitsIcESaIcEEE
0x2c242346,0x2c242346,_Z16dateStringToTimePK9GooString
0x8af7f905,0x8af7f905,_Z16setErrorCallbackPFv13ErrorCategoryxPKcE
0xc962919d,0xc962919d,_Z16timeToDateStringPKl
0x5e0276ab,0x5e0276ab,_Z18utf8ToUtf16WithBomRKNSt7__cxx1112basic_stringIcSt11char_traitsIcESaIcEEE
0xf2a2996e,0xf2a2996e,_Z19utf16CountUtf8BytesPKt
0xac6695be,0xac6695be,_Z20unicodeNormalizeNFKCPKjiPiPS1_
0x39394de0,0x39394de0,_Z20unicodeNormalizeNFKCPKjiPiPS1_b
0x4c289a57,0x4c289a57,_Z21ft_new_face_from_fileP14FT_LibraryRec_PKclPP11FT_FaceRec_
0xc21a70d4,0xc21a70d4,_Z21pdfDocEncodingToUTF16RKNSt7__cxx1112basic_stringIcSt11char_traitsIcESaIcEEEPi
0xc1824eaa,0xc1824eaa,_Z22make_GfxLCMSProfilePtrPv
0xb9c2d1eb,0xb9c2d1eb,_Z22timeToStringWithFormatB5cxx11PKlPKc
0x535a253f,0x535a253f,_Z23utf8CountUtf16CodeUnitsPKc
0x3121ecf0,0x3121ecf0,_Z26getFileSpecNameForPlatformPK6Object
0xce7252a3,0xce7252a3,_Z5error13ErrorCategoryxPKcz
0x5c567d2e,0x5c567d2e,_Z6GfseekP6_iobufxi
0x870a7c56,0x870a7c56,_Z6GftellP6_iobuf
0x54a9cba4,0x54a9cba4,_Z6timegmP2tm
0x3778a5bd,0x3778a5bd,_Z7getLinePciP6_iobuf
0xdb3140ea,0xdb3140ea,_Z7mapUTF8jPci
0x1f26bfbe,0x1f26bfbe,_Z8gmtime_rPKlP2tm
0xd85312f2,0xd85312f2,_Z8openFilePKcS0_
0xf9fdbace,0xf9fdbace,_Z9gbasenameB5cxx11PKc
0x6c3fafbe,0x6c3fafbe,_ZN10ActualText3endEPK8GfxState
0x3ecb041e,0x3ecb041e,_ZN10ActualText5beginEPK8GfxStatePK9GooString
0xc87046c3,0xc87046c3,_ZN10ActualText7addCharEPK8GfxStateddddjiPKji
0x7aa405f9,0x7aa405f9,_ZN10ActualTextC1EP8TextPage
0xab97635a,0xab97635a,_ZN10ActualTextC2EP8TextPage
0x18183ee6,0x18183ee6,_ZN10ActualTextD1Ev
0x18184327,0x18184327,_ZN10ActualTextD2Ev
0x505bf75c,0x505bf75c,_ZN10AnnotCaret10initializeEP6PDFDocP4Dict
0x93c9ddb7,0x93c9ddb7,_ZN10AnnotCaret9setSymbolENS_16AnnotCaretSymbolE
0xfd71fe10,0xfd71fe10,_ZN10AnnotCaretC1EP6PDFDocO6ObjectPKS2_
0x683a6897,0x683a6897,_ZN10AnnotCaretC1EP6PDFDocP12PDFRectangle
0xc5a79cd1,0xc5a79cd1,_ZN10AnnotCaretC2EP6PDFDocO6ObjectPKS2_
0x1452bb98,0x1452bb98,_ZN10AnnotCaretC2EP6PDFDocP12PDFRectangle
0x9be2c0f5,0x9be2c0f5,_ZN10AnnotCaretD0Ev
0x9be2c536,0x9be2c536,_ZN10AnnotCaretD1Ev
0x9be2c977,0x9be2c977,_ZN10AnnotCaretD2Ev
0x42923ff0,0x42923ff0,_ZN10AnnotColor11adjustColorEi
0xe32706fc,0xe32706fc,_ZN10AnnotColorC1EP5Arrayi
0xd0cdd5d3,0xd0cdd5d3,_ZN10AnnotColorC1Ed
0x3b9aa3db,0x3b9aa3db,_ZN10AnnotColorC1Eddd
0xaeef1f9f,0xaeef1f9f,_ZN10AnnotColorC1Edddd
0xd0cdd5e5,0xd0cdd5e5,_ZN10AnnotColorC1Ev
0xe731981d,0xe731981d,_ZN10AnnotColorC2EP5Arrayi
0xd0cdda14,0xd0cdda14,_ZN10AnnotColorC2Ed
0x3bacbc5c,0x3bacbc5c,_ZN10AnnotColorC2Eddd
0xb1444840,0xb1444840,_ZN10AnnotColorC2Edddd
0xd0cdda26,0xd0cdda26,_ZN10AnnotColorC2Ev
0x9084488d,0x9084488d,_ZN10AnnotMovie10initializeEP6PDFDocP4Dict
0xe864ad68,0xe864ad68,_ZN10AnnotMovie4drawEP3Gfxb
0x741374e1,0x741374e1,_ZN10AnnotMovieC1EP6PDFDocO6ObjectPKS2_
0xf315510d,0xf315510d,_ZN10AnnotMovieC1EP6PDFDocP12PDFRectangleP5Movie
0x3c4913a2,0x3c4913a2,_ZN10AnnotMovieC2EP6PDFDocO6ObjectPKS2_
0x587418ee,0x587418ee,_ZN10AnnotMovieC2EP6PDFDocP12PDFRectangleP5Movie
0x5086f546,0x5086f546,_ZN10AnnotMovieD0Ev
0x5086f987,0x5086f987,_ZN10AnnotMovieD1Ev
0x5086fdc8,0x5086fdc8,_ZN10AnnotMovieD2Ev
0xcd0b7da1,0xcd0b7da1,_ZN10AnnotPopup10initializeEP6PDFDocP4Dict
0xb0516527,0xb0516527,_ZN10AnnotPopup7setOpenEb
0x98aa4de4,0x98aa4de4,_ZN10AnnotPopup9setParentEP5Annot
0x1c3ca275,0x1c3ca275,_ZN10AnnotPopupC1EP6PDFDocO6ObjectPKS2_
0x643fba3c,0x643fba3c,_ZN10AnnotPopupC1EP6PDFDocP12PDFRectangle
0xe4724136,0xe4724136,_ZN10AnnotPopupC2EP6PDFDocO6ObjectPKS2_
0x10580d3d,0x10580d3d,_ZN10AnnotPopupC2EP6PDFDocP12PDFRectangle
0xfce3d0da,0xfce3d0da,_ZN10AnnotPopupD0Ev
0xfce3d51b,0xfce3d51b,_ZN10AnnotPopupD1Ev
0xfce3d95c,0xfce3d95c,_ZN10AnnotPopupD2Ev
0x4c242992,0x4c242992,_ZN10AnnotStamp10initializeEP6PDFDocP4Dict
0x602b082b,0x602b082b,_ZN10AnnotStamp14setCustomImageEP21AnnotStampImageHelper
0x658556a3,0x658556a3,_ZN10AnnotStamp16clearCustomImageEv
0xb267d07d,0xb267d07d,_ZN10AnnotStamp29generateStampCustomAppearanceEv
0xc7d7a09f,0xc7d7a09f,_ZN10AnnotStamp30generateStampDefaultAppearanceEv
0x87c4050d,0x87c4050d,_ZN10AnnotStamp4drawEP3Gfxb
0xd89bda92,0xd89bda92,_ZN10AnnotStamp7setIconEP9GooString
0x8e6e6c06,0x8e6e6c06,_ZN10AnnotStampC1EP6PDFDocO6ObjectPKS2_
0x2a0a2c0d,0x2a0a2c0d,_ZN10AnnotStampC1EP6PDFDocP12PDFRectangle
0x56a40ac7,0x56a40ac7,_ZN10AnnotStampC2EP6PDFDocO6ObjectPKS2_
0xd6227f0e,0xd6227f0e,_ZN10AnnotStampC2EP6PDFDocP12PDFRectangle
0x624f77eb,0x624f77eb,_ZN10AnnotStampD0Ev
0x624f7c2c,0x624f7c2c,_ZN10AnnotStampD1Ev
0x624f806d,0x624f806d,_ZN10AnnotStampD2Ev
0x8701970b,0x8701970b,_ZN10BaseStreamC1EO6Objectx
0xc5e4c4c,0x0c5e4c4c,_ZN10BaseStreamC2EO6Objectx
0x12bce86d,0x12bce86d,_ZN10BaseStreamD0Ev
0x12bcecae,0x12bcecae,_ZN10BaseStreamD1Ev
0x12bcf0ef,0x12bcf0ef,_ZN10BaseStreamD2Ev
0xf362ea3e,0xf362ea3e,_ZN10CachedFile4readEPvjj
0xa71042a5,0xa71042a5,_ZN10CachedFile4seekEli
0x930bee4f,0x930bee4f,_ZN10CachedFile4tellEv
0xa2f107fe,0xa2f107fe,_ZN10CachedFile5cacheERKSt6vectorI10_ByteRangeSaIS1_EE
0xbf1331,0x00bf1331,_ZN10CachedFile5cacheEjj
0x1ccddef1,0x1ccddef1,_ZN10CachedFile9decRefCntEv
0xdbfc835f,0xdbfc835f,_ZN10CachedFile9incRefCntEv
0xd240d2ae,0xd240d2ae,_ZN10CachedFileC1EP16CachedFileLoader
0x234dcd2f,0x234dcd2f,_ZN10CachedFileC2EP16CachedFileLoader
0x8184eb7f,0x8184eb7f,_ZN10CachedFileD1Ev
0x8184efc0,0x8184efc0,_ZN10CachedFileD2Ev
0x88f8ad86,0x88f8ad86,_ZN10CryptoSign7Factory12createActiveEv
0x493481f7,0x493481f7,_ZN10CryptoSign7Factory12getAvailableEv
0x3667844f,0x3667844f,_ZN10CryptoSign7Factory14typeFromStringESt17basic_string_viewIcSt11char_traitsIcEE
0x70f93eb,0x070f93eb,_ZN10CryptoSign7Factory16preferredBackendE
0x8ccdb4d4,0x8ccdb4d4,_ZN10CryptoSign7Factory19setPreferredBackendENS_7Backend4TypeE
0x5a8c3c01,0x5a8c3c01,_ZN10CryptoSign7Factory6createENS_7Backend4TypeE
0x82b04e08,0x82b04e08,_ZN10CryptoSign7Factory9getActiveEv
0xd2426aee,0xd2426aee,_ZN10FileStream13makeSubStreamExbxO6Object
0x4916770d,0x4916770d,_ZN10FileStream4copyEv
0x5112d329,0x5112d329,_ZN10FileStream5closeEv
0xc3a93a96,0xc3a93a96,_ZN10FileStream5resetEv
0xe725201d,0xe725201d,_ZN10FileStream6setPosExi
0x88372339,0x88372339,_ZN10FileStream7fillBufEv
0xc352973e,0xc352973e,_ZN10FileStream9moveStartEx
0xcefb30f6,0xcefb30f6,_ZN10FileStreamC1EP7GooFilexbxO6Object
0x41a77b97,0x41a77b97,_ZN10FileStreamC2EP7GooFilexbxO6Object
0x240e8d52,0x240e8d52,_ZN10FileStreamD0Ev
0x240e9193,0x240e9193,_ZN10FileStreamD1Ev
0x240e95d4,0x240e95d4,_ZN10FileStreamD2Ev
0x6795a994,0x6795a994,_ZN10FoFiType1C11readCharsetEv
0xb04c3161,0xb04c3161,_ZN10FoFiType1C11readTopDictEv
0xc386b235,0xc386b235,_ZN10FoFiType1C12readFDSelectEv
0xbd398507,0xbd398507,_ZN10FoFiType1C13buildEncodingEv
0x5b87912a,0x5b87912a,_ZN10FoFiType1C13cvtGlyphWidthEbP9GooStringPK17Type1CPrivateDict
0xa9678a9a,0xa9678a9a,_ZN10FoFiType1C13eexecCvtGlyphEP14Type1CEexecBufPKciiPK11Type1CIndexPK17Type1CPrivateDict
0x97043866,0x97043866,_ZN10FoFiType1C14convertToType0EPKcPKiiPFvPvS1_jES4_
0x74a8136e,0x74a8136e,_ZN10FoFiType1C14convertToType1EPKcPS1_bPFvPvS1_jES3_
0xc3c6ad16,0xc3c6ad16,_ZN10FoFiType1C15readPrivateDictEiiP17Type1CPrivateDict
0x536aff19,0x536aff19,_ZN10FoFiType1C17convertToCIDType0EPKcPKiiPFvPvS1_jES4_
0x8d157608,0x8d157608,_ZN10FoFiType1C4loadEPKc
0xbcc28cf4,0xbcc28cf4,_ZN10FoFiType1C4makeEPKhi
0xa8899dc7,0xa8899dc7,_ZN10FoFiType1C5getOpEibPb
0xd679c53c,0xd679c53c,_ZN10FoFiType1C5parseEv
0x19a6b971,0x19a6b971,_ZN10FoFiType1C6readFDEiiP17Type1CPrivateDict
0x25fb0c9e,0x25fb0c9e,_ZN10FoFiType1C8cvtGlyphEiiP9GooStringPK11Type1CIndexPK17Type1CPrivateDictbRSt3setIiSt4lessIiESaIiEE
0x8cb0e578,0x8cb0e578,_ZN10FoFiType1CC1EPKhib
0xd9ab2239,0xd9ab2239,_ZN10FoFiType1CC2EPKhib
0xd0a13800,0xd0a13800,_ZN10FoFiType1CD0Ev
0xd0a13c41,0xd0a13c41,_ZN10FoFiType1CD1Ev
0xd0a14082,0xd0a14082,_ZN10FoFiType1CD2Ev
0xcbfdac2,0x0cbfdac2,_ZN10FormWidget11setReadOnlyEb
0xbb385605,0xbb385605,_ZN10FormWidget14setPartialNameERK9GooString
0xae4cbb64,0xae4cbb64,_ZN10FormWidget19getActivationActionEv
0x343bb464,0x343bb464,_ZN10FormWidget19getAdditionalActionEN5Annot25FormAdditionalActionsTypeE
0x277f59f0,0x277f59f0,_ZN10FormWidget19setAdditionalActionEN5Annot25FormAdditionalActionsTypeERKNSt7__cxx1112basic_stringIcSt11char_traitsIcESaIcEEE
0x89db7a4e,0x89db7a4e,_ZN10FormWidget21getFullyQualifiedNameEv
0xbe05b81,0x0be05b81,_ZN10FormWidget22createWidgetAnnotationEv
0x3cd4919f,0x3cd4919f,_ZN10FormWidget5printEi
0x8fe9e2e3,0x8fe9e2e3,_ZN10FormWidget8decodeIDEjPjS0_
0x43e2371b,0x43e2371b,_ZN10FormWidget8encodeIDEjj
0x30b6bfb6,0x30b6bfb6,_ZN10FormWidgetC1EP6PDFDocP6Objectj3RefP9FormField
0x68e703d7,0x68e703d7,_ZN10FormWidgetC2EP6PDFDocP6Objectj3RefP9FormField
0x17e22d5e,0x17e22d5e,_ZN10FormWidgetD0Ev
0x17e2319f,0x17e2319f,_ZN10FormWidgetD1Ev
0x17e235e0,0x17e235e0,_ZN10FormWidgetD2Ev
0xdfba8a09,0xdfba8a09,_ZN10GfxCIDFont12mapCodeToGIDEP12FoFiTrueTypeijb
0xe772e8b0,0xe772e8b0,_ZN10GfxCIDFont15getCodeToGIDMapEP12FoFiTrueTypePi
0xb1000116,0xb1000116,_ZN10GfxCIDFontC1EP4XRefPKc3RefOSt8optionalINSt7__cxx1112basic_stringIcSt11char_traitsIcESaIcEEEE11GfxFontTypeS4_P4Dict
0xeb1a89d7,0xeb1a89d7,_ZN10GfxCIDFontC2EP4XRefPKc3RefOSt8optionalINSt7__cxx1112basic_stringIcSt11char_traitsIcESaIcEEEE11GfxFontTypeS4_P4Dict
0x8bd2a172,0x8bd2a172,_ZN10GfxCIDFontD0Ev
0x8bd2a5b3,0x8bd2a5b3,_ZN10GfxCIDFontD1Ev
0x8bd2a9f4,0x8bd2a9f4,_ZN10GfxCIDFontD2Ev
0xae2111cb,0xae2111cb,_ZN10GfxFontLoc7setPathEP9GooString
0x78b63d6b,0x78b63d6b,_ZN10GfxFontLocC1EOS_
0xc0a3c840,0xc0a3c840,_ZN10GfxFontLocC1Ev
0x78c855ec,0x78c855ec,_ZN10GfxFontLocC2EOS_
0xc0a3cc81,0xc0a3cc81,_ZN10GfxFontLocC2Ev
0xc0a454a1,0xc0a454a1,_ZN10GfxFontLocD1Ev
0xc0a458e2,0xc0a458e2,_ZN10GfxFontLocD2Ev
0xc118416b,0xc118416b,_ZN10GfxFontLocaSEOS_
0x66c586e9,0x66c586e9,_ZN10GfxShading4initEP12GfxResourcesP4DictP9OutputDevP8GfxState
0x1828da86,0x1828da86,_ZN10GfxShading5parseEP12GfxResourcesP6ObjectP9OutputDevP8GfxState
0x45be3fe0,0x45be3fe0,_ZN10GfxShadingC1EPKS_
0x71ec14bc,0x71ec14bc,_ZN10GfxShadingC1Ei
0x48136881,0x48136881,_ZN10GfxShadingC2EPKS_
0x71ec18fd,0x71ec18fd,_ZN10GfxShadingC2Ei
0x71ec9ce9,0x71ec9ce9,_ZN10GfxShadingD0Ev
0x71eca12a,0x71eca12a,_ZN10GfxShadingD1Ev
0x71eca56b,0x71eca56b,_ZN10GfxShadingD2Ev
0xd92ed19e,0xd92ed19e,_ZN10JpegWriter10setQualityEi
0x9648a360,0x9648a360,_ZN10JpegWriter11setOptimizeEb
0xb322fba8,0xb322fba8,_ZN10JpegWriter11supportCMYKEv
0xe75bc153,0xe75bc153,_ZN10JpegWriter13writePointersEPPhi
0xf9cb6cb,0x0f9cb6cb,_ZN10JpegWriter14setProgressiveEb
0xdfaf77db,0xdfaf77db,_ZN10JpegWriter4initEP6_iobufiidd
0xbb36ff80,0xbb36ff80,_ZN10JpegWriter5closeEv
0x497df3e2,0x497df3e2,_ZN10JpegWriter8writeRowEPPh
0x2a7aa4d7,0x2a7aa4d7,_ZN10JpegWriterC1ENS_6FormatE
0x1b60eaa2,0x1b60eaa2,_ZN10JpegWriterC1EibNS_6FormatE
0x79d9ae58,0x79d9ae58,_ZN10JpegWriterC2ENS_6FormatE
0xbea85863,0xbea85863,_ZN10JpegWriterC2EibNS_6FormatE
0x55f42629,0x55f42629,_ZN10JpegWriterD0Ev
0x55f42a6a,0x55f42a6a,_ZN10JpegWriterD1Ev
0x55f42eab,0x55f42eab,_ZN10JpegWriterD2Ev
0xcc5c259e,0xcc5c259e,_ZN10LinkAction11parseActionEPK6ObjectRKSt8optionalINSt7__cxx1112basic_stringIcSt11char_traitsIcESaIcEEEE
0x92b7919f,0x92b7919f,_ZN10LinkAction11parseActionEPK6ObjectRKSt8optionalINSt7__cxx1112basic_stringIcSt11char_traitsIcESaIcEEEEPSt3setIiSt4lessIiESaIiEE
0x772d9a94,0x772d9a94,_ZN10LinkAction9parseDestEPK6Object
0x31c791f2,0x31c791f2,_ZN10LinkActionC1Ev
0x31c79633,0x31c79633,_ZN10LinkActionC2Ev
0x31c81a12,0x31c81a12,_ZN10LinkActionD0Ev
0x31c81e53,0x31c81e53,_ZN10LinkActionD1Ev
0x31c82294,0x31c82294,_ZN10LinkActionD2Ev
0x17b06641,0x17b06641,_ZN10SplashPath19addStrokeAdjustHintEiiii
0x12161df0,0x12161df0,_ZN10SplashPath4growEi
0xff321c61,0xff321c61,_ZN10SplashPath5closeEb
0x366e83c4,0x366e83c4,_ZN10SplashPath6appendEPS_
0x7d1047dd,0x7d1047dd,_ZN10SplashPath6lineToEdd
0xe2e99c2c,0xe2e99c2c,_ZN10SplashPath6moveToEdd
0xcfcccd79,0xcfcccd79,_ZN10SplashPath6offsetEdd
0x21a57a8b,0x21a57a8b,_ZN10SplashPath7curveToEdddddd
0xe049530,0x0e049530,_ZN10SplashPath7reserveEi
0xafe86150,0xafe86150,_ZN10SplashPath8getCurPtEPdS0_
0xc2880529,0xc2880529,_ZN10SplashPathC1EOS_
0xdf44887e,0xdf44887e,_ZN10SplashPathC1Ev
0xc29a1daa,0xc29a1daa,_ZN10SplashPathC2EOS_
0xdf448cbf,0xdf448cbf,_ZN10SplashPathC2Ev
0xdf4514df,0xdf4514df,_ZN10SplashPathD1Ev
0xdf451920,0xdf451920,_ZN10SplashPathD2Ev
0x7bb8cd36,0x7bb8cd36,_ZN10TiffWriter13writePointersEPPhi
0xf7dbf677,0xf7dbf677,_ZN10TiffWriter20setCompressionStringEPKc
0xf4822efe,0xf4822efe,_ZN10TiffWriter4initEP6_iobufiidd
0x6d0cdee3,0x6d0cdee3,_ZN10TiffWriter5closeEv
0x7dc5e925,0x7dc5e925,_ZN10TiffWriter8writeRowEPPh
0xe7c1427a,0xe7c1427a,_ZN10TiffWriterC1ENS_6FormatE
0x37204bfb,0x37204bfb,_ZN10TiffWriterC2ENS_6FormatE
0x2673cc0c,0x2673cc0c,_ZN10TiffWriterD0Ev
0x2673d04d,0x2673d04d,_ZN10TiffWriterD1Ev
0x2673d48e,0x2673d48e,_ZN10TiffWriterD2Ev
0xb8696ad4,0xb8696ad4,_ZN10UnicodeMap4swapERS_
0x9b736191,0x9b736191,_ZN10UnicodeMap5parseERKNSt7__cxx1112basic_stringIcSt11char_traitsIcESaIcEEE
0xc234bdf6,0xc234bdf6,_ZN10UnicodeMapC1EOS_
0xb77490bf,0xb77490bf,_ZN10UnicodeMapC1EPKcbPFijPciE
0xa5662011,0xa5662011,_ZN10UnicodeMapC1EPKcbPK15UnicodeMapRangei
0x90255d35,0x90255d35,_ZN10UnicodeMapC1ERKNSt7__cxx1112basic_stringIcSt11char_traitsIcESaIcEEE
0xc246d677,0xc246d677,_ZN10UnicodeMapC2EOS_
0xf2b4ca60,0xf2b4ca60,_ZN10UnicodeMapC2EPKcbPFijPciE
0xd488d332,0xd488d332,_ZN10UnicodeMapC2EPKcbPK15UnicodeMapRangei
0x996a1816,0x996a1816,_ZN10UnicodeMapC2ERKNSt7__cxx1112basic_stringIcSt11char_traitsIcESaIcEEE
0x7ee3366c,0x7ee3366c,_ZN10UnicodeMapD1Ev
0x7ee33aad,0x7ee33aad,_ZN10UnicodeMapD2Ev
0xa96c1f6,0x0a96c1f6,_ZN10UnicodeMapaSEOS_
0xbd69e1f7,0xbd69e1f7,_ZN11AnnotBorder14parseDashArrayEP6Object
0x12867ba5,0x12867ba5,_ZN11AnnotBorderC1Ev
0x12867fe6,0x12867fe6,_ZN11AnnotBorderC2Ev
0x128703c5,0x128703c5,_ZN11AnnotBorderD0Ev
0x401a6159,0x401a6159,__AdjustPointer
0xdc7e297,0x0dc7e297,__BuildCatchObject
0x79772d7,0x079772d7,__BuildCatchObjectHelper
0x77753b5e,0x77753b5e,__CERT_AddTempCertToPerm
0x3948c1b8,0x3948c1b8,__CERT_ClosePermCertDB
0xbca43efc,0xbca43efc,__CERT_DecodeDERCertificate
0x3553a77d,0x3553a77d,__CERT_NewTempCertificate
0x510a0f48,0x510a0f48,__CERT_TraversePermCertsForNickname
0xd5908af2,0xd5908af2,__CERT_TraversePermCertsForSubject
0xa8f40a72,0xa8f40a72,__C_specific_handler
0x45183477,0x45183477,__C_specific_handler_noexcept
0x4ff830b5,0x4ff830b5,__CppXcptFilter
0x7ed2cf6a,0x7ed2cf6a,__CxxCallUnwindDtor
0x9cf91008,0x9cf91008,__CxxCallUnwindVecDtor
0x68ca49a4,0x68ca49a4,__CxxDetectRethrow
0xe1e3af15,0xe1e3af15,__CxxExceptionFilter
0xcaec909,0x0caec909,__CxxFrameHandler
0xa287ea5b,0xa287ea5b,__CxxFrameHandler2
0xa287ea5c,0xa287ea5c,__CxxFrameHandler3
0x4e6377cc,0x4e6377cc,__CxxLongjmpUnwind
0x3c1fa680,0x3c1fa680,__CxxQueryExceptionSize
0x4866022b,0x4866022b,__CxxRegisterExceptionObject
0xd141164e,0xd141164e,__CxxUnregisterExceptionObject
0x4952bb01,0x4952bb01,__DestructExceptionObject
0xf47fcbf3,0xf47fcbf3,__FrameUnwindFilter
0x36c595ad,0x36c595ad,__GetPlatformExceptionInfo
0x1ad8ab4f,0x1ad8ab4f,__NLG_Dispatch2
0x9ab7a3f,0x09ab7a3f,__NLG_Return2
0x6c4882dc,0x6c4882dc,__PBE_CreateContext
0xdd8e6912,0xdd8e6912,__PBE_DestroyContext
0x7409dc40,0x7409dc40,__PBE_GenerateBits
0x7688710,0x07688710,__PK11_CreateContextByRawKey
0xbbaf5c0c,0xbbaf5c0c,__PK11_GetKeyData
0xce8f761e,0xce8f761e,__PK11_SetCertificateNickname
0xb2a18973,0xb2a18973,__RTCastToVoid
0x951fffc3,0x951fffc3,__RTDynamicCast
0xcc0472e2,0xcc0472e2,__RTtypeid
0xc1d382b7,0xc1d382b7,__STRINGTOLD
0xf603f9fc,0xf603f9fc,__TypeMatch
0xaf152bea,0xaf152bea,__WSAFDIsSet
0xe9251847,0xe9251847,___CPPdebugHook
0x45c57edd,0x45c57edd,___lc_codepage_func
0xf241317b,0xf241317b,___lc_collate_cp_func
0x9486f351,0x9486f351,___lc_handle_func
0xbfc90b34,0xbfc90b34,___mb_cur_max_func
0x4597a6ed,0x4597a6ed,___setlc_active_func
0x3bb6b563,0x3bb6b563,___unguarded_readlc_active_add_func
0xe66a946a,0xe66a946a,__argc
0xe66a947d,0xe66a947d,__argv
0x9eab8778,0x9eab8778,__badioinfo
0x6bbf81d7,0x6bbf81d7,__buffer_overrun
0x78aa07f5,0x78aa07f5,__crtCompareStringA
0x78aa080b,0x78aa080b,__crtCompareStringW
0xf463dae9,0xf463dae9,__crtGetLocaleInfoW
0x82e6f526,0x82e6f526,__crtGetStringTypeW
0x59d7367b,0x59d7367b,__crtLCMapStringA
0x59d73691,0x59d73691,__crtLCMapStringW
0xa739211e,0xa739211e,__current_exception
0xfd875c02,0xfd875c02,__current_exception_context
0x243549e0,0x243549e0,__dllonexit
0x834c1119,0x834c1119,__doserrno
0x13a2c723,0x13a2c723,__fpecode
0x65c181df,0x65c181df,__getmainargs
0xf638b76a,0xf638b76a,__initenv
0x1d0b6852,0x1d0b6852,__intrinsic_setjmp
0x8d86d24f,0x8d86d24f,__intrinsic_setjmpex
0xf87a6bf2,0xf87a6bf2,__iob_func
0x15128f2,0x015128f2,__isascii
0x3e1ad705,0x3e1ad705,__iscsym
0x175b80b,0x0175b80b,__iscsymf
0x1ad11083,0x1ad11083,__lc_clike
0x591ef033,0x591ef033,__lc_codepage
0x77db6451,0x77db6451,__lc_collate_cp
0x7fd87fe7,0x7fd87fe7,__lc_handle
0x3cd2e462,0x3cd2e462,__lconv_init
0xb880420a,0xb880420a,__mb_cur_max
0xad2300dd,0xad2300dd,__nss_InitLock
0x96946d80,0x96946d80,__nss_base_version
0x97a12c97,0x97a12c97,__p___argc
0x97a12caa,0x97a12caa,__p___argv
0xf720fc77,0xf720fc77,__p___initenv
0x164587f7,0x164587f7,__p___mb_cur_max
0x8d4bb7e1,0x8d4bb7e1,__p___wargv
0x50e1d04e,0x50e1d04e,__p___winitenv
0x909278aa,0x909278aa,__p__acmdln
0xe7c146b8,0xe7c146b8,__p__amblksiz
0x58d8ea3f,0x58d8ea3f,__p__commode
0x467146d1,0x467146d1,__p__daylight
0xafa05305,0xafa05305,__p__dstbias
0xf118f45c,0xf118f45c,__p__environ
0x67f53867,0x67f53867,__p__fileinfo
0x98265f86,0x98265f86,__p__fmode
0x4d02abf5,0x4d02abf5,__p__iob
0x62c5e6e4,0x62c5e6e4,__p__mbcasemap
0x3b9b474f,0x3b9b474f,__p__mbctype
0x98cca44a,0x98cca44a,__p__osver
0xb3940a90,0xb3940a90,__p__pctype
0xb3d87035,0xb3d87035,__p__pgmptr
0x538652c7,0x538652c7,__p__pwctype
0x55ed5d06,0x55ed5d06,__p__timezone
0xbe852fea,0xbe852fea,__p__tzname
0xc3e3f680,0xc3e3f680,__p__wcmdln
0xea496c53,0xea496c53,__p__wenviron
0x1d8afdc2,0x1d8afdc2,__p__winmajor
0x1d8f71ce,0x1d8f71ce,__p__winminor
0xc4516196,0xc4516196,__p__winver
0x5e4e454c,0x5e4e454c,__p__wpgmptr
0x994d022d,0x994d022d,__pctype_func
0x5cd45a1,0x05cd45a1,__pioinfo
0x68d46afd,0x68d46afd,__processing_throw
0x4d92df04,0x4d92df04,__pwctype_func
0x2a3d4af1,0x2a3d4af1,__pxcptinfoptrs
0x4673782a,0x4673782a,__report_gsfailure
0x5b0fcfab,0x5b0fcfab,__security_error_handler
0x29eb1f1a,0x29eb1f1a,__set_app_type
0xf57f0f3f,0xf57f0f3f,__set_buffer_overrun_handler
0xad6d3a63,0xad6d3a63,__setlc_active
0xf00e646b,0xf00e646b,__setusermatherr
0xed13f040,0xed13f040,__std_exception_copy
0xf1cd2e0f,0xf1cd2e0f,__std_exception_destroy
0x27fdc380,0x27fdc380,__std_terminate
0x3879ae2a,0x3879ae2a,__std_type_info_compare
0x94404408,0x94404408,__std_type_info_destroy_list
0xd65a4ac7,0xd65a4ac7,__std_type_info_hash
0xd65d9444,0xd65d9444,__std_type_info_name
0xd01451ca,0xd01451ca,__telemetry_main_invoke_trigger
0xdee789e,0x0dee789e,__telemetry_main_return_trigger
0xef868ed1,0xef868ed1,__threadhandle
0x2a32fe92,0x2a32fe92,__threadid
0x46bd22b9,0x46bd22b9,__toascii
0x8f411e35,0x8f411e35,__unDName
0x640188d2,0x640188d2,__unDNameEx
0xd6c2d1da,0xd6c2d1da,__uncaught_exception
0xaf1d0d8d,0xaf1d0d8d,__uncaught_exceptions
0x79ce7a91,0x79ce7a91,__unguarded_readlc_active
0x9dc705c9,0x9dc705c9,__vcrt_GetModuleFileNameW
0x5c535254,0x5c535254,__vcrt_GetModuleHandleW
0xe9a7d5fa,0xe9a7d5fa,__vcrt_InitializeCriticalSectionEx
0x25305df4,0x25305df4,__vcrt_LoadLibraryExW
0xb5421a14,0xb5421a14,__wargv
0x707404e4,0x707404e4,__wcserror
0xcb25f796,0xcb25f796,__wgetmainargs
0xa3326bf3,0xa3326bf3,__wine_get_ui_window
0x7f0ca43a,0x7f0ca43a,__wine_get_vulkan_driver
0xe51fb893,0xe51fb893,__wine_get_wgl_driver
0x2c8615ca,0x2c8615ca,__wine_make_gdi_object_system
0x722b1ffb,0x722b1ffb,__wine_register_window
0x380c15eb,0x380c15eb,__wine_set_display_driver
0x408d681b,0x408d681b,__wine_set_visible_region
0x9860a4de,0x9860a4de,__wine_unregister_window
0x32f0e9a1,0x32f0e9a1,__winitenv
0x32ebecc3,0x32ebecc3,_abnormal_termination
0xb8836440,0xb8836440,_access
0xb888dadd,0xb888dadd,_acmdln
0x17a72bc1,0x17a72bc1,_adj_fdiv_m16i
0x2f432096,0x2f432096,_adj_fdiv_m32
0x17a733bf,0x17a733bf,_adj_fdiv_m32i
0x2f4320fb,0x2f4320fb,_adj_fdiv_m64
0x55607196,0x55607196,_adj_fdiv_r
0x38021c13,0x38021c13,_adj_fdivr_m16i
0x18f84ea8,0x18f84ea8,_adj_fdivr_m32
0x38022411,0x38022411,_adj_fdivr_m32i
0x18f84f0d,0x18f84f0d,_adj_fdivr_m64
0x56352c56,0x56352c56,_adj_fpatan
0xbccb9556,0xbccb9556,_adj_fprem
0x563e4047,0x563e4047,_adj_fprem1
0xbccb9d55,0xbccb9d55,_adj_fptan
0x5c60e901,0x5c60e901,_adjust_fdiv
0xf704599c,0xf704599c,_aexit_rtn
0x9bc49923,0x9bc49923,_aligned_free
0xae73ecd9,0xae73ecd9,_aligned_malloc
0xcc7669ff,0xcc7669ff,_aligned_offset_malloc
0xe4b463c9,0xe4b463c9,_aligned_offset_realloc
0x66241e3,0x066241e3,_aligned_realloc
0xb92b2aaa,0xb92b2aaa,_alldiv
0xde90b720,0xde90b720,_alldvrm
0xb92b5275,0xb92b5275,_allmul
0xe69b18b1,0xe69b18b1,_alloca_probe
0x3246c1b7,0x3246c1b7,_alloca_probe_16
0xf9c41568,0xf9c41568,_alloca_probe_8
0xb92b65ab,0xb92b65ab,_allrem
0xb92b6a4e,0xb92b6a4e,_allshl
0xb92b6a54,0xb92b6a54,_allshr
0xd20cdf6f,0xd20cdf6f,_amsg_exit
0xb9adb240,0xb9adb240,_assert
0xb9bd92e4,0xb9bd92e4,_atodbl
0xb9bda245,0xb9bda245,_atoi64
0xf1745a10,0xf1745a10,_atoldbl
0xf3933a1f,0xf3933a1f,_aulldiv
0x65fab535,0x65fab535,_aulldvrm
0xf3937520,0xf3937520,_aullrem
0xf39379c9,0xf39379c9,_aullshr
0x6bd663aa,0x6bd663aa,_beep
0xf503264b,0xf503264b,_beginthread
0x4265f288,0x4265f288,_beginthreadex
0xbce6bbca,0xbce6bbca,_c_exit
0x6bd6dea7,0x6bd6dea7,_cabs
0x3af6d3fc,0x3af6d3fc,_callnewh
0xe6b541cb,0xe6b541cb,_cexit
0xe6b60b24,0xe6b60b24,_cgets
0xbd77709b,0xbd77709b,_cgetws
0xe6b691d8,0xe6b691d8,_chdir
0x6ea74093,0x6ea74093,_chdrive
0x6ede1491,0x6ede1491,_chgsign
0xbd8c930c,0xbd8c930c,_chkesp
0xbd8cceb6,0xbd8cceb6,_chkstk
0xe6b6b8d9,0xe6b6b8d9,_chmod
0xbd9107f4,0xbd9107f4,_chsize
0x7804cd6b,0x7804cd6b,_clearfp
0xe6b8f364,0xe6b8f364,_close
0xbe0c7817,0xbe0c7817,_commit
0x7f9b92d2,0x7f9b92d2,_commode
0x32565f5e,0x32565f5e,_control87
0x32566585,0x32566585,_controlfp
0x7ae8d47a,0x7ae8d47a,_copysign
0x82490244,0x82490244,_cprintf
0xe6bb3e9d,0xe6bb3e9d,_cputs
0xbe231334,0xbe231334,_cputws
0xe6bc10dd,0xe6bc10dd,_creat
0xbe4f2bdc,0xbe4f2bdc,_cscanf
0x8afccb4a,0x8afccb4a,_ctime64
0xe6bebec6,0xe6bebec6,_cwait
0xe236aa1b,0xe236aa1b,_cwprintf
0x92abb4d3,0x92abb4d3,_cwscanf
0x458901c4,0x458901c4,_daylight
0xd662fb98,0xd662fb98,_dstbias
0x5899ee97,0x5899ee97,_dup
0x6bd7c1a9,0x6bd7c1a9,_dup2
0x6bd80280,0x6bd80280,_ecvt
0x2c93a4bd,0x2c93a4bd,_endthread
0xa00fd57a,0xa00fd57a,_endthreadex
0x17db9cef,0x17db9cef,_environ
0x5899f208,0x5899f208,_eof
0xe6e07ad4,0xe6e07ad4,_errno
0x64327bc6,0x64327bc6,_except_handler2
0x64327bc7,0x64327bc7,_except_handler3
0x2c89f050,0x2c89f050,_except_handler4_common
0xe6e38c5f,0xe6e38c5f,_execl
0xc35518a4,0xc35518a4,_execle
0xc35518af,0xc35518af,_execlp
0x2df82ef4,0x2df82ef4,_execlpe
0xe6e38c69,0xe6e38c69,_execv
0xc35519ee,0xc35519ee,_execve
0xc35519f9,0xc35519f9,_execvp
0x2df8597e,0x2df8597e,_execvpe
0x6bd85a28,0x6bd85a28,_exit
0xc35b188e,0xc35b188e,_expand
0xd723e803,0xd723e803,_fcloseall
0x6bd88ee1,0x6bd88ee1,_fcvt
0xc446096a,0xc446096a,_fdopen
0xbdd06892,0xbdd06892,_fgetchar
0x600deee5,0x600deee5,_fltused
0x6bd8d643,0x6bd8d643,_ftol
0x240f7c42,0x240f7c42,_get_purecall_handler
0x828a1f22,0x828a1f22,_get_unexpected
0x9bd15aa5,0x9bd15aa5,_global_unwind2
0xe7168b52,0xe7168b52,_hread
0xca49b581,0xca49b581,_hwrite
0xc7e4d405,0xc7e4d405,_i64toa
0x5469f5f7,0x5469f5f7,_i64toa_s
0xc7e4d41b,0xc7e4d41b,_i64tow
0x546a538d,0x546a538d,_i64tow_s
0x34f10dce,0x34f10dce,_is_exception_typeof
0x6bda7b5b,0x6bda7b5b,_itoa
0xcc66cacd,0xcc66cacd,_itoa_s
0x6bda7b71,0x6bda7b71,_itow
0xcc672863,0xcc672863,_itow_s
0xd2313d10,0xd2313d10,_lclose
0xd2345a89,0xd2345a89,_lcreat
0xe7586b7b,0xe7586b7b,_lfind
0xd2d7c3ee,0xd2d7c3ee,_llseek
0xf584e88d,0xf584e88d,_local_unwind
0xa621fa5f,0xa621fa5f,_local_unwind2
0xa621fa61,0xa621fa61,_local_unwind4
0x2bd18282,0x2bd18282,_longjmpex
0xe75d778c,0xe75d778c,_lopen
0xe75eed56,0xe75eed56,_lread
0x6bdc207e,0x6bdc207e,_ltoa
0xd36644b0,0xd36644b0,_ltoa_s
0x6bdc2094,0x6bdc2094,_ltow
0xd366a246,0xd366a246,_ltow_s
0xd39e5805,0xd39e5805,_lwrite
0xf9ac46eb,0xf9ac46eb,_makepath_s
0x6a08aedc,0x6a08aedc,_memccpy
0x6a0bf8b6,0x6a0bf8b6,_memicmp
0x7b380995,0x7b380995,_pr_push_ipv6toipv4_layer
0xaf4d4d1b,0xaf4d4d1b,_pr_test_ipv6_socket
0x4b559026,0x4b559026,_purecall
0xf9b77758,0xf9b77758,_seh_longjmp_unwind
0x30a6628c,0x30a6628c,_seh_longjmp_unwind4
0xb5e5a8ce,0xb5e5a8ce,_set_purecall_handler
0xdecc213a,0xdecc213a,_set_se_translator
0x3868c7d4,0x3868c7d4,_setjmp3
0xf187d562,0xf187d562,_snprintf
0x72d2c294,0x72d2c294,_snprintf_s
0xe5e2d66c,0xe5e2d66c,_snscanf_s
0x394fe0f9,0x394fe0f9,_snwprintf
0xcccc0feb,0xcccc0feb,_snwprintf_s
0x26ac54e3,0x26ac54e3,_snwscanf_s
0xb2e6a267,0xb2e6a267,_splitpath
0x718e4d9,0x0718e4d9,_splitpath_s
0x5b3e21d0,0x5b3e21d0,_strcmpi
0x5b414130,0x5b414130,_stricmp
0xe3bc381c,0xe3bc381c,_strlwr
0xc3c7017e,0xc3c7017e,_strnicmp
0x3d5d5b13,0x3d5d5b13,_strnset_s
0xc41f9105,0xc41f9105,_strset_s
0xe3bc5d7e,0xe3bc5d7e,_strupr
0xa653f82b,0xa653f82b,_swprintf
0xd73275fa,0xd73275fa,_ui64toa
0x6da7e92c,0x6da7e92c,_ui64toa_s
0xd7327610,0xd7327610,_ui64tow
0x6da846c2,0x6da846c2,_ui64tow_s
0xe7fec133,0xe7fec133,_ultoa
0xe2b3e6a5,0xe2b3e6a5,_ultoa_s
0xe7fec149,0xe7fec149,_ultow
0xe2b4443b,0xe2b4443b,_ultow_s
0x5782a644,0x5782a644,_vscwprintf
0x7f423998,0x7f423998,_vsnprintf
0x58b70c4a,0x58b70c4a,_vsnprintf_s
0x7e56cbef,0x7e56cbef,_vsnwprintf
0x6f399061,0x6f399061,_vsnwprintf_s
0x340e5c61,0x340e5c61,_vswprintf
0x67949a04,0x67949a04,_wcsicmp
0xebddc670,0xebddc670,_wcslwr
0x5a8574d2,0x5a8574d2,_wcsnicmp
0xabea38e7,0xabea38e7,_wcsnset_s
0x5ade0459,0x5ade0459,_wcsset_s
0xb9a95c66,0xb9a95c66,_wcstoui64
0xebddebd2,0xebddebd2,_wcsupr
0x64ed45e2,0x64ed45e2,_wmakepath_s
0xda79c2b0,0xda79c2b0,_wsplitpath_s
0x6be228b1,0x6be228b1,_wtoi
0xed0f201b,0xed0f201b,_wtoi64
0x6be228b4,0x6be228b4,_wtol
0xa714d85,0x0a714d85,abs
0xeb5e2a5f,0xeb5e2a5f,accept
0x10855236,0x10855236,acmDriverAddA
0x1085524c,0x1085524c,acmDriverAddW
0x215862a2,0x215862a2,acmDriverClose
0xd4404113,0xd4404113,acmDriverDetailsA
0xd4404129,0xd4404129,acmDriverDetailsW
0x1087b0a1,0x1087b0a1,acmDriverEnum
0x2d9ecdb9,0x2d9ecdb9,acmDriverID
0xcab634f1,0xcab634f1,acmDriverMessage
0x108d32de,0x108d32de,acmDriverOpen
0xb764cc8e,0xb764cc8e,acmDriverPriority
0x6ee2459a,0x6ee2459a,acmDriverRemove
0x3dd5d008,0x3dd5d008,acmFilterChooseA
0x3dd5d01e,0x3dd5d01e,acmFilterChooseW
0x88a0c6d,0x088a0c6d,acmFilterDetailsA
0x88a0c83,0x088a0c83,acmFilterDetailsW
0x8cc9be9c,0x8cc9be9c,acmFilterEnumA
0x8cc9beb2,0x8cc9beb2,acmFilterEnumW
0x3086e8e9,0x3086e8e9,acmFilterTagDetailsA
0x3086e8ff,0x3086e8ff,acmFilterTagDetailsW
0x78738c98,0x78738c98,acmFilterTagEnumA
0x78738cae,0x78738cae,acmFilterTagEnumW
0x6dfe2dab,0x6dfe2dab,acmFormatChooseA
0x6dfe2dc1,0x6dfe2dc1,acmFormatChooseW
0x3dbe1e70,0x3dbe1e70,acmFormatDetailsA
0x3dbe1e86,0x3dbe1e86,acmFormatDetailsW
0xbae8577f,0xbae8577f,acmFormatEnumA
0xbae85795,0xbae85795,acmFormatEnumW
0x5b5fa94b,0x5b5fa94b,acmFormatSuggest
0xd31b600c,0xd31b600c,acmFormatTagDetailsA
0xd31b6022,0xd31b6022,acmFormatTagDetailsW
0xada79e9b,0xada79e9b,acmFormatTagEnumA
0xada79eb1,0xada79eb1,acmFormatTagEnumW
0xb9fb57e6,0xb9fb57e6,acmGetVersion
0xf4f99f0a,0xf4f99f0a,acmMessage32
0x52ce70b7,0x52ce70b7,acmMetrics
0x224a3ba2,0x224a3ba2,acmStreamClose
0xe4b6c1cd,0xe4b6c1cd,acmStreamConvert
0xcf824df1,0xcf824df1,acmStreamMessage
0x5e27ebde,0x5e27ebde,acmStreamOpen
0x8e44a1a4,0x8e44a1a4,acmStreamPrepareHeader
0x2355e3cf,0x2355e3cf,acmStreamReset
0x5e2a0247,0x5e2a0247,acmStreamSize
0x44b9907,0x044b9907,acmStreamUnprepareHeader
0xd1960bfe,0xd1960bfe,aiaConnectionCache
0x52bb268a,0x52bb268a,aom_codec_av1_cx
0x52bb26ab,0x52bb26ab,aom_codec_av1_dx
0xa5f3d82d,0xa5f3d82d,aom_codec_build_config
0x381beea9,0x381beea9,aom_codec_control
0xddc24af3,0xddc24af3,aom_codec_dec_init_ver
0x58a2aeec,0x58a2aeec,aom_codec_decode
0x6e1d0fb2,0x6e1d0fb2,aom_codec_destroy
0x448fda97,0x448fda97,aom_codec_enc_config_default
0xbef8079d,0xbef8079d,aom_codec_enc_init_ver
0x5b9ab416,0x5b9ab416,aom_codec_encode
0x1d2e1949,0x1d2e1949,aom_codec_err_to_string
0x124cf2f2,0x124cf2f2,aom_codec_error
0x17c94aa4,0x17c94aa4,aom_codec_error_detail
0xf75534ae,0xf75534ae,aom_codec_get_caps
0x8484961b,0x8484961b,aom_codec_get_cx_data
0xe23b2632,0xe23b2632,aom_codec_get_frame
0x3bd16163,0x3bd16163,aom_codec_peek_stream_info
0x6f03528c,0x6f03528c,aom_codec_set_option
0xd7a28a0e,0xd7a28a0e,aom_codec_version
0x9b0af1a6,0x9b0af1a6,aom_codec_version_str
0x2d199029,0x2d199029,aom_img_free
0x6fefd06f,0x6fefd06f,aom_img_plane_height
0x13f9ca16,0x13f9ca16,aom_img_plane_width
0x2d22e221,0x2d22e221,aom_img_wrap
0x697cfb4e,0x697cfb4e,api-ms-win-core-com-l1-1-0.CLSIDFromProgID
0x70a258c0,0x70a258c0,api-ms-win-core-com-l1-1-0.CLSIDFromString
0x345c6214,0x345c6214,api-ms-win-core-com-l1-1-0.CoAddRefServerProcess
0x9ede04e8,0x9ede04e8,api-ms-win-core-com-l1-1-0.CoAllowUnmarshalerCLSID
0x410a605a,0x410a605a,api-ms-win-core-com-l1-1-0.CoCancelCall
0x738ebbb5,0x738ebbb5,api-ms-win-core-com-l1-1-0.CoCopyProxy
0x77bd5a8e,0x77bd5a8e,api-ms-win-core-com-l1-1-0.CoCreateFreeThreadedMarshaler
0x378a2815,0x378a2815,api-ms-win-core-com-l1-1-0.CoCreateGuid
0x98325b41,0x98325b41,api-ms-win-core-com-l1-1-0.CoCreateInstance
0x6e3638de,0x6e3638de,api-ms-win-core-com-l1-1-0.CoCreateInstanceEx
0xadc34536,0xadc34536,api-ms-win-core-com-l1-1-0.CoCreateInstanceFromApp
0x6cd90626,0x6cd90626,api-ms-win-core-com-l1-1-0.CoDecrementMTAUsage
0xb1426c35,0xb1426c35,api-ms-win-core-com-l1-1-0.CoDisableCallCancellation
0xc2265067,0xc2265067,api-ms-win-core-com-l1-1-0.CoDisconnectContext
0xe2e2d4f9,0xe2e2d4f9,api-ms-win-core-com-l1-1-0.CoDisconnectObject
0xf0e3a6c8,0xf0e3a6c8,api-ms-win-core-com-l1-1-0.CoEnableCallCancellation
0xb1d38a0b,0xb1d38a0b,api-ms-win-core-com-l1-1-0.CoFreeUnusedLibraries
0x74de4228,0x74de4228,api-ms-win-core-com-l1-1-0.CoFreeUnusedLibrariesEx
0x7b2b3f26,0x7b2b3f26,api-ms-win-core-com-l1-1-0.CoGetApartmentType
0xf2a44b59,0xf2a44b59,api-ms-win-core-com-l1-1-0.CoGetCallContext
0xbdfcee2c,0xbdfcee2c,api-ms-win-core-com-l1-1-0.CoGetCallerTID
0x671f3615,0x671f3615,api-ms-win-core-com-l1-1-0.CoGetCancelObject
0xb6f42a65,0xb6f42a65,api-ms-win-core-com-l1-1-0.CoGetClassObject
0x5f83d99e,0x5f83d99e,api-ms-win-core-com-l1-1-0.CoGetContextToken
0xf6f5df7b,0xf6f5df7b,api-ms-win-core-com-l1-1-0.CoGetCurrentLogicalThreadId
0x2bb04c3a,0x2bb04c3a,api-ms-win-core-com-l1-1-0.CoGetCurrentProcess
0xb2625ee2,0xb2625ee2,api-ms-win-core-com-l1-1-0.CoGetDefaultContext
0xbcb4d909,0xbcb4d909,api-ms-win-core-com-l1-1-0.CoGetInterfaceAndReleaseStream
0xd9646e90,0xd9646e90,api-ms-win-core-com-l1-1-0.CoGetMalloc
0x6099d981,0x6099d981,api-ms-win-core-com-l1-1-0.CoGetMarshalSizeMax
0x230eb6b4,0x230eb6b4,api-ms-win-core-com-l1-1-0.CoGetObjectContext
0xc952e38a,0xc952e38a,api-ms-win-core-com-l1-1-0.CoGetPSClsid
0x245cf5f1,0x245cf5f1,api-ms-win-core-com-l1-1-0.CoGetStandardMarshal
0xa252abc8,0xa252abc8,api-ms-win-core-com-l1-1-0.CoGetStdMarshalEx
0xb0b58442,0xb0b58442,api-ms-win-core-com-l1-1-0.CoGetTreatAsClass
0xd3f6343e,0xd3f6343e,api-ms-win-core-com-l1-1-0.CoImpersonateClient
0xb8f8c514,0xb8f8c514,api-ms-win-core-com-l1-1-0.CoIncrementMTAUsage
0x31e84c7,0x031e84c7,api-ms-win-core-com-l1-1-0.CoInitializeEx
0x63f21a82,0x63f21a82,api-ms-win-core-com-l1-1-0.CoInitializeSecurity
0x9d9aef05,0x9d9aef05,api-ms-win-core-com-l1-1-0.CoIsHandlerConnected
0xf5a2f3bb,0xf5a2f3bb,api-ms-win-core-com-l1-1-0.CoLockObjectExternal
0x5a5560a7,0x5a5560a7,api-ms-win-core-com-l1-1-0.CoMarshalHresult
0xdae248e,0x0dae248e,api-ms-win-core-com-l1-1-0.CoMarshalInterThreadInterfaceInStream
0x6a6cc2f1,0x6a6cc2f1,api-ms-win-core-com-l1-1-0.CoMarshalInterface
0xf0775c12,0xf0775c12,api-ms-win-core-com-l1-1-0.CoQueryAuthenticationServices
0x8d6ff00e,0x8d6ff00e,api-ms-win-core-com-l1-1-0.CoQueryClientBlanket
0xc63423f1,0xc63423f1,api-ms-win-core-com-l1-1-0.CoQueryProxyBlanket
0xf15e6b5,0x0f15e6b5,api-ms-win-core-com-l1-1-0.CoRegisterActivationFilter
0x9848612a,0x9848612a,api-ms-win-core-com-l1-1-0.CoRegisterClassObject
0xa4587fcf,0xa4587fcf,api-ms-win-core-com-l1-1-0.CoRegisterPSClsid
0xa51eb79,0x0a51eb79,api-ms-win-core-com-l1-1-0.CoRegisterSurrogate
0xe96e361b,0xe96e361b,api-ms-win-core-com-l1-1-0.CoReleaseMarshalData
0xfdc8276f,0xfdc8276f,api-ms-win-core-com-l1-1-0.CoReleaseServerProcess
0x7b6070a9,0x7b6070a9,api-ms-win-core-com-l1-1-0.CoResumeClassObjects
0x39e791dd,0x39e791dd,api-ms-win-core-com-l1-1-0.CoRevertToSelf
0x57ef1df1,0x57ef1df1,api-ms-win-core-com-l1-1-0.CoRevokeClassObject
0xe785b21,0x0e785b21,api-ms-win-core-com-l1-1-0.CoSetCancelObject
0xfe86f87,0x0fe86f87,api-ms-win-core-com-l1-1-0.CoSetProxyBlanket
0x7e8d37ba,0x7e8d37ba,api-ms-win-core-com-l1-1-0.CoSuspendClassObjects
0xf7b8242b,0xf7b8242b,api-ms-win-core-com-l1-1-0.CoSwitchCallContext
0xc4177a95,0xc4177a95,api-ms-win-core-com-l1-1-0.CoTaskMemAlloc
0xa11ad26c,0xa11ad26c,api-ms-win-core-com-l1-1-0.CoTaskMemFree
0x3361e28c,0x3361e28c,api-ms-win-core-com-l1-1-0.CoTaskMemRealloc
0xc19821be,0xc19821be,api-ms-win-core-com-l1-1-0.CoTestCancel
0x4296ee2d,0x4296ee2d,api-ms-win-core-com-l1-1-0.CoUninitialize
0x89369f6a,0x89369f6a,api-ms-win-core-com-l1-1-0.CoUnmarshalHresult
0xd698be74,0xd698be74,api-ms-win-core-com-l1-1-0.CoUnmarshalInterface
0x688edaff,0x688edaff,api-ms-win-core-com-l1-1-0.CoWaitForMultipleHandles
0x8573b2ea,0x8573b2ea,api-ms-win-core-com-l1-1-0.CoWaitForMultipleObjects
0xa245c35c,0xa245c35c,api-ms-win-core-com-l1-1-0.CreateStreamOnHGlobal
0x7e6ac9bf,0x7e6ac9bf,api-ms-win-core-com-l1-1-0.GetHGlobalFromStream
0x28b8d2e7,0x28b8d2e7,api-ms-win-core-com-l1-1-0.IIDFromString
0x16e09fae,0x16e09fae,api-ms-win-core-com-l1-1-0.ProgIDFromCLSID
0xcbfca358,0xcbfca358,api-ms-win-core-com-l1-1-0.RoGetAgileReference
0x9b133d60,0x9b133d60,api-ms-win-core-com-l1-1-0.StringFromCLSID
0x9b60638c,0x9b60638c,api-ms-win-core-com-l1-1-0.StringFromGUID2
0x593cc407,0x593cc407,api-ms-win-core-com-l1-1-0.StringFromIID
0x1f6c3b18,0x1f6c3b18,api-ms-win-core-com-private-l1-1-0.CLSIDFromOle1Class
0xa4795a2a,0xa4795a2a,api-ms-win-core-com-private-l1-1-0.CoCreateErrorInfo
0x774bb087,0x774bb087,api-ms-win-core-com-private-l1-1-0.CoCreateObjectInContext
0x4d066431,0x4d066431,api-ms-win-core-com-private-l1-1-0.CoDeactivateObject
0xef714d3,0x0ef714d3,api-ms-win-core-com-private-l1-1-0.CoGetActivationState
0x7e6b66b9,0x7e6b66b9,api-ms-win-core-com-private-l1-1-0.CoGetApartmentID
0x526591d,0x0526591d,api-ms-win-core-com-private-l1-1-0.CoGetCallState
0x3653ae1c,0x3653ae1c,api-ms-win-core-com-private-l1-1-0.CoGetClassVersion
0x7574dd56,0x7574dd56,api-ms-win-core-com-private-l1-1-0.CoGetErrorInfo
0xcaa38de9,0xcaa38de9,api-ms-win-core-com-private-l1-1-0.CoGetInstanceFromFile
0xa6fd0807,0xa6fd0807,api-ms-win-core-com-private-l1-1-0.CoGetInstanceFromIStorage
0xbd215028,0xbd215028,api-ms-win-core-com-private-l1-1-0.CoGetModuleType
0x5b6ce9c2,0x5b6ce9c2,api-ms-win-core-com-private-l1-1-0.CoGetProcessIdentifier
0x97edba39,0x97edba39,api-ms-win-core-com-private-l1-1-0.CoGetSystemSecurityPermissions
0xb20c0390,0xb20c0390,api-ms-win-core-com-private-l1-1-0.CoInvalidateRemoteMachineBindings
0x6fe99cd8,0x6fe99cd8,api-ms-win-core-com-private-l1-1-0.CoPopServiceDomain
0xf508e0a9,0xf508e0a9,api-ms-win-core-com-private-l1-1-0.CoPushServiceDomain
0xf7ee767f,0xf7ee767f,api-ms-win-core-com-private-l1-1-0.CoReactivateObject
0x774473,0x00774473,api-ms-win-core-com-private-l1-1-0.CoRegisterInitializeSpy
0xc195d159,0xc195d159,api-ms-win-core-com-private-l1-1-0.CoRegisterMallocSpy
0xc68f9c22,0xc68f9c22,api-ms-win-core-com-private-l1-1-0.CoRetireServer
0xe58fdcfa,0xe58fdcfa,api-ms-win-core-com-private-l1-1-0.CoRevokeInitializeSpy
0x94413e60,0x94413e60,api-ms-win-core-com-private-l1-1-0.CoRevokeMallocSpy
0xc0dd3de2,0xc0dd3de2,api-ms-win-core-com-private-l1-1-0.CoSetErrorInfo
0x577917e5,0x577917e5,api-ms-win-core-com-private-l1-1-0.CoVrfCheckThreadState
0xf2c59ea7,0xf2c59ea7,api-ms-win-core-com-private-l1-1-0.CoVrfGetThreadState
0xcd2ced68,0xcd2ced68,api-ms-win-core-com-private-l1-1-0.CoVrfReleaseThreadState
0x2775735e,0x2775735e,api-ms-win-core-com-private-l1-1-0.DllDebugObjectRPCHook
0x40c7f9fd,0x40c7f9fd,api-ms-win-core-com-private-l1-1-0.EnableHookObject
0xde788109,0xde788109,api-ms-win-core-com-private-l1-1-0.GetCatalogHelper
0xfa3a0910,0xfa3a0910,api-ms-win-core-com-private-l1-1-0.GetHookInterface
0xc050055d,0xc050055d,api-ms-win-core-com-private-l1-1-0.HkOleRegisterObject
0x4af78941,0x4af78941,api-ms-win-core-com-private-l1-1-0.NdrOleInitializeExtension
0xcdd67365,0xcdd67365,api-ms-win-core-com-private-l1-1-0.UpdateDCOMSettings
0xbb2d6998,0xbb2d6998,api-ms-win-core-com-private-l1-1-0.UpdateProcessTracing
0x589b48d3,0x589b48d3,atan
0x589b4a9c,0x589b4a9c,atoi
0x589b4a9f,0x589b4a9f,atol
0xfb0bd27,0x0fb0bd27,aux32Message
0x11d4b784,0x11d4b784,auxGetDevCapsA
0x11d4b79a,0x11d4b79a,auxGetDevCapsW
0xa320061f,0xa320061f,auxGetNumDevs
0xd15cf735,0xd15cf735,auxGetVolume
0x99751e3a,0x99751e3a,auxOutMessage
0x47324341,0x47324341,auxSetVolume
0xf6e8bece,0xf6e8bece,av1_apply_encoding_flags
0x92182c71,0x92182c71,av1_change_config
0xc94360f0,0xc94360f0,av1_convert_sect5obus_to_annexb
0x682687b9,0x682687b9,av1_copy_new_frame_enc
0x2a990754,0x2a990754,av1_copy_reference_enc
0x39ac8bf6,0x39ac8bf6,av1_create_compressor
0xe35be80e,0xe35be80e,av1_get_active_map
0x67009c83,0x67009c83,av1_get_compressed_data
0x75bfebe1,0x75bfebe1,av1_get_global_headers
0x85cf1fd3,0x85cf1fd3,av1_get_last_show_frame
0x58895f2a,0x58895f2a,av1_get_preview_raw_frame
0xeaec2ef8,0xeaec2ef8,av1_get_quantizer
0xd8fb0e1d,0xd8fb0e1d,av1_initialize_enc
0xc85a7503,0xc85a7503,av1_qindex_to_quantizer
0x5fdd6dc3,0x5fdd6dc3,av1_quantizer_to_qindex
0xfc3beb8c,0xfc3beb8c,av1_receive_raw_frame
0x2c3a8570,0x2c3a8570,av1_remove_compressor
0xaa5e9b9a,0xaa5e9b9a,av1_set_active_map
0xe41183b8,0xe41183b8,av1_set_internal_size
0x30905c65,0x30905c65,av1_set_reference_enc
0xe46f9a4,0x0e46f9a4,av1_use_as_reference
0x589ba80c,0x589ba80c,bind
0x6c12533a,0x6c12533a,block
0xc9924347,0xc9924347,bsearch
0x881d81c0,0x881d81c0,cachedCertChainTable
0x378f63c0,0x378f63c0,cachedCertSigTable
0x46d3dafd,0x46d3dafd,cachedCertTable
0xdbd24d42,0xdbd24d42,cachedCrlEntryTable
0xaddb67d3,0xaddb67d3,cachedCrlSigTable
0x33ee3da0,0x33ee3da0,cachedObjectType
0x589c22cc,0x589c22cc,ceil
0x3d257d14,0x3d257d14,cert_AVAOidTagToMaxLen
0x2023f0a0,0x2023f0a0,cert_AcquireNamedCRLCache
0xa411c397,0xa411c397,cert_AddSubjectKeyIDMapping
0xa36e401f,0xa36e401f,cert_AddToVerifyLog
0x2d1dbecb,0x2d1dbecb,cert_CacheCRLByGeneralName
0x50f08666,0x50f08666,cert_CheckCertRevocationStatus
0x96dfc394,0x96dfc394,cert_CheckLeafTrust
0x1f4159c0,0x1f4159c0,cert_CombineConstraintsLists
0x2ed339bc,0x2ed339bc,cert_CombineNamesLists
0x33a5b4f8,0x33a5b4f8,cert_CompareNameWithConstraints
0x298f5ac9,0x298f5ac9,cert_ComputeCertType
0x98006c58,0x98006c58,cert_CopyOneGeneralName
0xd370bddb,0xd370bddb,cert_CountDNSPatterns
0xb498a91e,0xb498a91e,cert_CreateSingleCertOCSPRequest
0x57369282,0x57369282,cert_CreateSubjectKeyIDHashTable
0x8805bb9a,0x8805bb9a,cert_CreateSubjectKeyIDSlotCheckHash
0xc6a99a32,0xc6a99a32,cert_DecodeGeneralNames
0xe012a66,0x0e012a66,cert_DecodeNameConstraint
0xce267799,0xce267799,cert_DecodeNameConstraints
0x38ffea78,0x38ffea78,cert_DestroyGeneralNames
0x2dc46462,0x2dc46462,cert_DestroyLocks
0x567a7e58,0x567a7e58,cert_DestroySubjectKeyIDHashTable
0x1c67a270,0x1c67a270,cert_DestroySubjectKeyIDSlotCheckHash
0xde68ae5c,0xde68ae5c,cert_EncodeGeneralNames
0xdae4c6ca,0xdae4c6ca,cert_EncodeNameConstraintSubTree
0x4c941383,0x4c941383,cert_EncodeNameConstraints
0xadf305f,0x0adf305f,cert_ExtractDNEmailAddrs
0x88885b98,0x88885b98,cert_FindCRLByGeneralName
0xe004f847,0xe004f847,cert_FindDERCertBySubjectKeyID
0xfb38e87a,0xfb38e87a,cert_FindExtension
0xc8d4991,0x0c8d4991,cert_FindExtensionByOID
0x5fad6c8c,0x5fad6c8c,cert_GetCertType
0xf67b9fe5,0xf67b9fe5,cert_GetCertificateEmailAddresses
0x7079da98,0x7079da98,cert_GetDNSPatternsFromGeneralNames
0x6babe7f2,0x6babe7f2,cert_GetKeyID
0x5b21e34a,0x5b21e34a,cert_GetSubjectAltNameList
0x6a1f0e89,0x6a1f0e89,cert_GetTargetCertConstraints
0x8c4d1a60,0x8c4d1a60,cert_HasCriticalExtension
0xbcd70db7,0xbcd70db7,cert_HasUnknownCriticalExten
0x278bbd4c,0x278bbd4c,cert_InitLocks
0x5e4a33c8,0x5e4a33c8,cert_IsIPsecOID
0x56cf96ce,0x56cf96ce,cert_PKIXMakeOIDList
0xd9fd2c7f,0xd9fd2c7f,cert_ProcessOCSPResponse
0x7e044597,0x7e044597,cert_ReleaseNamedCRLCache
0xeb6ef3c5,0xeb6ef3c5,cert_RememberOCSPProcessingFailure
0x102c3bbc,0x102c3bbc,cert_RemoveSubjectKeyIDMapping
0xc0e705ba,0xc0e705ba,cert_StartExtensions
0xcdd84e0d,0xcdd84e0d,cert_SubjectKeyIDSlotCheckSeries
0xba6eb2c5,0xba6eb2c5,cert_UpdateSubjectKeyIDSlotCheck
0x437ea342,0x437ea342,cert_VerifyCertChain
0x5cf027be,0x5cf027be,cert_VerifyCertChainPkix
0x14638608,0x14638608,cert_VerifyCertWithFlags
0x22a7ddc3,0x22a7ddc3,cert_VerifySubjectAltName
0xa9ccd773,0xa9ccd773,cert_check_crl_entries
0xb148cf3f,0xb148cf3f,cert_check_crl_version
0x56c09ac1,0x56c09ac1,cert_get_crl_version
0x65f0950e,0x65f0950e,cert_pkixDestroyValOutParam
0xb824ca95,0xb824ca95,cert_pkixSetParam
0x9efc875a,0x9efc875a,cert_pkix_FindOutputParam
0xc43bd624,0xc43bd624,certdb_SaveSingleProfile
0xf06795de,0xf06795de,chksym
0xb4a3f056,0xb4a3f056,classTableLock
0xd3e4ebee,0xd3e4ebee,closesocket
0x60d1c501,0x60d1c501,closesockinfo
0xde1a3b9,0x0de1a3b9,connect
0xa7157b4,0x0a7157b4,cos
0x8475935d,0x8475935d,crl_storeCRL
0x3c06dba5,0x3c06dba5,dbghelp
0x6c327896,0x6c327896,debug
0x812f33b,0x0812f33b,dh
0xfecac560,0xfecac560,dn_expand
0x142a559a,0x142a559a,ekuOidStrings
0x589db60b,0x589db60b,fabs
0x6c5ab6d1,0x6c5ab6d1,floor
0x589df82b,0x589df82b,fptr
0x3005c1f8,0x3005c1f8,freeaddrinfo
0x210ef845,0x210ef845,gMozCrashReason
0x41ee02e1,0x41ee02e1,gMozillaPoisonBase
0x41f77841,0x41f77841,gMozillaPoisonSize
0x81182dc3,0x81182dc3,gMozillaPoisonValue
0x7f7f2059,0x7f7f2059,gSharedInfo
0x77426cfa,0x77426cfa,gWinEventLogSourceName
0xe6873e5,0x0e6873e5,g_ck_class_cert
0x9b5d5ca1,0x9b5d5ca1,g_ck_class_privkey
0x69c0ba87,0x69c0ba87,g_ck_class_pubkey
0x54d752cd,0x54d752cd,g_ck_false
0xc48a9c22,0xc48a9c22,g_ck_true
0x328757be,0x328757be,g_default_crypto_context
0x3c6140f2,0x3c6140f2,g_default_trust_domain
0x2321750b,0x2321750b,g_handles_to_close
0xce6bbfdc,0xce6bbfdc,g_interceptions
0x589e3b77,0x589e3b77,g_nt
0xe010e45d,0xe010e45d,g_originals
0x661f0e1,0x0661f0e1,g_shared_IPC_size
0x1309f2b8,0x1309f2b8,g_shared_delayed_integrity_level
0x93ba640a,0x93ba640a,g_shared_delayed_mitigations
0xff8e8f95,0xff8e8f95,g_shared_policy_size
0xadc08820,0xadc08820,g_shared_section
0x67177442,0x67177442,gai_strerror
0x29024940,0x29024940,gapfnScSendMessage
0x89bb7f32,0x89bb7f32,gdiPlaySpoolStream
0x71d08b6,0x071d08b6,getaddrinfo
0xc264e5a3,0xc264e5a3,gethostbyaddr
0xc26bfae9,0xc26bfae9,gethostbyname
0xeece910e,0xeece910e,gethostname
0x3d585de9,0x3d585de9,getipv4sourcefilter
0x339950fc,0x339950fc,getnameinfo
0x6cc46652,0x6cc46652,getnetbyname
0x2e4a6ebc,0x2e4a6ebc,getpeername
0x28db5d9f,0x28db5d9f,getprotobyname
0xce932c27,0xce932c27,getprotobynumber
0xfb671eb,0x0fb671eb,getservbyname
0xfb7c6ef,0x0fb7c6ef,getservbyport
0xefad5020,0xefad5020,getsockname
0x4d14ca92,0x4d14ca92,getsockopt
0x1d83f246,0x1d83f246,getsourcefilter
0xfc4a3ad0,0xfc4a3ad0,hashParameterTemplate
0x8eadc817,0x8eadc817,homedir
0x6c834aac,0x6c834aac,htond
0x6c834aae,0x6c834aae,htonf
0x6c834ab4,0x6c834ab4,htonl
0xfceca1a0,0xfceca1a0,htonll
0x6c834abb,0x6c834abb,htons
0xa507bbec,0xa507bbec,httpSocketCache
0x34473599,0x34473599,inet_addr
0xac7b66a8,0xac7b66a8,inet_network
0x344e9bf0,0x344e9bf0,inet_ntoa
0x3687c0bb,0x3687c0bb,inlinedbg
0x917510f3,0x917510f3,ioctlsocket
0xefb18de9,0xefb18de9,isIssuerCertAllowedAtCertIssuanceTime
0xe4278408,0xe4278408,isalnum
0xe4278ad1,0xe4278ad1,isalpha
0xe44ce6ee,0xe44ce6ee,iscntrl
0xe45c091c,0xe45c091c,isdigit
0xe497295d,0xe497295d,isgraph
0xe4f05af4,0xe4f05af4,islower
0xe53a27b8,0xe53a27b8,isprint
0xe53be0b5,0xe53be0b5,ispunct
0xe56f34f7,0xe56f34f7,isspace
0xe593a617,0xe593a617,isupper
0x9ba14708,0x9ba14708,iswalpha
0x9bca0267,0x9bca0267,iswctype
0x9bd5c553,0x9bd5c553,iswdigit
0x9c6a172b,0x9c6a172b,iswlower
0x9ce8f12e,0x9ce8f12e,iswspace
0x44dc310b,0x44dc310b,iswxdigit
0x9e2aedf4,0x9e2aedf4,isxdigit
0x583b61ca,0x583b61ca,itoldyouso
0xac1d572b,0xac1d572b,joy32Message
0xcdec1401,0xcdec1401,joyConfigChanged
0x7bcfe288,0x7bcfe288,joyGetDevCapsA
0x7bcfe29e,0x7bcfe29e,joyGetDevCapsW
0xcd1fe0a3,0xcd1fe0a3,joyGetNumDevs
0x3010c0d3,0x3010c0d3,joyGetPos
0x77444af0,0x77444af0,joyGetPosEx
0x1f007f8e,0x1f007f8e,joyGetThreshold
0x9977feb6,0x9977feb6,joyReleaseCapture
0x8087c481,0x8087c481,joySetCapture
0x6a68e01a,0x6a68e01a,joySetThreshold
0x42b1d99f,0x42b1d99f,keybd_event
0x58a10051,0x58a10051,labs
0xe99f1c56,0xe99f1c56,libVersionPoint
0x57c80be,0x057c80be,listen
0xa717db1,0x0a717db1,lmi
0x5bf4d94,0x05bf4d94,lminfo
0xa717df1,0x0a717df1,log
0xc2aa0666,0xc2aa0666,longjmp
0xcc7124cc,0xcc7124cc,lstrcat
0x5a95be8d,0x5a95be8d,lstrcatA
0x5a95bea3,0x5a95bea3,lstrcatW
0xcc712654,0xcc712654,lstrcmp
0x5a95f115,0x5a95f115,lstrcmpA
0x5a95f12b,0x5a95f12b,lstrcmpW
0x5a95f13d,0x5a95f13d,lstrcmpi
0xad54191e,0xad54191e,lstrcmpiA
0xad541934,0xad541934,lstrcmpiW
0xcc7126c0,0xcc7126c0,lstrcpy
0x5a95ff01,0x5a95ff01,lstrcpyA
0x5a95ff17,0x5a95ff17,lstrcpyW
0x5a95ff2e,0x5a95ff2e,lstrcpyn
0xad55e52f,0xad55e52f,lstrcpynA
0xad55e545,0xad55e545,lstrcpynW
0xcc714b93,0xcc714b93,lstrlen
0x5a9abe34,0x5a9abe34,lstrlenA
0x5a9abe4a,0x5a9abe4a,lstrlenW
0x280f8321,0x280f8321,mbstowcs
0xbdf5de32,0xbdf5de32,mci32Message
0xd023524d,0xd023524d,mciDriverNotify
0x2619eb2b,0x2619eb2b,mciDriverYield
0x95ae949b,0x95ae949b,mciExecute
0xeb4d09f1,0xeb4d09f1,mciFreeCommandResource
0xe217abeb,0xe217abeb,mciGetCreatorTask
0x7b70afe6,0x7b70afe6,mciGetDeviceIDA
0x6298eab1,0x6298eab1,mciGetDeviceIDFromElementIDA
0x6298eac7,0x6298eac7,mciGetDeviceIDFromElementIDW
0x7b70affc,0x7b70affc,mciGetDeviceIDW
0xc2c9044e,0xc2c9044e,mciGetDriverData
0xdd369fca,0xdd369fca,mciGetErrorStringA
0xdd369fe0,0xdd369fe0,mciGetErrorStringW
0xa5160233,0xa5160233,mciGetYieldProc
0xee8c5b2f,0xee8c5b2f,mciLoadCommandResource
0xcc99e232,0xcc99e232,mciSendCommandA
0xcc99e248,0xcc99e248,mciSendCommandW
0x8a2fe4a,0x08a2fe4a,mciSendStringA
0x8a2fe60,0x08a2fe60,mciSendStringW
0x7b3d765a,0x7b3d765a,mciSetDriverData
0xf07e62bf,0xf07e62bf,mciSetYieldProc
0x785b52b,0x0785b52b,memchr
0x785b5ce,0x0785b5ce,memcmp
0x785b63a,0x0785b63a,memcpy
0xffcc396c,0xffcc396c,memcpy_s
0xf841f505,0xf841f505,memmove
0x109356f7,0x109356f7,memmove_s
0x785f8da,0x0785f8da,memset
0xc9ed4813,0xc9ed4813,mid32Message
0x7edc42fc,0x7edc42fc,midiConnect
0x35d8bd1c,0x35d8bd1c,midiDisconnect
0x17042e6c,0x17042e6c,midiInAddBuffer
0x47597cff,0x47597cff,midiInClose
0x807e3d50,0x807e3d50,midiInGetDevCapsA
0x807e3d66,0x807e3d66,midiInGetDevCapsW
0x37008d99,0x37008d99,midiInGetErrorTextA
0x37008daf,0x37008daf,midiInGetErrorTextW
0x479e1816,0x479e1816,midiInGetID
0xe48a026b,0xe48a026b,midiInGetNumDevs
0x75675a8e,0x75675a8e,midiInMessage
0x1975f59b,0x1975f59b,midiInOpen
0x3c39f001,0x3c39f001,midiInPrepareHeader
0x4865252c,0x4865252c,midiInReset
0x487f2c77,0x487f2c77,midiInStart
0x1978396f,0x1978396f,midiInStop
0x4cdf2a4,0x04cdf2a4,midiInUnprepareHeader
0x9f5c6e9e,0x9f5c6e9e,midiOutCacheDrumPatches
0xac44f066,0xac44f066,midiOutCachePatches
0x4650e9a0,0x4650e9a0,midiOutClose
0x97b6deb1,0x97b6deb1,midiOutGetDevCapsA
0x97b6dec7,0x97b6dec7,midiOutGetDevCapsW
0xfee70b3a,0xfee70b3a,midiOutGetErrorTextA
0xfee70b50,0xfee70b50,midiOutGetErrorTextW
0x469584b7,0x469584b7,midiOutGetID
0x3a937bac,0x3a937bac,midiOutGetNumDevs
0xc416f22,0x0c416f22,midiOutGetVolume
0xd9e46a61,0xd9e46a61,midiOutLongMsg
0xfec736f,0x0fec736f,midiOutMessage
0x28f1d21c,0x28f1d21c,midiOutOpen
0x4206da2,0x04206da2,midiOutPrepareHeader
0x475c91cd,0x475c91cd,midiOutReset
0x8216bb2e,0x8216bb2e,midiOutSetVolume
0x7497d8a1,0x7497d8a1,midiOutShortMsg
0x604a5c85,0x604a5c85,midiOutUnprepareHeader
0x16cfe5b4,0x16cfe5b4,midiStreamClose
0xb79bb0,0x00b79bb0,midiStreamOpen
0xaab03bb6,0xaab03bb6,midiStreamOut
0x17b5359c,0x17b5359c,midiStreamPause
0x4554b373,0x4554b373,midiStreamPosition
0x23656003,0x23656003,midiStreamProperty
0x7cfe8223,0x7cfe8223,midiStreamRestart
0xb9df84,0x00b9df84,midiStreamStop
0xb75aecca,0xb75aecca,mixerClose
0xbb50031c,0xbb50031c,mixerGetControlDetailsA
0xbb500332,0xbb500332,mixerGetControlDetailsW
0xb805195b,0xb805195b,mixerGetDevCapsA
0xb8051971,0xb8051971,mixerGetDevCapsW
0xb79f87e1,0xb79f87e1,mixerGetID
0xb133ff71,0xb133ff71,mixerGetLineControlsA
0xb133ff87,0xb133ff87,mixerGetLineControlsW
0xf35d09a9,0xf35d09a9,mixerGetLineInfoA
0xf35d09bf,0xf35d09bf,mixerGetLineInfoW
0x43500916,0x43500916,mixerGetNumDevs
0xeb83e919,0xeb83e919,mixerMessage
0xfdd31806,0xfdd31806,mixerOpen
0xa9d42b87,0xa9d42b87,mixerSetControlDetails
0xab405bac,0xab405bac,mmDrvInstall
0xf69629df,0xf69629df,mmGetCurrentTask
0x47aa6da7,0x47aa6da7,mmTaskBlock
0x3fb45b70,0x3fb45b70,mmTaskCreate
0x6465569a,0x6465569a,mmTaskSignal
0x4948d2b3,0x4948d2b3,mmTaskYield
0xabec4ab3,0xabec4ab3,mmioAdvance
0x444a4def,0x444a4def,mmioAscend
0x4041d757,0x4041d757,mmioClose
0x610dc9ce,0x610dc9ce,mmioCreateChunk
0x94fad3f7,0x94fad3f7,mmioDescend
0x40783a63,0x40783a63,mmioFlush
0x7bed862d,0x7bed862d,mmioGetInfo
0x15eac505,0x15eac505,mmioInstallIOProcA
0x15eac51b,0x15eac51b,mmioInstallIOProcW
0x411d0394,0x411d0394,mmioOpenA
0x411d03aa,0x411d03aa,mmioOpenW
0x5f11dabd,0x5f11dabd,mmioRead
0xca4eb3fa,0xca4eb3fa,mmioRenameA
0xca4eb410,0xca4eb410,mmioRenameW
0x5f1267a9,0x5f1267a9,mmioSeek
0xa8c03fd0,0xa8c03fd0,mmioSendMessage
0x936787c7,0x936787c7,mmioSetBuffer
0x17a85f39,0x17a85f39,mmioSetInfo
0x4c17db9e,0x4c17db9e,mmioStringToFOURCCA
0x4c17dbb4,0x4c17dbb4,mmioStringToFOURCCW
0x41aef24c,0x41aef24c,mmioWrite
0x1ab742b4,0x1ab742b4,mmsystemGetVersion
0xea198799,0xea198799,mod32Message
0xa13c8b19,0xa13c8b19,mouse_event
0x5ce10178,0x5ce10178,moz_arena_calloc
0xe05b75cc,0xe05b75cc,moz_arena_free
0x743497c2,0x743497c2,moz_arena_malloc
0x892f2074,0x892f2074,moz_arena_memalign
0x843849ec,0x843849ec,moz_arena_realloc
0x8734f71c,0x8734f71c,moz_create_arena_with_params
0xea301c41,0xea301c41,moz_dispose_arena
0x9dc02e2b,0x9dc02e2b,moz_malloc_enclosing_size_of
0xa3d7798a,0xa3d7798a,moz_malloc_size_of
0x2e076ef1,0x2e076ef1,moz_malloc_usable_size
0x321f836a,0x321f836a,moz_xcalloc
0x497319b4,0x497319b4,moz_xmalloc
0xa815e6e6,0xa815e6e6,moz_xmemalign
0x49bbe6e4,0x49bbe6e4,moz_xmemdup
0x1470a1e,0x01470a1e,moz_xrealloc
0x58cd081e,0x58cd081e,moz_xstrdup
0x43e7ce67,0x43e7ce67,mozalloc_abort
0x42c091de,0x42c091de,mozilla_dump_image
0x23edca4,0x023edca4,mscat32DllRegisterServer
0x14d39f67,0x14d39f67,mscat32DllUnregisterServer
0x84cea138,0x84cea138,mssip32DllRegisterServer
0x7a66d8fb,0x7a66d8fb,mssip32DllUnregisterServer
0x9a5be6e2,0x9a5be6e2,mxd32Message
0x67bfde0b,0x67bfde0b,nssArenaHashAllocOps
0x79282f3d,0x79282f3d,nssArena_Create
0xcddcfef3,0xcddcfef3,nssArena_Destroy
0x181c0c14,0x181c0c14,nssArena_Mark
0x305246a,0x0305246a,nssArena_Release
0x4ce9b0e5,0x4ce9b0e5,nssArena_Shutdown
0xa2e10b57,0xa2e10b57,nssArena_Unmark
0x20849c6a,0x20849c6a,nssCKObject_GetAttributeItem
0xcad6702e,0xcad6702e,nssCKObject_GetAttributes
0x6bb4a117,0x6bb4a117,nssCKObject_IsAttributeTrue
0x13664357,0x13664357,nssCKObject_IsTokenObjectTemplate
0x834ae23a,0x834ae23a,nssCKObject_SetAttributes
0x8186334c,0x8186334c,nssCRLArray_Destroy
0x56e64ea3,0x56e64ea3,nssCRLCollection_Create
0xb14d7689,0xb14d7689,nssCRL_AddRef
0xb6f5ecf7,0xb6f5ecf7,nssCRL_Create
0x4f93a59e,0x4f93a59e,nssCRL_DeleteStoredObject
0xc56273ed,0xc56273ed,nssCRL_Destroy
0x2c3df16a,0x2c3df16a,nssCRL_GetEncoding
0x161ed1ce,0x161ed1ce,nssCertificateArray_Destroy
0x79db5e56,0x79db5e56,nssCertificateArray_FindBestCertificate
0x147aea14,0x147aea14,nssCertificateArray_Join
0x5cebb090,0x5cebb090,nssCertificateArray_Traverse
0xabce5e25,0xabce5e25,nssCertificateCollection_Create
0xc4cd6ec,0x0c4cd6ec,nssCertificateList_AddReferences
0xb4448c61,0xb4448c61,nssCertificateList_DoCallback
0x52baec7,0x052baec7,nssCertificateStore_AddSMIMEProfile
0x63b5b2bd,0x63b5b2bd,nssCertificateStore_AddTrust
0xc592ba26,0xc592ba26,nssCertificateStore_Create
0xa798e6fc,0xa798e6fc,nssCertificateStore_Destroy
0x30b4b81,0x030b4b81,nssCertificateStore_DumpStoreInfo
0xf9e17b66,0xf9e17b66,nssCertificateStore_FindCertificateByEncodedCertificate
0x4eb31f48,0x4eb31f48,nssCertificateStore_FindCertificateByIssuerAndSerialNumber
0x6524696c,0x6524696c,nssCertificateStore_FindCertificatesByEmail
0x5babd0ea,0x5babd0ea,nssCertificateStore_FindCertificatesByNickname
0x884fa054,0x884fa054,nssCertificateStore_FindCertificatesBySubject
0xe2c07c3d,0xe2c07c3d,nssCertificateStore_FindOrAdd
0x4b9be389,0x4b9be389,nssCertificateStore_FindSMIMEProfileForCertificate
0xc70facff,0xc70facff,nssCertificateStore_FindTrustForCertificate
0x6f6475fb,0x6f6475fb,nssCertificateStore_Lock
0x5cb25dc0,0x5cb25dc0,nssCertificateStore_RemoveCertLOCKED
0xef4b437e,0xef4b437e,nssCertificateStore_Unlock
0xe0f9db8b,0xe0f9db8b,nssCertificate_AddRef
0x64b03ef8,0x64b03ef8,nssCertificate_BuildChain
0xe6a251f9,0xe6a251f9,nssCertificate_Create
0xea9b792f,0xea9b792f,nssCertificate_Destroy
0x6ed3f94b,0x6ed3f94b,nssCertificate_GetCryptoContext
0x40dd002,0x040dd002,nssCertificate_GetDecoding
0xd31ec953,0xd31ec953,nssCertificate_GetEmailAddress
0xa51bc7ac,0xa51bc7ac,nssCertificate_GetEncoding
0x45948420,0x45948420,nssCertificate_GetIssuer
0x72460b6b,0x72460b6b,nssCertificate_GetNickname
0x2f4f42ce,0x2f4f42ce,nssCertificate_GetSerialNumber
0xfd5c0eb5,0xfd5c0eb5,nssCertificate_GetSubject
0xfc84db3f,0xfc84db3f,nssCertificate_GetTrustDomain
0x2e6ea5d9,0x2e6ea5d9,nssCertificate_SubjectListSort
0x8be6b09c,0x8be6b09c,nssCryptoContext_Create
0x5863370a,0x5863370a,nssCryptoContext_FindCertificatesBySubject
0xade81bff,0xade81bff,nssCryptoContext_FindSMIMEProfileForCertificate
0x60c21e35,0x60c21e35,nssCryptoContext_FindTrustForCertificate
0x9e0894cf,0x9e0894cf,nssCryptoContext_ImportSMIMEProfile
0x6b9cd1c5,0x6b9cd1c5,nssCryptoContext_ImportTrust
0xb1a2d0ff,0xb1a2d0ff,nssCryptokiCRL_GetAttributes
0xad17c4c1,0xad17c4c1,nssCryptokiCertificate_GetAttributes
0xa5ddcef7,0xa5ddcef7,nssCryptokiObjectArray_Destroy
0xf0daba3f,0xf0daba3f,nssCryptokiObject_Clone
0xc98e462,0x0c98e462,nssCryptokiObject_Create
0xcf6458b8,0xcf6458b8,nssCryptokiObject_Destroy
0xf101c106,0xf101c106,nssCryptokiObject_Equal
0xd37a3a4a,0xd37a3a4a,nssCryptokiPrivateKey_SetCertificate
0xd298cb60,0xd298cb60,nssCryptokiTrust_GetAttributes
0xd44b4e2c,0xd44b4e2c,nssDecodedCert_Create
0x8d63fbc2,0x8d63fbc2,nssDecodedCert_Destroy
0x69ed37bd,0x69ed37bd,nssDecodedPKIXCertificate_Create
0xd7431773,0xd7431773,nssDecodedPKIXCertificate_Destroy
0x99a32cef,0x99a32cef,nssHash_Add
0x8f4cb4cf,0x8f4cb4cf,nssHash_Count
0x79109b3a,0x79109b3a,nssHash_Create
0x149f7b1d,0x149f7b1d,nssHash_CreateCertificate
0x7a29aac9,0x7a29aac9,nssHash_CreateItem
0x22a8699b,0x22a8699b,nssHash_CreatePointer
0xc29a35d1,0xc29a35d1,nssHash_CreateString
0xcad2ea90,0xcad2ea90,nssHash_Destroy
0x7e29fda6,0x7e29fda6,nssHash_Exists
0x6db4c434,0x6db4c434,nssHash_Iterate
0x8dde65e0,0x8dde65e0,nssHash_Lookup
0x9b275cf4,0x9b275cf4,nssHash_Remove
0x89b11045,0x89b11045,nssItem_Create
0xef8200fb,0xef8200fb,nssItem_Destroy
0xa1e1b6ac,0xa1e1b6ac,nssItem_Duplicate
0xce027c89,0xce027c89,nssItem_Equal
0xe95b68b2,0xe95b68b2,nssListIterator_Destroy
0xcdf28bc9,0xcdf28bc9,nssListIterator_Finish
0x7a725467,0x7a725467,nssListIterator_Next
0xc91f33d6,0xc91f33d6,nssListIterator_Start
0xb3558c87,0xb3558c87,nssList_Add
0x5e8d1e9e,0x5e8d1e9e,nssList_AddUnique
0xdf136f85,0xdf136f85,nssList_Clear
0xdf139baf,0xdf139baf,nssList_Clone
0xdf155a67,0xdf155a67,nssList_Count
0xc1edf3d2,0xc1edf3d2,nssList_Create
0x404dff5c,0x404dff5c,nssList_CreateIterator
0x2f5b5628,0x2f5b5628,nssList_Destroy
0xb355a63e,0xb355a63e,nssList_Get
0xde45eadd,0xde45eadd,nssList_GetArray
0xec2e50b,0x0ec2e50b,nssList_GetCompareFunction
0xe404b58c,0xe404b58c,nssList_Remove
0x37cc7e97,0x37cc7e97,nssList_SetCompareFunction
0xf2c41d38,0xf2c41d38,nssList_SetSortFunction
0xace052ce,0xace052ce,nssPKCS11String_Length
0x9e373ed2,0x9e373ed2,nssPKIObjectCollection_AddInstanceAsObject
0xb8a8673a,0xb8a8673a,nssPKIObjectCollection_AddInstances
0xe0277fc9,0xe0277fc9,nssPKIObjectCollection_AddObject
0x66f440d2,0x66f440d2,nssPKIObjectCollection_Count
0x2a8d8353,0x2a8d8353,nssPKIObjectCollection_Destroy
0x1172e6dd,0x1172e6dd,nssPKIObjectCollection_GetCRLs
0x432eb85f,0x432eb85f,nssPKIObjectCollection_GetCertificates
0xff3092b5,0xff3092b5,nssPKIObjectCollection_Traverse
0xad222c3b,0xad222c3b,nssPKIObject_AddInstance
0x4ccc6f03,0x4ccc6f03,nssPKIObject_AddRef
0x5274e571,0x5274e571,nssPKIObject_Create
0xfc912518,0xfc912518,nssPKIObject_DeleteStoredObject
0xd0c07ba7,0xd0c07ba7,nssPKIObject_Destroy
0xee7f8950,0xee7f8950,nssPKIObject_DestroyLock
0x3d21aba5,0x3d21aba5,nssPKIObject_GetInstances
0xa4041ecb,0xa4041ecb,nssPKIObject_GetNicknameForToken
0x625fbb91,0x625fbb91,nssPKIObject_GetTokens
0x19d60cae,0x19d60cae,nssPKIObject_HasInstance
0x4a9d5286,0x4a9d5286,nssPKIObject_Lock
0xd2b93fb0,0xd2b93fb0,nssPKIObject_NewLock
0x9a2c1fc8,0x9a2c1fc8,nssPKIObject_RemoveInstanceForToken
0x7c2d6ec9,0x7c2d6ec9,nssPKIObject_Unlock
0xdd52bab9,0xdd52bab9,nssPKIX509_GetIssuerAndSerialFromDER
0x3dff5a94,0x3dff5a94,nssSMIMEProfile_AddRef
0x43a7d102,0x43a7d102,nssSMIMEProfile_Create
0xe850d958,0xe850d958,nssSMIMEProfile_Destroy
0x37633190,0x37633190,nssSession_Destroy
0xb358c9cc,0xb358c9cc,nssSession_EnterMonitor
0xd65444c8,0xd65444c8,nssSession_ExitMonitor
0x9bfba90c,0x9bfba90c,nssSession_ImportNSS3Session
0x70d131a9,0x70d131a9,nssSession_IsReadWrite
0x881b6354,0x881b6354,nssSlotArray_Clone
0x39739b0d,0x39739b0d,nssSlotArray_Destroy
0x9bfc618a,0x9bfc618a,nssSlot_AddRef
0xf3cfc9fc,0xf3cfc9fc,nssSlot_CreateSession
0x5eebf0e,0x05eebf0e,nssSlot_Destroy
0x5e0e760a,0x5e0e760a,nssSlot_EnterMonitor
0xf2c66146,0xf2c66146,nssSlot_ExitMonitor
0xde37f164,0xde37f164,nssSlot_GetCryptokiEPV
0xecda6ec5,0xecda6ec5,nssSlot_GetName
0x889c7fa5,0x889c7fa5,nssSlot_GetToken
0xbb677dd,0x0bb677dd,nssSlot_IsFriendly
0xa9c7aaa9,0xa9c7aaa9,nssSlot_IsLoggedIn
0xd699946a,0xd699946a,nssSlot_IsPermanent
0x9e5052a2,0x9e5052a2,nssSlot_IsTokenPresent
0x87738136,0x87738136,nssSlot_ResetDelay
0xb264692c,0xb264692c,nssTokenArray_Destroy
0xfab69195,0xfab69195,nssTokenObjectCache_Clear
0x51f557e2,0x51f557e2,nssTokenObjectCache_Create
0xc04f3c38,0xc04f3c38,nssTokenObjectCache_Destroy
0x7a983ff0,0x7a983ff0,nssTokenObjectCache_FindObjectsByTemplate
0x1ffb2f8c,0x1ffb2f8c,nssTokenObjectCache_GetObjectAttributes
0xbfc8d5df,0xbfc8d5df,nssTokenObjectCache_HaveObjectClass
0xb501f580,0xb501f580,nssTokenObjectCache_ImportObject
0x64e8a4b3,0x64e8a4b3,nssTokenObjectCache_RemoveObject
0x84b0c469,0x84b0c469,nssToken_AddRef
0xa8a2a9e8,0xa8a2a9e8,nssToken_BeginDigest
0x74c9d0c8,0x74c9d0c8,nssToken_ContinueDigest
0xe57245b6,0xe57245b6,nssToken_CreateFromPK11SlotInfo
0x587ac37e,0x587ac37e,nssToken_DeleteStoredObject
0x52f7dcd,0x052f7dcd,nssToken_Destroy
0x8c0cb0a3,0x8c0cb0a3,nssToken_Digest
0xfa4c2a3,0x0fa4c2a3,nssToken_FindCRLsBySubject
0xfd4055b7,0xfd4055b7,nssToken_FindCertificateByEncodedCertificate
0x750823f9,0x750823f9,nssToken_FindCertificateByIssuerAndSerialNumber
0xbd08823d,0xbd08823d,nssToken_FindCertificatesByEmail
0xefaa162,0x0efaa162,nssToken_FindCertificatesByID
0x66ab841b,0x66ab841b,nssToken_FindCertificatesByNickname
0x699d3165,0x699d3165,nssToken_FindCertificatesBySubject
0x541c10ee,0x541c10ee,nssToken_FindObjects
0xf2e92245,0xf2e92245,nssToken_FindObjectsByTemplate
0x487156b0,0x487156b0,nssToken_FindPrivateKeyByID
0x9b985ebb,0x9b985ebb,nssToken_FindPrivateKeys
0x81eafd4,0x081eafd4,nssToken_FindPublicKeyByID
0x1ef3c5d0,0x1ef3c5d0,nssToken_FindTrustForCertificate
0xccd20c24,0xccd20c24,nssToken_FinishDigest
0x5c506339,0x5c506339,nssToken_GetCachedObjectAttributes
0x5694c343,0x5694c343,nssToken_GetCryptokiEPV
0x8ea9750c,0x8ea9750c,nssToken_GetDefaultSession
0xec1b2d84,0xec1b2d84,nssToken_GetName
0xec1e1a85,0xec1e1a85,nssToken_GetSlot
0xc08dc21d,0xc08dc21d,nssToken_GetTrustDomain
0x82bd54c1,0x82bd54c1,nssToken_GetTrustOrder
0xc4ec62bf,0xc4ec62bf,nssToken_ImportCRL
0xaa51d101,0xaa51d101,nssToken_ImportCertificate
0xb2d5f8e0,0xb2d5f8e0,nssToken_ImportTrust
0x7803c599,0x7803c599,nssToken_IsLoginRequired
0xb5440b40,0xb5440b40,nssToken_IsPresent
0xc7af2644,0xc7af2644,nssToken_IsPrivateKeyAvailable
0xa15e5d41,0xa15e5d41,nssToken_NeedsPINInitialization
0xc0e61d9c,0xc0e61d9c,nssToken_NotifyCertsNotVisible
0x39f24232,0x39f24232,nssToken_Refresh
0xac6ffc91,0xac6ffc91,nssToken_Remove
0x772697e5,0x772697e5,nssToken_TraverseCertificates
0xab48bc67,0xab48bc67,nssToken_UpdateName
0xde4f455d,0xde4f455d,nssTrustDomain_AddCertsToCache
0xdd90bdf6,0xdd90bdf6,nssTrustDomain_CreateCryptoContext
0x105c0fda,0x105c0fda,nssTrustDomain_DestroyCache
0x6552da92,0x6552da92,nssTrustDomain_DumpCacheInfo
0xefe994f,0x0efe994f,nssTrustDomain_FindBestCertificateByNickname
0xb4887019,0xb4887019,nssTrustDomain_FindBestCertificateBySubject
0x571812bc,0x571812bc,nssTrustDomain_FindCRLsBySubject
0x78bba210,0x78bba210,nssTrustDomain_FindCertificateByEncodedCertificate
0xac80bdb2,0xac80bdb2,nssTrustDomain_FindCertificateByIssuerAndSerialNumber
0x71e10054,0x71e10054,nssTrustDomain_FindCertificatesByNickname
0xb7878a7e,0xb7878a7e,nssTrustDomain_FindCertificatesBySubject
0xa81304a9,0xa81304a9,nssTrustDomain_FindTrustForCertificate
0xb1397e8,0x0b1397e8,nssTrustDomain_GetCertByDERFromCache
0x795eea08,0x795eea08,nssTrustDomain_GetCertForIssuerAndSNFromCache
0xec888b7a,0xec888b7a,nssTrustDomain_GetCertsForEmailAddressFromCache
0xeeb23112,0xeeb23112,nssTrustDomain_GetCertsForNicknameFromCache
0x139f5fbc,0x139f5fbc,nssTrustDomain_GetCertsForSubjectFromCache
0x1bae2665,0x1bae2665,nssTrustDomain_GetCertsFromCache
0x90d84d8e,0x90d84d8e,nssTrustDomain_GetDefaultCallback
0x7c97ca22,0x7c97ca22,nssTrustDomain_InitializeCache
0xbe178fe7,0xbe178fe7,nssTrustDomain_LockCertCache
0xc4a7e9d2,0xc4a7e9d2,nssTrustDomain_RemoveCertFromCacheLOCKED
0xb84b6674,0xb84b6674,nssTrustDomain_RemoveTokenCertsFromCache
0x1611f77f,0x1611f77f,nssTrustDomain_TraverseCertificatesByNickname
0xfa90c849,0xfa90c849,nssTrustDomain_TraverseCertificatesBySubject
0x87c0b34a,0x87c0b34a,nssTrustDomain_UnlockCertCache
0xc89a7cd9,0xc89a7cd9,nssTrustDomain_UpdateCachedTokenCerts
0x2589baca,0x2589baca,nssTrust_AddRef
0x2b323138,0x2b323138,nssTrust_Create
0xc127404e,0xc127404e,nssTrust_Destroy
0x6fd746d7,0x6fd746d7,nssTrust_GetCERTCertTrustForCert
0x4a027678,0x4a027678,nssTrust_IsSafeToIgnoreCertHash
0x7f6ef8f6,0x7f6ef8f6,nssUTF8_CaseIgnoreMatch
0x2609cd88,0x2609cd88,nssUTF8_CopyIntoFixedBuffer
0x4404a97d,0x4404a97d,nssUTF8_Create
0xf35964e4,0xf35964e4,nssUTF8_Duplicate
0xe32bcec1,0xe32bcec1,nssUTF8_Equal
0xd47571b0,0xd47571b0,nssUTF8_GetEncoding
0x581ce18b,0x581ce18b,nssUTF8_Length
0xa53b5ab7,0xa53b5ab7,nssUTF8_PrintableMatch
0xc11863a4,0xc11863a4,nssUTF8_Size
0x89ce0109,0x89ce0109,nss_ClearErrorStack
0x8134d06c,0x8134d06c,nss_DestroyErrorStack
0xf8f30edb,0xf8f30edb,nss_DumpCertificateCacheInfo
0x33cdf440,0x33cdf440,nss_DumpModuleLog
0xc629bb09,0xc629bb09,nss_InsertDeviceLog
0xb737e4c7,0xb737e4c7,nss_MkConfigString
0xbbe36f8c,0xbbe36f8c,nss_RemoveList
0x3e308178,0x3e308178,nss_SetError
0x2abf26fe,0x2abf26fe,nss_Shutdown
0xa4fb45a7,0xa4fb45a7,nss_ZAlloc
0x5076548d,0x5076548d,nss_ZFreeIf
0xdc64ba1e,0xdc64ba1e,nss_ZRealloc
0xb1d82fff,0xb1d82fff,nssdbg_prof_data
0xb1e08c80,0xb1e08c80,nssdbg_prof_size
0x61f3ce7b,0x61f3ce7b,nsslibc_memcmp
0x61f3cee7,0x61f3cee7,nsslibc_memcpy
0xae47ddf3,0xae47ddf3,nsslibc_memequal
0x61f41187,0x61f41187,nsslibc_memset
0x6cefdcec,0x6cefdcec,ntohd
0x6cefdcee,0x6cefdcee,ntohf
0x6cefdcf4,0x6cefdcf4,ntohl
0xaeb7be0,0x0aeb7be0,ntohll
0x6cefdcfb,0x6cefdcfb,ntohs
0x844c6fc6,0x844c6fc6,num_pk11_default_mechanisms
0xdb413c08,0xdb413c08,ocsp_CacheSingleResponse
0xf00e077a,0xf00e077a,ocsp_CertHasGoodStatus
0x38e66c7a,0x38e66c7a,ocsp_CertIDTemplate
0x53db0c99,0x53db0c99,ocsp_CertIsOCSPDefaultResponder
0x2dd2a6e9,0x2dd2a6e9,ocsp_CreateCertStatus
0xd822c7c0,0xd822c7c0,ocsp_DigestValue
0xa598ad1a,0xa598ad1a,ocsp_FetchingFailureIsVerificationFailure
0xa67ab183,0xa67ab183,ocsp_GetCachedOCSPResponseStatus
0x14e83dae,0x14e83dae,ocsp_GetResponderLocation
0xa0eb598c,0xa0eb598c,ocsp_GetResponseData
0x3f915724,0x3f915724,ocsp_GetResponseSignature
0x57d378ae,0x57d378ae,ocsp_GetSignerCertificate
0x76596044,0x76596044,ocsp_GetVerifiedSingleResponseForCertID
0x7b534583,0x7b534583,ocsp_OCSPResponseTemplate
0x7248dd59,0x7248dd59,ocsp_PointerToResponseBytesTemplate
0xcce34055,0xcce34055,ocsp_PointerToSignatureTemplate
0xb5e79ec2,0xb5e79ec2,ocsp_ResponderIDByKeyTemplate
0x5d25067a,0x5d25067a,ocsp_ResponderIDByNameTemplate
0x13ee455,0x013ee455,ocsp_ResponseBytesTemplate
0x64c090c8,0x64c090c8,ocsp_ResponseDataTemplate
0x6ed7549b,0x6ed7549b,ocsp_RevokedInfoTemplate
0x2883504a,0x2883504a,ocsp_SingleRequestTemplate
0xa9b4190,0x0a9b4190,ocsp_SingleResponseTemplate
0x1f564f31,0x1f564f31,ocsp_TBSRequestTemplate
0xb518a286,0xb518a286,ocsp_UrlEncodeBase64Buf
0xa65839d9,0xa65839d9,ocsp_VerifyResponseSignature
0xcfb1b864,0xcfb1b864,ogg_calloc_func
0x331044f8,0x331044f8,ogg_free_func
0x550ccee,0x0550ccee,ogg_malloc_func
0x71be0d6b,0x71be0d6b,ogg_page_bos
0x68a7e847,0x68a7e847,ogg_page_granulepos
0x390cdac4,0x390cdac4,ogg_page_serialno
0x6ced0d78,0x6ced0d78,ogg_realloc_func
0x46d75fed,0x46d75fed,ogg_set_mem_functions
0xb9c78974,0xb9c78974,ogg_stream_check
0xb9c9babd,0xb9c9babd,ogg_stream_clear
0xb70fbc3d,0xb70fbc3d,ogg_stream_eos
0xba004a98,0xba004a98,ogg_stream_flush
0x9909704a,0x9909704a,ogg_stream_init
0x642bcf05,0x642bcf05,ogg_stream_packetin
0xe9a5ca86,0xe9a5ca86,ogg_stream_packetout
0x108e3e0a,0x108e3e0a,ogg_stream_pagein
0x22561a2b,0x22561a2b,ogg_stream_pageout
0xbad58fb9,0xbad58fb9,ogg_stream_reset
0x50b7f321,0x50b7f321,ogg_sync_buffer
0xad29fd0e,0xad29fd0e,ogg_sync_clear
0x43522c7b,0x43522c7b,ogg_sync_init
0x48d8b82c,0x48d8b82c,ogg_sync_pageseek
0xae35d20a,0xae35d20a,ogg_sync_reset
0xae975e58,0xae975e58,ogg_sync_wrote
0x58a2d85c,0x58a2d85c,omap
0xce0a33a5,0xce0a33a5,optdbgdump
0x69cc65a0,0x69cc65a0,optdbgdumpaddr
0xedc2a359,0xedc2a359,opus_decode
0x5cf21e,0x005cf21e,opus_decoder_create
0xe7c058ed,0xe7c058ed,opus_decoder_ctl
0x3baa1df4,0x3baa1df4,opus_decoder_destroy
0xf0baa883,0xf0baa883,opus_encode
0x9532b3f8,0x9532b3f8,opus_encode_float
0x5f48148,0x05f48148,opus_encoder_create
0x917c2857,0x917c2857,opus_encoder_ctl
0xf433925e,0xf433925e,opus_encoder_destroy
0x54dac350,0x54dac350,opus_get_version_string
0xcc5ae56f,0xcc5ae56f,opus_multistream_decode
0x45bff1e4,0x45bff1e4,opus_multistream_decode_float
0xec8ea34,0x0ec8ea34,opus_multistream_decoder_create
0xcd2358c3,0xcd2358c3,opus_multistream_decoder_ctl
0x179518ca,0x179518ca,opus_multistream_decoder_destroy
0xcf52ea99,0xcf52ea99,opus_multistream_encode
0x26f5ae8e,0x26f5ae8e,opus_multistream_encode_float
0x1460795e,0x1460795e,opus_multistream_encoder_create
0x76df282d,0x76df282d,opus_multistream_encoder_ctl
0xd01e8d34,0xd01e8d34,opus_multistream_encoder_destroy
0xc99d7cdf,0xc99d7cdf,opus_multistream_surround_encoder_create
0x385bd6a6,0x385bd6a6,opus_packet_get_nb_channels
0x68237418,0x68237418,opus_packet_get_nb_frames
0x2efb6370,0x2efb6370,opus_packet_get_samples_per_frame
0x879b1ee7,0x879b1ee7,opus_packet_parse
0xe5ce45d8,0xe5ce45d8,opus_strerror
0x1aa277,0x001aa277,pbe_PK11AlgidToParam
0x798aa22e,0x798aa22e,pfnFreeRoutines
0xd6bce9a0,0xd6bce9a0,pfnMarshallRoutines
0x5bd7464e,0x5bd7464e,pfnRealizePalette
0xe9211262,0xe9211262,pfnSelectPalette
0x9a81e887,0x9a81e887,pfnSizeRoutines
0x67de57e3,0x67de57e3,pfnUnmarshallRoutines
0x403a3cdd,0x403a3cdd,pk11_AttrFlagsToAttributes
0x5b36cbca,0x5b36cbca,pk11_AuthenticateUnfriendly
0x5503b69a,0x5503b69a,pk11_BadAttrFlags
0x4e771685,0x4e771685,pk11_CloseSession
0x35e0088b,0x35e0088b,pk11_CopyToSlot
0xc0a4f11f,0xc0a4f11f,pk11_CopyToSlotPerm
0x949efed3,0x949efed3,pk11_CreateGenericObjectHelper
0x3ae62cba,0x3ae62cba,pk11_DoKeys
0xe91f711d,0xe91f711d,pk11_Finalize
0x41bdedda,0x41bdedda,pk11_FindAttrInTemplate
0xc8d939a,0x0c8d939a,pk11_FindObjectByTemplate
0xfdd3782d,0xfdd3782d,pk11_FindObjectsByTemplate
0x49b350bf,0x49b350bf,pk11_FindPrivateKeyFromCertID
0x453f64d,0x0453f64d,pk11_FindPubKeyByAnyCert
0xcea0e09c,0xcea0e09c,pk11_ForceSlot
0x8fdc4568,0x8fdc4568,pk11_ForceSlotMultiple
0x779a22d5,0x779a22d5,pk11_GenerateNewParamWithKeyLen
0x9bee863e,0x9bee863e,pk11_GetLowLevelKeyFromHandle
0xb87de419,0xb87de419,pk11_GetNewSession
0x42d7b538,0x42d7b538,pk11_GetPBECryptoMechanism
0x448e204c,0x448e204c,pk11_GetPredefinedKeyLength
0xa19c7bd1,0xa19c7bd1,pk11_GetTrustField
0xd54bd930,0xd54bd930,pk11_HandleTrustObject
0x2e6dd76f,0x2e6dd76f,pk11_HasAttributeSet_Lock
0x8844e4f4,0x8844e4f4,pk11_InDelayPeriod
0xc8066c77,0xc8066c77,pk11_KeyExchange
0x76b9b4ad,0x76b9b4ad,pk11_LoginStillRequired
0x37ca5dcf,0x37ca5dcf,pk11_MatchString
0x46006e15,0x46006e15,pk11_MatchUriTokenInfo
0xa112a7dd,0xa112a7dd,pk11_MoveListToList
0xeb5ef3c1,0xeb5ef3c1,pk11_OpFlagsToAttributes
0x8e0976ca,0x8e0976ca,pk11_ParamFromIVWithLen
0xe497576,0x0e497576,pk11_RawPBEKeyGenWithKeyType
0x6818c785,0x6818c785,pk11_RetrieveCrls
0x9817307f,0x9817307f,pk11_SetInternalKeySlot
0x2b418a16,0x2b418a16,pk11_SetInternalKeySlotIfFirst
0x5afb4d25,0x5afb4d25,pk11_SignedToUnsigned
0x3b8a920e,0x3b8a920e,pk11_SwapInternalKeySlot
0x3f296bf6,0x3f296bf6,pk11_TokenKeyGenWithFlagsAndKeyType
0x56aec525,0x56aec525,pk11_TraverseAllSlots
0x8351dd50,0x8351dd50,pk11_encrypt
0xfe5ab2f3,0xfe5ab2f3,pk11_filterSlot
0x84c131af,0x84c131af,pk11_getFinalizeModulesOption
0x4fe7f84,0x04fe7f84,pk11_getPrivateKeyUsage
0x59bdee84,0x59bdee84,pk11_isID0
0x465754ce,0x465754ce,pk11_mapWrapKeyType
0x86ae1cef,0x86ae1cef,pk11_mergeTrustEntry
0x73dea7c7,0x73dea7c7,pk11_mkcertKeyID
0xae6ca86d,0xae6ca86d,pk11_newMergeLogNode
0x9cf56144,0x9cf56144,pk11_notify
0x928abe54,0x928abe54,pk11_restoreContext
0xe5c3f0ff,0xe5c3f0ff,pk11_saveContext
0xc195cb4,0x0c195cb4,pk11_setGlobalOptions
0xb471d768,0xb471d768,pk11sdr_Init
0x47cad510,0x47cad510,pk11sdr_Shutdown
0xb8f779e3,0xb8f779e3,pk11slot_GetFIPSStatus
0xececaf6d,0xececaf6d,pkixLog
0x307b6794,0x307b6794,pkixLoggerLock
0xe99ad5be,0xe99ad5be,pkixLoggers
0xeda38fd4,0xeda38fd4,pkixLoggersDebugTrace
0x34a2f39b,0x34a2f39b,pkixLoggersErrors
0x399fb028,0x399fb028,pkix_BasicConstraintsCheckerState_RegisterSelf
0x88b0add6,0x88b0add6,pkix_BasicConstraintsChecker_Check
0x99922c0a,0x99922c0a,pkix_BasicConstraintsChecker_Initialize
0xfa2220cc,0xfa2220cc,pkix_BuildResult_Create
0x79676347,0x79676347,pkix_BuildResult_RegisterSelf
0xf6724f3f,0xf6724f3f,pkix_CRLSelector_Create
0xfd0b5bfa,0xfd0b5bfa,pkix_CRLSelector_RegisterSelf
0x1add804b,0x1add804b,pkix_CRLSelector_Select
0xdb659c77,0xdb659c77,pkix_CacheCertChain_Add
0xcd890868,0xcd890868,pkix_CacheCertChain_Lookup
0xdad1ff7c,0xdad1ff7c,pkix_CacheCertChain_Remove
0xc42143b4,0xc42143b4,pkix_CacheCert_Add
0x9c18c285,0x9c18c285,pkix_CacheCert_Lookup
0x507014d9,0x507014d9,pkix_CacheCrlEntry_Add
0xe0563d8a,0xe0563d8a,pkix_CacheCrlEntry_Lookup
0x8d0eb0be,0x8d0eb0be,pkix_CertChainChecker_RegisterSelf
0x1cf301a7,0x1cf301a7,pkix_CertSelector_RegisterSelf
0xcad9a838,0xcad9a838,pkix_CertSelector_Select
0x85a5f93,0x085a5f93,pkix_CertStore_RegisterSelf
0x6502520b,0x6502520b,pkix_CheckChain
0xc509aeaa,0xc509aeaa,pkix_CheckType
0x663f845d,0x663f845d,pkix_CheckTypes
0x56b9fa80,0x56b9fa80,pkix_ComCRLSelParams_RegisterSelf
0x33d6e1ad,0x33d6e1ad,pkix_ComCertSelParams_RegisterSelf
0xa018c940,0xa018c940,pkix_CrlChecker_CheckExternal
0x8079adc8,0x8079adc8,pkix_CrlChecker_CheckLocal
0x69199ef3,0x69199ef3,pkix_CrlChecker_Create
0xe9a4a2ae,0xe9a4a2ae,pkix_CrlChecker_RegisterSelf
0x30cea452,0x30cea452,pkix_EkuChecker_RegisterSelf
0xd941c4a2,0xd941c4a2,pkix_Error_RegisterSelf
0x7b860905,0x7b860905,pkix_EscASCII_to_UTF16
0xd0a486ff,0xd0a486ff,pkix_ExpirationChecker_Check
0x607926d3,0x607926d3,pkix_ExpirationChecker_Initialize
0x56c721d5,0x56c721d5,pkix_ForwardBuilderState_RegisterSelf
0x5923ab1e,0x5923ab1e,pkix_HttpCertStore_FindSocketConnection
0x8c57cf0b,0x8c57cf0b,pkix_IsCertSelfIssued
0xcdb298d9,0xcdb298d9,pkix_List_AppendList
0x1a0fa234,0x1a0fa234,pkix_List_AppendUnique
0x410ebbb9,0x410ebbb9,pkix_List_BubbleSort
0xd9e68124,0xd9e68124,pkix_List_Contains
0x58b00684,0x58b00684,pkix_List_MergeLists
0x572dd7ca,0x572dd7ca,pkix_List_QuickSort
0xdf4b51b4,0xdf4b51b4,pkix_List_RegisterSelf
0x4fd9c333,0x4fd9c333,pkix_List_Remove
0x79cd0ff5,0x79cd0ff5,pkix_List_RemoveItems
0x8f86e8a,0x08f86e8a,pkix_LockObject
0x68455c27,0x68455c27,pkix_Logger_Check
0x47efd6fe,0x47efd6fe,pkix_Logger_CheckWithCode
0xb7a2ca58,0xb7a2ca58,pkix_Logger_RegisterSelf
0x7a59fdbe,0x7a59fdbe,pkix_NameChainingChecker_Check
0x6191acf2,0x6191acf2,pkix_NameChainingChecker_Initialize
0x438969e7,0x438969e7,pkix_NameConstraintsCheckerState_RegisterSelf
0x45c6eea9,0x45c6eea9,pkix_NameConstraintsChecker_Initialize
0xd498ad34,0xd498ad34,pkix_OcspChecker_CheckExternal
0x3b5ef63c,0x3b5ef63c,pkix_OcspChecker_CheckLocal
0x6de4cd67,0x6de4cd67,pkix_OcspChecker_Create
0xcf7f1cdf,0xcf7f1cdf,pkix_OcspChecker_MapResultCodeToRevStatus
0xf2fdd822,0xf2fdd822,pkix_OcspChecker_RegisterSelf
0xcf1cbf9e,0xcf1cbf9e,pkix_PolicyCheckerState_RegisterSelf
0x93c95440,0x93c95440,pkix_PolicyChecker_Initialize
0xd167418b,0xd167418b,pkix_PolicyChecker_MapContains
0xb622575b,0xb622575b,pkix_PolicyChecker_MapGetMappedPolicies
0xfc377c6c,0xfc377c6c,pkix_PolicyChecker_MapGetSubjectDomainPolicies
0xa1054395,0xa1054395,pkix_PolicyNode_AddToParent
0x76f67713,0x76f67713,pkix_PolicyNode_Create
0x3d813b32,0x3d813b32,pkix_PolicyNode_GetChildrenMutable
0xc676dd29,0xc676dd29,pkix_PolicyNode_Prune
0xaf0b12ce,0xaf0b12ce,pkix_PolicyNode_RegisterSelf
0x64919099,0x64919099,pkix_ProcessingParams_RegisterSelf
0x5ab15132,0x5ab15132,pkix_ResourceLimits_RegisterSelf
0xedc787a7,0xedc787a7,pkix_RevocationChecker_RegisterSelf
0x5590f01f,0x5590f01f,pkix_RevocationMethod_Duplicate
0x4eccd558,0x4eccd558,pkix_RevocationMethod_Init
0x122a52a0,0x122a52a0,pkix_SignatureCheckerState_RegisterSelf
0xa379dc4e,0xa379dc4e,pkix_SignatureChecker_Check
0x3f332582,0x3f332582,pkix_SignatureChecker_Initialize
0x85df451b,0x85df451b,pkix_SinglePolicyNode_ToString
0xb911eaa0,0xb911eaa0,pkix_SingleVerifyNode_ToString
0xde5a3e8,0x0de5a3e8,pkix_TargetCertCheckerState_Create
0x8bdfcb63,0x8bdfcb63,pkix_TargetCertCheckerState_RegisterSelf
0xf975d891,0xf975d891,pkix_TargetCertChecker_Check
0xfa5643a5,0xfa5643a5,pkix_TargetCertChecker_Initialize
0x600a02be,0x600a02be,pkix_Throw
0x4e5d5455,0x4e5d5455,pkix_TrustAnchor_RegisterSelf
0x3454a9e5,0x3454a9e5,pkix_UTF16_to_EscASCII
0xd131e7a8,0xd131e7a8,pkix_UTF16_to_UTF8
0x4fe4f5a8,0x4fe4f5a8,pkix_UTF8_to_UTF16
0x3d13804d,0x3d13804d,pkix_UnlockObject
0x2f20b926,0x2f20b926,pkix_ValidateParams_RegisterSelf
0x354533a6,0x354533a6,pkix_ValidateResult_Create
0x6827b1a1,0x6827b1a1,pkix_ValidateResult_RegisterSelf
0xed734e13,0xed734e13,pkix_VerifyNode_AddToChain
0x35c72a80,0x35c72a80,pkix_VerifyNode_AddToTree
0x2fc7f758,0x2fc7f758,pkix_VerifyNode_Create
0x3dafe10f,0x3dafe10f,pkix_VerifyNode_FindError
0xde6ef2d3,0xde6ef2d3,pkix_VerifyNode_RegisterSelf
0x3e0d463a,0x3e0d463a,pkix_VerifyNode_SetError
0x926353f,0x0926353f,pkix_cAddCount
0xeed38b70,0xeed38b70,pkix_cLookupCount
0xe1f60f04,0xe1f60f04,pkix_cRemoveCount
0xa34e9e42,0xa34e9e42,pkix_ccAddCount
0x7190f993,0x7190f993,pkix_ccLookupCount
0x64b37d27,0x64b37d27,pkix_ccRemoveCount
0x8c478044,0x8c478044,pkix_ceAddCount
0xd377b455,0xd377b455,pkix_ceLookupCount
0x3d797752,0x3d797752,pkix_countArray
0x24a0a125,0x24a0a125,pkix_duplicateImmutable
0xdc2a2f4e,0xdc2a2f4e,pkix_hash
0x6172594a,0x6172594a,pkix_hex2i
0x61683d0a,0x61683d0a,pkix_i2hex
0x14f3859f,0x14f3859f,pkix_isPlaintext
0x7cf50716,0x7cf50716,pkix_pl_AIAMgr_GetHTTPCerts
0xd436fab7,0xd436fab7,pkix_pl_AIAMgr_GetLDAPCerts
0xd67059c4,0xd67059c4,pkix_pl_AIAMgr_RegisterSelf
0x4f5a8538,0x4f5a8538,pkix_pl_BigInt_CreateWithBytes
0xd3066c50,0xd3066c50,pkix_pl_BigInt_RegisterSelf
0xa45150c6,0xa45150c6,pkix_pl_ByteArray_RegisterSelf
0x993b98d6,0x993b98d6,pkix_pl_ByteArray_ToHexString
0x8c1f028b,0x8c1f028b,pkix_pl_CRLEntry_Create
0xf67c5846,0xf67c5846,pkix_pl_CRLEntry_RegisterSelf
0x7ad3c490,0x7ad3c490,pkix_pl_CRLEntry_ToString_Helper
0x19154c30,0x19154c30,pkix_pl_CRL_CreateWithSignedCRL
0x93f8ae34,0x93f8ae34,pkix_pl_CRL_RegisterSelf
0x4ab068e0,0x4ab068e0,pkix_pl_CertBasicConstraints_Create
0xe1186a5b,0xe1186a5b,pkix_pl_CertBasicConstraints_RegisterSelf
0x2dedbcbe,0x2dedbcbe,pkix_pl_CertNameConstraints_CheckNameSpaceNssNames
0x6edf8bbf,0x6edf8bbf,pkix_pl_CertNameConstraints_Create
0xcdbc943b,0xcdbc943b,pkix_pl_CertNameConstraints_Merge
0x7693f87a,0x7693f87a,pkix_pl_CertNameConstraints_RegisterSelf
0xa40a20c2,0xa40a20c2,pkix_pl_CertPolicyInfo_Create
0xef8903bd,0xef8903bd,pkix_pl_CertPolicyInfo_RegisterSelf
0x19aaf374,0x19aaf374,pkix_pl_CertPolicyMap_Create
0xe8fd93ef,0xe8fd93ef,pkix_pl_CertPolicyMap_RegisterSelf
0xffc5e998,0xffc5e998,pkix_pl_CertPolicyQualifier_Create
0xc4299513,0xc4299513,pkix_pl_CertPolicyQualifier_RegisterSelf
0x105e3b7f,0x105e3b7f,pkix_pl_Cert_CheckExtendedKeyUsage
0xd1641c45,0xd1641c45,pkix_pl_Cert_CreateToList
0x992f8304,0x992f8304,pkix_pl_Cert_CreateWithNSSCert
0xe36ede75,0xe36ede75,pkix_pl_Cert_DecodeInhibitAnyPolicy
0x54338641,0x54338641,pkix_pl_Cert_RegisterSelf
0x2a6174ab,0x2a6174ab,pkix_pl_Cert_ToString_Helper
0x78dadd9f,0x78dadd9f,pkix_pl_CollectionCertStoreContext_RegisterSelf
0x20afa28c,0x20afa28c,pkix_pl_CollectionCertStore_GetCRL
0x36a44a39,0x36a44a39,pkix_pl_CollectionCertStore_GetCert
0x40a12a6d,0x40a12a6d,pkix_pl_CrlDp_Create
0x98a961a8,0x98a961a8,pkix_pl_CrlDp_RegisterSelf
0xc3ba431b,0xc3ba431b,pkix_pl_Date_CreateFromPRTime
0x344bacd3,0x344bacd3,pkix_pl_Date_GetPRTime
0x84044bd1,0x84044bd1,pkix_pl_Date_RegisterSelf
0x7487103b,0x7487103b,pkix_pl_Date_ToString_Helper
0x417ec197,0x417ec197,pkix_pl_GeneralName_Create
0x2f955636,0x2f955636,pkix_pl_GeneralName_GetNssGeneralName
0x462a3052,0x462a3052,pkix_pl_GeneralName_RegisterSelf
0x8c72f7df,0x8c72f7df,pkix_pl_HashTable_RegisterSelf
0xfe84ac53,0xfe84ac53,pkix_pl_HttpCertStoreContext_RegisterSelf
0x3af5d8e0,0x3af5d8e0,pkix_pl_HttpCertStore_CreateRequestSession
0x4c205519,0x4c205519,pkix_pl_HttpCertStore_CreateWithAsciiName
0xb6cd729d,0xb6cd729d,pkix_pl_HttpCertStore_DecodeCertPackage
0x4e5b7cc0,0x4e5b7cc0,pkix_pl_HttpCertStore_GetCRL
0x5c2d5225,0x5c2d5225,pkix_pl_HttpCertStore_GetCRLContinue
0x19cb6aed,0x19cb6aed,pkix_pl_HttpCertStore_GetCert
0x518b1d52,0x518b1d52,pkix_pl_HttpCertStore_GetCertContinue
0xfcdfb6fb,0xfcdfb6fb,pkix_pl_HttpCertStore_ProcessCertResponse
0xb1bc902e,0xb1bc902e,pkix_pl_HttpCertStore_ProcessCrlResponse
0x5308ba5b,0x5308ba5b,pkix_pl_HttpCertStore_Shutdown
0x3239f31,0x03239f31,pkix_pl_HttpDefaultClient_AddHeaderFcn
0x14de8e6e,0x14de8e6e,pkix_pl_HttpDefaultClient_Cancel
0x9e3956a5,0x9e3956a5,pkix_pl_HttpDefaultClient_CancelFcn
0x5e85e80,0x05e85e80,pkix_pl_HttpDefaultClient_CreateSession
0x50bb0577,0x50bb0577,pkix_pl_HttpDefaultClient_CreateSessionFcn
0xbea47cc1,0xbea47cc1,pkix_pl_HttpDefaultClient_FreeFcn
0xab1b0005,0xab1b0005,pkix_pl_HttpDefaultClient_FreeSessionFcn
0x74a45c02,0x74a45c02,pkix_pl_HttpDefaultClient_KeepAliveSession
0x14992bb9,0x14992bb9,pkix_pl_HttpDefaultClient_KeepAliveSessionFcn
0x7e2fdf77,0x7e2fdf77,pkix_pl_HttpDefaultClient_RegisterSelf
0x76719245,0x76719245,pkix_pl_HttpDefaultClient_RequestCreate
0xfd075f1c,0xfd075f1c,pkix_pl_HttpDefaultClient_RequestCreateFcn
0xbf30c134,0xbf30c134,pkix_pl_HttpDefaultClient_SetPostData
0x1b22dbab,0x1b22dbab,pkix_pl_HttpDefaultClient_SetPostDataFcn
0xe77ed087,0xe77ed087,pkix_pl_HttpDefaultClient_TrySendAndReceive
0x11180e1e,0x11180e1e,pkix_pl_HttpDefaultClient_TrySendAndReceiveFcn
0xce4068f2,0xce4068f2,pkix_pl_InfoAccess_CreateList
0xc724d256,0xc724d256,pkix_pl_InfoAccess_ParseLocation
0xf5ce2d31,0xf5ce2d31,pkix_pl_InfoAccess_RegisterSelf
0xa4e6dcda,0xa4e6dcda,pkix_pl_LdapCertStore_BuildCertList
0xcd7af24d,0xcd7af24d,pkix_pl_LdapCertStore_BuildCrlList
0x2d670a08,0x2d670a08,pkix_pl_LdapCertStore_DecodeCrossCertPair
0xc5ad49c1,0xc5ad49c1,pkix_pl_LdapCertStore_GetCRL
0xaf789026,0xaf789026,pkix_pl_LdapCertStore_GetCRLContinue
0x7b56d80e,0x7b56d80e,pkix_pl_LdapCertStore_GetCert
0xe3e1b73,0x0e3e1b73,pkix_pl_LdapCertStore_GetCertContinue
0xf54f200b,0xf54f200b,pkix_pl_LdapDefaultClient_BindContinue
0x31d2033d,0x31d2033d,pkix_pl_LdapDefaultClient_CreateHelper
0x2aa670bf,0x2aa670bf,pkix_pl_LdapDefaultClient_GetPollDesc
0xd142a1b8,0xd142a1b8,pkix_pl_LdapDefaultClient_RegisterSelf
0xda8cafa2,0xda8cafa2,pkix_pl_LdapRequest_AttrStringToBit
0x7fe80a8d,0x7fe80a8d,pkix_pl_LdapRequest_AttrTypeToBit
0x78b81a82,0x78b81a82,pkix_pl_LdapRequest_Create
0x78d65720,0x78d65720,pkix_pl_LdapRequest_GetEncoded
0xf2bb4d7d,0xf2bb4d7d,pkix_pl_LdapRequest_RegisterSelf
0x6a125d4c,0x6a125d4c,pkix_pl_LdapResponse_Append
0x6edac728,0x6edac728,pkix_pl_LdapResponse_Create
0x7043d1f8,0x7043d1f8,pkix_pl_LdapResponse_Decode
0x3802c2bb,0x3802c2bb,pkix_pl_LdapResponse_GetAttributes
0xc5a44042,0xc5a44042,pkix_pl_LdapResponse_GetCapacity
0x38220c39,0x38220c39,pkix_pl_LdapResponse_GetMessage
0x567fa21b,0x567fa21b,pkix_pl_LdapResponse_GetMessageType
0xac425ace,0xac425ace,pkix_pl_LdapResponse_GetResultCode
0xb216e6a9,0xb216e6a9,pkix_pl_LdapResponse_IsComplete
0x85725ea3,0x85725ea3,pkix_pl_LdapResponse_RegisterSelf
0x969f36c4,0x969f36c4,pkix_pl_MonitorLock_RegisterSelf
0xe5f47ee6,0xe5f47ee6,pkix_pl_Mutex_RegisterSelf
0xcd767b5b,0xcd767b5b,pkix_pl_NssContext_GetCertSignatureCheck
0xbc834060,0xbc834060,pkix_pl_NssContext_GetCertUsage
0xf86f4f06,0xf86f4f06,pkix_pl_NssContext_GetWincx
0x9a123967,0x9a123967,pkix_pl_NssContext_SetCertSignatureCheck
0x7eba0ec,0x07eba0ec,pkix_pl_NssContext_SetCertUsage
0xb854992,0x0b854992,pkix_pl_NssContext_SetWincx
0x15b8c77,0x015b8c77,pkix_pl_OID_GetCriticalExtensionOIDs
0x8ef1cbef,0x8ef1cbef,pkix_pl_OID_RegisterSelf
0x55cec20a,0x55cec20a,pkix_pl_Object_RegisterSelf
0xbe174b99,0xbe174b99,pkix_pl_Object_RetrieveEqualsCallback
0x88b88883,0x88b88883,pkix_pl_OcspCertID_RegisterSelf
0x8bdd48b6,0x8bdd48b6,pkix_pl_OcspRequest_Create
0xda8f7f54,0xda8f7f54,pkix_pl_OcspRequest_GetEncoded
0xee51fa9b,0xee51fa9b,pkix_pl_OcspRequest_GetLocation
0xa75f52b1,0xa75f52b1,pkix_pl_OcspRequest_RegisterSelf
0xe6a5bbdc,0xe6a5bbdc,pkix_pl_OcspResponse_Create
0xe80ec6ac,0xe80ec6ac,pkix_pl_OcspResponse_Decode
0x3c2394ec,0x3c2394ec,pkix_pl_OcspResponse_GetStatus
0xca13f1a1,0xca13f1a1,pkix_pl_OcspResponse_GetStatusForCert
0xce970a57,0xce970a57,pkix_pl_OcspResponse_RegisterSelf
0xbe529f2f,0xbe529f2f,pkix_pl_OcspResponse_VerifySignature
0x9437746a,0x9437746a,pkix_pl_Pk11CertStore_GetCert
0x9287ec11,0x9287ec11,pkix_pl_PrimHashTable_Add
0xe0439f1c,0xe0439f1c,pkix_pl_PrimHashTable_Create
0x18666ab2,0x18666ab2,pkix_pl_PrimHashTable_Destroy
0x22211ba1,0x22211ba1,pkix_pl_PrimHashTable_GetBucketSize
0xf51169c2,0xf51169c2,pkix_pl_PrimHashTable_Lookup
0x25a60d6,0x025a60d6,pkix_pl_PrimHashTable_Remove
0x77d27e3a,0x77d27e3a,pkix_pl_PrimHashTable_RemoveFIFO
0x6a770d5b,0x6a770d5b,pkix_pl_PublicKey_RegisterSelf
0x5cb37565,0x5cb37565,pkix_pl_RWLock_RegisterSelf
0x3eda141,0x03eda141,pkix_pl_Socket_Create
0x7de4d432,0x7de4d432,pkix_pl_Socket_CreateByHostAndPort
0x101a4d1d,0x101a4d1d,pkix_pl_Socket_CreateByName
0xc5002416,0xc5002416,pkix_pl_Socket_GetCallbackList
0xe91be90e,0xe91be90e,pkix_pl_Socket_GetPRFileDesc
0xbc30a77c,0xbc30a77c,pkix_pl_Socket_RegisterSelf
0xa039330a,0xa039330a,pkix_pl_String_RegisterSelf
0xff413850,0xff413850,pkix_pl_UInt32_Overflows
0x41f1f741,0x41f1f741,pkix_pl_X500Name_GetCERTName
0x5fed313c,0x5fed313c,pkix_pl_X500Name_GetCommonName
0x7af008c7,0x7af008c7,pkix_pl_X500Name_GetCountryName
0xd2d7d02e,0xd2d7d02e,pkix_pl_X500Name_GetDERName
0x8c0c935b,0x8c0c935b,pkix_pl_X500Name_GetOrgName
0x87d0f2e1,0x87d0f2e1,pkix_pl_X500Name_RegisterSelf
0x2323bd67,0x2323bd67,pkix_pl_helperBytes2Ascii
0x43cf425b,0x43cf425b,pkix_pl_initialized
0xb8e5139b,0xb8e5139b,pkix_pl_ipAddrBytes2Ascii
0xed9a7166,0xed9a7166,pkix_pl_lifecycle_ObjectLeakCheck
0xa705e903,0xa705e903,pkix_pl_oidBytes2Ascii
0x13624bbf,0x13624bbf,pkix_pl_socket_tracebuff
0xa718f05,0x0a718f05,pow
0xa78af23f,0xa78af23f,pstackConnect
0x6d259b68,0x6d259b68,qsort
0x58a45475,0x58a45475,rcmd
0x58a45bbf,0x58a45bbf,recv
0x87140593,0x87140593,recvfrom
0x6d302b26,0x6d302b26,rexec
0xfd01f766,0xfd01f766,rresvport
0xc29e721b,0xc29e721b,s_perror
0xceb5f2cd,0xceb5f2cd,sec_DecodeRSAPSSParams
0xd59b41e5,0xd59b41e5,sec_DecodeRSAPSSParamsToMechanism
0x7b8ea424,0x7b8ea424,sec_DecodeSigAlg
0x11302cbe,0x11302cbe,sec_GetEncAlgFromSigAlg
0x91bacb97,0x91bacb97,sec_pkcs5CreateAlgorithmID
0xd1e04234,0xd1e04234,sec_pkcs5GetCryptoFromAlgTag
0x54adc876,0x54adc876,sec_pkcs5_v2_destroy_v2_param
0xe1444dcc,0xe1444dcc,sec_pkcs5_v2_get_v2_param
0xe8119dfd,0xe8119dfd,seckey_GetKeyType
0xd77ce545,0xd77ce545,secmodCreateMutext
0x615f119b,0x615f119b,secmodDestroyMutext
0xfdcf9eda,0xfdcf9eda,secmodLockMutext
0xcbbd109d,0xcbbd109d,secmodUnlockMutext
0x99908c97,0x99908c97,secmod_AddModuleToList
0x8751b5cd,0x8751b5cd,secmod_FindModuleByFuncPtr
0x1bab63d1,0x1bab63d1,secmod_FindSlotFromModuleSpec
0xaf563494,0xaf563494,secmod_FreeChildren
0xe75d7e9d,0xe75d7e9d,secmod_FreeConfigList
0x5549299b,0x5549299b,secmod_GetConfigList
0xdb24fb5d,0xdb24fb5d,secmod_GetSlotIDFromModuleSpec
0xda621495,0xda621495,secmod_HandleWaitForSlotEvent
0xeac946ad,0xeac946ad,secmod_IsInternalKeySlot
0xd799f3a2,0xd799f3a2,secmod_LoadPKCS11Module
0x2a1ccac8,0x2a1ccac8,secmod_MatchConfigList
0xfda30d09,0xfda30d09,secmod_MkAppendTokensList
0x5423c43,0x05423c43,secmod_ModuleInit
0xa31a7390,0xa31a7390,secmod_ParseModuleSpecForTokens
0xc42484bb,0xc42484bb,secmod_PolicyOnly
0xaa9f8753,0xaa9f8753,secmod_PrivateModuleCount
0x2e18fd7,0x02e18fd7,secmod_SetInternalKeySlotFlag
0x3e468db1,0x3e468db1,secmod_getOperationString
0xb1c0076,0x0b1c0076,secmod_setPolicyOperation
0x1584246f,0x1584246f,select
0x58a4e979,0x58a4e979,send
0x15853b1c,0x15853b1c,sendto
0x1ad3b3a0,0x1ad3b3a0,service-winsvc-l
0xa8828a2f,0xa8828a2f,set_unexpected
0x2f27101a,0x2f27101a,sethostname
0x879528f5,0x879528f5,setipv4sourcefilter
0x7d93981e,0x7d93981e,setsockopt
0xc4dd1752,0xc4dd1752,setsourcefilter
0x14a3041e,0x14a3041e,sgn_DigestInfoTemplate
0x841c168b,0x841c168b,shutdown
0xa719af9,0x0a719af9,sin
0xca2e214f,0xca2e214f,sndOpenSound
0xdfc46154,0xdfc46154,sndPlaySoundA
0xdfc4616a,0xdfc4616a,sndPlaySoundW
0x163443d8,0x163443d8,socket
0xe02064f5,0xe02064f5,sprintf
0x69cd82e7,0x69cd82e7,sprintf_s
0x3bf602e0,0x3bf602e0,sqlite3_activate_see
0xd84f783e,0xd84f783e,sqlite3_aggregate_context
0xee5548e2,0xee5548e2,sqlite3_aggregate_count
0x7cb908a8,0x7cb908a8,sqlite3_auto_extension
0x4819bd4c,0x4819bd4c,sqlite3_autovacuum_pages
0xeafb45e9,0xeafb45e9,sqlite3_backup_finish
0xf3c36cfc,0xf3c36cfc,sqlite3_backup_init
0x78f6af6e,0x78f6af6e,sqlite3_backup_pagecount
0xd7eb8282,0xd7eb8282,sqlite3_backup_remaining
0xf3c901c4,0xf3c901c4,sqlite3_backup_step
0x7f729ce,0x07f729ce,sqlite3_bind_blob
0xe268dc78,0xe268dc78,sqlite3_bind_blob64
0xe74cc8aa,0xe74cc8aa,sqlite3_bind_double
0xfc1c9fa,0x0fc1c9fa,sqlite3_bind_int
0x75c37a4,0x075c37a4,sqlite3_bind_int64
0x7fde44a,0x07fde44a,sqlite3_bind_null
0xc7f80cb8,0xc7f80cb8,sqlite3_bind_parameter_count
0xc863c9e7,0xc863c9e7,sqlite3_bind_parameter_index
0xdf4b5f50,0xdf4b5f50,sqlite3_bind_parameter_name
0x6bce47f0,0x6bce47f0,sqlite3_bind_pointer
0x800ec14,0x0800ec14,sqlite3_bind_text
0xbec479b,0x0bec479b,sqlite3_bind_text16
0xbec483e,0x0bec483e,sqlite3_bind_text64
0x8403b8c,0x08403b8c,sqlite3_bind_value
0x3369fc4e,0x3369fc4e,sqlite3_bind_zeroblob
0xb5da4ef8,0xb5da4ef8,sqlite3_bind_zeroblob64
0xb6a648f8,0xb6a648f8,sqlite3_blob_bytes
0xb6b12d07,0xb6b12d07,sqlite3_blob_close
0x1513c4a3,0x1513c4a3,sqlite3_blob_open
0x15153a6d,0x15153a6d,sqlite3_blob_read
0xaf55777a,0xaf55777a,sqlite3_blob_reopen
0xb81e47fc,0xb81e47fc,sqlite3_blob_write
0xc66b9f93,0xc66b9f93,sqlite3_busy_handler
0x74be405c,0x74be405c,sqlite3_busy_timeout
0x1ca98a8d,0x1ca98a8d,sqlite3_cancel_auto_extension
0x900b23ac,0x900b23ac,sqlite3_changes
0xbf62c5d6,0xbf62c5d6,sqlite3_changes64
0x9470d07,0x09470d07,sqlite3_clear_bindings
0x662a66e9,0x662a66e9,sqlite3_close
0xe65a0dd0,0xe65a0dd0,sqlite3_close_v2
0x7ab46c7c,0x7ab46c7c,sqlite3_collation_needed
0xf9818203,0xf9818203,sqlite3_collation_needed16
0x9826461f,0x9826461f,sqlite3_column_blob
0x9cf64107,0x9cf64107,sqlite3_column_bytes
0xb38aa54e,0xb38aa54e,sqlite3_column_bytes16
0x9d02e329,0x9d02e329,sqlite3_column_count
0x4276f475,0x4276f475,sqlite3_column_database_name
0xbc05ec3c,0xbc05ec3c,sqlite3_column_database_name16
0xd2aef91a,0xd2aef91a,sqlite3_column_decltype
0x3a51ae21,0x3a51ae21,sqlite3_column_decltype16
0x3fb43d3b,0x3fb43d3b,sqlite3_column_double
0x2b66202b,0x2b66202b,sqlite3_column_int
0x9d6ede15,0x9d6ede15,sqlite3_column_int64
0x982caba1,0x982caba1,sqlite3_column_name
0x56061e68,0x56061e68,sqlite3_column_name16
0x2816dfa8,0x2816dfa8,sqlite3_column_origin_name
0x894d702f,0x894d702f,sqlite3_column_origin_name16
0x97f226e8,0x97f226e8,sqlite3_column_table_name
0x5d17876f,0x5d17876f,sqlite3_column_table_name16
0x98300865,0x98300865,sqlite3_column_text
0x6453bc2c,0x6453bc2c,sqlite3_column_text16
0x98305c62,0x98305c62,sqlite3_column_type
0x9e52e1fd,0x9e52e1fd,sqlite3_column_value
0x84ad67ec,0x84ad67ec,sqlite3_commit_hook
0x20e4c2f4,0x20e4c2f4,sqlite3_compileoption_get
0x3d8508c5,0x3d8508c5,sqlite3_compileoption_used
0xc86c196c,0xc86c196c,sqlite3_complete
0x93d82af3,0x93d82af3,sqlite3_complete16
0x2baccac9,0x2baccac9,sqlite3_config
0x296b0de8,0x296b0de8,sqlite3_context_db_handle
0x6022998b,0x6022998b,sqlite3_create_collation
0xf32f2ed2,0xf32f2ed2,sqlite3_create_collation16
0x5915d532,0x5915d532,sqlite3_create_collation_v2
0x27e5a0a7,0x27e5a0a7,sqlite3_create_filename
0xc82a068c,0xc82a068c,sqlite3_create_function
0x7ac5e013,0x7ac5e013,sqlite3_create_function16
0xd382ae93,0xd382ae93,sqlite3_create_function_v2
0xd23e112c,0xd23e112c,sqlite3_create_module
0x9aea3533,0x9aea3533,sqlite3_create_module_v2
0xdfbb6fc3,0xdfbb6fc3,sqlite3_create_window_function
0xdbe1df5,0x0dbe1df5,sqlite3_data_count
0xc8e84301,0xc8e84301,sqlite3_data_directory
0x3f0cec1d,0x3f0cec1d,sqlite3_database_file_object
0x1e147fae,0x1e147fae,sqlite3_db_cacheflush
0xf74c840e,0xf74c840e,sqlite3_db_config
0xeeac1ab9,0xeeac1ab9,sqlite3_db_filename
0x1f8f004,0x01f8f004,sqlite3_db_handle
0xab1f838b,0xab1f838b,sqlite3_db_mutex
0xcee22319,0xcee22319,sqlite3_db_name
0xb41f0e76,0xb41f0e76,sqlite3_db_readonly
0xa62232f1,0xa62232f1,sqlite3_db_release_memory
0x1cf2a4dc,0x1cf2a4dc,sqlite3_db_status
0xcc79eaa6,0xcc79eaa6,sqlite3_dbdata_init
0x8a2573af,0x8a2573af,sqlite3_declare_vtab
0xd5c61f24,0xd5c61f24,sqlite3_deserialize
0x1091c300,0x1091c300,sqlite3_drop_modules
0x349134d5,0x349134d5,sqlite3_enable_load_extension
0x6a574d83,0x6a574d83,sqlite3_enable_shared_cache
0x4280edb7,0x4280edb7,sqlite3_errcode
0x308fb623,0x308fb623,sqlite3_errmsg
0x9355d16a,0x9355d16a,sqlite3_errmsg16
0x2c77f203,0x2c77f203,sqlite3_error_offset
0x308fcfd5,0x308fcfd5,sqlite3_errstr
0x7776f078,0x7776f078,sqlite3_exec
0x9e21210b,0x9e21210b,sqlite3_expanded_sql
0x505f07a4,0x505f07a4,sqlite3_expired
0x14585327,0x14585327,sqlite3_extended_errcode
0x720bd8cf,0x720bd8cf,sqlite3_extended_result_codes
0xb3abb3f3,0xb3abb3f3,sqlite3_file_control
0xf8992de8,0xf8992de8,sqlite3_filename_database
0x34394c6e,0x34394c6e,sqlite3_filename_journal
0xec3a1557,0xec3a1557,sqlite3_filename_wal
0xc099f665,0xc099f665,sqlite3_finalize
0x77776355,0x77776355,sqlite3_free
0x2d536ab5,0x2d536ab5,sqlite3_free_filename
0x2f4fdd3c,0x2f4fdd3c,sqlite3_free_table
0xd276c24d,0xd276c24d,sqlite3_fts3_may_be_corrupt
0xadd4b294,0xadd4b294,sqlite3_get_autocommit
0x51c93f1a,0x51c93f1a,sqlite3_get_auxdata
0x8eed6eeb,0x8eed6eeb,sqlite3_get_clientdata
0x610cf7fa,0x610cf7fa,sqlite3_get_table
0xe5bdf279,0xe5bdf279,sqlite3_global_recover
0x1f05a7d7,0x1f05a7d7,sqlite3_hard_heap_limit64
0xb3309be5,0xb3309be5,sqlite3_initialize
0xa63abc80,0xa63abc80,sqlite3_interrupt
0x9fbbf804,0x9fbbf804,sqlite3_is_interrupted
0x39ed89c,0x039ed89c,sqlite3_key
0x3da706a3,0x3da706a3,sqlite3_key_v2
0xad4e98d5,0xad4e98d5,sqlite3_keyword_check
0xad52b500,0xad52b500,sqlite3_keyword_count
0x244e1e98,0x244e1e98,sqlite3_keyword_name
0xc412425f,0xc412425f,sqlite3_last_insert_rowid
0x94ec94f0,0x94ec94f0,sqlite3_libversion
0x7a2c4e58,0x7a2c4e58,sqlite3_libversion_number
0x66cb9492,0x66cb9492,sqlite3_limit
0xcf35918f,0xcf35918f,sqlite3_load_extension
0x39ede15,0x039ede15,sqlite3_log
0x42020b8b,0x42020b8b,sqlite3_malloc
0xcab32175,0xcab32175,sqlite3_malloc64
0x85e8f978,0x85e8f978,sqlite3_memory_alarm
0xfe5084ce,0xfe5084ce,sqlite3_memory_highwater
0x2ae3997c,0x2ae3997c,sqlite3_memory_used
0xa5abca93,0xa5abca93,sqlite3_mprintf
0x66e319fb,0x66e319fb,sqlite3_msize
0xf1b7e310,0xf1b7e310,sqlite3_mutex_alloc
0xf2017ea3,0xf2017ea3,sqlite3_mutex_enter
0xb9c29787,0xb9c29787,sqlite3_mutex_free
0xf27aec12,0xf27aec12,sqlite3_mutex_leave
0xee5b7684,0xee5b7684,sqlite3_mutex_try
0xf3e78039,0xf3e78039,sqlite3_next_stmt
0x777c4a45,0x777c4a45,sqlite3_open
0x47b7f60c,0x47b7f60c,sqlite3_open16
0x3eb783ac,0x3eb783ac,sqlite3_open_v2
0x47ead70b,0x47ead70b,sqlite3_os_end
0x4547eb08,0x4547eb08,sqlite3_os_init
0xe4b197d4,0xe4b197d4,sqlite3_overload_function
0x905d32a2,0x905d32a2,sqlite3_prepare
0x1c7469a9,0x1c7469a9,sqlite3_prepare16
0x71e61890,0x71e61890,sqlite3_prepare16_v2
0x71e61891,0x71e61891,sqlite3_prepare16_v3
0xab026ae9,0xab026ae9,sqlite3_prepare_v2
0xab026aea,0xab026aea,sqlite3_prepare_v3
0x910ccd24,0x910ccd24,sqlite3_profile
0x51792f25,0x51792f25,sqlite3_progress_handler
0xc9bc760d,0xc9bc760d,sqlite3_randomness
0xbb436d5,0x0bb436d5,sqlite3_realloc
0xc99d473f,0xc99d473f,sqlite3_realloc64
0x6735ed13,0x6735ed13,sqlite3_rekey
0x9916dbba,0x9916dbba,sqlite3_rekey_v2
0x584f04ac,0x584f04ac,sqlite3_release_memory
0x67360f16,0x67360f16,sqlite3_reset
0x9e36d8a,0x09e36d8a,sqlite3_reset_auto_extension
0x309707b0,0x309707b0,sqlite3_result_blob
0xb277bada,0xb277bada,sqlite3_result_blob64
0xb75ba70c,0xb75ba70c,sqlite3_result_double
0x43b1a05b,0x43b1a05b,sqlite3_result_error
0xf69b29a2,0xf69b29a2,sqlite3_result_error16
0x4eea5815,0x4eea5815,sqlite3_result_error_code
0x2cfc8ef6,0x2cfc8ef6,sqlite3_result_error_nomem
0xda8e6d5e,0xda8e6d5e,sqlite3_result_error_toobig
0x4f0c739c,0x4f0c739c,sqlite3_result_int
0x43f7d1c6,0x43f7d1c6,sqlite3_result_int64
0x309dc22c,0x309dc22c,sqlite3_result_null
0x3db8f292,0x3db8f292,sqlite3_result_pointer
0x322b51fd,0x322b51fd,sqlite3_result_subtype
0x30a0c9f6,0x30a0c9f6,sqlite3_result_text
0xdbfb25fd,0xdbfb25fd,sqlite3_result_text16
0xc75ca644,0xc75ca644,sqlite3_result_text16be
0xc75ca78e,0xc75ca78e,sqlite3_result_text16le
0xdbfb26a0,0xdbfb26a0,sqlite3_result_text64
0x44dbd5ae,0x44dbd5ae,sqlite3_result_value
0x42a9fb30,0x42a9fb30,sqlite3_result_zeroblob
0x95158e5a,0x95158e5a,sqlite3_result_zeroblob64
0x44aa54d,0x044aa54d,sqlite3_rollback_hook
0x9a29328c,0x9a29328c,sqlite3_rtree_geometry_callback
0xcda8e616,0xcda8e616,sqlite3_rtree_query_callback
0x52efb6fb,0x52efb6fb,sqlite3_serialize
0x7631f32b,0x7631f32b,sqlite3_set_authorizer
0x9221be26,0x9221be26,sqlite3_set_auxdata
0x55f02277,0x55f02277,sqlite3_set_clientdata
0xb77477ca,0xb77477ca,sqlite3_set_last_insert_rowid
0x849f2d2f,0x849f2d2f,sqlite3_shutdown
0x674bc2ac,0x674bc2ac,sqlite3_sleep
0x46b156c7,0x46b156c7,sqlite3_snprintf
0xd231d38a,0xd231d38a,sqlite3_soft_heap_limit
0x25f4e534,0x25f4e534,sqlite3_soft_heap_limit64
0x9f51ecb1,0x9f51ecb1,sqlite3_sourceid
0x39efc23,0x039efc23,sqlite3_sql
0x5152eb97,0x5152eb97,sqlite3_status
0xf1bc3481,0xf1bc3481,sqlite3_status64
0x777e8ccf,0x777e8ccf,sqlite3_step
0xc36744bd,0xc36744bd,sqlite3_stmt_busy
0x716ad7eb,0x716ad7eb,sqlite3_stmt_explain
0x7a7750e7,0x7a7750e7,sqlite3_stmt_isexplain
0xc404bfb8,0xc404bfb8,sqlite3_stmt_readonly
0x61d71d9e,0x61d71d9e,sqlite3_stmt_status
0x82b6b6c3,0x82b6b6c3,sqlite3_str_append
0x732f8edc,0x732f8edc,sqlite3_str_appendall
0xd9227121,0xd9227121,sqlite3_str_appendchar
0xd98d8f89,0xd98d8f89,sqlite3_str_appendf
0x1243f04f,0x1243f04f,sqlite3_str_errcode
0x8de0cf4c,0x8de0cf4c,sqlite3_str_finish
0x9b9758ad,0x9b9758ad,sqlite3_str_length
0x7cd85bf5,0x7cd85bf5,sqlite3_str_new
0x14a78bae,0x14a78bae,sqlite3_str_reset
0x14eda068,0x14eda068,sqlite3_str_value
0xeabeb09f,0xeabeb09f,sqlite3_str_vappendf
0x7cdcb7b0,0x7cdcb7b0,sqlite3_strglob
0x7cdda9f5,0x7cdda9f5,sqlite3_stricmp
0x7cdf6851,0x7cdf6851,sqlite3_strlike
0x18f082e3,0x18f082e3,sqlite3_strnicmp
0xdac23a3d,0xdac23a3d,sqlite3_system_errno
0x152111a8,0x152111a8,sqlite3_table_column_metadata
0x342f143d,0x342f143d,sqlite3_temp_directory
0x3b1c9133,0x3b1c9133,sqlite3_test_control
0xb7585a52,0xb7585a52,sqlite3_thread_cleanup
0xddf1d56a,0xddf1d56a,sqlite3_threadsafe
0x4efac44f,0x4efac44f,sqlite3_total_changes
0xf8bd1b39,0xf8bd1b39,sqlite3_total_changes64
0x67611422,0x67611422,sqlite3_trace
0x42ccdc69,0x42ccdc69,sqlite3_trace_v2
0x8c5b83c5,0x8c5b83c5,sqlite3_transfer_bindings
0x65c64ad,0x065c64ad,sqlite3_txn_state
0x9c40886a,0x9c40886a,sqlite3_unsupported_selecttrace
0xe989fee6,0xe989fee6,sqlite3_update_hook
0xe688a62,0x0e688a62,sqlite3_uri_boolean
0x6fb2b1f7,0x6fb2b1f7,sqlite3_uri_int64
0x117f9aeb,0x117f9aeb,sqlite3_uri_key
0x8bc24883,0x8bc24883,sqlite3_uri_parameter
0x53a2de4b,0x53a2de4b,sqlite3_user_data
0x5a9b4ee,0x05a9b4ee,sqlite3_value_blob
0xbae789b6,0xbae789b6,sqlite3_value_bytes
0x12f0d5bd,0x12f0d5bd,sqlite3_value_bytes16
0x1bce9bca,0x1bce9bca,sqlite3_value_double
0x4dbf5cb8,0x4dbf5cb8,sqlite3_value_dup
0xc0166e36,0xc0166e36,sqlite3_value_encoding
0x5abfeb1,0x05abfeb1,sqlite3_value_free
0xfc19d3e0,0xfc19d3e0,sqlite3_value_frombind
0x4dbf711a,0x4dbf711a,sqlite3_value_int
0xbb6026c4,0xbb6026c4,sqlite3_value_int64
0x5ae0ea92,0x5ae0ea92,sqlite3_value_nochange
0x70b4e683,0x70b4e683,sqlite3_value_numeric_type
0x308a7f10,0x308a7f10,sqlite3_value_pointer
0x24fcde7b,0x24fcde7b,sqlite3_value_subtype
0x5b37734,0x05b37734,sqlite3_value_text
0x406e1abb,0x406e1abb,sqlite3_value_text16
0x145fc282,0x145fc282,sqlite3_value_text16be
0x145fc3cc,0x145fc3cc,sqlite3_value_text16le
0x5b3cb31,0x05b3cb31,sqlite3_value_type
0x40d49459,0x40d49459,sqlite3_version
0xa94adc82,0xa94adc82,sqlite3_vfs_find
0xa3fdbda6,0xa3fdbda6,sqlite3_vfs_register
0x95116c69,0x95116c69,sqlite3_vfs_unregister
0xbe7c98a9,0xbe7c98a9,sqlite3_vmprintf
0x799be79d,0x799be79d,sqlite3_vsnprintf
0x1227bd24,0x1227bd24,sqlite3_vtab_collation
0xb9d0d8b5,0xb9d0d8b5,sqlite3_vtab_config
0x9c758f81,0x9c758f81,sqlite3_vtab_distinct
0x6294d776,0x6294d776,sqlite3_vtab_in
0x8afd771d,0x8afd771d,sqlite3_vtab_in_first
0xbe691854,0xbe691854,sqlite3_vtab_in_next
0x7eb53a22,0x7eb53a22,sqlite3_vtab_nochange
0x662fb32d,0x662fb32d,sqlite3_vtab_on_conflict
0x6d9bc808,0x6d9bc808,sqlite3_vtab_rhs_value
0xbd09c497,0xbd09c497,sqlite3_wal_autocheckpoint
0x59aab47e,0x59aab47e,sqlite3_wal_checkpoint
0x5464ef45,0x5464ef45,sqlite3_wal_checkpoint_v2
0x45697a7,0x045697a7,sqlite3_wal_hook
0xb39b6a2,0x0b39b6a2,sqlite3_win32_is_nt
0x293a7bf2,0x293a7bf2,sqlite3_win32_mbcs_to_utf8
0x9af2f239,0x9af2f239,sqlite3_win32_mbcs_to_utf8_v2
0x5d352ca5,0x5d352ca5,sqlite3_win32_set_directory
0x7f32f06c,0x7f32f06c,sqlite3_win32_set_directory16
0x3dac17d,0x03dac17d,sqlite3_win32_set_directory8
0xbeaed5e,0x0beaed5e,sqlite3_win32_sleep
0x787a65b4,0x787a65b4,sqlite3_win32_unicode_to_utf8
0x44c71df2,0x44c71df2,sqlite3_win32_utf8_to_mbcs
0xf3d45439,0xf3d45439,sqlite3_win32_utf8_to_mbcs_v2
0x780830b4,0x780830b4,sqlite3_win32_utf8_to_unicode
0x2f2e9156,0x2f2e9156,sqlite3_win32_write_debug
0x58a51d19,0x58a51d19,sqrt
0x5aeaf28a,0x5aeaf28a,srcfiles
0x167c7c6d,0x167c7c6d,sscanf
0xa78d585f,0xa78d585f,sscanf_s
0x5aa82689,0x5aa82689,stack_force_ebp
0xefffc792,0xefffc792,stackdbg
0x1696d580,0x1696d580,strcat
0x17a24232,0x17a24232,strcat_s
0x1696d665,0x1696d665,strchr
0x1696d708,0x1696d708,strcmp
0x1696d774,0x1696d774,strcpy
0x17aa9126,0x17aa9126,strcpy_s
0xe971d1fc,0xe971d1fc,strcspn
0x310a293b,0x310a293b,stringFromUserNotice
0x1696fc47,0x1696fc47,strlen
0xe977942e,0xe977942e,strncat
0x25ad6460,0x25ad6460,strncat_s
0xe97795b6,0xe97795b6,strncmp
0xe9779622,0xe9779622,strncpy
0x25b5b354,0x25b5b354,strncpy_s
0xe977baf5,0xe977baf5,strnlen
0xe978aad7,0xe978aad7,strpbrk
0xe979c697,0xe979c697,strrchr
0x16971b79,0x16971b79,strspn
0x16971c01,0x16971c01,strstr
0x18dd69c8,0x18dd69c8,strtok_s
0x16971f97,0x16971f97,strtol
0xe97b140c,0xe97b140c,strtoul
0xfafa62ec,0xfafa62ec,swprintf
0xa31eda9e,0xa31eda9e,swprintf_s
0x1da71536,0x1da71536,swscanf_s
0xa719d08,0x0a719d08,sym
0x16eed863,0x16eed863,symsrv
0x3c5d1c42,0x3c5d1c42,systemClasses
0xa719e32,0x0a719e32,tan
0x9a3977a3,0x9a3977a3,th_comment_clear
0xce622870,0xce622870,th_comment_init
0xb8612978,0xb8612978,th_decode_alloc
0x43a8b0ef,0x43a8b0ef,th_decode_free
0x4006be8d,0x4006be8d,th_decode_headerin
0x735577dc,0x735577dc,th_decode_packetin
0x702469d7,0x702469d7,th_decode_ycbcr_out
0x1b152322,0x1b152322,th_granule_frame
0x734332fc,0x734332fc,th_info_clear
0x13055ca9,0x13055ca9,th_info_init
0x2ae1ac86,0x2ae1ac86,th_packet_isheader
0x66eb4bd1,0x66eb4bd1,th_packet_iskeyframe
0x6420343c,0x6420343c,th_setup_free
0x2094d5ba,0x2094d5ba,tid32Message
0xd3afa126,0xd3afa126,timeBeginPeriod
0x27a85398,0x27a85398,timeEndPeriod
0x34fdb6e4,0x34fdb6e4,timeGetDevCaps
0x2aad9a12,0x2aad9a12,timeGetSystemTime
0xa8b19d6d,0xa8b19d6d,timeGetTime
0xec2b392c,0xec2b392c,timeKillEvent
0xd0f2d68c,0xd0f2d68c,timeSetEvent
0x2a5c54bb,0x2a5c54bb,tolower
0x2aff9fde,0x2aff9fde,toupper
0x8f5549d2,0x8f5549d2,towlower
0x8ff894f5,0x8ff894f5,towupper
0x49857464,0x49857464,unexpected
0x885243d8,0x885243d8,uprofiler_backtrace_into_buffer
0x91588de6,0x91588de6,uprofiler_get
0x9d31b5fd,0x9d31b5fd,uprofiler_is_active
0x832cc14c,0x832cc14c,uprofiler_native_backtrace
0x9bebd6e2,0x9bebd6e2,uprofiler_register_thread
0x51a40532,0x51a40532,uprofiler_simple_event_marker
0xc8c87aba,0xc8c87aba,uprofiler_simple_event_marker_capture_stack
0x3253b4a2,0x3253b4a2,uprofiler_simple_event_marker_with_stack
0x367c5185,0x367c5185,uprofiler_unregister_thread
0xc7756ddc,0xc7756ddc,vDbgPrintEx
0xaf90fec6,0xaf90fec6,vDbgPrintExWithPrefix
0x52bcaa1d,0x52bcaa1d,vSetDdrawflag
0x1c426324,0x1c426324,vc7fpo
0xa4ed96c6,0xa4ed96c6,vfy_ImportPublicKey
0x23acaa27,0x23acaa27,vorbis_analysis
0xd643c0e9,0xd643c0e9,vorbis_analysis_blockout
0xfd85d280,0xfd85d280,vorbis_analysis_buffer
0xb0148127,0xb0148127,vorbis_analysis_headerout
0x3e12a81a,0x3e12a81a,vorbis_analysis_init
0x1674dd7,0x01674dd7,vorbis_analysis_wrote
0xdb430101,0xdb430101,vorbis_bitrate_addblock
0xaefc1ae7,0xaefc1ae7,vorbis_bitrate_flushpacket
0x1a79e3b4,0x1a79e3b4,vorbis_block_clear
0xf14cd661,0xf14cd661,vorbis_block_init
0x12e58059,0x12e58059,vorbis_comment_add_tag
0xbb887bbc,0xbb887bbc,vorbis_comment_clear
0xcf648d69,0xcf648d69,vorbis_comment_init
0xf6c4e4f0,0xf6c4e4f0,vorbis_dsp_clear
0x5f1d17b3,0x5f1d17b3,vorbis_encode_ctl
0xc2a44294,0xc2a44294,vorbis_encode_setup_init
0xaa8ddfcd,0xaa8ddfcd,vorbis_encode_setup_managed
0xc014b3ea,0xc014b3ea,vorbis_encode_setup_vbr
0x284605b5,0x284605b5,vorbis_info_clear
0xc32c3c42,0xc32c3c42,vorbis_info_init
0xcdfc26c0,0xcdfc26c0,vorbis_packet_blocksize
0xeaf93d6d,0xeaf93d6d,vorbis_synthesis
0x3c197e4e,0x3c197e4e,vorbis_synthesis_blockin
0xd63578c,0x0d63578c,vorbis_synthesis_headerin
0xfe7c3720,0xfe7c3720,vorbis_synthesis_init
0x9df5b9c4,0x9df5b9c4,vorbis_synthesis_pcmout
0xfe80ff28,0xfe80ff28,vorbis_synthesis_read
0xfbbab911,0xfbbab911,vorbis_synthesis_restart
0x24d1f00e,0x24d1f00e,vpx_codec_build_config
0xdc8d1389,0xdc8d1389,vpx_codec_control_
0x5ca062d4,0x5ca062d4,vpx_codec_dec_init_ver
0x8808b20d,0x8808b20d,vpx_codec_decode
0x8a4376f3,0x8a4376f3,vpx_codec_destroy
0x15529738,0x15529738,vpx_codec_enc_config_default
0xe5f3c53f,0xe5f3c53f,vpx_codec_enc_config_set
0xeaf3bfc8,0xeaf3bfc8,vpx_codec_enc_init_multi_ver
0x3dd61f7e,0x3dd61f7e,vpx_codec_enc_init_ver
0x8b00b737,0x8b00b737,vpx_codec_encode
0x77cf2d4a,0x77cf2d4a,vpx_codec_err_to_string
0x1b7e95f3,0x1b7e95f3,vpx_codec_error
0x96a76285,0x96a76285,vpx_codec_error_detail
0x9848840f,0x9848840f,vpx_codec_get_caps
0x901eb5dc,0x901eb5dc,vpx_codec_get_cx_data
0xa19861b3,0xa19861b3,vpx_codec_get_frame
0xb6b52bd0,0xb6b52bd0,vpx_codec_set_frame_buffer_functions
0xf3c8f14f,0xf3c8f14f,vpx_codec_version
0xa6a51167,0xa6a51167,vpx_codec_version_str
0xb2b4c281,0xb2b4c281,vpx_codec_vp8_cx
0xb2b4c2a2,0xb2b4c2a2,vpx_codec_vp8_dx
0xb2b54ee2,0xb2b54ee2,vpx_codec_vp9_cx
0xb2b54f03,0xb2b54f03,vpx_codec_vp9_dx
0x3ea8deb3,0x3ea8deb3,vpx_img_alloc
0xe2e12aca,0xe2e12aca,vpx_img_free
0xe2ea7cc2,0xe2ea7cc2,vpx_img_wrap
0x8bd6ee8b,0x8bd6ee8b,vsprintf
0xdd4cc9fd,0xdd4cc9fd,vsprintf_s
0x86870474,0x86870474,vswprintf_s
0x6eade07c,0x6eade07c,waveInAddBuffer
0xdc5ca70f,0xdc5ca70f,waveInClose
0x695cb360,0x695cb360,waveInGetDevCapsA
0x695cb376,0x695cb376,waveInGetDevCapsW
0xd154c7a9,0xd154c7a9,waveInGetErrorTextA
0xd154c7bf,0xd154c7bf,waveInGetErrorTextW
0xdca14226,0xdca14226,waveInGetID
0x3169f67b,0x3169f67b,waveInGetNumDevs
0x79f383ce,0x79f383ce,waveInGetPosition
0x57dd489e,0x57dd489e,waveInMessage
0x6b41dab,0x06b41dab,waveInOpen
0xd68e2a11,0xd68e2a11,waveInPrepareHeader
0xdd684f3c,0xdd684f3c,waveInReset
0xdd825687,0xdd825687,waveInStart
0x6b6617f,0x06b6617f,waveInStop
0x8518f0b4,0x8518f0b4,waveInUnprepareHeader
0xa8b025d9,0xa8b025d9,waveOutBreakLoop
0x7bb955b0,0x7bb955b0,waveOutClose
0x9c6416c1,0x9c6416c1,waveOutGetDevCapsA
0x9c6416d7,0x9c6416d7,waveOutGetDevCapsW
0xe3c2874a,0xe3c2874a,waveOutGetErrorTextA
0xe3c28760,0xe3c28760,waveOutGetErrorTextW
0x7bfdf0c7,0x7bfdf0c7,waveOutGetID
0x2371f1bc,0x2371f1bc,waveOutGetNumDevs
0xdb79ff92,0xdb79ff92,waveOutGetPitch
0x3fe336cd,0x3fe336cd,waveOutGetPlaybackRate
0xacfae72f,0xacfae72f,waveOutGetPosition
0x59216332,0x59216332,waveOutGetVolume
0x4120237f,0x4120237f,waveOutMessage
0xbdf4fc2c,0xbdf4fc2c,waveOutOpen
0x7c9ea598,0x7c9ea598,waveOutPause
0xe8fbe9b2,0xe8fbe9b2,waveOutPrepareHeader
0x7cc4fddd,0x7cc4fddd,waveOutReset
0xc203e11f,0xc203e11f,waveOutRestart
0xee8ffa1e,0xee8ffa1e,waveOutSetPitch
0xe73c5bd9,0xe73c5bd9,waveOutSetPlaybackRate
0xcef6af3e,0xcef6af3e,waveOutSetVolume
0xe9f51c95,0xe9f51c95,waveOutUnprepareHeader
0x7d2670a5,0x7d2670a5,waveOutWrite
0x1eb863d4,0x1eb863d4,wcscat
0xae60b586,0xae60b586,wcscat_s
0x1eb864b9,0x1eb864b9,wcschr
0x1eb8655c,0x1eb8655c,wcscmp
0x1eb865c8,0x1eb865c8,wcscpy
0xae69047a,0xae69047a,wcscpy_s
0xf5c52ad0,0xf5c52ad0,wcscspn
0x1eb88a9b,0x1eb88a9b,wcslen
0xf5caed02,0xf5caed02,wcsncat
0x943a4234,0x943a4234,wcsncat_s
0xf5caee8a,0xf5caee8a,wcsncmp
0xf5caeef6,0xf5caeef6,wcsncpy
0x94429128,0x94429128,wcsncpy_s
0xf5cb13c9,0xf5cb13c9,wcsnlen
0xf5cc03ab,0xf5cc03ab,wcspbrk
0xf5cd1f6b,0xf5cd1f6b,wcsrchr
0x1eb8a9cd,0x1eb8a9cd,wcsspn
0x1eb8aa55,0x1eb8aa55,wcsstr
0x1eb8adeb,0x1eb8adeb,wcstol
0xaf9be601,0xaf9be601,wcstombs
0xf5ce6ce0,0xf5ce6ce0,wcstoul
0xb36eeddd,0xb36eeddd,wid32Message
0x2e41e1bc,0x2e41e1bc,winmmDbgOut
0xea1175e2,0xea1175e2,winmmSetDebugLevel
0x44531772,0x44531772,winmmbaseFreeMMEHandles
0x12579e9b,0x12579e9b,winmmbaseGetWOWHandle
0x9336854a,0x9336854a,winmmbaseHandle32FromHandle16
0x5dbfff27,0x5dbfff27,winmmbaseSetWOWHandle
0xda5b105b,0xda5b105b,wnsprintfA
0xda5b1071,0xda5b1071,wnsprintfW
0xd39b2d63,0xd39b2d63,wod32Message
0x60125447,0x60125447,wrapMechanismCount
0xd4627b1a,0xd4627b1a,wrapMechanismList
0x7b31312d,0x7b31312d,wsprintfA
0x7b313143,0x7b313143,wsprintfW
0x3f155e51,0x3f155e51,wvnsprintfA
0x3f155e67,0x3f155e67,wvnsprintfW
0x7e3e9863,0x7e3e9863,wvsprintfA
0x7e3e9879,0x7e3e9879,wvsprintfW
0xf74bc816,0xf74bc816,zeroStdVars
