HASH,HASH_W_LEADING_ZEROS,API_NAME
0x13da762d,0x13da762d,$I10_OUTPUT
0x81296e23,0x81296e23,1-1-0.AddDllDirectory
0x3537e0be,0x3537e0be,1-1-0.CreateRemoteThreadEx
0x3725edd0,0x3725edd0,1-1-0.DeleteProc
0xb4a23f24,0xb4a23f24,1-1-0.GetLogical
0xcac58827,0xcac58827,1-1-0.I_Query
0x7f44b2e7,0x7f44b2e7,1-1-0.I_Sc
0x3adb8171,0x3adb8171,1-1-0.I_ScValidate
0xe31ee997,0xe31ee997,1-1-0.InitializeProcThreadAttributeList
0xfebc3b3b,0xfebc3b3b,1-1-0.OpenProcessToken
0x19b4b014,0x19b4b014,1-1-0.OpenThreadToken
0x6ca5fec8,0x6ca5fec8,1-1-0.RemoveDllDirectory
0xaebabc93,0xaebabc93,1-1-0.SetDefaultDllDirectories
0x3fff956e,0x3fff956e,1-1-0.SetThreadToken
0xee457bdc,0xee457bdc,1-1-0.SetWaitableTimerEx
0x2c07d9ac,0x2c07d9ac,1-1-0.UpdateProcThreadAttribute
0x7e10d159,0x7e10d159,??$AddMarker@UTextMarker@markers@baseprofiler@mozilla@@V?$basic_string@DU?$char_traits@D@std@@V?$allocator@D@2@@std@@@baseprofiler@mozilla@@YA?AVProfileBufferBlockIndex@1@ABV?$ProfilerStringView@D@1@ABVMarkerCategory@1@$$QAVMarkerOptions@1@UTextMarker@mark
0xe7f6fdc0,0xe7f6fdc0,??$AddMarker@UTextMarker@markers@baseprofiler@mozilla@@V?$basic_string@DU?$char_traits@D@std@@V?$allocator@D@2@@std@@@baseprofiler@mozilla@@YA?AVProfileBufferBlockIndex@1@AEBV?$ProfilerStringView@D@1@AEBVMarkerCategory@1@$$QEAVMarkerOptions@1@UTextMarker@markers@01@AEBV?$basic_string@DU?$char_traits@D@std@@V?$allocator@D@2@@std@@@Z
0x31f3a584,0x31f3a584,??$AddMarkerToBuffer@UNoPayload@markers@baseprofiler@mozilla@@$$V@baseprofiler@mozilla@@YA?AVProfileBufferBlockIndex@1@AAVProfileChunkedBuffer@1@ABV?$ProfilerStringView@D@1@ABVMarkerCategory@1@$$QAVMarkerOptions@1@UNoPayload@markers@01@@Z
0xa5285458,0xa5285458,??$AddMarkerToBuffer@UNoPayload@markers@baseprofiler@mozilla@@$$V@baseprofiler@mozilla@@YA?AVProfileBufferBlockIndex@1@AEAVProfileChunkedBuffer@1@AEBV?$ProfilerStringView@D@1@AEBVMarkerCategory@1@$$QEAVMarkerOptions@1@UNoPayload@markers@01@@Z
0x624e61cf,0x624e61cf,??$AddMarkerToBuffer@UTextMarker@markers@baseprofiler@mozilla@@V?$basic_string@DU?$char_traits@D@std@@V?$allocator@D@2@@std@@@baseprofiler@mozilla@@YA?AVProfileBufferBlockIndex@1@AAVProfileChunkedBuffer@1@ABV?$ProfilerStringView@D@1@ABVMarkerCategory@1@$$Q
0x94de4578,0x94de4578,??$AddMarkerToBuffer@UTextMarker@markers@baseprofiler@mozilla@@V?$basic_string@DU?$char_traits@D@std@@V?$allocator@D@2@@std@@@baseprofiler@mozilla@@YA?AVProfileBufferBlockIndex@1@AEAVProfileChunkedBuffer@1@AEBV?$ProfilerStringView@D@1@AEBVMarkerCategory@1@$$QEAVMarkerOptions@1@UTextMarker@markers@01@AEBV?$basic_string@DU?$char_traits@D@std@@V?$allocator@D@2@@std@@@Z
0x569099e8,0x569099e8,??0AutoSuppressStackWalking@@QEAA@XZ
0x4f6d7e3c,0x4f6d7e3c,??0AwakeTimeDuration@mozilla@@QAE@XZ
0xe57f83b0,0xe57f83b0,??0ConditionVariableImpl@detail@mozilla@@QAE@XZ
0x9e8d64b1,0x9e8d64b1,??0ConditionVariableImpl@detail@mozilla@@QEAA@XZ
0x705731c7,0x705731c7,??0Decimal@blink@@QAE@ABV01@@Z
0x30a503f3,0x30a503f3,??0Decimal@blink@@QAE@ABVEncodedData@01@@Z
0xc55a43f5,0xc55a43f5,??0Decimal@blink@@QAE@H@Z
0x4d3ab9bc,0x4d3ab9bc,??0Decimal@blink@@QAE@W4Sign@01@H_K@Z
0x8bfda58d,0x8bfda58d,??0Decimal@blink@@QEAA@AEBV01@@Z
0xa1150b9,0x0a1150b9,??0Decimal@blink@@QEAA@AEBVEncodedData@01@@Z
0x9d76efb6,0x9d76efb6,??0Decimal@blink@@QEAA@H@Z
0x81560efd,0x81560efd,??0Decimal@blink@@QEAA@W4Sign@01@H_K@Z
0x19fe3882,0x19fe3882,??0LZ4FrameCompressionContext@Compression@mozilla@@QAE@HI_N0@Z
0xa2dd4b25,0xa2dd4b25,??0LZ4FrameCompressionContext@Compression@mozilla@@QEAA@H_K_N1@Z
0x46aaf04a,0x46aaf04a,??0LZ4FrameDecompressionContext@Compression@mozilla@@QAE@_N@Z
0xe3e9222b,0xe3e9222b,??0LZ4FrameDecompressionContext@Compression@mozilla@@QEAA@_N@Z
0x1688d536,0x1688d536,??0MutexImpl@detail@mozilla@@QAE@XZ
0xf0c0e6f7,0xf0c0e6f7,??0MutexImpl@detail@mozilla@@QEAA@XZ
0xcb0b8890,0xcb0b8890,??0PrintfTarget@mozilla@@IAE@XZ
0x359a0591,0x359a0591,??0PrintfTarget@mozilla@@IEAA@XZ
0xbdd101d2,0xbdd101d2,??0RLBoxSoundTouch@mozilla@@QEAA@XZ
0x8a418935,0x8a418935,??0RWLockImpl@detail@mozilla@@QAE@XZ
0xc5e209e0,0xc5e209e0,??0SHA1Sum@mozilla@@QAE@XZ
0x8b40b0e1,0x8b40b0e1,??0SHA1Sum@mozilla@@QEAA@XZ
0xc98075a0,0xc98075a0,??0SoundTouch@soundtouch@@QAE@ABV01@@Z
0x90afd77e,0x90afd77e,??0SoundTouch@soundtouch@@QAE@XZ
0x81fa89ee,0x81fa89ee,??0TimeStampValue@mozilla@@AAE@_K0_N@Z
0x3f669080,0x3f669080,??0TimeStampValue@mozilla@@AEAA@_K0_N1@Z
0x92b2f6d9,0x92b2f6d9,??0UniqueJSONStrings@baseprofiler@mozilla@@QAE@ABV012@VProgressLogger@2@W4CollectionStyle@JSONWriter@2@@Z
0x82622d10,0x82622d10,??0UniqueJSONStrings@baseprofiler@mozilla@@QAE@W4CollectionStyle@JSONWriter@2@@Z
0x787a56c2,0x787a56c2,??0UniqueJSONStrings@baseprofiler@mozilla@@QEAA@AEBV012@W4CollectionStyle@JSONWriter@2@@Z
0x83238ed1,0x83238ed1,??0UniqueJSONStrings@baseprofiler@mozilla@@QEAA@W4CollectionStyle@JSONWriter@2@@Z
0x14042cb8,0x14042cb8,??0__non_rtti_object@@QAE@ABV0@@Z
0xd51e31c5,0xd51e31c5,??0__non_rtti_object@@QAE@PBD@Z
0xf616fed8,0xf616fed8,??0bad_cast@@AAE@PBQBD@Z
0xc938c399,0xc938c399,??0bad_cast@@QAE@ABQBD@Z
0xc9773a08,0xc9773a08,??0bad_cast@@QAE@ABV0@@Z
0xe0cdab15,0xe0cdab15,??0bad_cast@@QAE@PBD@Z
0xfecaebcc,0xfecaebcc,??0bad_typeid@@QAE@ABV0@@Z
0xa7421bd9,0xa7421bd9,??0bad_typeid@@QAE@PBD@Z
0xbb786b57,0xbb786b57,??0exception@@QAE@ABQBD@Z
0xbbb6e1c6,0xbbb6e1c6,??0exception@@QAE@ABV0@@Z
0xded1e75,0x0ded1e75,??0exception@@QAE@XZ
0x8ec0de09,0x8ec0de09,??1AutoSuppressStackWalking@@QEAA@XZ
0x93dc5131,0x93dc5131,??1ConditionVariableImpl@detail@mozilla@@QAE@XZ
0x1883e252,0x1883e252,??1ConditionVariableImpl@detail@mozilla@@QEAA@XZ
0x4a002c0d,0x4a002c0d,??1LZ4FrameCompressionContext@Compression@mozilla@@QAE@XZ
0x932318ae,0x932318ae,??1LZ4FrameCompressionContext@Compression@mozilla@@QEAA@XZ
0x9e87ddd6,0x9e87ddd6,??1LZ4FrameDecompressionContext@Compression@mozilla@@QAE@XZ
0x78a10397,0x78a10397,??1LZ4FrameDecompressionContext@Compression@mozilla@@QEAA@XZ
0x27c09937,0x27c09937,??1MutexImpl@detail@mozilla@@QAE@XZ
0x28f12b18,0x28f12b18,??1MutexImpl@detail@mozilla@@QEAA@XZ
0xc3966f7d,0xc3966f7d,??1ProfilingStack@baseprofiler@mozilla@@QAE@XZ
0x3f81ca1e,0x3f81ca1e,??1ProfilingStack@baseprofiler@mozilla@@QEAA@XZ
0xcf08c5d3,0xcf08c5d3,??1RLBoxSoundTouch@mozilla@@QEAA@XZ
0xc271cd56,0xc271cd56,??1RWLockImpl@detail@mozilla@@QAE@XZ
0x339dd5a3,0x339dd5a3,??1SoundTouch@soundtouch@@UAE@XZ
0x9553f918,0x9553f918,??1UniqueJSONStrings@baseprofiler@mozilla@@QAE@XZ
0x48f08719,0x48f08719,??1UniqueJSONStrings@baseprofiler@mozilla@@QEAA@XZ
0x97289fcc,0x97289fcc,??1__non_rtti_object@@UAE@XZ
0x549149fc,0x549149fc,??1bad_cast@@UAE@XZ
0x13da5580,0x13da5580,??1bad_typeid@@UAE@XZ
0x557e31a,0x0557e31a,??1exception@@UAE@XZ
0x821a1638,0x821a1638,??1type_info@@UAE@XZ
0xdf72d2e5,0xdf72d2e5,??2@YAPAXI@Z
0x15eb2e6c,0x15eb2e6c,??2@YAPAXIABUnothrow_t@std@@@Z
0xf729bbb5,0xf729bbb5,??3@YAXPAX@Z
0x3d3f2b3c,0x3d3f2b3c,??3@YAXPAXABUnothrow_t@std@@@Z
0xdc61d9be,0xdc61d9be,??3@YAXPAXI@Z
0x1eba3fc4,0x1eba3fc4,??4Decimal@blink@@QAEAAV01@ABV01@@Z
0x68ad288f,0x68ad288f,??4Decimal@blink@@QEAAAEAV01@AEBV01@@Z
0xe556973d,0xe556973d,??4SoundTouch@soundtouch@@QAEAAV01@ABV01@@Z
0x5dcbf504,0x5dcbf504,??4__non_rtti_object@@QAEAAV0@ABV0@@Z
0x494cd5d4,0x494cd5d4,??4bad_cast@@QAEAAV0@ABV0@@Z
0xced0fa98,0xced0fa98,??4bad_typeid@@QAEAAV0@ABV0@@Z
0xafcfbd12,0xafcfbd12,??4exception@@QAEAAV0@ABV0@@Z
0x104092f4,0x104092f4,??8AwakeTimeDuration@mozilla@@QBE_NABV01@@Z
0xbc66d833,0xbc66d833,??8AwakeTimeStamp@mozilla@@QBE_NABV01@@Z
0x7809a2fd,0x7809a2fd,??8Decimal@blink@@QBE_NABV01@@Z
0xae70eea3,0xae70eea3,??8Decimal@blink@@QEBA_NAEBV01@@Z
0xeecc81f5,0xeecc81f5,??8type_info@@QBEHABV0@@Z
0x2378c7f5,0x2378c7f5,??9AwakeTimeDuration@mozilla@@QBE_NABV01@@Z
0x5d6e44d4,0x5d6e44d4,??9AwakeTimeStamp@mozilla@@QBE_NABV01@@Z
0x4e258e7e,0x4e258e7e,??9Decimal@blink@@QBE_NABV01@@Z
0x7b35be64,0x7b35be64,??9Decimal@blink@@QEBA_NAEBV01@@Z
0xb70220b6,0xb70220b6,??9type_info@@QBEHABV0@@Z
0x86dc7e73,0x86dc7e73,??DDecimal@blink@@QBE?AV01@ABV01@@Z
0x8603d6d9,0x8603d6d9,??DDecimal@blink@@QEBA?AV01@AEBV01@@Z
0x4ddc9c6d,0x4ddc9c6d,??GAwakeTimeDuration@mozilla@@QBE?AV01@ABV01@@Z
0x8ac5fa1a,0x8ac5fa1a,??GAwakeTimeStamp@mozilla@@QBE?AVAwakeTimeDuration@1@ABV01@@Z
0xba83ca76,0xba83ca76,??GDecimal@blink@@QBE?AV01@ABV01@@Z
0x54e1c3d4,0x54e1c3d4,??GDecimal@blink@@QBE?AV01@XZ
0x40ae2f9c,0x40ae2f9c,??GDecimal@blink@@QEBA?AV01@AEBV01@@Z
0xdf8046f5,0xdf8046f5,??GDecimal@blink@@QEBA?AV01@XZ
0x9ce704f3,0x9ce704f3,??GTimeStampValue@mozilla@@QBE_KABV01@@Z
0x4251279,0x04251279,??GTimeStampValue@mozilla@@QEBA_KAEBV01@@Z
0xfc3969ee,0xfc3969ee,??HAwakeTimeDuration@mozilla@@QBE?AV01@ABV01@@Z
0xc2fb421b,0xc2fb421b,??HAwakeTimeStamp@mozilla@@QBE?AV01@ABVAwakeTimeDuration@1@@Z
0xcbbb8e77,0xcbbb8e77,??HDecimal@blink@@QBE?AV01@ABV01@@Z
0x7ee6f7dd,0x7ee6f7dd,??HDecimal@blink@@QEBA?AV01@AEBV01@@Z
0xff62da7a,0xff62da7a,??KDecimal@blink@@QBE?AV01@ABV01@@Z
0x399150a0,0x399150a0,??KDecimal@blink@@QEBA?AV01@AEBV01@@Z
0xae38c29,0x0ae38c29,??MAwakeTimeDuration@mozilla@@QBE_NABV01@@Z
0x12f05588,0x12f05588,??MAwakeTimeStamp@mozilla@@QBE_NABV01@@Z
0xcbd164b2,0xcbd164b2,??MDecimal@blink@@QBE_NABV01@@Z
0x132ff198,0x132ff198,??MDecimal@blink@@QEBA_NAEBV01@@Z
0x1e1bc12a,0x1e1bc12a,??NAwakeTimeDuration@mozilla@@QBE_NABV01@@Z
0xb3f7c229,0xb3f7c229,??NAwakeTimeStamp@mozilla@@QBE_NABV01@@Z
0xa1ed5033,0xa1ed5033,??NDecimal@blink@@QBE_NABV01@@Z
0xdff4c159,0xdff4c159,??NDecimal@blink@@QEBA_NAEBV01@@Z
0x3153f62b,0x3153f62b,??OAwakeTimeDuration@mozilla@@QBE_NABV01@@Z
0x54ff2eca,0x54ff2eca,??OAwakeTimeStamp@mozilla@@QBE_NABV01@@Z
0x78093bb4,0x78093bb4,??ODecimal@blink@@QBE_NABV01@@Z
0xacb9911a,0xacb9911a,??ODecimal@blink@@QEBA_NAEBV01@@Z
0x448c2b2c,0x448c2b2c,??PAwakeTimeDuration@mozilla@@QBE_NABV01@@Z
0xf6069b6b,0xf6069b6b,??PAwakeTimeStamp@mozilla@@QBE_NABV01@@Z
0x4e252735,0x4e252735,??PDecimal@blink@@QBE_NABV01@@Z
0x797e60db,0x797e60db,??PDecimal@blink@@QEBA_NAEBV01@@Z
0x8bdda548,0x8bdda548,??RFileHandleDeleter@detail@mozilla@@QAEXUFileHandleHelper@12@@Z
0xaae6b369,0xaae6b369,??RFileHandleDeleter@detail@mozilla@@QEAAXUFileHandleHelper@12@@Z
0xe51af85d,0xe51af85d,??RProfilerBacktraceDestructor@baseprofiler@mozilla@@QAEXPAVProfilerBacktrace@12@@Z
0x32a16d43,0x32a16d43,??RProfilerBacktraceDestructor@baseprofiler@mozilla@@QEAAXPEAVProfilerBacktrace@12@@Z
0xb18a5008,0xb18a5008,??XDecimal@blink@@QAEAAV01@ABV01@@Z
0xd2688253,0xd2688253,??XDecimal@blink@@QEAAAEAV01@AEBV01@@Z
0xecd8833f,0xecd8833f,??YAwakeTimeDuration@mozilla@@QAEXABV01@@Z
0x6c1299cc,0x6c1299cc,??YAwakeTimeStamp@mozilla@@QAEXABVAwakeTimeDuration@1@@Z
0xc2c21409,0xc2c21409,??YDecimal@blink@@QAEAAV01@ABV01@@Z
0xd7ba52b4,0xd7ba52b4,??YDecimal@blink@@QEAAAEAV01@AEBV01@@Z
0xf2801ca2,0xf2801ca2,??YTimeStampValue@mozilla@@QAEAAV01@_J@Z
0xb9829288,0xb9829288,??YTimeStampValue@mozilla@@QEAAAEAV01@_J@Z
0xed6d9c20,0xed6d9c20,??ZAwakeTimeDuration@mozilla@@QAEXABV01@@Z
0x8179286d,0x8179286d,??ZAwakeTimeStamp@mozilla@@QAEXABVAwakeTimeDuration@1@@Z
0xd3f9d80a,0xd3f9d80a,??ZDecimal@blink@@QAEAAV01@ABV01@@Z
0xdd0c2315,0xdd0c2315,??ZDecimal@blink@@QEAAAEAV01@AEBV01@@Z
0x93878943,0x93878943,??ZTimeStampValue@mozilla@@QAEAAV01@_J@Z
0xba17ab69,0xba17ab69,??ZTimeStampValue@mozilla@@QEAAAEAV01@_J@Z
0xb969f59f,0xb969f59f,??_0Decimal@blink@@QAEAAV01@ABV01@@Z
0x1cb4d48a,0x1cb4d48a,??_0Decimal@blink@@QEAAAEAV01@AEBV01@@Z
0x208f4d33,0x208f4d33,??_7SoundTouch@soundtouch@@6B@
0x868dd57c,0x868dd57c,??_7__non_rtti_object@@6B@
0xd8c9980c,0xd8c9980c,??_7bad_cast@@6B@
0xe1144750,0xe1144750,??_7bad_typeid@@6B@
0x3e22568a,0x3e22568a,??_7exception@@6B@
0x489699d2,0x489699d2,??_FDecimal@blink@@QAEXXZ
0x64697813,0x64697813,??_FDecimal@blink@@QEAAXXZ
0x7bb7a222,0x7bb7a222,??_FLZ4FrameDecompressionContext@Compression@mozilla@@QAEXXZ
0xfbab8a63,0xfbab8a63,??_FLZ4FrameDecompressionContext@Compression@mozilla@@QEAAXXZ
0x9195464,0x09195464,??_FUniqueJSONStrings@baseprofiler@mozilla@@QAEXXZ
0x354384e5,0x354384e5,??_FUniqueJSONStrings@baseprofiler@mozilla@@QEAAXXZ
0xe32e47c4,0xe32e47c4,??_Fbad_cast@@QAEXXZ
0x616c2848,0x616c2848,??_Fbad_typeid@@QAEXXZ
0xea7c6347,0xea7c6347,??_U@YAPAXI@Z
0x653e34e,0x0653e34e,??_U@YAPAXIABUnothrow_t@std@@@Z
0x2334c17,0x02334c17,??_V@YAXPAX@Z
0x2da7e01e,0x2da7e01e,??_V@YAXPAXABUnothrow_t@std@@@Z
0x489d7660,0x489d7660,??_V@YAXPAXI@Z
0x775af28f,0x775af28f,?AddRef@PageInformation@baseprofiler@mozilla@@QBEXXZ
0x6975d850,0x6975d850,?AddRef@PageInformation@baseprofiler@mozilla@@QEBAXXZ
0x6fa688f0,0x6fa688f0,?AddRef@ThreadInfo@baseprofiler@mozilla@@QBEXXZ
0x6b343ad1,0x6b343ad1,?AddRef@ThreadInfo@baseprofiler@mozilla@@QEBAXXZ
0x92e89946,0x92e89946,?BeginCompressing@LZ4FrameCompressionContext@Compression@mozilla@@QAE?AV?$Result@V?$Span@$$CBD$0PPPPPPPP@@mozilla@@I@3@V?$Span@D$0PPPPPPPP@@3@@Z
0xa2608c06,0xa2608c06,?BeginCompressing@LZ4FrameCompressionContext@Compression@mozilla@@QEAA?AV?$Result@V?$Span@$$CBD$0?0@mozilla@@_K@3@V?$Span@D$0?0@3@@Z
0x3734a017,0x3734a017,?BeginProcessRuntimeInit@detail@mscom@mozilla@@YAAAW4ProcessInitState@123@XZ
0x8df9a574,0x8df9a574,?BeginProcessRuntimeInit@detail@mscom@mozilla@@YAAEA_NXZ
0x8fb2b8c6,0x8fb2b8c6,?CacheNtDllThunk@mozilla@@YAXXZ
0x9a1db261,0x9a1db261,?CheckQPC@TimeStampValue@mozilla@@ABE_KABV12@@Z
0xda8012e7,0xda8012e7,?CheckQPC@TimeStampValue@mozilla@@AEBA_KAEBV12@@Z
0x58ed1e15,0x58ed1e15,?CleanupProcessRuntime@mozilla@@YAXXZ
0x8071d14a,0x8071d14a,?ComputeProcessUptime@TimeStamp@mozilla@@CA_KXZ
0x67e285d0,0x67e285d0,?ConsumePreXULSkeletonUIHandle@mozilla@@YAPAUHWND__@@XZ
0x2dc850d5,0x2dc850d5,?ConsumePreXULSkeletonUIHandle@mozilla@@YAPEAUHWND__@@XZ
0xc55a6453,0xc55a6453,?ContinueCompressing@LZ4FrameCompressionContext@Compression@mozilla@@QAE?AV?$Result@V?$Span@$$CBD$0PPPPPPPP@@mozilla@@I@3@V?$Span@$$CBD$0PPPPPPPP@@3@@Z
0xf813ec33,0xf813ec33,?ContinueCompressing@LZ4FrameCompressionContext@Compression@mozilla@@QEAA?AV?$Result@V?$Span@$$CBD$0?0@mozilla@@_K@3@V?$Span@$$CBD$0?0@3@@Z
0xe10bbd38,0xe10bbd38,?CreateAndStorePreXULSkeletonUI@mozilla@@YAXPAUHINSTANCE__@@HPAPAD@Z
0x9add90e7,0x9add90e7,?CreateAndStorePreXULSkeletonUI@mozilla@@YAXPEAUHINSTANCE__@@HPEAPEAD@Z
0xc9d57dd0,0xc9d57dd0,?CreateDecimalRepresentation@DoubleToStringConverter@double_conversion@@ABEXPBDHHHPAVStringBuilder@2@@Z
0xf43ba59b,0xf43ba59b,?CreateDecimalRepresentation@DoubleToStringConverter@double_conversion@@AEBAXPEBDHHHPEAVStringBuilder@2@@Z
0x8bbd2e0,0x08bbd2e0,?CreateExponentialRepresentation@DoubleToStringConverter@double_conversion@@ABEXPBDHHPAVStringBuilder@2@@Z
0x695389eb,0x695389eb,?CreateExponentialRepresentation@DoubleToStringConverter@double_conversion@@AEBAXPEBDHHPEAVStringBuilder@2@@Z
0xc4a97aae,0xc4a97aae,?Decompress@LZ4FrameDecompressionContext@Compression@mozilla@@QAE?AV?$Result@ULZ4FrameDecompressionResult@Compression@mozilla@@I@3@V?$Span@D$0PPPPPPPP@@3@V?$Span@$$CBD$0PPPPPPPP@@3@@Z
0x57d6014e,0x57d6014e,?Decompress@LZ4FrameDecompressionContext@Compression@mozilla@@QEAA?AV?$Result@ULZ4FrameDecompressionResult@Compression@mozilla@@_K@3@V?$Span@D$0?0@3@V?$Span@$$CBD$0?0@3@@Z
0x3d098654,0x3d098654,?DeserializerForTag@Streaming@base_profiler_markers_detail@mozilla@@SAP6AXAAVProfileBufferEntryReader@3@AAVSpliceableJSONWriter@baseprofiler@3@@ZE@Z
0x13df2de,0x013df2de,?DeserializerForTag@Streaming@base_profiler_markers_detail@mozilla@@SAP6AXAEAVProfileBufferEntryReader@3@AEAVSpliceableJSONWriter@baseprofiler@3@@ZE@Z
0xcb7eb78b,0xcb7eb78b,?DllBlocklist_CheckStatus@@YA_NXZ
0x7305a2b7,0x7305a2b7,?DllBlocklist_Initialize@@YAXI@Z
0xf0f5f044,0xf0f5f044,?DllBlocklist_SetBasicDllServices@@YAXPAVDllServicesBase@detail@glue@mozilla@@@Z
0xdac97a49,0xdac97a49,?DllBlocklist_SetBasicDllServices@@YAXPEAVDllServicesBase@detail@glue@mozilla@@@Z
0xab684575,0xab684575,?DllBlocklist_SetFullDllServices@@YAXPAVDllServicesBase@detail@glue@mozilla@@@Z
0xe386759a,0xe386759a,?DllBlocklist_SetFullDllServices@@YAXPEAVDllServicesBase@detail@glue@mozilla@@@Z
0x726a0a84,0x726a0a84,?DllBlocklist_WriteNotes@@YAXAAVAnnotationWriter@CrashReporter@@@Z
0x5f232449,0x5f232449,?DllBlocklist_WriteNotes@@YAXAEAVAnnotationWriter@CrashReporter@@@Z
0x6a52dec0,0x6a52dec0,?DoubleToAscii@DoubleToStringConverter@double_conversion@@SAXNW4DtoaMode@12@HPADHPA_NPAH3@Z
0x65f62b4f,0x65f62b4f,?DoubleToAscii@DoubleToStringConverter@double_conversion@@SAXNW4DtoaMode@12@HPEADHPEA_NPEAH3@Z
0x6914980,0x06914980,?EcmaScriptConverter@DoubleToStringConverter@double_conversion@@SAABV12@XZ
0x3acc78a5,0x3acc78a5,?EcmaScriptConverter@DoubleToStringConverter@double_conversion@@SAAEBV12@XZ
0x87915c7a,0x87915c7a,?EndCompressing@LZ4FrameCompressionContext@Compression@mozilla@@QAE?AV?$Result@V?$Span@$$CBD$0PPPPPPPP@@mozilla@@I@3@XZ
0xc12d21eb,0xc12d21eb,?EndCompressing@LZ4FrameCompressionContext@Compression@mozilla@@QEAA?AV?$Result@V?$Span@$$CBD$0?0@mozilla@@_K@3@XZ
0x4b7c2bea,0x4b7c2bea,?EndProcessRuntimeInit@detail@mscom@mozilla@@YAXXZ
0x58d96d48,0x58d96d48,?EnsureBufferForMainThreadAddMarker@base_profiler_markers_detail@mozilla@@YAXXZ
0x223d8b52,0x223d8b52,?ExtractBaseProfilerChunkManager@detail@baseprofiler@mozilla@@YA?AV?$UniquePtr@VProfileBufferChunkManagerWithLocalLimit@mozilla@@V?$DefaultDelete@VProfileBufferChunkManagerWithLocalLimit@mozilla@@@2@@3@XZ
0x408d75e3,0x408d75e3,?FilterHasPid@detail@profiler@mozilla@@YA_NPBDVBaseProfilerProcessId@baseprofiler@3@@Z
0x48a61117,0x48a61117,?FiltersExcludePid@detail@profiler@mozilla@@YA_NV?$Span@QBD$0PPPPPPPP@@3@VBaseProfilerProcessId@baseprofiler@3@@Z
0x3c2b2955,0x3c2b2955,?FirstTimeStamp@TimeStamp@mozilla@@SA?AV12@XZ
0x24e03314,0x24e03314,?FormatToStringSpan@MarkerSchema@mozilla@@CA?AV?$Span@$$CBD$0?0@2@W4Format@12@@Z
0x28090465,0x28090465,?FormatToStringSpan@MarkerSchema@mozilla@@CA?AV?$Span@$$CBD$0PPPPPPPP@@2@W4Format@12@@Z
0x5a83f111,0x5a83f111,?FramePointerStackWalk@mozilla@@YAXP6AXIPAX00@ZI0PAPAX0@Z
0xa53ffb20,0xa53ffb20,?FramePointerStackWalk@mozilla@@YAXP6AXIPEAX00@ZI0PEAPEAX0@Z
0x97e42862,0x97e42862,?GenerateRandomBytesFromOS@mozilla@@YA_NPAXI@Z
0x99918935,0x99918935,?GetAccessibilityResource@ActCtxResource@mscom@mozilla@@SA?AU123@XZ
0x866528fe,0x866528fe,?GetAccessibilityResourceId@ActCtxResource@mscom@mozilla@@SAGXZ
0x1a8a2845,0x1a8a2845,?GetCachedNtDllThunk@mozilla@@YAPAV?$Buffer@U_IMAGE_THUNK_DATA32@@@1@XZ
0x556afbb4,0x556afbb4,?GetClearedBufferForMainThreadAddMarker@base_profiler_markers_detail@mozilla@@YAPAVProfileChunkedBuffer@2@XZ
0x510b868d,0x510b868d,?GetFuzzyfoxEnabled@TimeStamp@mozilla@@SA_NXZ
0x38af9a31,0x38af9a31,?GetOrAddIndex@UniqueJSONStrings@baseprofiler@mozilla@@AAEIABV?$Span@$$CBD$0PPPPPPPP@@3@@Z
0xa64ac6c6,0xa64ac6c6,?GetOrAddIndex@UniqueJSONStrings@baseprofiler@mozilla@@AEAAIAEBV?$Span@$$CBD$0?0@3@@Z
0xe90d2bcd,0xe90d2bcd,?GetPreXULSkeletonUIEnabled@mozilla@@YA_NXZ
0xfd9fa8ef,0xfd9fa8ef,?GetPreXULSkeletonUIErrorReason@mozilla@@YA?AV?$Maybe@W4PreXULSkeletonUIError@mozilla@@@1@XZ
0xa4bfab1c,0xa4bfab1c,?GetPreXULSkeletonUIWasShown@mozilla@@YA_NXZ
0xff16611e,0xff16611e,?GetProfilerEnvVarsForChildProcess@baseprofiler@mozilla@@YAX$$QAV?$function@$$A6AXPBD0@Z@std@@@Z
0x381f888,0x0381f888,?GetProfilerEnvVarsForChildProcess@baseprofiler@mozilla@@YAX$$QEAV?$function@$$A6AXPEBD0@Z@std@@@Z
0x38a77095,0x38a77095,?GetProfilingCategoryPairInfo@baseprofiler@mozilla@@YAABUProfilingCategoryPairInfo@12@W4ProfilingCategoryPair@12@@Z
0x26c3465a,0x26c3465a,?GetProfilingCategoryPairInfo@baseprofiler@mozilla@@YAAEBUProfilingCategoryPairInfo@12@W4ProfilingCategoryPair@12@@Z
0xaffd8b92,0xaffd8b92,?GetProfilingStack@AutoProfilerLabel@baseprofiler@mozilla@@SAPAVProfilingStack@23@XZ
0x774d0237,0x774d0237,?GetProfilingStack@AutoProfilerLabel@baseprofiler@mozilla@@SAPEAVProfilingStack@23@XZ
0x1f9d6a87,0x1f9d6a87,?GetProfilingStartTime@detail@baseprofiler@mozilla@@YA?AVTimeStamp@3@XZ
0x97a94e18,0x97a94e18,?GetQueryPerformanceFrequencyPerSec@mozilla@@YA_KXZ
0x86a90c02,0x86a90c02,?GetThreadRegistrationTime@detail@baseprofiler@mozilla@@YA?AVTimeStamp@3@XZ
0x9760d5ec,0x9760d5ec,?HandleSpecialValues@DoubleToStringConverter@double_conversion@@ABE_NNPAVStringBuilder@2@@Z
0xe1a33412,0xe1a33412,?HandleSpecialValues@DoubleToStringConverter@double_conversion@@AEBA_NNPEAVStringBuilder@2@@Z
0xcc321aa1,0xcc321aa1,?HashBytes@mozilla@@YAIPBXI@Z
0x55e0b787,0x55e0b787,?HashBytes@mozilla@@YAIPEBX_K@Z
0x9858cb84,0x9858cb84,?Init@RLBoxSoundTouch@mozilla@@QEAA_NXZ
0xfa61ee90,0xfa61ee90,?InitializeUptime@mozilla@@YAXXZ
0x80441019,0x80441019,?InitializeWin64ProfilerHooks@baseprofiler@mozilla@@YAXXZ
0xc96454c5,0xc96454c5,?InvalidArrayIndex_CRASH@detail@mozilla@@YAXII@Z
0x7697c730,0x7697c730,?IsActive@RacyFeatures@detail@baseprofiler@mozilla@@SA_NXZ
0xbd0e2f63,0xbd0e2f63,?IsActiveAndSamplingUnpaused@RacyFeatures@detail@baseprofiler@mozilla@@SA_NXZ
0xc91e9ca8,0xc91e9ca8,?IsActiveAndUnpaused@RacyFeatures@detail@baseprofiler@mozilla@@SA_NXZ
0xfb86fe49,0xfb86fe49,?IsActiveWithFeature@RacyFeatures@detail@baseprofiler@mozilla@@SA_NI@Z
0x68612313,0x68612313,?IsDynamicCodeDisabled@mozilla@@YA_NXZ
0xd2c24df6,0xd2c24df6,?IsEafPlusEnabled@mozilla@@YA_NXZ
0xd8d973b8,0xd8d973b8,?IsFloat32Representable@mozilla@@YA_NN@Z
0x4938fe3e,0x4938fe3e,?IsThreadBeingProfiled@detail@baseprofiler@mozilla@@YA_NXZ
0xb441ae00,0xb441ae00,?IsValidUtf8@detail@mozilla@@YA_NPBXI@Z
0x80229ea6,0x80229ea6,?IsValidUtf8@detail@mozilla@@YA_NPEBX_K@Z
0xfa046de3,0xfa046de3,?IsWin32kLockedDown@mozilla@@YA_NXZ
0xd3b10e74,0xd3b10e74,?LocationToStringSpan@MarkerSchema@mozilla@@CA?AV?$Span@$$CBD$0?0@2@W4Location@12@@Z
0x20aa5205,0x20aa5205,?LocationToStringSpan@MarkerSchema@mozilla@@CA?AV?$Span@$$CBD$0PPPPPPPP@@2@W4Location@12@@Z
0xa682aa51,0xa682aa51,?MapRemoteViewOfFile@mozilla@@YAPAXPAX0_K0KKK@Z
0x9b5005c1,0x9b5005c1,?MapRemoteViewOfFile@mozilla@@YAPEAXPEAX0_K01KK@Z
0x8b5a2a9a,0x8b5a2a9a,?MarkerTypeFunctionsArray@Streaming@base_profiler_markers_detail@mozilla@@SA?AV?$Span@$$CBUMarkerTypeFunctions@Streaming@base_profiler_markers_detail@mozilla@@$0?0@3@XZ
0x3d5465eb,0x3d5465eb,?MarkerTypeFunctionsArray@Streaming@base_profiler_markers_detail@mozilla@@SA?AV?$Span@$$CBUMarkerTypeFunctions@Streaming@base_profiler_markers_detail@mozilla@@$0PPPPPPPP@@3@XZ
0xf0299efd,0xf0299efd,?MozDescribeCodeAddress@@YA_NPEAXPEAUMozCodeAddressDetails@@@Z
0xc9321286,0xc9321286,?MozFormatCodeAddress@@YAXPEADIIPEBXPEBD2_J2I@Z
0xa4c0fd83,0xa4c0fd83,?MozFormatCodeAddressDetails@@YAXPEADIIPEAXPEBUMozCodeAddressDetails@@@Z
0x27418e07,0x27418e07,?MozStackWalk@@YAXP6AXIPEAX00@ZII0@Z
0x617bd3cb,0x617bd3cb,?MozStackWalkThread@@YAXP6AXIPAX00@ZI00PAU_CONTEXT@@@Z
0xf33cb135,0xf33cb135,?MozStackWalkThread@@YAXP6AXIPEAX00@ZI00PEAU_CONTEXT@@@Z
0xe3083488,0xe3083488,?NotePreXULSkeletonUIRestarting@mozilla@@YA?AV?$Result@UOk@mozilla@@W4PreXULSkeletonUIError@2@@1@XZ
0x3113e052,0x3113e052,?Now@TimeStamp@mozilla@@CA?AV12@_N@Z
0x1688b866,0x1688b866,?NowFuzzy@TimeStamp@mozilla@@CA?AV12@VTimeStampValue@2@@Z
0xf63adb34,0xf63adb34,?NowFuzzyTime@TimeStamp@mozilla@@SA_JXZ
0x796edb9b,0x796edb9b,?NowLoRes@AwakeTimeStamp@mozilla@@SA?AV12@XZ
0xf28f1cd,0x0f28f1cd,?NowUnfuzzed@TimeStamp@mozilla@@CA?AV12@_N@Z
0x1b07606e,0x1b07606e,?PersistPreXULSkeletonUIValues@mozilla@@YA?AV?$Result@UOk@mozilla@@W4PreXULSkeletonUIError@2@@1@ABUSkeletonUISettings@1@@Z
0xbfb42b73,0xbfb42b73,?PersistPreXULSkeletonUIValues@mozilla@@YA?AV?$Result@UOk@mozilla@@W4PreXULSkeletonUIError@2@@1@AEBUSkeletonUISettings@1@@Z
0xf0893b19,0xf0893b19,?PollPreXULSkeletonUIEvents@mozilla@@YAXXZ
0x27b953d8,0x27b953d8,?ProcessCreation@TimeStamp@mozilla@@SA?AV12@PEA_N@Z
0x745ce56d,0x745ce56d,?ProcessCreation@TimeStamp@mozilla@@SA?AV12@XZ
0xadeca28c,0xadeca28c,?ProcessUptimeExcludingSuspendMs@mozilla@@YA?AV?$Maybe@_K@1@XZ
0x68ba4187,0x68ba4187,?ProcessUptimeMs@mozilla@@YA?AV?$Maybe@_K@1@XZ
0x2b23921f,0x2b23921f,?RandomUint64@mozilla@@YA?AV?$Maybe@_K@1@XZ
0x259971a,0x0259971a,?RandomUint64OrDie@mozilla@@YA_KXZ
0xf26f01db,0xf26f01db,?RecordProcessRestart@TimeStamp@mozilla@@SAXXZ
0xb6aeeaca,0xb6aeeaca,?RegisterJitCodeRegion@@YAXPEAE_K@Z
0x59866615,0x59866615,?RegisterProfilerLabelEnterExit@mozilla@@YAXP6APAXPBD0PAX@ZP6AX1@Z@Z
0xa249a104,0xa249a104,?RegisterProfilerLabelEnterExit@mozilla@@YAXP6APEAXPEBD0PEAX@ZP6AX1@Z@Z
0x7dec468a,0x7dec468a,?Release@PageInformation@baseprofiler@mozilla@@QBEXXZ
0x4231abab,0x4231abab,?Release@PageInformation@baseprofiler@mozilla@@QEBAXXZ
0x389b40b,0x0389b40b,?Release@ThreadInfo@baseprofiler@mozilla@@QBEXXZ
0x7b7cc94c,0x7b7cc94c,?Release@ThreadInfo@baseprofiler@mozilla@@QEBAXXZ
0x1be618b7,0x1be618b7,?ReleaseBufferForMainThreadAddMarker@base_profiler_markers_detail@mozilla@@YAXXZ
0x4c0276c4,0x4c0276c4,?ResolutionInTicks@BaseTimeDurationPlatformUtils@mozilla@@SA_JXZ
0x8a9e38ea,0x8a9e38ea,?SetAccessibilityResourceId@ActCtxResource@mscom@mozilla@@SAXG@Z
0x89e8c49c,0x89e8c49c,?SetActive@RacyFeatures@detail@baseprofiler@mozilla@@SAXI@Z
0xa091f399,0xa091f399,?SetFuzzyfoxEnabled@TimeStamp@mozilla@@SAX_N@Z
0xab19b5c2,0xab19b5c2,?SetInactive@RacyFeatures@detail@baseprofiler@mozilla@@SAXXZ
0x4c165331,0x4c165331,?SetPaused@RacyFeatures@detail@baseprofiler@mozilla@@SAXXZ
0xc3a625f2,0xc3a625f2,?SetPreXULSkeletonUIEnabledIfAllowed@mozilla@@YA?AV?$Result@UOk@mozilla@@W4PreXULSkeletonUIError@2@@1@_N@Z
0x85d15057,0x85d15057,?SetPreXULSkeletonUIThemeId@mozilla@@YA?AV?$Result@UOk@mozilla@@W4PreXULSkeletonUIError@2@@1@W4ThemeMode@1@@Z
0x75eef8cc,0x75eef8cc,?SetSamplingPaused@RacyFeatures@detail@baseprofiler@mozilla@@SAXXZ
0x5d1179cf,0x5d1179cf,?SetSamplingUnpaused@RacyFeatures@detail@baseprofiler@mozilla@@SAXXZ
0x5a790174,0x5a790174,?SetUnpaused@RacyFeatures@detail@baseprofiler@mozilla@@SAXXZ
0x2b6d19e5,0x2b6d19e5,?SetWin32kLockedDownInPolicy@mozilla@@YAXXZ
0x9de735f4,0x9de735f4,?Shutdown@TimeStamp@mozilla@@SAXXZ
0x620f10ec,0x620f10ec,?SpliceStringTableElements@UniqueJSONStrings@baseprofiler@mozilla@@QAEXAAVSpliceableJSONWriter@23@@Z
0x494a9f32,0x494a9f32,?SpliceStringTableElements@UniqueJSONStrings@baseprofiler@mozilla@@QEAAXAEAVSpliceableJSONWriter@23@@Z
0xa928af6b,0xa928af6b,?Startup@TimeStamp@mozilla@@SAXXZ
0x76459076,0x76459076,?Stream@MarkerSchema@mozilla@@QEHAAXAEAVJSONWriter@2@AEBV?$Span@$$CBD$0?0@2@@Z
0x1919129c,0x1919129c,?Stream@MarkerSchema@mozilla@@QHAEXAAVJSONWriter@2@ABV?$Span@$$CBD$0PPPPPPPP@@2@@Z
0x39c3e8e7,0x39c3e8e7,?StringToDouble@StringToDoubleConverter@double_conversion@@QBENPBDHPAH@Z
0x20b29f2a,0x20b29f2a,?StringToDouble@StringToDoubleConverter@double_conversion@@QBENPBGHPAH@Z
0x457f369f,0x457f369f,?TagForMarkerTypeFunctions@Streaming@base_profiler_markers_detail@mozilla@@SAEP6AXAAVProfileBufferEntryReader@3@AAVSpliceableJSONWriter@baseprofiler@3@@ZP6A?AV?$Span@$$CBD$0PPPPPPPP@@3@XZP6A?AVMarkerSchema@3@XZ@Z
0xcc61ff58,0xcc61ff58,?TagForMarkerTypeFunctions@Streaming@base_profiler_markers_detail@mozilla@@SAEP6AXAEAVProfileBufferEntryReader@3@AEAVSpliceableJSONWriter@baseprofiler@3@@ZP6A?AV?$Span@$$CBD$0?0@3@XZP6A?AVMarkerSchema@3@XZ@Z
0x4cfe449,0x04cfe449,?TicksFromMilliseconds@BaseTimeDurationPlatformUtils@mozilla@@SA_JN@Z
0xbbf25411,0xbbf25411,?ToExponential@DoubleToStringConverter@double_conversion@@QBE_NNHPAVStringBuilder@2@@Z
0x60ec1297,0x60ec1297,?ToExponential@DoubleToStringConverter@double_conversion@@QEBA_NNHPEAVStringBuilder@2@@Z
0x296385da,0x296385da,?ToFixed@DoubleToStringConverter@double_conversion@@QBE_NNHPAVStringBuilder@2@@Z
0xef70daa0,0xef70daa0,?ToFixed@DoubleToStringConverter@double_conversion@@QEBA_NNHPEAVStringBuilder@2@@Z
0xd47b2f48,0xd47b2f48,?ToMicroseconds@AwakeTimeDuration@mozilla@@QBENXZ
0x99f70565,0x99f70565,?ToMilliseconds@AwakeTimeDuration@mozilla@@QBENXZ
0x2889f436,0x2889f436,?ToPrecision@DoubleToStringConverter@double_conversion@@QBE_NNHPAVStringBuilder@2@@Z
0x51ec4ffc,0x51ec4ffc,?ToPrecision@DoubleToStringConverter@double_conversion@@QEBA_NNHPEAVStringBuilder@2@@Z
0x2ac67c6e,0x2ac67c6e,?ToSeconds@AwakeTimeDuration@mozilla@@QBENXZ
0x6097bde3,0x6097bde3,?ToSeconds@BaseTimeDurationPlatformUtils@mozilla@@SAN_J@Z
0x2266454a,0x2266454a,?ToSecondsSigDigits@BaseTimeDurationPlatformUtils@mozilla@@SAN_J@Z
0xa01839aa,0xa01839aa,?ToShortestIeeeNumber@DoubleToStringConverter@double_conversion@@ABE_NNPAVStringBuilder@2@W4DtoaMode@12@@Z
0xdb911f10,0xdb911f10,?ToShortestIeeeNumber@DoubleToStringConverter@double_conversion@@AEBA_NNPEAVStringBuilder@2@W4DtoaMode@12@@Z
0x95ef35fd,0x95ef35fd,?UnmapRemoteViewOfFile@mozilla@@YA_NPAX0@Z
0x5bb194c2,0x5bb194c2,?UnmapRemoteViewOfFile@mozilla@@YA_NPEAX0@Z
0x26325e8d,0x26325e8d,?UnregisterJitCodeRegion@@YAXPEAE_K@Z
0xa3e17dfc,0xa3e17dfc,?Unused@mozilla@@3Uunused_t@1@B
0xb565173,0x0b565173,?UpdateFuzzyTime@TimeStamp@mozilla@@CAX_J@Z
0x21340c8,0x021340c8,?UpdateFuzzyTimeStamp@TimeStamp@mozilla@@CAXV12@@Z
0xea656015,0xea656015,?WasPreXULSkeletonUIMaximized@mozilla@@YA_NXZ
0x12f3e5fa,0x12f3e5fa,?WerNotifyProc@CrashReporter@@YAKPEAX@Z
0x575905ed,0x575905ed,?WindowsDpiInitialization@mozilla@@YA?AW4WindowsDpiInitializationResult@1@XZ
0x3b77df87,0x3b77df87,?_query_new_handler@@YAP6AHI@ZXZ
0xce32c044,0xce32c044,?_query_new_mode@@YAHXZ
0xa9b1fa97,0xa9b1fa97,?_set_new_handler@@YAP6AHI@ZP6AHI@Z@Z
0x62ac4dca,0x62ac4dca,?_set_new_mode@@YAHH@Z
0x4a43288,0x04a43288,?_set_se_translator@@YAP6AXIPAU_EXCEPTION_POINTERS@@@ZP6AXI0@Z@Z
0x591c2866,0x591c2866,?abs@Decimal@blink@@QBE?AV12@XZ
0x68b2a187,0x68b2a187,?abs@Decimal@blink@@QEBA?AV12@XZ
0x3cea3eef,0x3cea3eef,?aes_enabled@sse_private@mozilla@@3_NA
0xd0dc9746,0xd0dc9746,?alignOperands@Decimal@blink@@CA?AUAlignedOperands@12@ABV12@0@Z
0x90e88ccb,0x90e88ccb,?alignOperands@Decimal@blink@@CA?AUAlignedOperands@12@AEBV12@0@Z
0x6b9d72f5,0x6b9d72f5,?appendIntDec@PrintfTarget@mozilla@@QAE_NH@Z
0x6b9d7736,0x6b9d7736,?appendIntDec@PrintfTarget@mozilla@@QAE_NI@Z
0xdf478dd6,0xdf478dd6,?appendIntDec@PrintfTarget@mozilla@@QAE_N_J@Z
0xdf479217,0xdf479217,?appendIntDec@PrintfTarget@mozilla@@QAE_N_K@Z
0x60090136,0x60090136,?appendIntDec@PrintfTarget@mozilla@@QEAA_NH@Z
0x60090577,0x60090577,?appendIntDec@PrintfTarget@mozilla@@QEAA_NI@Z
0x6124e437,0x6124e437,?appendIntDec@PrintfTarget@mozilla@@QEAA_N_J@Z
0x6124e878,0x6124e878,?appendIntDec@PrintfTarget@mozilla@@QEAA_N_K@Z
0x9d24ed2f,0x9d24ed2f,?appendIntHex@PrintfTarget@mozilla@@QAE_NI@Z
0x41bdc730,0x41bdc730,?appendIntHex@PrintfTarget@mozilla@@QAE_N_K@Z
0xc27f3a90,0xc27f3a90,?appendIntHex@PrintfTarget@mozilla@@QEAA_NI@Z
0x1261c0b1,0x1261c0b1,?appendIntHex@PrintfTarget@mozilla@@QEAA_N_K@Z
0x6e8c2290,0x6e8c2290,?appendIntOct@PrintfTarget@mozilla@@QAE_NI@Z
0x400ba8b1,0x400ba8b1,?appendIntOct@PrintfTarget@mozilla@@QAE_N_K@Z
0xc0cd1c11,0xc0cd1c11,?appendIntOct@PrintfTarget@mozilla@@QEAA_NI@Z
0xda6bd252,0xda6bd252,?appendIntOct@PrintfTarget@mozilla@@QEAA_N_K@Z
0x76dabef7,0x76dabef7,?avx2_enabled@sse_private@mozilla@@3_NA
0xce74fea5,0xce74fea5,?avx_enabled@sse_private@mozilla@@3_NA
0x60041723,0x60041723,?baseprofiler_save_profile_to_file@baseprofiler@mozilla@@YAXPBD@Z
0xbaec98d2,0xbaec98d2,?before@type_info@@QBEHABV1@@Z
0xba3f221f,0xba3f221f,?calcEffectiveRateAndTempo@SoundTouch@soundtouch@@AAEXXZ
0x94b37d2d,0x94b37d2d,?ceil@Decimal@blink@@QBE?AV12@XZ
0x17348f2e,0x17348f2e,?ceil@Decimal@blink@@QEBA?AV12@XZ
0x756b5c72,0x756b5c72,?clear@SoundTouch@soundtouch@@UAEXXZ
0x8af90f4e,0x8af90f4e,?compareTo@Decimal@blink@@ABE?AV12@ABV12@@Z
0xea48f5b4,0xea48f5b4,?compareTo@Decimal@blink@@AEBA?AV12@AEBV12@@Z
0x99d6d2e9,0x99d6d2e9,?compress@LZ4@Compression@mozilla@@SAIPBDIPAD@Z
0xf19dba35,0xf19dba35,?compress@LZ4@Compression@mozilla@@SA_KPEBD_KPEAD@Z
0x1efc4b4b,0x1efc4b4b,?compressLimitedOutput@LZ4@Compression@mozilla@@SAIPBDIPADI@Z
0xb4f7725f,0xb4f7725f,?compressLimitedOutput@LZ4@Compression@mozilla@@SA_KPEBD_KPEAD1@Z
0xd56e805,0x0d56e805,?createSoundTouchObj@soundtouch@@YAPAVSoundTouch@1@XZ
0xb9986779,0xb9986779,?decompress@LZ4@Compression@mozilla@@SA_NPBDIPADIPAI@Z
0x5dc7c812,0x5dc7c812,?decompress@LZ4@Compression@mozilla@@SA_NPEBD_KPEAD1PEA_K@Z
0xb49a2666,0xb49a2666,?decompressPartial@LZ4@Compression@mozilla@@SA_NPBDIPADIPAI@Z
0xbe66e31f,0xbe66e31f,?decompressPartial@LZ4@Compression@mozilla@@SA_NPEBD_KPEAD1PEA_K@Z
0x49d896bb,0x49d896bb,?destroySoundTouchObj@soundtouch@@YAXPAVSoundTouch@1@@Z
0xec7b10fa,0xec7b10fa,?ensureCapacitySlow@ProfilingStack@baseprofiler@mozilla@@AAEXXZ
0x84dcd43b,0x84dcd43b,?ensureCapacitySlow@ProfilingStack@baseprofiler@mozilla@@AEAAXXZ
0x5e8461e9,0x5e8461e9,?finish@SHA1Sum@mozilla@@QAEXAAY0BE@E@Z
0x89fdc56f,0x89fdc56f,?finish@SHA1Sum@mozilla@@QEAAXAEAY0BE@E@Z
0x2f08d5f2,0x2f08d5f2,?floor@Decimal@blink@@QBE?AV12@XZ
0xfc350093,0xfc350093,?floor@Decimal@blink@@QEBA?AV12@XZ
0x750d07d,0x0750d07d,?flush@RLBoxSoundTouch@mozilla@@QEAAXXZ
0x5b374309,0x5b374309,?flush@SoundTouch@soundtouch@@QAEXXZ
0x29e29ad1,0x29e29ad1,?fromDouble@Decimal@blink@@SA?AV12@N@Z
0xa901342d,0xa901342d,?fromString@Decimal@blink@@SA?AV12@ABV?$basic_string@DU?$char_traits@D@std@@V?$allocator@D@2@@std@@@Z
0xb0fc15f2,0xb0fc15f2,?fromString@Decimal@blink@@SA?AV12@AEBV?$basic_string@DU?$char_traits@D@std@@V?$allocator@D@2@@std@@@Z
0xe5469a78,0xe5469a78,?gChaosFeatures@detail@mozilla@@3W4ChaosFeature@2@A
0xff636555,0xff636555,?gChaosModeCounter@detail@mozilla@@3V?$Atomic@I$01X@2@A
0x15bba39e,0x15bba39e,?gOOMAllocationSize@@3IA
0x4fb6ea8,0x04fb6ea8,?gTwoCharEscapes@detail@mozilla@@3QBDB
0x16d50e9f,0x16d50e9f,?getInputOutputSampleRatio@SoundTouch@soundtouch@@QAENXZ
0x1c511d26,0x1c511d26,?getSetting@SoundTouch@soundtouch@@QBEHH@Z
0x9ecfbd48,0x9ecfbd48,?getVersionId@SoundTouch@soundtouch@@SAIXZ
0x8bbc8adf,0x8bbc8adf,?getVersionString@SoundTouch@soundtouch@@SAPBDXZ
0xee0a371a,0xee0a371a,?has_constant_tsc@sse_private@mozilla@@3_NA
0x5bf1957d,0x5bf1957d,?infinity@Decimal@blink@@SA?AV12@W4Sign@12@@Z
0x9283db00,0x9283db00,?lock@MutexImpl@detail@mozilla@@IAEXXZ
0xebfedf01,0xebfedf01,?lock@MutexImpl@detail@mozilla@@IEAAXXZ
0x9ff2ad27,0x9ff2ad27,?memchr16@SIMD@mozilla@@SAPB_SPB_S_SI@Z
0x71d46ae2,0x71d46ae2,?memchr2x16@SIMD@mozilla@@SAPB_SPB_S_S1I@Z
0xe61614bc,0xe61614bc,?memchr2x8@SIMD@mozilla@@SAPBDPBDDDI@Z
0x1c20cfce,0x1c20cfce,?memchr8@SIMD@mozilla@@SAPBDPBDDI@Z
0xd9230148,0xd9230148,?mmx_enabled@sse_private@mozilla@@3_NA
0x7ef14d19,0x7ef14d19,?mozalloc_handle_oom@@YAXI@Z
0x5d16245a,0x5d16245a,?mozalloc_handle_oom@@YAX_K@Z
0xee8fd267,0xee8fd267,?mozalloc_set_oom_abort_handler@@YAXP6AX_K@Z@Z
0x42ea9e1c,0x42ea9e1c,?name@type_info@@QBEPBDXZ
0x1b9e0f69,0x1b9e0f69,?nan@Decimal@blink@@SA?AV12@XZ
0x8cc5fb8a,0x8cc5fb8a,?notify_all@ConditionVariableImpl@detail@mozilla@@QAEXXZ
0x2e8510cb,0x2e8510cb,?notify_all@ConditionVariableImpl@detail@mozilla@@QEAAXXZ
0x1e42b9f3,0x1e42b9f3,?notify_one@ConditionVariableImpl@detail@mozilla@@QAEXXZ
0xef999c54,0xef999c54,?notify_one@ConditionVariableImpl@detail@mozilla@@QEAAXXZ
0xd0e5e428,0xd0e5e428,?numChannels@RLBoxSoundTouch@mozilla@@QEAAIXZ
0x29b09175,0x29b09175,?numChannels@SoundTouch@soundtouch@@QBEIXZ
0xea4f1398,0xea4f1398,?numSamples@RLBoxSoundTouch@mozilla@@QEAA?AV?$tainted@IVrlbox_wasm2c_sandbox@rlbox@@@rlbox@@XZ
0x173b6f23,0x173b6f23,?numUnprocessedSamples@RLBoxSoundTouch@mozilla@@QEAA?AV?$tainted@IVrlbox_wasm2c_sandbox@rlbox@@@rlbox@@XZ
0xe6662f0d,0xe6662f0d,?numUnprocessedSamples@SoundTouch@soundtouch@@UBEIXZ
0x85e89a57,0x85e89a57,?print@PrintfTarget@mozilla@@QAA_NPBDZZ
0x4fc12b41,0x4fc12b41,?print@PrintfTarget@mozilla@@QEAA_NPEBDZZ
0x4a08d01e,0x4a08d01e,?profiler_add_js_marker@baseprofiler@mozilla@@YAXPBD0@Z
0x921a5563,0x921a5563,?profiler_add_js_marker@baseprofiler@mozilla@@YAXPEBD0@Z
0x90c78bf0,0x90c78bf0,?profiler_add_sampled_counter@baseprofiler@mozilla@@YAXPAVBaseProfilerCount@12@@Z
0xdf8ee695,0xdf8ee695,?profiler_add_sampled_counter@baseprofiler@mozilla@@YAXPEAVBaseProfilerCount@12@@Z
0x55e2a3f6,0x55e2a3f6,?profiler_capture_backtrace@baseprofiler@mozilla@@YA?AV?$UniquePtr@VProfileChunkedBuffer@mozilla@@V?$DefaultDelete@VProfileChunkedBuffer@mozilla@@@2@@2@XZ
0x336d8dd,0x0336d8dd,?profiler_capture_backtrace_into@baseprofiler@mozilla@@YA_NAAVProfileChunkedBuffer@2@W4StackCaptureOptions@2@@Z
0x38b56c62,0x38b56c62,?profiler_capture_backtrace_into@baseprofiler@mozilla@@YA_NAEAVProfileChunkedBuffer@2@W4StackCaptureOptions@2@@Z
0xbc608122,0xbc608122,?profiler_current_process_id@baseprofiler@mozilla@@YA?AVBaseProfilerProcessId@12@XZ
0x810a4ca7,0x810a4ca7,?profiler_current_process_id@baseprofiler@mozilla@@YAHXZ
0x6c94ff14,0x6c94ff14,?profiler_current_thread_id@baseprofiler@mozilla@@YA?AVBaseProfilerThreadId@12@XZ
0x666003e0,0x666003e0,?profiler_current_thread_id@baseprofiler@mozilla@@YAHXZ
0xdd7725fb,0xdd7725fb,?profiler_ensure_started@baseprofiler@mozilla@@YAXV?$PowerOfTwo@I@2@NIPAPBDIABV?$Maybe@N@2@@Z
0x600a02a,0x0600a02a,?profiler_ensure_started@baseprofiler@mozilla@@YAXV?$PowerOfTwo@I@2@NIPEAPEBDIAEBV?$Maybe@N@2@@Z
0xa34c1cb7,0xa34c1cb7,?profiler_feature_active@baseprofiler@mozilla@@YA_NI@Z
0x41fee4b9,0x41fee4b9,?profiler_get_available_features@baseprofiler@mozilla@@YAIXZ
0x7d079f04,0x7d079f04,?profiler_get_backtrace@baseprofiler@mozilla@@YA?AV?$UniquePtr@VProfilerBacktrace@baseprofiler@mozilla@@UProfilerBacktraceDestructor@23@@2@XZ
0xc05964e3,0xc05964e3,?profiler_get_buffer_info@baseprofiler@mozilla@@YA?AV?$Maybe@UProfilerBufferInfo@baseprofiler@mozilla@@@2@XZ
0xe047932a,0xe047932a,?profiler_get_core_buffer@baseprofiler@mozilla@@YAAAVProfileChunkedBuffer@2@XZ
0x480798af,0x480798af,?profiler_get_core_buffer@baseprofiler@mozilla@@YAAEAVProfileChunkedBuffer@2@XZ
0xf0685206,0xf0685206,?profiler_get_profile@baseprofiler@mozilla@@YA?AV?$UniquePtr@$$BY0A@DV?$DefaultDelete@$$BY0A@D@mozilla@@@2@N_N0@Z
0xb5b5ec87,0xb5b5ec87,?profiler_get_start_params@baseprofiler@mozilla@@YAXPAHPAV?$Maybe@N@2@PANPAIPAV?$Vector@PBD$0A@VMallocAllocPolicy@mozilla@@@2@@Z
0xbedff925,0xbedff925,?profiler_get_start_params@baseprofiler@mozilla@@YAXPEAHPEAV?$Maybe@N@2@PEANPEAIPEAV?$Vector@PEBD$0A@VMallocAllocPolicy@mozilla@@@2@@Z
0xf6ad2b4f,0xf6ad2b4f,?profiler_init@baseprofiler@mozilla@@YAXPAX@Z
0xcc8f41b4,0xcc8f41b4,?profiler_init@baseprofiler@mozilla@@YAXPEAX@Z
0xbdade085,0xbdade085,?profiler_init_main_thread_id@baseprofiler@mozilla@@YAXXZ
0xa6260976,0xa6260976,?profiler_is_main_thread@baseprofiler@mozilla@@YA_NXZ
0x6414e39c,0x6414e39c,?profiler_is_paused@baseprofiler@mozilla@@YA_NXZ
0x7fd1e6d6,0x7fd1e6d6,?profiler_is_sampling_paused@baseprofiler@mozilla@@YA_NXZ
0x7f25fd6,0x07f25fd6,?profiler_main_thread_id@baseprofiler@mozilla@@YA?AVBaseProfilerThreadId@12@XZ
0x93cfabc8,0x93cfabc8,?profiler_pause@baseprofiler@mozilla@@YAXXZ
0x5337b42,0x05337b42,?profiler_pause_sampling@baseprofiler@mozilla@@YAXXZ
0x4c4cfe0b,0x4c4cfe0b,?profiler_register_page@baseprofiler@mozilla@@YAX_K0ABV?$basic_string@DU?$char_traits@D@std@@V?$allocator@D@2@@std@@0@Z
0xb8560230,0xb8560230,?profiler_register_page@baseprofiler@mozilla@@YAX_K0AEBV?$basic_string@DU?$char_traits@D@std@@V?$allocator@D@2@@std@@0@Z
0x2788de7f,0x2788de7f,?profiler_register_thread@baseprofiler@mozilla@@YAPAVProfilingStack@12@PBDPAX@Z
0x934c33ae,0x934c33ae,?profiler_register_thread@baseprofiler@mozilla@@YAPEAVProfilingStack@12@PEBDPEAX@Z
0x65129d7a,0x65129d7a,?profiler_remove_sampled_counter@baseprofiler@mozilla@@YAXPEAVBaseProfilerCount@12@@Z
0xe9ab207b,0xe9ab207b,?profiler_resume@baseprofiler@mozilla@@YAXXZ
0xbe94e955,0xbe94e955,?profiler_resume_sampling@baseprofiler@mozilla@@YAXXZ
0xbcf9fc8d,0xbcf9fc8d,?profiler_save_profile_to_file@baseprofiler@mozilla@@YAXPEBD@Z
0xcd0ef343,0xcd0ef343,?profiler_set_process_name@baseprofiler@mozilla@@YAXAEBV?$basic_string@DU?$char_traits@D@std@@V?$allocator@D@2@@std@@PEBV34@@Z
0x5b46aa06,0x5b46aa06,?profiler_shutdown@baseprofiler@mozilla@@YAXXZ
0xaac00270,0xaac00270,?profiler_start@baseprofiler@mozilla@@YAXV?$PowerOfTwo@I@2@NIPEAPEBDIAEBV?$Maybe@N@2@@Z
0xe9f87770,0xe9f87770,?profiler_stop@baseprofiler@mozilla@@YAXXZ
0x52f29ede,0x52f29ede,?profiler_stream_json_for_this_process@baseprofiler@mozilla@@YA_NAEAVSpliceableJSONWriter@12@N_N1@Z
0x7d43aadc,0x7d43aadc,?profiler_suspend_and_sample_thread@baseprofiler@mozilla@@YAXHIAEAVProfilerStackCollector@12@_N@Z
0xd10e8c48,0xd10e8c48,?profiler_thread_is_sleeping@baseprofiler@mozilla@@YA_NXZ
0xdfcdc57a,0xdfcdc57a,?profiler_thread_sleep@baseprofiler@mozilla@@YAXXZ
0xd7ffa709,0xd7ffa709,?profiler_thread_wake@baseprofiler@mozilla@@YAXXZ
0x1c7c51af,0x1c7c51af,?profiler_time@baseprofiler@mozilla@@YANXZ
0x9217a240,0x9217a240,?profiler_unregister_page@baseprofiler@mozilla@@YAX_K@Z
0x820bf9e9,0x820bf9e9,?profiler_unregister_thread@baseprofiler@mozilla@@YAXXZ
0xb7f29be,0x0b7f29be,?putSamples@RLBoxSoundTouch@mozilla@@QEAAXPEBMI@Z
0xdd7669e9,0xdd7669e9,?putSamples@SoundTouch@soundtouch@@UAEXPBMI@Z
0xfb16afa5,0xfb16afa5,?raw_name@type_info@@QBEPBDXZ
0x93a99738,0x93a99738,?receiveSamples@RLBoxSoundTouch@mozilla@@QEAAIPEAMI@Z
0x5304fee5,0x5304fee5,?receiveSamples@SoundTouch@soundtouch@@UAEII@Z
0x42edbc43,0x42edbc43,?receiveSamples@SoundTouch@soundtouch@@UAEIPAMI@Z
0xb477d3d1,0xb477d3d1,?remainder@Decimal@blink@@QEBA?AV12@AEBV12@@Z
0xc407550a,0xc407550a,?resizeSampleBuffer@RLBoxSoundTouch@mozilla@@AEAAXI@Z
0x786b2a19,0x786b2a19,?round@Decimal@blink@@QEBA?AV12@XZ
0x8c4f2ba3,0x8c4f2ba3,?scProfilerMainThreadId@baseprofiler@mozilla@@3HA
0x4fa29a44,0x4fa29a44,?setChannels@RLBoxSoundTouch@mozilla@@QEAAXI@Z
0x91401210,0x91401210,?setChannels@SoundTouch@soundtouch@@QAEXI@Z
0x66e5815,0x066e5815,?setPitch@RLBoxSoundTouch@mozilla@@QEAAXN@Z
0x93fdbb61,0x93fdbb61,?setPitch@SoundTouch@soundtouch@@QAEXN@Z
0x2313c516,0x2313c516,?setPitchOctaves@SoundTouch@soundtouch@@QAEXN@Z
0x3a11c592,0x3a11c592,?setPitchSemiTones@SoundTouch@soundtouch@@QAEXH@Z
0x3a11df18,0x3a11df18,?setPitchSemiTones@SoundTouch@soundtouch@@QAEXN@Z
0x5c8a7e29,0x5c8a7e29,?setRate@RLBoxSoundTouch@mozilla@@QEAAXN@Z
0xef7979f5,0xef7979f5,?setRate@SoundTouch@soundtouch@@QAEXN@Z
0x2dc8eabb,0x2dc8eabb,?setRateChange@SoundTouch@soundtouch@@QAEXN@Z
0xb735f726,0xb735f726,?setSampleRate@RLBoxSoundTouch@mozilla@@QEAAXI@Z
0x21bbca32,0x21bbca32,?setSampleRate@SoundTouch@soundtouch@@QAEXI@Z
0xf1893b5d,0xf1893b5d,?setSetting@RLBoxSoundTouch@mozilla@@QEAAXHH@Z
0x8d80a97e,0x8d80a97e,?setSetting@SoundTouch@soundtouch@@QAE_NHH@Z
0xb606afc2,0xb606afc2,?setTempo@RLBoxSoundTouch@mozilla@@QEAAXN@Z
0xcc7c6a2e,0xcc7c6a2e,?setTempo@SoundTouch@soundtouch@@QAEXN@Z
0xf761b4,0x00f761b4,?setTempoChange@SoundTouch@soundtouch@@QAEXN@Z
0x56523c56,0x56523c56,?set_new_handler@@YAP6AXXZP6AXXZ@Z
0xf174a858,0xf174a858,?set_terminate@@YAP6AXXZP6AXXZ@Z
0x2fc2fba4,0x2fc2fba4,?set_unexpected@@YAP6AXXZP6AXXZ@Z
0x93e31dd4,0x93e31dd4,?sse3_enabled@sse_private@mozilla@@3_NA
0x661fe5c5,0x661fe5c5,?sse4_1_enabled@sse_private@mozilla@@3_NA
0xa458ae06,0xa458ae06,?sse4_2_enabled@sse_private@mozilla@@3_NA
0x5bcb5856,0x5bcb5856,?sse4a_enabled@sse_private@mozilla@@3_NA
0xcbe64e47,0xcbe64e47,?ssse3_enabled@sse_private@mozilla@@3_NA
0xbc968efb,0xbc968efb,?swprintf@@YAHPAGIPBGZZ
0x8993a039,0x8993a039,?swprintf@@YAHPA_WIPB_WZZ
0xabe7f71b,0xabe7f71b,?terminate@@YAXXZ
0x4a075364,0x4a075364,?toDouble@Decimal@blink@@QEBANXZ
0xb502dafd,0xb502dafd,?toString@Decimal@blink@@QEBA?AV?$basic_string@DU?$char_traits@D@std@@V?$allocator@D@2@@std@@XZ
0x7d3f946b,0x7d3f946b,?toString@Decimal@blink@@QEBA_NPEAD_K@Z
0x4c00ac55,0x4c00ac55,?tryLock@MutexImpl@detail@mozilla@@IEAA_NXZ
0x9e76f087,0x9e76f087,?unexpected@@YAXXZ
0x93cc7c44,0x93cc7c44,?unlock@MutexImpl@detail@mozilla@@IEAAXXZ
0x9052572d,0x9052572d,?update@SHA1Sum@mozilla@@QEAAXPEBXI@Z
0xb78510f7,0xb78510f7,?vprint@PrintfTarget@mozilla@@QEAA_NPEBDPEAD@Z
0x16aa0bac,0x16aa0bac,?vswprintf@@YAHPAGIPBGPAD@Z
0xe9ac11aa,0xe9ac11aa,?vswprintf@@YAHPA_WIPB_WPAD@Z
0x1df3db1e,0x1df3db1e,?wait@ConditionVariableImpl@detail@mozilla@@QEAAXAEAVMutexImpl@23@@Z
0xca102c15,0xca102c15,?wait_for@ConditionVariableImpl@detail@mozilla@@QEAA?AW4CVStatus@3@AEAVMutexImpl@23@AEBV?$BaseTimeDuration@VTimeDurationValueCalculator@mozilla@@@3@@Z
0x5d323235,0x5d323235,?what@exception@@UBEPBDXZ
0x54bcd57d,0x54bcd57d,?xgetbv@mozilla@@YA_KI@Z
0x5109dc73,0x5109dc73,?zero@Decimal@blink@@SA?AV12@W4Sign@12@@Z
0x6bd367fb,0x6bd367fb,@$xp$21Actitlebar@TsTitleBar
0x39596b6b,0x39596b6b,@$xp$22Actitlebar@TacBtnStyle
0x69867c87,0x69867c87,@$xp$22Actitlebar@TacFontData
0x9ead5191,0x9ead5191,@$xp$23Actitlebar@TacItemAlign
0xdf90cd7c,0xdf90cd7c,@$xp$24Actitlebar@TacTitleItems
0xb4ccbd4f,0xb4ccbd4f,@$xp$25Actinyjpg@TacTinyJPGImage
0xe7abbc80,0xe7abbc80,@$xp$26Actitlebar@TacTitleBarItem
0xff7a5fda,0xff7a5fda,@$xp$27Actitlebar@TacDrawItemEvent
0xe17677ea,0xe17677ea,@$xp$27Actitlebar@TacItemAnimation
0x10713c39,0x10713c39,@@Form_main@Finalize
0x55f0a6b9,0x55f0a6b9,@@Form_main@Initialize
0xb24b152d,0xb24b152d,@@Myfunction@Finalize
0xd5a48cad,0xd5a48cad,@@Myfunction@Initialize
0xe7e8410e,0xe7e8410e,@Actinyjpg@Finalization$qqrv
0xf16db418,0xf16db418,@Actinyjpg@TacTinyJPGImage@
0x46862d81,0x46862d81,@Actinyjpg@TacTinyJPGImage@LoadFromFile$qqrx20System@UnicodeString
0xd0972d57,0xd0972d57,@Actinyjpg@TacTinyJPGImage@LoadFromStream$qqrp22System@Classes@TStream
0xdc1673ce,0xdc1673ce,@Actinyjpg@initialization$qqrv
0xee84c800,0xee84c800,@Actitlebar@Finalization$qqrv
0x6a1a48c9,0x6a1a48c9,@Actitlebar@HideHintWnd$qqrp26Actitlebar@TacTitleBarItem
0xc28e2d23,0xc28e2d23,@Actitlebar@PaintItemNoAlpha$qqrxp20Vcl@Graphics@TBitmapt1rx18System@Types@TRectt3t3
0x7cc6a130,0x7cc6a130,@Actitlebar@ShowHintWnd$qqrp26Actitlebar@TacTitleBarItem
0x92c26cfa,0x92c26cfa,@Actitlebar@StartItemAnimation$qqrxp26Actitlebar@TacTitleBarItemxixop15Vcl@Forms@TForm
0xaf1d793,0x0af1d793,@Actitlebar@TacFontData@
0x1156a150,0x1156a150,@Actitlebar@TacFontData@$bctr$qqrv
0xfd987631,0xfd987631,@Actitlebar@TacFontData@$bdtr$qqrv
0x826f0a58,0x826f0a58,@Actitlebar@TacFontData@GetBool$qqrxi
0x68d6f522,0x68d6f522,@Actitlebar@TacFontData@Invalidate$qqrv
0x81b4354b,0x81b4354b,@Actitlebar@TacFontData@SetBool$qqrxixo
0x569642c0,0x569642c0,@Actitlebar@TacFontData@SetFont$qqrxp18Vcl@Graphics@TFont
0x83aa56d5,0x83aa56d5,@Actitlebar@TacFontData@SetGlowColor$qqrx21System@Uitypes@TColor
0xf24cddec,0xf24cddec,@Actitlebar@TacFontData@SetGlowSize$qqrxi
0xee9cb951,0xee9cb951,@Actitlebar@TacItemAnimation@
0x1ec18389,0x1ec18389,@Actitlebar@TacItemAnimation@$bctr$qqrp25System@Classes@TComponent
0x73df1d6f,0x73df1d6f,@Actitlebar@TacItemAnimation@$bdtr$qqrv
0xc9e552a8,0xc9e552a8,@Actitlebar@TacItemAnimation@ChangeState$qqrio
0xe9a80733,0xe9a80733,@Actitlebar@TacItemAnimation@CheckMouseLeave$qqrv
0x68d5db7e,0x68d5db7e,@Actitlebar@TacItemAnimation@GetFormBounds$qqrv
0xc5490e11,0xc5490e11,@Actitlebar@TacItemAnimation@MakeForm$qqrv
0x2969c8fa,0x2969c8fa,@Actitlebar@TacItemAnimation@MakeImg$qqrv
0xdb437066,0xdb437066,@Actitlebar@TacItemAnimation@Offset$qqrv
0x4ac3d071,0x4ac3d071,@Actitlebar@TacItemAnimation@OnAnimTimer$qqrp14System@TObject
0x544d090f,0x544d090f,@Actitlebar@TacItemAnimation@StartAnimation$qqrio
0xd0d7153b,0xd0d7153b,@Actitlebar@TacItemAnimation@Step$qqrv
0xca2b77a9,0xca2b77a9,@Actitlebar@TacItemAnimation@UpdateForm$qqri
0x5eba2f28,0x5eba2f28,@Actitlebar@TacTitleBarItem@
0x36269b7a,0x36269b7a,@Actitlebar@TacTitleBarItem@$bctr$qqrp26System@Classes@TCollection
0xcbef0c06,0xcbef0c06,@Actitlebar@TacTitleBarItem@$bdtr$qqrv
0x86f775f8,0x86f775f8,@Actitlebar@TacTitleBarItem@AssignTo$qqrp26System@Classes@TPersistent
0x29d84c60,0x29d84c60,@Actitlebar@TacTitleBarItem@Changed$qqrv
0x6e542b6f,0x6e542b6f,@Actitlebar@TacTitleBarItem@DoClick$qqrv
0x412fa95b,0x412fa95b,@Actitlebar@TacTitleBarItem@DoMouseDown$qqr27System@Uitypes@TMouseButton60System@%Set$32System@Classes@System_Classes__1t1$i0$t1$i10$%ii
0xa1274ba8,0xa1274ba8,@Actitlebar@TacTitleBarItem@DoMouseUp$qqr27System@Uitypes@TMouseButton60System@%Set$32System@Classes@System_Classes__1t1$i0$t1$i10$%ii
0x7d140eed,0x7d140eed,@Actitlebar@TacTitleBarItem@GetDisplayName$qqrv
0xa4b65317,0xa4b65317,@Actitlebar@TacTitleBarItem@GetState$qqrv
0x26fce101,0x26fce101,@Actitlebar@TacTitleBarItem@InitFont$qqrv
0xf92bf1b7,0xf92bf1b7,@Actitlebar@TacTitleBarItem@IntXMargin$qqrv
0x1e6d7810,0x1e6d7810,@Actitlebar@TacTitleBarItem@Invalidate$qqro
0x7192a34c,0x7192a34c,@Actitlebar@TacTitleBarItem@OnGlyphChange$qqrp14System@TObject
0xa24050c1,0xa24050c1,@Actitlebar@TacTitleBarItem@SetAlign$qqrx23Actitlebar@TacItemAlign
0x984116c7,0x984116c7,@Actitlebar@TacTitleBarItem@SetAutoSize$qqrxo
0xead1c177,0xead1c177,@Actitlebar@TacTitleBarItem@SetCaption$qqrx20System@UnicodeString
0xc7bb00eb,0xc7bb00eb,@Actitlebar@TacTitleBarItem@SetDown$qqrxo
0x1cec9da1,0x1cec9da1,@Actitlebar@TacTitleBarItem@SetGlyph$qqrxp20Vcl@Graphics@TBitmap
0xec49ec32,0xec49ec32,@Actitlebar@TacTitleBarItem@SetGroupIndex$qqrxi
0xbd6a78e6,0xbd6a78e6,@Actitlebar@TacTitleBarItem@SetHeight$qqrxi
0xffce1e09,0xffce1e09,@Actitlebar@TacTitleBarItem@SetImageIndex$qqrxixi
0x3607556a,0x3607556a,@Actitlebar@TacTitleBarItem@SetName$qqrx20System@UnicodeString
0x18746994,0x18746994,@Actitlebar@TacTitleBarItem@SetNumGlyphs$qqrxi
0xd0bd3113,0xd0bd3113,@Actitlebar@TacTitleBarItem@SetSkinSection$qqrx20System@UnicodeString
0x10059112,0x10059112,@Actitlebar@TacTitleBarItem@SetSpacing$qqrxi
0x2836a2e,0x02836a2e,@Actitlebar@TacTitleBarItem@SetState$qqrxi
0x96748321,0x96748321,@Actitlebar@TacTitleBarItem@SetStyle$qqrx22Actitlebar@TacBtnStyle
0x7e600b01,0x7e600b01,@Actitlebar@TacTitleBarItem@SetVisible$qqrxo
0x2fe60c0d,0x2fe60c0d,@Actitlebar@TacTitleBarItem@SetWidth$qqrxi
0xc58a7d6d,0xc58a7d6d,@Actitlebar@TacTitleBarItem@UpdateSize$qqro
0x7a1b0be6,0x7a1b0be6,@Actitlebar@TacTitleItems@
0xb088bb5d,0xb088bb5d,@Actitlebar@TacTitleItems@$bctr$qqrp26System@Classes@TPersistent
0x45e16e44,0x45e16e44,@Actitlebar@TacTitleItems@$bdtr$qqrv
0xe8842e3d,0xe8842e3d,@Actitlebar@TacTitleItems@Add$qqrv
0x38545956,0x38545956,@Actitlebar@TacTitleItems@GetItem$qqri
0x4f93d35f,0x4f93d35f,@Actitlebar@TacTitleItems@GetOwner$qqrv
0xd52553dc,0xd52553dc,@Actitlebar@TacTitleItems@Insert$qqri
0x51126f13,0x51126f13,@Actitlebar@TacTitleItems@SetItem$qqrip26Actitlebar@TacTitleBarItem
0x5c8a42c8,0x5c8a42c8,@Actitlebar@TsTitleBar@
0x10642b60,0x10642b60,@Actitlebar@TsTitleBar@$bctr$qqrp25System@Classes@TComponent
0x892427a6,0x892427a6,@Actitlebar@TsTitleBar@$bdtr$qqrv
0x537170b7,0x537170b7,@Actitlebar@TsTitleBar@CalcSizes$qqrv
0xbb3f07ca,0xbb3f07ca,@Actitlebar@TsTitleBar@ImageListChange$qqrp14System@TObject
0xd544d7b7,0xd544d7b7,@Actitlebar@TsTitleBar@Invalidate$qqrv
0xe9d6839f,0xe9d6839f,@Actitlebar@TsTitleBar@Loaded$qqrv
0x3a34097,0x03a34097,@Actitlebar@TsTitleBar@Notification$qqrp25System@Classes@TComponent25System@Classes@TOperation
0xdf3b3bc0,0xdf3b3bc0,@Actitlebar@TsTitleBar@SetImages$qqrxp28Vcl@Imglist@TCustomImageList
0x1df65373,0x1df65373,@Actitlebar@TsTitleBar@SetItems$qqrxp24Actitlebar@TacTitleItems
0xdffbf96d,0xdffbf96d,@Actitlebar@TsTitleBar@SetItemsMargin$qqrxi
0x20859574,0x20859574,@Actitlebar@TsTitleBar@SetItemsSpacing$qqrxi
0xc4fc3882,0xc4fc3882,@Actitlebar@TsTitleBar@SetShowCaption$qqrxo
0xfbf07f40,0xfbf07f40,@Actitlebar@initialization$qqrv
0x393d60a6,0x393d60a6,ADVANCEDSETUPDIALOG
0xe3c4d21a,0xe3c4d21a,ATOB_AsciiToData
0xfd376df7,0xfd376df7,ATOB_AsciiToData_Util
0x5104b730,0x5104b730,ATOB_ConvertAsciiToItem
0xea7ff0cd,0xea7ff0cd,ATOB_ConvertAsciiToItem_Util
0x1e753e55,0x1e753e55,A_SHAFinal
0xd2625e9f,0xd2625e9f,A_SHAInit
0x10939b8e,0x10939b8e,A_SHAUpdate
0xb83239d,0x0b83239d,AbortDoc
0x7bedf2d4,0x7bedf2d4,AbortPath
0x3cdadcab,0x3cdadcab,AbortPrinter
0x27e40a9,0x027e40a9,AbortSystemShutdownA
0x27e40bf,0x027e40bf,AbortSystemShutdownW
0x3b924b9c,0x3b924b9c,AcceptEx
0xccce6a9c,0xccce6a9c,AcceptSecurityContext
0x7836477f,0x7836477f,AccessCheck
0xafe53c77,0xafe53c77,AccessCheckAndAuditAlarmA
0xafe53c8d,0xafe53c8d,AccessCheckAndAuditAlarmW
0xcd1c7adc,0xcd1c7adc,AccessCheckByType
0x2b1b8e94,0x2b1b8e94,AccessCheckByTypeAndAuditAlarmA
0x2b1b8eaa,0x2b1b8eaa,AccessCheckByTypeAndAuditAlarmW
0xc0439e77,0xc0439e77,AccessCheckByTypeResultList
0xee43fb4e,0xee43fb4e,AccessCheckByTypeResultListAndAuditAlarm
0xb6c3656f,0xb6c3656f,AccessCheckByTypeResultListAndAuditAlarmA
0xb6c36585,0xb6c36585,AccessCheckByTypeResultListAndAuditAlarmW
0xc1569d66,0xc1569d66,AccessibleChildren
0xf153076a,0xf153076a,AccessibleObjectFromEvent
0xf2164f52,0xf2164f52,AccessibleObjectFromPoint
0x44ca5620,0x44ca5620,AccessibleObjectFromWindow
0xc1e65074,0xc1e65074,AcquireCredentialsHandleA
0xc1e6508a,0xc1e6508a,AcquireCredentialsHandleW
0x84eb9fe2,0x84eb9fe2,AcquireDDThreadLock
0x601e8b01,0x601e8b01,AcquireDPCache
0x7080c836,0x7080c836,AcquireSRWLockExclusive
0x4fb9e95,0x04fb9e95,AcquireSRWLockShared
0x2cc8c307,0x2cc8c307,ActivateActCtx
0x8ba1842f,0x8ba1842f,ActivateKeyboardLayout
0x2a40660a,0x2a40660a,ActivityIdControl
0x9ccecf7b,0x9ccecf7b,AddAccessAllowedAce
0xbc0a7b8,0x0bc0a7b8,AddAccessAllowedAceEx
0xb8f28fd2,0xb8f28fd2,AddAccessAllowedObjectAce
0x8e5df8fc,0x8e5df8fc,AddAccessDeniedAce
0x9dc03579,0x9dc03579,AddAccessDeniedAceEx
0x37951613,0x37951613,AddAccessDeniedObjectAce
0xeb70bc81,0xeb70bc81,AddAce
0x8a9b6c2a,0x8a9b6c2a,AddAtomA
0x8a9b6c40,0x8a9b6c40,AddAtomW
0x6d8d180a,0x6d8d180a,AddAuditAccessAce
0x5335007,0x05335007,AddAuditAccessAceEx
0x10ec7a1,0x010ec7a1,AddAuditAccessObjectAce
0x9a36bb37,0x9a36bb37,AddClipboardFormatListener
0x84848b5,0x084848b5,AddConditionalAce
0x2201d7f6,0x2201d7f6,AddConsoleAliasA
0x2201d80c,0x2201d80c,AddConsoleAliasW
0xa8017487,0xa8017487,AddCredentialsA
0xa801749d,0xa801749d,AddCredentialsW
0x96a35449,0x96a35449,AddDllDirectory
0x336af1f3,0x336af1f3,AddFontMemResourceEx
0x52d16478,0x52d16478,AddFontResourceA
0x4cbc8355,0x4cbc8355,AddFontResourceExA
0x4cbc836b,0x4cbc836b,AddFontResourceExW
0xd86e0ca,0x0d86e0ca,AddFontResourceTracking
0x52d1648e,0x52d1648e,AddFontResourceW
0x8af3358d,0x8af3358d,AddFormA
0x8af335a3,0x8af335a3,AddFormW
0x1902053d,0x1902053d,AddIntegrityLabelToBoundaryDescriptor
0x598d6f14,0x598d6f14,AddJobA
0x598d6f2a,0x598d6f2a,AddJobW
0x9e155b74,0x9e155b74,AddLocalAlternateComputerNameA
0x9e155b8a,0x9e155b8a,AddLocalAlternateComputerNameW
0x86224e9a,0x86224e9a,AddMRUStringW
0xec964dd0,0xec964dd0,AddMandatoryAce
0x13ac8681,0x13ac8681,AddMonitorA
0x13ac8697,0x13ac8697,AddMonitorW
0x86c2d14,0x086c2d14,AddPersonalTrustDBPages
0x8ba82b7e,0x8ba82b7e,AddPortA
0x166123db,0x166123db,AddPortExA
0x166123f1,0x166123f1,AddPortExW
0x8ba82b94,0x8ba82b94,AddPortW
0xe8a75946,0xe8a75946,AddPrintProcessorA
0xe8a7595c,0xe8a7595c,AddPrintProcessorW
0xf58f6bdb,0xf58f6bdb,AddPrintProvidorA
0xf58f6bf1,0xf58f6bf1,AddPrintProvidorW
0xb411403d,0xb411403d,AddPrinterA
0xf8e266bf,0xf8e266bf,AddPrinterConnection2A
0xf8e266d5,0xf8e266d5,AddPrinterConnection2W
0x5ce012cd,0x5ce012cd,AddPrinterConnectionA
0x5ce012e3,0x5ce012e3,AddPrinterConnectionW
0x9c2b0649,0x9c2b0649,AddPrinterDriverA
0x5305dd66,0x5305dd66,AddPrinterDriverExA
0x5305dd7c,0x5305dd7c,AddPrinterDriverExW
0x9c2b065f,0x9c2b065f,AddPrinterDriverW
0xb4114053,0xb4114053,AddPrinterW
0x196cf03c,0x196cf03c,AddRefActCtx
0x228716be,0x228716be,AddSIDToBoundaryDescriptor
0xd118e699,0xd118e699,AddSecureMemoryCacheCallback
0xd2aed97d,0xd2aed97d,AddSecurityPackageA
0xd2aed993,0xd2aed993,AddSecurityPackageW
0xfb00d45b,0xfb00d45b,AddUsersToEncryptedFile
0xbe876498,0xbe876498,AddUsersToEncryptedFileEx
0x2e8793b7,0x2e8793b7,AddVectoredContinueHandler
0xfd04d841,0xfd04d841,AddVectoredExceptionHandler
0x6317c2d2,0x6317c2d2,AdjustCalendarDate
0xb233f07b,0xb233f07b,AdjustTokenGroups
0x6a926d95,0x6a926d95,AdjustTokenPrivileges
0x68e220,0x0068e220,AdjustWindowRect
0xbe29f79d,0xbe29f79d,AdjustWindowRectEx
0x9c94b7f2,0x9c94b7f2,AdvancedDocumentPropertiesA
0x9c94b808,0x9c94b808,AdvancedDocumentPropertiesW
0x393d60a6,0x393d60a6,AdvancedSetupDialog
0xa064463b,0xa064463b,AlignRects
0x692e5c2d,0x692e5c2d,AllocConsole
0xc8ac479,0x0c8ac479,AllocateAndInitializeSid
0x410e2b08,0x410e2b08,AllocateLocallyUniqueId
0xb562cc0,0x0b562cc0,AllocateUserPhysicalPages
0xf05cde91,0xf05cde91,AllocateUserPhysicalPagesNuma
0xc588ae3b,0xc588ae3b,AllowForegroundActivation
0x690078cd,0x690078cd,AllowSetForegroundWindow
0xd2339444,0xd2339444,AlpcAdjustCompletionListConcurrencyCount
0x3f3be60c,0x3f3be60c,AlpcFreeCompletionListMessage
0x2dc2a824,0x2dc2a824,AlpcGetCompletionListLastMessageInformation
0xbf0a3a91,0xbf0a3a91,AlpcGetCompletionListMessageAttributes
0x97a41773,0x97a41773,AlpcGetHeaderSize
0x900fb8a8,0x900fb8a8,AlpcGetMessageAttribute
0x2788765e,0x2788765e,AlpcGetMessageFromCompletionList
0xbc1d083,0x0bc1d083,AlpcGetOutstandingCompletionListMessageCount
0x28ac317a,0x28ac317a,AlpcInitializeMessageAttribute
0xa8e914e4,0xa8e914e4,AlpcMaxAllowedMessageLength
0x4b21baaa,0x4b21baaa,AlpcRegisterCompletionList
0x6b488adc,0x6b488adc,AlpcRegisterCompletionListWorkerThread
0x9625c712,0x9625c712,AlpcRundownCompletionList
0x39c27e2d,0x39c27e2d,AlpcUnregisterCompletionList
0x4bc7aadf,0x4bc7aadf,AlpcUnregisterCompletionListWorkerThread
0x43ba9b3a,0x43ba9b3a,AlphaBlend
0xd99b1b6e,0xd99b1b6e,AmdPowerXpressRequestHighPerformance
0x941fde8c,0x941fde8c,AngleArc
0x58ba86fd,0x58ba86fd,AnimatePalette
0x329e07e6,0x329e07e6,AnimateWindow
0xbe6ad7eb,0xbe6ad7eb,AnyPopup
0xb8e72219,0xb8e72219,AppCacheCheckManifest
0x3f9ce6c6,0x3f9ce6c6,AppCacheCloseHandle
0xa181af14,0xa181af14,AppCacheCreateAndCommitFile
0xdbb9b6c4,0xdbb9b6c4,AppCacheDeleteGroup
0x2c118332,0x2c118332,AppCacheDeleteIEGroup
0x7d44084b,0x7d44084b,AppCacheDuplicateHandle
0x36ade576,0x36ade576,AppCacheFinalize
0x1686b59a,0x1686b59a,AppCacheFreeDownloadList
0xaa77e0cf,0xaa77e0cf,AppCacheFreeGroupList
0x9dac9c00,0x9dac9c00,AppCacheFreeIESpace
0xafc5a7d2,0xafc5a7d2,AppCacheFreeSpace
0x53e228b8,0x53e228b8,AppCacheGetDownloadList
0x1e5ebc67,0x1e5ebc67,AppCacheGetFallbackUrl
0x38dcf8ad,0x38dcf8ad,AppCacheGetGroupList
0x1a03c35b,0x1a03c35b,AppCacheGetIEGroupList
0xd9239f50,0xd9239f50,AppCacheGetInfo
0x267f218e,0x267f218e,AppCacheGetManifestUrl
0xec26d27e,0xec26d27e,AppCacheLookup
0xeec75a5b,0xeec75a5b,AppCompat_RunDLLW
0xf3e44a7d,0xf3e44a7d,AppendMenuA
0xf3e44a93,0xf3e44a93,AppendMenuW
0xc38a693c,0xc38a693c,ApplicationRecoveryFinished
0xa647d69e,0xa647d69e,ApplicationRecoveryInProgress
0x70d30277,0x70d30277,ApplyControlToken
0xa714f85,0x0a714f85,Arc
0x6c035428,0x6c035428,ArcTo
0x499493ef,0x499493ef,AreAllAccessesGranted
0xdfb445e,0x0dfb445e,AreAnyAccessesGranted
0x783b2b3f,0x783b2b3f,AreFileApisANSI
0x6c035a80,0x6c035a80,Arecv
0xbef1878f,0xbef1878f,ArrangeIconicWindows
0x6c03e83a,0x6c03e83a,Asend
0xacc9bd48,0xacc9bd48,AssignProcessToJobObject
0x47501fdc,0x47501fdc,AssocCreate
0x9c393351,0x9c393351,AssocCreateForClasses
0x4d1b70ad,0x4d1b70ad,AssocGetDetailsOfPropKey
0x485da001,0x485da001,AssocGetPerceivedType
0x9855c38c,0x9855c38c,AssocIsDangerous
0x22634428,0x22634428,AssocQueryKeyA
0x2263443e,0x2263443e,AssocQueryKeyW
0xdb3993b6,0xdb3993b6,AssocQueryStringA
0x60d77d3a,0x60d77d3a,AssocQueryStringByKeyA
0x60d77d50,0x60d77d50,AssocQueryStringByKeyW
0xdb3993cc,0xdb3993cc,AssocQueryStringW
0xda175c16,0xda175c16,AsyncIoOperation
0xc71c417,0x0c71c417,AttachConsole
0x16b830cc,0x16b830cc,AttachThreadInput
0xd353423f,0xd353423f,AuditComputeEffectivePolicyBySid
0xf5425c00,0xf5425c00,AuditComputeEffectivePolicyByToken
0xadaad612,0xadaad612,AuditEnumerateCategories
0x88a78f62,0x88a78f62,AuditEnumeratePerUserPolicy
0x90dc47bc,0x90dc47bc,AuditEnumerateSubCategories
0xa10c8028,0xa10c8028,AuditFree
0x817198a6,0x817198a6,AuditLookupCategoryGuidFromCategoryId
0x967ff366,0x967ff366,AuditLookupCategoryIdFromCategoryGuid
0xab948fa0,0xab948fa0,AuditLookupCategoryNameA
0xab948fb6,0xab948fb6,AuditLookupCategoryNameW
0x32cf448a,0x32cf448a,AuditLookupSubCategoryNameA
0x32cf44a0,0x32cf44a0,AuditLookupSubCategoryNameW
0x98a03851,0x98a03851,AuditQueryGlobalSaclA
0x98a03867,0x98a03867,AuditQueryGlobalSaclW
0x23edd792,0x23edd792,AuditQueryPerUserPolicy
0x27ce49b4,0x27ce49b4,AuditQuerySecurity
0xf6b35eb1,0xf6b35eb1,AuditQuerySystemPolicy
0x4b47eda7,0x4b47eda7,AuditSetGlobalSaclA
0x4b47edbd,0x4b47edbd,AuditSetGlobalSaclW
0x1f583a68,0x1f583a68,AuditSetPerUserPolicy
0xee840eca,0xee840eca,AuditSetSecurity
0xfe51bec7,0xfe51bec7,AuditSetSystemPolicy
0xa2e887f7,0xa2e887f7,BCryptAddContextFunction
0xbe4bf342,0xbe4bf342,BCryptAddContextFunctionProvider
0xaa027e8b,0xaa027e8b,BCryptCloseAlgorithmProvider
0x7361abaa,0x7361abaa,BCryptConfigureContext
0x16f0a3f0,0x16f0a3f0,BCryptConfigureContextFunction
0x2bf8577c,0x2bf8577c,BCryptCreateContext
0x8aa66cbb,0x8aa66cbb,BCryptCreateHash
0x881e6ea6,0x881e6ea6,BCryptCreateMultiHash
0xa432b9fe,0xa432b9fe,BCryptDecrypt
0xb4aedc5b,0xb4aedc5b,BCryptDeleteContext
0xe937e8ab,0xe937e8ab,BCryptDeriveKey
0x1f3a3b28,0x1f3a3b28,BCryptDeriveKeyCapi
0xf5180804,0xf5180804,BCryptDeriveKeyPBKDF2
0x968e9eb1,0x968e9eb1,BCryptDestroyHash
0x429f8676,0x429f8676,BCryptDestroyKey
0x8e99a1d3,0x8e99a1d3,BCryptDestroySecret
0x8cd0c962,0x8cd0c962,BCryptDuplicateHash
0xecfe9f07,0xecfe9f07,BCryptDuplicateKey
0x62b6468,0x062b6468,BCryptEncrypt
0xcfd11892,0xcfd11892,BCryptEnumAlgorithms
0x5efe1821,0x5efe1821,BCryptEnumContextFunctionProviders
0x6e79d776,0x6e79d776,BCryptEnumContextFunctions
0x319d7370,0x319d7370,BCryptEnumContexts
0x6644d616,0x6644d616,BCryptEnumProviders
0x1ad79704,0x1ad79704,BCryptEnumRegisteredProviders
0x5a61784e,0x5a61784e,BCryptExportKey
0xc3b15bea,0xc3b15bea,BCryptFinalizeKeyPair
0x3269a9e8,0x3269a9e8,BCryptFinishHash
0xa1d2ba9f,0xa1d2ba9f,BCryptFreeBuffer
0x264b869e,0x264b869e,BCryptGenRandom
0x82b26923,0x82b26923,BCryptGenerateKeyPair
0xad91a574,0xad91a574,BCryptGenerateSymmetricKey
0xb0ddc4e1,0xb0ddc4e1,BCryptGetFipsAlgorithmMode
0xe975a2c8,0xe975a2c8,BCryptGetProperty
0x48c7be87,0x48c7be87,BCryptHash
0xcc3a2be1,0xcc3a2be1,BCryptHashData
0x57f16a7,0x057f16a7,BCryptImportKey
0x47272733,0x47272733,BCryptImportKeyPair
0xab464ca1,0xab464ca1,BCryptKeyDerivation
0xd59a2767,0xd59a2767,BCryptOpenAlgorithmProvider
0xeabb88f1,0xeabb88f1,BCryptProcessMultiOperations
0x494ff6d6,0x494ff6d6,BCryptQueryContextConfiguration
0xddb844dc,0xddb844dc,BCryptQueryContextFunctionConfiguration
0x136aca89,0x136aca89,BCryptQueryContextFunctionProperty
0x1772a4ff,0x1772a4ff,BCryptQueryProviderRegistration
0xa7303add,0xa7303add,BCryptRegisterConfigChangeNotify
0x31a65593,0x31a65593,BCryptRegisterProvider
0xc699283c,0xc699283c,BCryptRemoveContextFunction
0xbe270887,0xbe270887,BCryptRemoveContextFunctionProvider
0xa0f75661,0xa0f75661,BCryptResolveProviders
0x1118e721,0x1118e721,BCryptSecretAgreement
0x53bd0e75,0x53bd0e75,BCryptSetAuditingInterface
0xa8fdc59f,0xa8fdc59f,BCryptSetContextFunctionProperty
0x29ce21d4,0x29ce21d4,BCryptSetProperty
0x3f511478,0x3f511478,BCryptSignHash
0x5fd7dce0,0x5fd7dce0,BCryptUnregisterConfigChangeNotify
0x44c407d6,0x44c407d6,BCryptUnregisterProvider
0x51c127ca,0x51c127ca,BCryptVerifySignature
0x58224650,0x58224650,BTOA_ConvertItemToAscii
0xc813f3ed,0xc813f3ed,BTOA_ConvertItemToAscii_Util
0x84496eda,0x84496eda,BTOA_DataToAscii
0x34dc02b7,0x34dc02b7,BTOA_DataToAscii_Util
0xf12c116a,0xf12c116a,BackupEventLogA
0xf12c1180,0xf12c1180,BackupEventLogW
0x5dab0461,0x5dab0461,BackupRead
0x5dab914d,0x5dab914d,BackupSeek
0x136d5070,0x136d5070,BackupWrite
0xa71194e1,0xa71194e1,BaseCheckAppcompatCache
0xb1ca5e9e,0xb1ca5e9e,BaseCheckAppcompatCacheEx
0x8ef16ade,0x8ef16ade,BaseCheckRunApp
0x44b50688,0x44b50688,BaseCleanupAppcompatCacheSupport
0xb0e1f98d,0xb0e1f98d,BaseDllReadWriteIniFile
0xe53c9b99,0xe53c9b99,BaseDumpAppcompatCache
0x79138505,0x79138505,BaseFlushAppcompatCache
0xebc18391,0xebc18391,BaseFormatObjectAttributes
0x37b1851a,0x37b1851a,BaseFormatTimeOut
0x6b5ce234,0x6b5ce234,BaseGenerateAppCompatData
0xf41d851b,0xf41d851b,BaseGetNamedObjectDirectory
0x44696a54,0x44696a54,BaseInitAppcompatCacheSupport
0xa48745a4,0xa48745a4,BaseIsAppcompatInfrastructureDisabled
0x36bebe40,0x36bebe40,BaseQueryModuleData
0xfb52f56,0x0fb52f56,BaseSetLastNTError
0xfc61cbe0,0xfc61cbe0,BaseThreadInitThunk
0x8fe26a6,0x08fe26a6,BaseUpdateAppcompatCache
0x3c4a0add,0x3c4a0add,BaseVerifyUnicodeString
0x1a442d6e,0x1a442d6e,Basep8BitStringToDynamicUnicodeString
0xb266aa73,0xb266aa73,BasepAllocateActivationContextActivationBlock
0xbc766342,0xbc766342,BasepAnsiStringToDynamicUnicodeString
0x7bc83cdd,0x7bc83cdd,BasepCheckAppCompat
0x99a162a0,0x99a162a0,BasepCheckBadapp
0x56aab00,0x056aab00,BasepCheckWinSaferRestrictions
0x60471e70,0x60471e70,BasepFreeActivationContextActivationBlock
0x3dfe95b,0x03dfe95b,BasepFreeAppCompatData
0x492f314a,0x492f314a,BasepMapModuleHandle
0x589b95eb,0x589b95eb,Beep
0xd694d6e4,0xd694d6e4,BeginDeferWindowPos
0x36524650,0x36524650,BeginPaint
0x37f2fbc1,0x37f2fbc1,BeginPath
0xb8b5e480,0xb8b5e480,BeginUpdateResourceA
0xb8b5e496,0xb8b5e496,BeginUpdateResourceW
0xabc7850b,0xabc7850b,BindIoCompletionCallback
0x547f0e61,0x547f0e61,BindMoniker
0xee292b30,0xee292b30,BitBlt
0xf273b20a,0xf273b20a,BlockInput
0x907bab2,0x0907bab2,BoundaryDescriptor
0xcd4740f,0x0cd4740f,BringWindowToTop
0xdec92f0c,0xdec92f0c,BroadcastSystemMessage
0xb7ef10ed,0xb7ef10ed,BroadcastSystemMessageA
0x6ff7210a,0x6ff7210a,BroadcastSystemMessageExA
0x6ff72120,0x6ff72120,BroadcastSystemMessageExW
0xb7ef1103,0xb7ef1103,BroadcastSystemMessageW
0x6c65e775,0x6c65e775,BuildCommDCBA
0x75af682,0x075af682,BuildCommDCBAndTimeoutsA
0x75af698,0x075af698,BuildCommDCBAndTimeoutsW
0x6c65e78b,0x6c65e78b,BuildCommDCBW
0xf2c46991,0xf2c46991,BuildExplicitAccessWithNameA
0xf2c469a7,0xf2c469a7,BuildExplicitAccessWithNameW
0xbbb3b418,0xbbb3b418,BuildImpersonateExplicitAccessWithNameA
0xbbb3b42e,0xbbb3b42e,BuildImpersonateExplicitAccessWithNameW
0x42471513,0x42471513,BuildImpersonateTrusteeA
0x42471529,0x42471529,BuildImpersonateTrusteeW
0xf14ddb26,0xf14ddb26,BuildReasonArray
0x44e07e17,0x44e07e17,BuildSecurityDescriptorA
0x44e07e2d,0x44e07e2d,BuildSecurityDescriptorW
0xe390f829,0xe390f829,BuildTrusteeWithNameA
0xe390f83f,0xe390f83f,BuildTrusteeWithNameW
0x708db386,0x708db386,BuildTrusteeWithObjectsAndNameA
0x708db39c,0x708db39c,BuildTrusteeWithObjectsAndNameW
0xe4644145,0xe4644145,BuildTrusteeWithObjectsAndSidA
0xe464415b,0xe464415b,BuildTrusteeWithObjectsAndSidW
0x25effd88,0x25effd88,BuildTrusteeWithSidA
0x25effd9e,0x25effd9e,BuildTrusteeWithSidW
0xe7622d57,0xe7622d57,ByHandleA
0xe7622d6d,0xe7622d6d,ByHandleW
0x3902443,0x03902443,ByeByeGDI
0x11cf20d7,0x11cf20d7,CDefFolderMenu_Create2
0x474cec9b,0x474cec9b,CERTAltNameTemplate
0x5db8afd8,0x5db8afd8,CERTAuthInfoAccessItemTemplate
0xd23dd3a9,0xd23dd3a9,CERTAuthInfoAccessTemplate
0xdf6cd381,0xdf6cd381,CERTAuthKeyIDTemplate
0xf8dd2037,0xf8dd2037,CERTCRLDistributionPointsTemplate
0x60e5ad,0x0060e5ad,CERTSignedDataTemplate
0x8b12a7d,0x08b12a7d,CERT_AddAVA
0xf56a4224,0xf56a4224,CERT_AddCertToListHead
0xb171e51a,0xb171e51a,CERT_AddCertToListHeadWithData
0x136ab303,0x136ab303,CERT_AddCertToListSorted
0xf570c6bc,0xf570c6bc,CERT_AddCertToListTail
0xab9f81b2,0xab9f81b2,CERT_AddCertToListTailWithData
0x240b042,0x0240b042,CERT_AddExtension
0x9754cad9,0x9754cad9,CERT_AddExtensionByOID
0x1644be2b,0x1644be2b,CERT_AddNameConstraint
0xfe3972c5,0xfe3972c5,CERT_AddNameConstraintByGeneralName
0xbf514d20,0xbf514d20,CERT_AddOCSPAcceptableResponses
0x54fc2298,0x54fc2298,CERT_AddOKDomainName
0x8b17089,0x08b17089,CERT_AddRDN
0xe3350da0,0xe3350da0,CERT_AddTempCertToPerm
0x5f06bf7c,0x5f06bf7c,CERT_AllocCERTRevocationFlags
0xb1748269,0xb1748269,CERT_AsciiToName
0xac9df90c,0xac9df90c,CERT_AttributeTemplate
0xc97dfcfb,0xc97dfcfb,CERT_CRLCacheRefreshIssuer
0xe95af951,0xe95af951,CERT_CacheCRL
0x33066006,0x33066006,CERT_CacheOCSPResponseFromSideChannel
0x16d8420f,0x16d8420f,CERT_CertChainFromCert
0x6dcabcc3,0x6dcabcc3,CERT_CertExtensionTemplate
0x66d30baf,0x66d30baf,CERT_CertKeyTemplate
0xda3e1cc8,0xda3e1cc8,CERT_CertListFromCert
0x756dfafc,0x756dfafc,CERT_CertTimesValid
0xc7c3bd53,0xc7c3bd53,CERT_CertificatePoliciesTemplate
0xc3dc2d84,0xc3dc2d84,CERT_CertificateRequestTemplate
0xb67c95bb,0xb67c95bb,CERT_CertificateTemplate
0xb6e515f2,0xb6e515f2,CERT_ChangeCertTrust
0x885c39b,0x0885c39b,CERT_CheckCRL
0xb5b0bebd,0xb5b0bebd,CERT_CheckCertUsage
0x4ae31dda,0x4ae31dda,CERT_CheckCertValidTimes
0xb59cab8,0x0b59cab8,CERT_CheckKeyUsage
0x61fbde67,0x61fbde67,CERT_CheckNameSpace
0x670f64d3,0x670f64d3,CERT_CheckOCSPStatus
0xe4651f6c,0xe4651f6c,CERT_ClearOCSPCache
0xa4e4835b,0xa4e4835b,CERT_CompareAVA
0x702dfc64,0x702dfc64,CERT_CompareCerts
0x4262ec03,0x4262ec03,CERT_CompareCertsForRedirection
0x5fff3cc9,0x5fff3cc9,CERT_CompareDERPrintableStrings
0x417bb844,0x417bb844,CERT_CompareName
0x428d98f0,0x428d98f0,CERT_CompareNameSpace
0xa4e4c967,0xa4e4c967,CERT_CompareRDN
0x386ddbab,0x386ddbab,CERT_CompareValidityTimes
0xb68e70d4,0xb68e70d4,CERT_CompleteCRLDecodeEntries
0x1d7bf477,0x1d7bf477,CERT_ConvertAndDecodeCertificate
0xd359ab6f,0xd359ab6f,CERT_CopyAVA
0xeb20c6b6,0xeb20c6b6,CERT_CopyGeneralName
0x3e95e2d8,0x3e95e2d8,CERT_CopyName
0xdcab83dd,0xdcab83dd,CERT_CopyNameConstraint
0xd359f17b,0xd359f17b,CERT_CopyRDN
0xea36133d,0xea36133d,CERT_CopyValidity
0x4fc9e528,0x4fc9e528,CERT_CreateAVA
0x1f162be6,0x1f162be6,CERT_CreateAVAFromRaw
0x299632c6,0x299632c6,CERT_CreateAVAFromSECItem
0xa5a36933,0xa5a36933,CERT_CreateCertificate
0xdcf77d7c,0xdcf77d7c,CERT_CreateCertificateRequest
0x4df883f0,0x4df883f0,CERT_CreateEncodedOCSPErrorResponse
0xc76fef7f,0xc76fef7f,CERT_CreateEncodedOCSPSuccessResponse
0xb069cfcb,0xb069cfcb,CERT_CreateGeneralNameList
0x490d53b1,0x490d53b1,CERT_CreateName
0x2d2580e0,0x2d2580e0,CERT_CreateOCSPCertID
0x546d916e,0x546d916e,CERT_CreateOCSPRequest
0x7fd676bf,0x7fd676bf,CERT_CreateOCSPSingleResponseGood
0xf12700a6,0xf12700a6,CERT_CreateOCSPSingleResponseRevoked
0xec4c9e06,0xec4c9e06,CERT_CreateOCSPSingleResponseUnknown
0x4fca2b34,0x4fca2b34,CERT_CreateRDN
0x48246dca,0x48246dca,CERT_CreateSubjectCertList
0x523c4896,0x523c4896,CERT_CreateValidity
0xb32b6bb9,0xb32b6bb9,CERT_CrlTemplate
0x789e9a95,0x789e9a95,CERT_CrlTemplateEntriesOnly
0xaf9f5ef0,0xaf9f5ef0,CERT_CrlTemplateNoEntries
0x48c9015,0x048c9015,CERT_DecodeAVAValue
0xc0e6e67f,0xc0e6e67f,CERT_DecodeAltNameExtension
0xd63375ed,0xd63375ed,CERT_DecodeAuthInfoAccessExtension
0x407837a8,0x407837a8,CERT_DecodeAuthKeyID
0xf0042c04,0xf0042c04,CERT_DecodeBasicConstraintValue
0x909fade,0x0909fade,CERT_DecodeCRLDistributionPoints
0x8412b14e,0x8412b14e,CERT_DecodeCertFromPackage
0xa993be7a,0xa993be7a,CERT_DecodeCertPackage
0x1febf638,0x1febf638,CERT_DecodeCertificatePoliciesExtension
0x1f4691fe,0x1f4691fe,CERT_DecodeDERCertificate
0xa8827afc,0xa8827afc,CERT_DecodeDERCrl
0x469a1dc5,0x469a1dc5,CERT_DecodeDERCrlWithFlags
0xafd2523f,0xafd2523f,CERT_DecodeGeneralName
0x9714aa2c,0x9714aa2c,CERT_DecodeInhibitAnyExtension
0x8ae58256,0x8ae58256,CERT_DecodeNameConstraintsExtension
0x49983a3e,0x49983a3e,CERT_DecodeOCSPRequest
0x80f4bf84,0x80f4bf84,CERT_DecodeOCSPResponse
0x86db1275,0x86db1275,CERT_DecodeOidSequence
0xf853fe45,0xf853fe45,CERT_DecodePolicyConstraintsExtension
0x7bd1e94c,0x7bd1e94c,CERT_DecodePolicyMappingsExtension
0xe3d920df,0xe3d920df,CERT_DecodePrivKeyUsagePeriodExtension
0x89960d19,0x89960d19,CERT_DecodeTrustString
0xe8f638e1,0xe8f638e1,CERT_DecodeUserNotice
0x2b7eef64,0x2b7eef64,CERT_DerNameToAscii
0x9fe274bb,0x9fe274bb,CERT_DestroyCERTRevocationFlags
0xe22710d3,0xe22710d3,CERT_DestroyCertArray
0x82ff4f30,0x82ff4f30,CERT_DestroyCertList
0x53607589,0x53607589,CERT_DestroyCertificate
0x527f18e5,0x527f18e5,CERT_DestroyCertificateList
0x7d86967e,0x7d86967e,CERT_DestroyCertificatePoliciesExtension
0x882c8d12,0x882c8d12,CERT_DestroyCertificateRequest
0x1030387,0x01030387,CERT_DestroyCrl
0x6864b5c5,0x6864b5c5,CERT_DestroyGeneralName
0xd3e11721,0xd3e11721,CERT_DestroyGeneralNameList
0x216934c7,0x216934c7,CERT_DestroyName
0x2aa75a76,0x2aa75a76,CERT_DestroyOCSPCertID
0x22a9dc4,0x022a9dc4,CERT_DestroyOCSPRequest
0x4bd393ca,0x4bd393ca,CERT_DestroyOCSPResponse
0x3f6d75fb,0x3f6d75fb,CERT_DestroyOidSequence
0xebcfc5d2,0xebcfc5d2,CERT_DestroyPolicyMappingsExtension
0x536743a7,0x536743a7,CERT_DestroyUserNotice
0xc92ec4ac,0xc92ec4ac,CERT_DestroyValidity
0xf01383e1,0xf01383e1,CERT_DisableOCSPChecking
0x8c1195dc,0x8c1195dc,CERT_DisableOCSPDefaultResponder
0x63f0cf35,0x63f0cf35,CERT_DisplayTextTypeTemplate
0xe215eda2,0xe215eda2,CERT_DistNamesFromCertList
0x3fab8671,0x3fab8671,CERT_DistNamesFromNicknames
0x722cc48f,0x722cc48f,CERT_DupCertList
0xcfc9e288,0xcfc9e288,CERT_DupCertificate
0x2a630aad,0x2a630aad,CERT_DupDistNames
0x1126eba0,0x1126eba0,CERT_DupGeneralNameList
0xfd284074,0xfd284074,CERT_EnableOCSPChecking
0xb397356f,0xb397356f,CERT_EnableOCSPDefaultResponder
0xd07ffa9,0x0d07ffa9,CERT_EncodeAltNameExtension
0xc79c2e3b,0xc79c2e3b,CERT_EncodeAndAddBitStrExtension
0x6ca48fa3,0x6ca48fa3,CERT_EncodeAndAddExtension
0xf901ac12,0xf901ac12,CERT_EncodeAuthKeyID
0x2c01ca2e,0x2c01ca2e,CERT_EncodeBasicConstraintValue
0xc4bb5e48,0xc4bb5e48,CERT_EncodeCRLDistributionPoints
0x61ffcf0d,0x61ffcf0d,CERT_EncodeCertPoliciesExtension
0xb08a8929,0xb08a8929,CERT_EncodeGeneralName
0xd8f262a8,0xd8f262a8,CERT_EncodeIA5TypeExtension
0xa7327a45,0xa7327a45,CERT_EncodeInfoAccessExtension
0x89622b16,0x89622b16,CERT_EncodeInhibitAnyExtension
0xab7a2580,0xab7a2580,CERT_EncodeNameConstraintsExtension
0x1abf213b,0x1abf213b,CERT_EncodeNoticeReference
0x4a507128,0x4a507128,CERT_EncodeOCSPRequest
0x909e13ef,0x909e13ef,CERT_EncodePolicyConstraintsExtension
0xac5ad0a3,0xac5ad0a3,CERT_EncodePolicyMappingExtension
0x3bc09da6,0x3bc09da6,CERT_EncodePrivateKeyUsagePeriod
0x2610d570,0x2610d570,CERT_EncodeSubjectKeyID
0x8a4e4403,0x8a4e4403,CERT_EncodeTrustString
0xb2ae3a8b,0xb2ae3a8b,CERT_EncodeUserNotice
0x9e9e1454,0x9e9e1454,CERT_ExtractNicknameString
0xe11f619f,0xe11f619f,CERT_ExtractPublicKey
0xd32e8f3f,0xd32e8f3f,CERT_FilterCertListByCANames
0x77956351,0x77956351,CERT_FilterCertListByCertList
0xaeb333ed,0xaeb333ed,CERT_FilterCertListByNickname
0xad94c55c,0xad94c55c,CERT_FilterCertListByUsage
0x3c326d73,0x3c326d73,CERT_FilterCertListForUserCerts
0x62c8b6c9,0x62c8b6c9,CERT_FindAuthKeyIDExten
0x9ca93cc8,0x9ca93cc8,CERT_FindBasicConstraintExten
0x3769fb70,0x3769fb70,CERT_FindBitStringExtension
0x7054831b,0x7054831b,CERT_FindCRLDistributionPoints
0xd2913e7c,0xd2913e7c,CERT_FindCRLEntryReasonExten
0xd08610fb,0xd08610fb,CERT_FindCRLExtension
0xb7808732,0xb7808732,CERT_FindCRLExtensionByOID
0x2dfbaeb,0x02dfbaeb,CERT_FindCRLNumberExten
0xfa406e6f,0xfa406e6f,CERT_FindCertByDERCert
0xcc072995,0xcc072995,CERT_FindCertByIssuerAndSN
0xea77f010,0xea77f010,CERT_FindCertByIssuerAndSNCX
0xcb5cc31c,0xcb5cc31c,CERT_FindCertByKeyID
0x2cf4de47,0x2cf4de47,CERT_FindCertByName
0x82bee2be,0x82bee2be,CERT_FindCertByNameString
0x8e61894c,0x8e61894c,CERT_FindCertByNickname
0x4998fff0,0x4998fff0,CERT_FindCertByNicknameOrEmailAddr
0x13d8c92b,0x13d8c92b,CERT_FindCertByNicknameOrEmailAddrCX
0x1fff1dcc,0x1fff1dcc,CERT_FindCertByNicknameOrEmailAddrForUsage
0x1c3dce07,0x1c3dce07,CERT_FindCertByNicknameOrEmailAddrForUsageCX
0xa48dbf0c,0xa48dbf0c,CERT_FindCertBySubjectKeyID
0x3ad82d48,0x3ad82d48,CERT_FindCertExtension
0x69215b9f,0x69215b9f,CERT_FindCertExtensionByOID
0x3cdf79a6,0x3cdf79a6,CERT_FindCertIssuer
0xa9153186,0xa9153186,CERT_FindInvalidDateExten
0x4b77da98,0x4b77da98,CERT_FindKeyUsageExtension
0x17d45596,0x17d45596,CERT_FindMatchingCert
0x2d42d28b,0x2d42d28b,CERT_FindNSCertTypeExtension
0x85dabf52,0x85dabf52,CERT_FindNSStringExtension
0x35c2737a,0x35c2737a,CERT_FindNameConstraintsExten
0x3e427909,0x3e427909,CERT_FindSMimeProfile
0xbc016a80,0xbc016a80,CERT_FindSubjectKeyIDExtension
0xaae6f73a,0xaae6f73a,CERT_FindUserCertByUsage
0xd72c258d,0xd72c258d,CERT_FindUserCertsByUsage
0x29b54130,0x29b54130,CERT_FinishCertificateRequestAttributes
0xa18d102d,0xa18d102d,CERT_FinishExtensions
0xe1ae09eb,0xe1ae09eb,CERT_FixupEmailAddr
0xfbd8540e,0xfbd8540e,CERT_ForcePostMethodForOCSP
0x6787c826,0x6787c826,CERT_FormatName
0xca01e66,0x0ca01e66,CERT_FreeDistNames
0xb4da4eb7,0xb4da4eb7,CERT_FreeNicknames
0xa0f644a6,0xa0f644a6,CERT_GenTime2FormattedAscii
0xd3b25803,0xd3b25803,CERT_GenTime2FormattedAscii_Util
0xb3154ca,0x0b3154ca,CERT_GeneralNamesTemplate
0xa52fb6b0,0xa52fb6b0,CERT_GetAVATag
0x58fd82f,0x058fd82f,CERT_GetCertChainFromCert
0x9a38e914,0x9a38e914,CERT_GetCertCommentString
0xeea939b8,0xeea939b8,CERT_GetCertEmailAddress
0x9e7de51a,0x9e7de51a,CERT_GetCertIsPerm
0x9e8015fc,0x9e8015fc,CERT_GetCertIsTemp
0xea3bcef9,0xea3bcef9,CERT_GetCertIssuerAndSN
0xe831fdd5,0xe831fdd5,CERT_GetCertKeyType
0xc635f2,0x00c635f2,CERT_GetCertNicknameWithValidity
0x17d6afa3,0x17d6afa3,CERT_GetCertNicknames
0x58f080c,0x058f080c,CERT_GetCertTimes
0x5941b4c,0x05941b4c,CERT_GetCertTrust
0xbea749cc,0xbea749cc,CERT_GetCertUid
0xa5bbeb5a,0xa5bbeb5a,CERT_GetCertificateDer
0xc6793ad,0x0c6793ad,CERT_GetCertificateEmailAddress
0x516e593,0x0516e593,CERT_GetCertificateNames
0x66ab73f8,0x66ab73f8,CERT_GetCertificateRequestExtensions
0xede6b6db,0xede6b6db,CERT_GetClassicOCSPDisabledPolicy
0xc3f621f5,0xc3f621f5,CERT_GetClassicOCSPEnabledHardFailurePolicy
0xcae55f52,0xcae55f52,CERT_GetClassicOCSPEnabledSoftFailurePolicy
0x80dccc46,0x80dccc46,CERT_GetCommonName
0xdef9e22d,0xdef9e22d,CERT_GetConstrainedCertificateNames
0xb7a18111,0xb7a18111,CERT_GetCountryName
0x7601fc83,0x7601fc83,CERT_GetDBContentVersion
0xd79c6195,0xd79c6195,CERT_GetDefaultCertDB
0x17177330,0x17177330,CERT_GetDnQualifier
0xe844f408,0xe844f408,CERT_GetDomainComponentName
0xaa8ce572,0xaa8ce572,CERT_GetEncodedOCSPResponse
0x802dc94e,0x802dc94e,CERT_GetEncodedOCSPResponseByMethod
0x84444861,0x84444861,CERT_GetExtenCriticality
0x9266b952,0x9266b952,CERT_GetFirstEmailAddress
0xef86a578,0xef86a578,CERT_GetGeneralNameByType
0xeddcf4e8,0xeddcf4e8,CERT_GetGeneralNameTypeFromString
0xc69c3a06,0xc69c3a06,CERT_GetImposedNameConstraints
0xf99621e,0x0f99621e,CERT_GetLocalityName
0x8289edbf,0x8289edbf,CERT_GetNameConstraintByType
0xeb7256f2,0xeb7256f2,CERT_GetNamesLength
0xd8733429,0xd8733429,CERT_GetNextEmailAddress
0x3e8344fa,0x3e8344fa,CERT_GetNextGeneralName
0x520a8ba1,0x520a8ba1,CERT_GetNextNameConstraint
0x19ce0b31,0x19ce0b31,CERT_GetOCSPAuthorityInfoAccessLocation
0x7cdde664,0x7cdde664,CERT_GetOCSPResponseStatus
0x740b4917,0x740b4917,CERT_GetOCSPStatusForCertID
0xf46c0bef,0xf46c0bef,CERT_GetOidString
0x77ea86a5,0x77ea86a5,CERT_GetOrgName
0x37e202e5,0x37e202e5,CERT_GetOrgUnitName
0x6e16cb15,0x6e16cb15,CERT_GetPKIXVerifyNistRevocationPolicy
0x52e13d8,0x052e13d8,CERT_GetPrevGeneralName
0x1e455bf,0x01e455bf,CERT_GetPrevNameConstraint
0x83fb8173,0x83fb8173,CERT_GetSSLCACerts
0x6b3d13e9,0x6b3d13e9,CERT_GetSlopTime
0x786a4be,0x0786a4be,CERT_GetStateName
0xc5f20356,0xc5f20356,CERT_GetStatusConfig
0x9e71d38d,0x9e71d38d,CERT_GetSubjectNameDigest
0xa04da3b4,0xa04da3b4,CERT_GetSubjectPublicKeyDigest
0xd43b70f7,0xd43b70f7,CERT_GetUsePKIXForValidation
0x59666c24,0x59666c24,CERT_GetValidDNSPatternsFromCert
0xf126ec8,0x0f126ec8,CERT_GovtApprovedBitSet
0x19227709,0x19227709,CERT_Hexify
0x724af75e,0x724af75e,CERT_ImportCAChain
0xf3711e29,0xf3711e29,CERT_ImportCAChainTrusted
0xdcb84898,0xdcb84898,CERT_ImportCRL
0xebe5d698,0xebe5d698,CERT_ImportCerts
0x3a1a9f47,0x3a1a9f47,CERT_InhibitAnyTemplate
0xdbfe806a,0xdbfe806a,CERT_IsCACert
0xd69b4745,0xd69b4745,CERT_IsCADERCert
0xeaedb34b,0xeaedb34b,CERT_IsInList
0xaa5ced59,0xaa5ced59,CERT_IsNewer
0x9c9ee245,0x9c9ee245,CERT_IsRootDERCert
0xe166a5c5,0xe166a5c5,CERT_IsUserCert
0xfdad1c47,0xfdad1c47,CERT_IssuerAndSNTemplate
0x31c82f75,0x31c82f75,CERT_IssuerNameFromDERCert
0x9ff11482,0x9ff11482,CERT_KeyFromDERCert
0x80f7cbf5,0x80f7cbf5,CERT_KeyFromDERCrl
0x86f2a128,0x86f2a128,CERT_KeyFromIssuerAndSN
0x4d28faf9,0x4d28faf9,CERT_KeyUsageAndTypeForCertUsage
0xa874b0d9,0xa874b0d9,CERT_LockCertRefCount
0x9237fe5d,0x9237fe5d,CERT_LockCertTempPerm
0xf17e4395,0xf17e4395,CERT_LockCertTrust
0x72dee084,0x72dee084,CERT_MakeCANickname
0xf9a141da,0xf9a141da,CERT_MapStanError
0x607298f,0x0607298f,CERT_MatchNickname
0x82bd6196,0x82bd6196,CERT_MatchUserCert
0xfafda74b,0xfafda74b,CERT_MaybeLockCertTempPerm
0x917f3f4e,0x917f3f4e,CERT_MaybeUnlockCertTempPerm
0xb922ee9c,0xb922ee9c,CERT_MergeExtensions
0xe99884e2,0xe99884e2,CERT_NameConstraintSubtreeSubTemplate
0x4a529d1a,0x4a529d1a,CERT_NameFromDERCert
0xf1fe03b9,0xf1fe03b9,CERT_NameTemplate
0x4c5cd8e9,0x4c5cd8e9,CERT_NameToAscii
0x16e6721d,0x16e6721d,CERT_NameToAsciiInvertible
0x9689de10,0x9689de10,CERT_NewCertList
0x960758a5,0x960758a5,CERT_NewGeneralName
0x778319bf,0x778319bf,CERT_NewTempCertificate
0x7065858a,0x7065858a,CERT_NicknameStringsFromCertList
0x38a37509,0x38a37509,CERT_NoticeReferenceTemplate
0x516107b6,0x516107b6,CERT_OCSPCacheSettings
0x15ed313d,0x15ed313d,CERT_OidSeqTemplate
0x27740de3,0x27740de3,CERT_OpenCertDBFilename
0x9a095cfb,0x9a095cfb,CERT_PKIXVerifyCert
0xc77844a,0x0c77844a,CERT_ParseURL
0xcae018c0,0xcae018c0,CERT_PolicyConstraintsTemplate
0xafa41774,0xafa41774,CERT_PolicyInfoTemplate
0xee289b46,0xee289b46,CERT_PolicyMapTemplate
0x71cab867,0x71cab867,CERT_PolicyMappingsTemplate
0x3769d0aa,0x3769d0aa,CERT_PolicyQualifierTemplate
0xc8e38b20,0xc8e38b20,CERT_PostOCSPRequest
0xdb52ba56,0xdb52ba56,CERT_PublicKeyAndChallengeTemplate
0x33fefcbc,0x33fefcbc,CERT_RDNTemplate
0x27a0a7a,0x027a0a7a,CERT_RFC1485_EscapeAndQuote
0xe5d629fa,0xe5d629fa,CERT_RegisterAlternateOCSPAIAInfoCallBack
0x62a02ffa,0x62a02ffa,CERT_RemoveCertListNode
0xec1acdf7,0xec1acdf7,CERT_SaveSMimeProfile
0xbdfa411,0x0bdfa411,CERT_SequenceOfCertExtensionTemplate
0xa0ab7d22,0xa0ab7d22,CERT_SerialNumberFromDERCert
0x530ba920,0x530ba920,CERT_SetCAPolicyStringCallback
0x6a1a2821,0x6a1a2821,CERT_SetDefaultCertDB
0x2e1a0334,0x2e1a0334,CERT_SetOCSPDefaultResponder
0xeb9a42ca,0xeb9a42ca,CERT_SetOCSPFailureMode
0x682c6764,0x682c6764,CERT_SetOCSPTimeout
0xebfd50d,0x0ebfd50d,CERT_SetOfAttributeTemplate
0x8f5f6a14,0x8f5f6a14,CERT_SetOfSignedCrlTemplate
0xab9592f5,0xab9592f5,CERT_SetSlopTime
0x6d4b2862,0x6d4b2862,CERT_SetStatusConfig
0x36bee203,0x36bee203,CERT_SetUsePKIXForValidation
0x2d3d8e13,0x2d3d8e13,CERT_SignedCrlTemplate
0xf2aff6c,0x0f2aff6c,CERT_SignedDataTemplate
0xd83701af,0xd83701af,CERT_SortCBValidity
0xb82b5dcd,0xb82b5dcd,CERT_StartCRLEntryExtensions
0x712f733b,0x712f733b,CERT_StartCRLExtensions
0x22ad66c8,0x22ad66c8,CERT_StartCertExtensions
0x7bed343d,0x7bed343d,CERT_StartCertificateRequestAttributes
0x3d997e1c,0x3d997e1c,CERT_SubjectPublicKeyInfoTemplate
0x2291a9d2,0x2291a9d2,CERT_TimeChoiceTemplate
0x4af6b499,0x4af6b499,CERT_TrustFlagsForCACertUsage
0xe07608d8,0xe07608d8,CERT_UTCTime2FormattedAscii
0xbfdfcad4,0xbfdfcad4,CERT_UncacheCRL
0xf6e8555c,0xf6e8555c,CERT_UnlockCertRefCount
0xe0aba2e0,0xe0aba2e0,CERT_UnlockCertTempPerm
0x32417ef8,0x32417ef8,CERT_UnlockCertTrust
0x623e9319,0x623e9319,CERT_UserNoticeTemplate
0x29ceb39e,0x29ceb39e,CERT_ValidityTemplate
0xa697d49f,0xa697d49f,CERT_VerifyCACertForUsage
0xf369cc5f,0xf369cc5f,CERT_VerifyCert
0x3e3d8ba2,0x3e3d8ba2,CERT_VerifyCertChain
0xf264e0a0,0xf264e0a0,CERT_VerifyCertName
0x16dc46b3,0x16dc46b3,CERT_VerifyCertNow
0x8d8f6934,0x8d8f6934,CERT_VerifyCertificate
0x10e12f68,0x10e12f68,CERT_VerifyCertificateNow
0x26d11ca7,0x26d11ca7,CERT_VerifyOCSPResponseSignature
0x283bb745,0x283bb745,CERT_VerifySignedData
0xc8ccba29,0xc8ccba29,CERT_VerifySignedDataWithPublicKey
0x77bb1bf5,0x77bb1bf5,CERT_VerifySignedDataWithPublicKeyInfo
0xb1582d58,0xb1582d58,CIDLData_CreateFromIDArray
0xf2a714a0,0xf2a714a0,CLIPFORMAT_UserFree
0x38bec3ca,0x38bec3ca,CLIPFORMAT_UserFree64
0x50980e31,0x50980e31,CLIPFORMAT_UserFreeExt
0x44bafa66,0x44bafa66,CLIPFORMAT_UserMarshal
0x5f633310,0x5f633310,CLIPFORMAT_UserMarshal64
0x4bca6637,0x4bca6637,CLIPFORMAT_UserMarshalExt
0xf2ae11f9,0xf2ae11f9,CLIPFORMAT_UserSize
0x567a7b63,0x567a7b63,CLIPFORMAT_UserSize64
0x25cab8ea,0x25cab8ea,CLIPFORMAT_UserSizeExt
0x587d4809,0x587d4809,CLIPFORMAT_UserUnmarshal
0x6cef7573,0x6cef7573,CLIPFORMAT_UserUnmarshal64
0xadef4fa,0x0adef4fa,CLIPFORMAT_UserUnmarshalExt
0x8a51a719,0x8a51a719,CLSIDFromOle1Class
0x918c9657,0x918c9657,CLSIDFromProgID
0x270b9594,0x270b9594,CLSIDFromProgIDEx
0x98b1ef89,0x98b1ef89,CLSIDFromString
0x4ffd88ac,0x4ffd88ac,COMBASE.#110
0x4ffd88ad,0x4ffd88ad,COMBASE.#111
0x4ffd88ae,0x4ffd88ae,COMBASE.#112
0x8d5a174f,0x8d5a174f,COMBASE.CoDecodeProxy
0x92da4a86,0x92da4a86,COMBASE.DcomChannelSetHResult
0x4afb8417,0x4afb8417,COMBASE.NdrProxyForwardingFunction10
0x4afb8418,0x4afb8418,COMBASE.NdrProxyForwardingFunction11
0x4afb8419,0x4afb8419,COMBASE.NdrProxyForwardingFunction12
0x4afb841a,0x4afb841a,COMBASE.NdrProxyForwardingFunction13
0x4afb841b,0x4afb841b,COMBASE.NdrProxyForwardingFunction14
0x4afb841c,0x4afb841c,COMBASE.NdrProxyForwardingFunction15
0x4afb841d,0x4afb841d,COMBASE.NdrProxyForwardingFunction16
0x4afb841e,0x4afb841e,COMBASE.NdrProxyForwardingFunction17
0x4afb841f,0x4afb841f,COMBASE.NdrProxyForwardingFunction18
0x4afb8420,0x4afb8420,COMBASE.NdrProxyForwardingFunction19
0x4afb8438,0x4afb8438,COMBASE.NdrProxyForwardingFunction20
0x4afb8439,0x4afb8439,COMBASE.NdrProxyForwardingFunction21
0x4afb843a,0x4afb843a,COMBASE.NdrProxyForwardingFunction22
0x4afb843b,0x4afb843b,COMBASE.NdrProxyForwardingFunction23
0x4afb843c,0x4afb843c,COMBASE.NdrProxyForwardingFunction24
0x4afb843d,0x4afb843d,COMBASE.NdrProxyForwardingFunction25
0x4afb843e,0x4afb843e,COMBASE.NdrProxyForwardingFunction26
0x4afb843f,0x4afb843f,COMBASE.NdrProxyForwardingFunction27
0x4afb8440,0x4afb8440,COMBASE.NdrProxyForwardingFunction28
0x4afb8441,0x4afb8441,COMBASE.NdrProxyForwardingFunction29
0x48172309,0x48172309,COMBASE.NdrProxyForwardingFunction3
0x4afb8459,0x4afb8459,COMBASE.NdrProxyForwardingFunction30
0x4afb845a,0x4afb845a,COMBASE.NdrProxyForwardingFunction31
0x4afb845b,0x4afb845b,COMBASE.NdrProxyForwardingFunction32
0x4817230a,0x4817230a,COMBASE.NdrProxyForwardingFunction4
0x4817230b,0x4817230b,COMBASE.NdrProxyForwardingFunction5
0x4817230c,0x4817230c,COMBASE.NdrProxyForwardingFunction6
0x4817230d,0x4817230d,COMBASE.NdrProxyForwardingFunction7
0x4817230e,0x4817230e,COMBASE.NdrProxyForwardingFunction8
0x4817230f,0x4817230f,COMBASE.NdrProxyForwardingFunction9
0x5f5d95c3,0x5f5d95c3,COMBASE.ObjectStublessClient10
0x5f5d95c4,0x5f5d95c4,COMBASE.ObjectStublessClient11
0x5f5d95c5,0x5f5d95c5,COMBASE.ObjectStublessClient12
0x5f5d95c6,0x5f5d95c6,COMBASE.ObjectStublessClient13
0x5f5d95c7,0x5f5d95c7,COMBASE.ObjectStublessClient14
0x5f5d95c8,0x5f5d95c8,COMBASE.ObjectStublessClient15
0x5f5d95c9,0x5f5d95c9,COMBASE.ObjectStublessClient16
0x5f5d95ca,0x5f5d95ca,COMBASE.ObjectStublessClient17
0x5f5d95cb,0x5f5d95cb,COMBASE.ObjectStublessClient18
0x5f5d95cc,0x5f5d95cc,COMBASE.ObjectStublessClient19
0x5f5d95e4,0x5f5d95e4,COMBASE.ObjectStublessClient20
0x5f5d95e5,0x5f5d95e5,COMBASE.ObjectStublessClient21
0x5f5d95e6,0x5f5d95e6,COMBASE.ObjectStublessClient22
0x5f5d95e7,0x5f5d95e7,COMBASE.ObjectStublessClient23
0x5f5d95e8,0x5f5d95e8,COMBASE.ObjectStublessClient24
0x5f5d95e9,0x5f5d95e9,COMBASE.ObjectStublessClient25
0x5f5d95ea,0x5f5d95ea,COMBASE.ObjectStublessClient26
0x5f5d95eb,0x5f5d95eb,COMBASE.ObjectStublessClient27
0x5f5d95ec,0x5f5d95ec,COMBASE.ObjectStublessClient28
0x5f5d95ed,0x5f5d95ed,COMBASE.ObjectStublessClient29
0x1267af35,0x1267af35,COMBASE.ObjectStublessClient3
0x5f5d9605,0x5f5d9605,COMBASE.ObjectStublessClient30
0x5f5d9606,0x5f5d9606,COMBASE.ObjectStublessClient31
0x5f5d9607,0x5f5d9607,COMBASE.ObjectStublessClient32
0x1267af36,0x1267af36,COMBASE.ObjectStublessClient4
0x1267af37,0x1267af37,COMBASE.ObjectStublessClient5
0x1267af38,0x1267af38,COMBASE.ObjectStublessClient6
0x1267af39,0x1267af39,COMBASE.ObjectStublessClient7
0x1267af3a,0x1267af3a,COMBASE.ObjectStublessClient8
0x1267af3b,0x1267af3b,COMBASE.ObjectStublessClient9
0x427137c8,0x427137c8,COMBASE.WdtpInterfacePointer_UserFree
0xa39e50f2,0xa39e50f2,COMBASE.WdtpInterfacePointer_UserFree64
0xb8c2c8e,0x0b8c2c8e,COMBASE.WdtpInterfacePointer_UserMarshal
0x1f498f38,0x1f498f38,COMBASE.WdtpInterfacePointer_UserMarshal64
0x42783521,0x42783521,COMBASE.WdtpInterfacePointer_UserSize
0xc15a088b,0xc15a088b,COMBASE.WdtpInterfacePointer_UserSize64
0x1863a431,0x1863a431,COMBASE.WdtpInterfacePointer_UserUnmarshal
0xbfdd7b9b,0xbfdd7b9b,COMBASE.WdtpInterfacePointer_UserUnmarshal64
0x4eab5860,0x4eab5860,CRLCache_Empty_TokenFetch_Interval
0xba8449ad,0xba8449ad,CRLCache_ExistenceCheck_Interval
0x823706e9,0x823706e9,CRLCache_TokenRefetch_Interval
0x14e4633a,0x14e4633a,CStdStubBuffer_AddRef
0x65c0c67e,0x65c0c67e,CStdStubBuffer_Connect
0xf4fb7e4d,0xf4fb7e4d,CStdStubBuffer_CountRefs
0x12fec179,0x12fec179,CStdStubBuffer_DebugServerQueryInterface
0xe96d8df3,0xe96d8df3,CStdStubBuffer_DebugServerRelease
0xaa59a95e,0xaa59a95e,CStdStubBuffer_Disconnect
0x284c7020,0x284c7020,CStdStubBuffer_Invoke
0x9d0dbc0c,0x9d0dbc0c,CStdStubBuffer_IsIIDSupported
0x6ee6c95b,0x6ee6c95b,CStdStubBuffer_QueryInterface
0xe5d9f2b3,0xe5d9f2b3,C_GetFunctionList
0x7347cf22,0x7347cf22,C_GetInterface
0x633b96fe,0x633b96fe,C_GetInterfaceList
0xccff5b2c,0xccff5b2c,CalcMenuBar
0xce97bde,0x0ce97bde,CalculatePopupWindowPosition
0xdceb5398,0xdceb5398,CallMsgFilter
0x7a55c6f9,0x7a55c6f9,CallMsgFilterA
0x7a55c70f,0x7a55c70f,CallMsgFilterW
0x7ec9e25f,0x7ec9e25f,CallNamedPipeA
0x7ec9e275,0x7ec9e275,CallNamedPipeW
0x37f1a78,0x037f1a78,CallNextHookEx
0x106c5ad8,0x106c5ad8,CallWindowProcA
0x106c5aee,0x106c5aee,CallWindowProcW
0x8f96969c,0x8f96969c,Callback
0xeb0b08,0x00eb0b08,CallbackMayRunLong
0x939fdf5c,0x939fdf5c,CancelDC
0xaccd8f7b,0xaccd8f7b,CancelDeviceWakeupRequest
0x939fe00d,0x939fe00d,CancelIo
0xfb1824ca,0xfb1824ca,CancelIoEx
0x5c75ed39,0x5c75ed39,CancelOverlappedAccess
0xa5cf0731,0xa5cf0731,CancelShutdown
0xf284e558,0xf284e558,CancelSynchronousIo
0xa570db3f,0xa570db3f,CancelThreadpoolIo
0xefeacdbc,0xefeacdbc,CancelTimerQueueTimer
0x53f6a61f,0x53f6a61f,CancelWaitableTimer
0x180227a2,0x180227a2,CascadeChildWindows
0x61277dfe,0x61277dfe,CascadeWindows
0x5761354a,0x5761354a,CatalogCompactHashDatabase
0x6333a3bc,0x6333a3bc,CertAddCRLContextToStore
0x7b9def7e,0x7b9def7e,CertAddCTLContextToStore
0xd65f313e,0xd65f313e,CertAddCertificateContextToStore
0x20445287,0x20445287,CertAddCertificateLinkToStore
0xc51533a9,0xc51533a9,CertAddEncodedCRLToStore
0xae0e15ab,0xae0e15ab,CertAddEncodedCTLToStore
0x7a0d816b,0x7a0d816b,CertAddEncodedCertificateToStore
0x64681531,0x64681531,CertAddEncodedCertificateToSystemStoreA
0x64681547,0x64681547,CertAddEncodedCertificateToSystemStoreW
0xc9259fdd,0xc9259fdd,CertAddEnhancedKeyUsageIdentifier
0x6a10cdac,0x6a10cdac,CertAddSerializedElementToStore
0x7a391fa2,0x7a391fa2,CertAddStoreToCollection
0x8458fd5d,0x8458fd5d,CertAlgIdToOID
0xf288f560,0xf288f560,CertCloseStore
0x687c70a7,0x687c70a7,CertCompareCertificate
0x3d4068e8,0x3d4068e8,CertCompareCertificateName
0x227e0f51,0x227e0f51,CertCompareIntegerBlob
0xf5ca6ed8,0xf5ca6ed8,CertComparePublicKeyInfo
0x723318cb,0x723318cb,CertControlStore
0x94666b77,0x94666b77,CertCreateCRLContext
0x7d5f4d79,0x7d5f4d79,CertCreateCTLContext
0xb2cef02d,0xb2cef02d,CertCreateCertificateChainEngine
0x147e8239,0x147e8239,CertCreateCertificateContext
0x3e40e7f6,0x3e40e7f6,CertCreateContext
0xabb045ef,0xabb045ef,CertCreateSelfSignCertificate
0x3229ed2,0x03229ed2,CertDeleteCRLFromStore
0xddc0954,0x0ddc0954,CertDeleteCTLFromStore
0xc9233d14,0xc9233d14,CertDeleteCertificateFromStore
0xb057771e,0xb057771e,CertDuplicateCRLContext
0x99505920,0x99505920,CertDuplicateCTLContext
0x5e3a589e,0x5e3a589e,CertDuplicateCertificateChain
0xe77844e0,0xe77844e0,CertDuplicateCertificateContext
0x8315fec5,0x8315fec5,CertDuplicateStore
0x8bcfb725,0x8bcfb725,CertEnumCRLContextProperties
0x1e348ca,0x01e348ca,CertEnumCRLsInStore
0xed8483a7,0xed8483a7,CertEnumCTLContextProperties
0x9f86b0c,0x09f86b0c,CertEnumCTLsInStore
0xdc081967,0xdc081967,CertEnumCertificateContextProperties
0xcb5e88cc,0xcb5e88cc,CertEnumCertificatesInStore
0x4913b17c,0x4913b17c,CertEnumPhysicalStore
0x59636504,0x59636504,CertEnumSystemStore
0x860a51b2,0x860a51b2,CertFindAttribute
0x5c72ca83,0x5c72ca83,CertFindCRLInStore
0x456bac85,0x456bac85,CertFindCTLInStore
0x2cb38759,0x2cb38759,CertFindCertificateInCRL
0x28d57e45,0x28d57e45,CertFindCertificateInStore
0xd2c08765,0xd2c08765,CertFindChainInStore
0xeb13f25b,0xeb13f25b,CertFindExtension
0x4089a27d,0x4089a27d,CertFindRDNAttr
0x114b2d28,0x114b2d28,CertFindSubjectInCTL
0x27b5a4c5,0x27b5a4c5,CertFreeCRLContext
0x10ae86c7,0x10ae86c7,CertFreeCTLContext
0x9803e785,0x9803e785,CertFreeCertificateChain
0xcb08e7b,0x0cb08e7b,CertFreeCertificateChainEngine
0xb9e12987,0xb9e12987,CertFreeCertificateContext
0xb6087188,0xb6087188,CertGetCRLContextProperty
0xd6da6f5f,0xd6da6f5f,CertGetCRLFromStore
0xdbbc358a,0xdbbc358a,CertGetCTLContextProperty
0x1c462a83,0x1c462a83,CertGetCertificateChain
0x8d5f364a,0x8d5f364a,CertGetCertificateContextProperty
0x6e7bebd1,0x6e7bebd1,CertGetEnhancedKeyUsage
0x292c1226,0x292c1226,CertGetIntendedKeyUsage
0xd0d48a9c,0xd0d48a9c,CertGetIssuerCertificateFromStore
0xe72676,0x00e72676,CertGetNameStringA
0xe7268c,0x00e7268c,CertGetNameStringW
0xa9b6b107,0xa9b6b107,CertGetPublicKeyLength
0x43c5650f,0x43c5650f,CertGetStoreProperty
0x8682bcb1,0x8682bcb1,CertGetSubjectCertificateFromStore
0xe810e3d5,0xe810e3d5,CertGetValidUsages
0xa3e98f66,0xa3e98f66,CertIsRDNAttrsInCertificateName
0xeca1e214,0xeca1e214,CertIsValidCRLForCertificate
0x3225e2bb,0x3225e2bb,CertNameToStrA
0x3225e2d1,0x3225e2d1,CertNameToStrW
0x1c1ddfd,0x01c1ddfd,CertOIDToAlgId
0x7edb04fc,0x7edb04fc,CertOpenStore
0xe1cdcba2,0xe1cdcba2,CertOpenSystemStoreA
0xe1cdcbb8,0xe1cdcbb8,CertOpenSystemStoreW
0x5c3ce85b,0x5c3ce85b,CertRDNValueToStrA
0x5c3ce871,0x5c3ce871,CertRDNValueToStrW
0x3e26b8cc,0x3e26b8cc,CertRegisterPhysicalStore
0x686c5854,0x686c5854,CertRegisterSystemStore
0x8f96d0c2,0x8f96d0c2,CertRemoveEnhancedKeyUsageIdentifier
0xf3690518,0xf3690518,CertRemoveStoreFromCollection
0x8090eaf9,0x8090eaf9,CertSaveStore
0xa497419d,0xa497419d,CertSerializeCRLStoreElement
0x1b17b4df,0x1b17b4df,CertSerializeCTLStoreElement
0xf02bd59f,0xf02bd59f,CertSerializeCertificateStoreElement
0x82a42f94,0x82a42f94,CertSetCRLContextProperty
0xa857f396,0xa857f396,CertSetCTLContextProperty
0x96ae4056,0x96ae4056,CertSetCertificateContextProperty
0xb8b8b6dd,0xb8b8b6dd,CertSetEnhancedKeyUsage
0xd6432b9b,0xd6432b9b,CertSetStoreProperty
0xffc3f13b,0xffc3f13b,CertStrToNameA
0xffc3f151,0xffc3f151,CertStrToNameW
0x8131d36f,0x8131d36f,CertUnregisterPhysicalStore
0x279a6e37,0x279a6e37,CertUnregisterSystemStore
0x5b24a70d,0x5b24a70d,CertVerifyCRLRevocation
0xf33c2388,0xf33c2388,CertVerifyCRLTimeValidity
0x69073f8a,0x69073f8a,CertVerifyCTLUsage
0x99ebe188,0x99ebe188,CertVerifyCertificateChainPolicy
0x7892c6cc,0x7892c6cc,CertVerifyRevocation
0xa1a51b8a,0xa1a51b8a,CertVerifySubjectCertificateContext
0x24b12f07,0x24b12f07,CertVerifyTimeValidity
0xce057490,0xce057490,CertVerifyValidityNesting
0x517abb6,0x0517abb6,ChangeAccountPasswordA
0x517abcc,0x0517abcc,ChangeAccountPasswordW
0xbf90e028,0xbf90e028,ChangeClipboardChain
0xf385a7fd,0xf385a7fd,ChangeDisplaySettingsA
0xeb8fbc1a,0xeb8fbc1a,ChangeDisplaySettingsExA
0xeb8fbc30,0xeb8fbc30,ChangeDisplaySettingsExW
0xf385a813,0xf385a813,ChangeDisplaySettingsW
0x40cc882b,0x40cc882b,ChangeMenuA
0x40cc8841,0x40cc8841,ChangeMenuW
0xed7a30f,0x0ed7a30f,ChangeServiceConfig2A
0xed7a325,0x0ed7a325,ChangeServiceConfig2W
0xff7051d,0x0ff7051d,ChangeServiceConfigA
0xff70533,0x0ff70533,ChangeServiceConfigW
0x9519135c,0x9519135c,ChangeTimerQueueTimer
0xba0a2718,0xba0a2718,ChangeWindowMessageFilter
0x65305a95,0x65305a95,ChangeWindowMessageFilterEx
0xbe62e5f7,0xbe62e5f7,CharLowerA
0x611709ba,0x611709ba,CharLowerBuffA
0x611709d0,0x611709d0,CharLowerBuffW
0xbe62e60d,0xbe62e60d,CharLowerW
0xb850462d,0xb850462d,CharNextA
0xd7aa64a,0x0d7aa64a,CharNextExA
0xb8504643,0xb8504643,CharNextW
0xb87b478b,0xb87b478b,CharPrevA
0xc46b7728,0xc46b7728,CharPrevExA
0xb87b47a1,0xb87b47a1,CharPrevW
0xd107c752,0xd107c752,CharToOemA
0x13b32095,0x13b32095,CharToOemBuffA
0x13b320ab,0x13b320ab,CharToOemBuffW
0xd107c768,0xd107c768,CharToOemW
0xd36f957a,0xd36f957a,CharUpperA
0x8425c2bd,0x8425c2bd,CharUpperBuffA
0x8425c2d3,0x8425c2d3,CharUpperBuffW
0xd36f9590,0xd36f9590,CharUpperW
0xebd72f34,0xebd72f34,CheckColorsInGamut
0x791f7c87,0x791f7c87,CheckDesktopByThreadId
0x9e37c000,0x9e37c000,CheckDlgButton
0xa5fccb34,0xa5fccb34,CheckElevation
0x2a0df4df,0x2a0df4df,CheckElevationEnabled
0x2944daa8,0x2944daa8,CheckEscapesW
0xb10fae5a,0xb10fae5a,CheckForReadOnlyResource
0x50bfcaee,0x50bfcaee,CheckInitDde
0x70b33f71,0x70b33f71,CheckMenuItem
0x166c09c0,0x166c09c0,CheckMenuRadioItem
0x2db1318c,0x2db1318c,CheckNameLegalDOS8Dot3A
0x2db131a2,0x2db131a2,CheckNameLegalDOS8Dot3W
0x4a57a318,0x4a57a318,CheckRadioButton
0xf502a3f,0x0f502a3f,CheckRemoteDebuggerPresent
0x1a0472d6,0x1a0472d6,CheckSignatureInFile
0x7a22417a,0x7a22417a,CheckTokenMembership
0xb0d974d7,0xb0d974d7,CheckWindowThreadDesktop
0x4f258a9,0x04f258a9,ChildWindowFromPoint
0xaeb3466,0x0aeb3466,ChildWindowFromPointEx
0x177eb51b,0x177eb51b,ChoosePixelFormat
0x6c223c1f,0x6c223c1f,Chord
0xb7d09fd6,0xb7d09fd6,ChrCmpIA
0xb7d09fec,0xb7d09fec,ChrCmpIW
0x896df852,0x896df852,ChromeMain
0x4f12531a,0x4f12531a,CleanROTForApartment
0xe23f4e24,0xe23f4e24,CleanupGroup
0x23ba8087,0x23ba8087,ClearCommBreak
0x23f1032c,0x23f1032c,ClearCommError
0x1e46115b,0x1e46115b,ClearEventLogA
0x1e461171,0x1e461171,ClearEventLogW
0x9bb6a22b,0x9bb6a22b,ClearPropVariantArray
0x240dff8a,0x240dff8a,ClearVariantArray
0x864797ea,0x864797ea,CliImmSetHotKey
0x78dfd4b7,0x78dfd4b7,ClientThreadSetup
0xee62b651,0xee62b651,ClientToScreen
0x43da7a35,0x43da7a35,ClipCursor
0x7521ff53,0x7521ff53,ClipboardProcessUninitialize
0x4786da75,0x4786da75,CloseClipboard
0x3854e764,0x3854e764,CloseCodeAuthzLevel
0x879bbdc4,0x879bbdc4,CloseConsoleHandle
0xb7a70bbf,0xb7a70bbf,CloseDesktop
0xb1214d11,0xb1214d11,CloseDriver
0x6e88703d,0x6e88703d,CloseEncryptedFileRaw
0x10c5f947,0x10c5f947,CloseEnhMetaFile
0x94f66589,0x94f66589,CloseEventLog
0xb527a667,0xb527a667,CloseFigure
0x57a41cfc,0x57a41cfc,CloseGestureInfoHandle
0xb944c131,0xb944c131,CloseHandle
0xfc716c2c,0xfc716c2c,CloseMetaFile
0x7101a3c9,0x7101a3c9,ClosePrinter
0xca91c76d,0xca91c76d,ClosePrivateNamespace
0x83ea3181,0x83ea3181,CloseProfileUserMapping
0xac621682,0xac621682,CloseServiceHandle
0xd92351fe,0xd92351fe,CloseSpoolFileHandle
0x12200579,0x12200579,CloseThreadWaitChainSession
0xa79fe077,0xa79fe077,CloseThreadpool
0xc79a3c6c,0xc79a3c6c,CloseThreadpoolCleanupGroup
0xca155977,0xca155977,CloseThreadpoolCleanupGroupMembers
0xf19e82f,0x0f19e82f,CloseThreadpoolIo
0xe4904e38,0xe4904e38,CloseThreadpoolTimer
0x3d3c2fac,0x3d3c2fac,CloseThreadpoolWait
0x3d3c6c5a,0x3d3c6c5a,CloseThreadpoolWork
0x333dd584,0x333dd584,CloseTouchInputHandle
0xb8ec1854,0xb8ec1854,CloseTrace
0xdcd2e71d,0xdcd2e71d,CloseWindow
0xd13a8a5f,0xd13a8a5f,CloseWindowStation
0x50fe3de1,0x50fe3de1,CmdBatNotification
0xc594f75d,0xc594f75d,CoAddRefServerProcess
0x6048ff35,0x6048ff35,CoAicGetTokenForCOM
0x7a5b43bf,0x7a5b43bf,CoAllowSetForegroundWindow
0x2e4ad8d1,0x2e4ad8d1,CoAllowUnmarshalerCLSID
0x5aad6c37,0x5aad6c37,CoBuildVersion
0xe7514b43,0xe7514b43,CoCancelCall
0xd4895511,0xd4895511,CoCheckElevationEnabled
0x1601f57e,0x1601f57e,CoCopyProxy
0xae4f4d7,0x0ae4f4d7,CoCreateFreeThreadedMarshaler
0xddd112fe,0xddd112fe,CoCreateGuid
0x8c5692aa,0x8c5692aa,CoCreateInstance
0xfc45f2a7,0xfc45f2a7,CoCreateInstanceEx
0xbc6c0cbf,0xbc6c0cbf,CoCreateInstanceFromApp
0x5eb3b0c8,0x5eb3b0c8,CoCreateObjectInContext
0x58ad5792,0x58ad5792,CoDeactivateObject
0x1c651387,0x1c651387,CoDecodeProxy
0x85b3214f,0x85b3214f,CoDecrementMTAUsage
0xc53e31de,0xc53e31de,CoDisableCallCancellation
0x5ddab30,0x05ddab30,CoDisconnectContext
0x3a457aa2,0x3a457aa2,CoDisconnectObject
0xbe36c4a6,0xbe36c4a6,CoDosDateTimeToFileTime
0x6ac4e351,0x6ac4e351,CoEnableCallCancellation
0xedd16984,0xedd16984,CoFileTimeNow
0x868e3e66,0x868e3e66,CoFileTimeToDosDateTime
0x79b8ab9,0x079b8ab9,CoFreeAllLibraries
0x7a376318,0x7a376318,CoFreeLibrary
0x29ba7334,0x29ba7334,CoFreeUnusedLibraries
0x82241db1,0x82241db1,CoFreeUnusedLibrariesEx
0x831e9094,0x831e9094,CoGetActivationState
0x7ad12e1a,0x7ad12e1a,CoGetApartmentID
0x73db8cef,0x73db8cef,CoGetApartmentType
0xa96c26e2,0xa96c26e2,CoGetCallContext
0x5791f01e,0x5791f01e,CoGetCallState
0x5693cfb5,0x5693cfb5,CoGetCallerTID
0xb94cfabe,0xb94cfabe,CoGetCancelObject
0x191981ee,0x191981ee,CoGetClassObject
0x5eb96d7d,0x5eb96d7d,CoGetClassVersion
0xb616d85b,0xb616d85b,CoGetComCatalog
0x694f9a47,0x694f9a47,CoGetContextToken
0x14dfe7a4,0x14dfe7a4,CoGetCurrentLogicalThreadId
0xd76edb23,0xd76edb23,CoGetCurrentProcess
0x5e20edcb,0x5e20edcb,CoGetDefaultContext
0x16195ea,0x016195ea,CoGetInstanceFromFile
0x3cd8c0a8,0x3cd8c0a8,CoGetInstanceFromIStorage
0x923f5350,0x923f5350,CoGetInterceptor
0xb582719c,0xb582719c,CoGetInterceptorForOle32
0x4113d572,0x4113d572,CoGetInterceptorFromTypeInfo
0x5b656092,0x5b656092,CoGetInterfaceAndReleaseStream
0xc439ac59,0xc439ac59,CoGetMalloc
0xc58f08a,0x0c58f08a,CoGetMarshalSizeMax
0x126c3f49,0x126c3f49,CoGetModuleType
0xc8f4de18,0xc8f4de18,CoGetObject
0xbaf5107d,0xbaf5107d,CoGetObjectContext
0x5bb7feb3,0x5bb7feb3,CoGetPSClsid
0x596ce5c3,0x596ce5c3,CoGetProcessIdentifier
0x5efa5dfa,0x5efa5dfa,CoGetStandardMarshal
0x39698091,0x39698091,CoGetStdMarshalEx
0x1cc5535a,0x1cc5535a,CoGetSystemSecurityPermissions
0x7a367579,0x7a367579,CoGetSystemWow64DirectoryW
0x59c8dd0b,0x59c8dd0b,CoGetTreatAsClass
0x1caf47ff,0x1caf47ff,CoHandlePriorityEventsFromMessagePump
0xc30b0b07,0xc30b0b07,CoImpersonateClient
0xd1d2e03d,0xd1d2e03d,CoIncrementMTAUsage
0x71c9f7b3,0x71c9f7b3,CoInitialize
0xc26bdf0,0x0c26bdf0,CoInitializeEx
0x1e94ce6b,0x1e94ce6b,CoInitializeSecurity
0x90fec7d0,0x90fec7d0,CoInitializeWOW
0x8cfcad38,0x8cfcad38,CoInstall
0xf1324511,0xf1324511,CoInvalidateRemoteMachineBindings
0xe635e30e,0xe635e30e,CoIsHandlerConnected
0x73979204,0x73979204,CoIsOle1Class
0xd0105656,0xd0105656,CoLoadLibrary
0x184cdbc4,0x184cdbc4,CoLockObjectExternal
0x65869410,0x65869410,CoMarshalHresult
0xd1d79c17,0xd1d79c17,CoMarshalInterThreadInterfaceInStream
0x6b8749a,0x06b8749a,CoMarshalInterface
0x6771c059,0x6771c059,CoPopServiceDomain
0xcccec4a,0x0cccec4a,CoPushServiceDomain
0x54f9363b,0x54f9363b,CoQueryAuthenticationServices
0x4b00d017,0x4b00d017,CoQueryClientBlanket
0x28572ada,0x28572ada,CoQueryProxyBlanket
0x426b5c2f,0x426b5c2f,CoQueryReleaseObject
0x39569e0,0x039569e0,CoReactivateObject
0x2cb6c17e,0x2cb6c17e,CoRegisterActivationFilter
0xc8f903b0,0xc8f903b0,CoRegisterChannelHook
0xdef2e53,0x0def2e53,CoRegisterClassObject
0x3bfd8c94,0x3bfd8c94,CoRegisterInitializeSpy
0x326240fa,0x326240fa,CoRegisterMallocSpy
0xb5207891,0xb5207891,CoRegisterMessageFilter
0x79a54098,0x79a54098,CoRegisterPSClsid
0x3e4fce42,0x3e4fce42,CoRegisterSurrogate
0x117c743f,0x117c743f,CoRegisterSurrogateEx
0xc77e8224,0xc77e8224,CoReleaseMarshalData
0xf5be1db8,0xf5be1db8,CoReleaseServerProcess
0x6b7bccb2,0x6b7bccb2,CoResumeClassObjects
0xd1cf1703,0xd1cf1703,CoRetireServer
0x8da66726,0x8da66726,CoRevertToSelf
0xf29a9cda,0xf29a9cda,CoRevokeClassObject
0xf93eb8db,0xf93eb8db,CoRevokeInitializeSpy
0x8e8261c1,0x8e8261c1,CoRevokeMallocSpy
0x60a61fca,0x60a61fca,CoSetCancelObject
0x8d683e39,0x8d683e39,CoSetMessageDispatcher
0xb6b8b830,0xb6b8b830,CoSetProxyBlanket
0xb4a5d02e,0xb4a5d02e,CoSetState
0xbbab8ce3,0xbbab8ce3,CoSuspendClassObjects
0xe7062714,0xe7062714,CoSwitchCallContext
0x579d5bde,0x579d5bde,CoTaskMemAlloc
0xad552e95,0xad552e95,CoTaskMemFree
0xbfe53a15,0xbfe53a15,CoTaskMemRealloc
0xb27294a7,0xb27294a7,CoTestCancel
0xbd5be10b,0xbd5be10b,CoTreatAsClass
0x4b9f2336,0x4b9f2336,CoUninitialize
0x9b718f5f,0x9b718f5f,CoUnloadingWOW
0x353bc913,0x353bc913,CoUnmarshalHresult
0x988ef65d,0x988ef65d,CoUnmarshalInterface
0xb3c4afe6,0xb3c4afe6,CoVrfCheckThreadState
0xe9e45268,0xe9e45268,CoVrfGetThreadState
0x8d6f79a9,0x8d6f79a9,CoVrfReleaseThreadState
0x85943a8,0x085943a8,CoWaitForMultipleHandles
0x253e1b93,0x253e1b93,CoWaitForMultipleObjects
0xe7221648,0xe7221648,ColorAdjustLuma
0xe3c52ccf,0xe3c52ccf,ColorCorrectPalette
0x55f31bf3,0x55f31bf3,ColorHLSToRGB
0x2d07ae05,0x2d07ae05,ColorMatchToTarget
0xe7fa6073,0xe7fa6073,ColorRGBToHLS
0x5ac05839,0x5ac05839,ComPs_NdrDllCanUnloadNow
0x25e2001d,0x25e2001d,ComPs_NdrDllGetClassObject
0x165c2877,0x165c2877,ComPs_NdrDllRegisterProxy
0x3e3b98da,0x3e3b98da,ComPs_NdrDllUnregisterProxy
0x2a20f033,0x2a20f033,CombineRgn
0x60f94968,0x60f94968,CombineTransform
0x300165c2,0x300165c2,CommConfigDialogA
0x300165d8,0x300165d8,CommConfigDialogW
0x7f142552,0x7f142552,CommandLineFromMsiDescriptor
0x2b4596c0,0x2b4596c0,CommandLineToArgvW
0xf987fc31,0xf987fc31,CommitComplete
0x1956c37b,0x1956c37b,CommitEnlistment
0xf62edd3f,0xf62edd3f,CommitSpoolData
0x93b98ebe,0x93b98ebe,CommitTransaction
0xce32df3c,0xce32df3c,CommitTransactionAsync
0xbf913bf2,0xbf913bf2,CommitUrlCacheEntryA
0xa1017875,0xa1017875,CommitUrlCacheEntryBinaryBlob
0xbf913c08,0xbf913c08,CommitUrlCacheEntryW
0x554599e1,0x554599e1,CompareCalendarDates
0x65fc7083,0x65fc7083,CompareExchange64
0xe75aff85,0xe75aff85,CompareFileTime
0x9d341a8e,0x9d341a8e,CompareStringA
0x43b76d4a,0x43b76d4a,CompareStringEx
0x1815be56,0x1815be56,CompareStringOrdinal
0x9d341aa4,0x9d341aa4,CompareStringW
0xf51795fb,0xf51795fb,CompleteAuthToken
0x67fbeea3,0x67fbeea3,CompleteCreateSysmemSurface
0x73ad2852,0x73ad2852,ComputeAccessTokenFromCodeAuthzLevel
0x6575537c,0x6575537c,ConditionVariable
0xf0e7ad25,0xf0e7ad25,Config
0xb88ed37,0x0b88ed37,ConfigurePortA
0xb88ed4d,0x0b88ed4d,ConfigurePortW
0xcd98376,0x0cd98376,ConnectEx
0x2cebcb8c,0x2cebcb8c,ConnectNamedPipe
0xe6af7d36,0xe6af7d36,ConnectToConnectionPoint
0x7c1f7337,0x7c1f7337,ConnectToPrinterDlg
0x570283,0x00570283,ConsoleControl
0xf87dfb78,0xf87dfb78,ConsoleMenuControl
0x6c51fcfd,0x6c51fcfd,ContinueDebugEvent
0xabf45d2,0x0abf45d2,ContinueHandler
0x8d39ee89,0x8d39ee89,ControlMagnification
0x1daf1901,0x1daf1901,ControlService
0x106c2df,0x0106c2df,ControlServiceExA
0x106c2f5,0x0106c2f5,ControlServiceExW
0xecd73880,0xecd73880,ControlTraceA
0xecd73896,0xecd73896,ControlTraceW
0x38a73c80,0x38a73c80,Control_RunDLL
0x4d8ecce1,0x4d8ecce1,Control_RunDLLA
0xe52e714a,0xe52e714a,Control_RunDLLAsUserW
0x4d8eccf7,0x4d8eccf7,Control_RunDLLW
0x9754ffd,0x09754ffd,ConvertAccessToSecurityDescriptorA
0x9755013,0x09755013,ConvertAccessToSecurityDescriptorW
0xd9bf488d,0xd9bf488d,ConvertAnsiDevModeToUnicodeDevmode
0x4fb09ca4,0x4fb09ca4,ConvertCalDateTimeToSystemTime
0x7bb61de5,0x7bb61de5,ConvertDefaultLocale
0x6ee21cf3,0x6ee21cf3,ConvertFiberToThread
0x3cbc5a91,0x3cbc5a91,ConvertNLSDayOfWeekToWin32DayOfWeek
0x132063f5,0x132063f5,ConvertSDToStringSDRootDomainA
0x1320640b,0x1320640b,ConvertSDToStringSDRootDomainW
0x79ccbd7d,0x79ccbd7d,ConvertSecurityDescriptorToAccessA
0xa14b8ce2,0xa14b8ce2,ConvertSecurityDescriptorToAccessNamedA
0xa14b8cf8,0xa14b8cf8,ConvertSecurityDescriptorToAccessNamedW
0x79ccbd93,0x79ccbd93,ConvertSecurityDescriptorToAccessW
0xd9944f81,0xd9944f81,ConvertSecurityDescriptorToString
0x951beb2b,0x951beb2b,ConvertSidToStringSidA
0x951beb41,0x951beb41,ConvertSidToStringSidW
0x96965651,0x96965651,ConvertStringSDToSDDomainA
0x96965667,0x96965667,ConvertStringSDToSDDomainW
0x4afacbf5,0x4afacbf5,ConvertStringSDToSDRootDomainA
0x4afacc0b,0x4afacc0b,ConvertStringSDToSDRootDomainW
0x7314469e,0x7314469e,ConvertStringSecurityDescriptor
0x729fff4b,0x729fff4b,ConvertStringSidToSidA
0x729fff61,0x729fff61,ConvertStringSidToSidW
0x67cc6604,0x67cc6604,ConvertSystemTimeToCalDateTime
0xdf9c0193,0xdf9c0193,ConvertThreadToFiber
0x36a2bfd0,0x36a2bfd0,ConvertThreadToFiberEx
0x5076fb29,0x5076fb29,ConvertToAutoInheritPrivateObjectSecurity
0x53601f4d,0x53601f4d,ConvertUnicodeDevModeToAnsiDevmode
0xe466c7f8,0xe466c7f8,CopyAcceleratorTableA
0xe466c80e,0xe466c80e,CopyAcceleratorTableW
0x3aba146f,0x3aba146f,CopyContext
0xe52cf28d,0xe52cf28d,CopyEnhMetaFileA
0xe52cf2a3,0xe52cf2a3,CopyEnhMetaFileW
0xc08bfc8b,0xc08bfc8b,CopyFileA
0x137d6c28,0x137d6c28,CopyFileExA
0x137d6c3e,0x137d6c3e,CopyFileExW
0xae024554,0xae024554,CopyFileTransactedA
0xae02456a,0xae02456a,CopyFileTransactedW
0xc08bfca1,0xc08bfca1,CopyFileW
0xcf89aaf3,0xcf89aaf3,CopyIcon
0xc0c4490d,0xc0c4490d,CopyImage
0xe13aead0,0xe13aead0,CopyLZFile
0xc5703832,0xc5703832,CopyMetaFileA
0xc5703848,0xc5703848,CopyMetaFileW
0xcf8ea158,0xcf8ea158,CopyRect
0xe0c192a,0x0e0c192a,CopySid
0xb2c04069,0xb2c04069,CorePrinterDriverInstalledA
0xb2c0407f,0xb2c0407f,CorePrinterDriverInstalledW
0x12fa9664,0x12fa9664,CountClipboardFormats
0x5ce7cfcc,0x5ce7cfcc,CounterValue
0x2ae4ed13,0x2ae4ed13,CrashForExceptionInNonABICompliantCodeRange
0x888b6231,0x888b6231,CreateAcceleratorTableA
0x888b6247,0x888b6247,CreateAcceleratorTableW
0xbaca02ab,0xbaca02ab,CreateActCtxA
0xbaca02c1,0xbaca02c1,CreateActCtxW
0xc76129e4,0xc76129e4,CreateAntiMoniker
0x1556e3cf,0x1556e3cf,CreateBindCtx
0x9bcfc4c0,0x9bcfc4c0,CreateBitmap
0x8a1f19d2,0x8a1f19d2,CreateBitmapIndirect
0x76c0b207,0x76c0b207,CreateBoundaryDescriptorA
0x76c0b21d,0x76c0b21d,CreateBoundaryDescriptorW
0x985dad9,0x0985dad9,CreateBrushIndirect
0x23ce2652,0x23ce2652,CreateCaret
0xd100edcc,0xd100edcc,CreateCdmInstance
0x3d0c81ae,0x3d0c81ae,CreateClassMoniker
0x3a63e982,0x3a63e982,CreateCodeAuthzLevel
0x462418ef,0x462418ef,CreateColorSpaceA
0x46241905,0x46241905,CreateColorSpaceW
0x664c6e60,0x664c6e60,CreateCompatibleBitmap
0xf8c3f0a,0x0f8c3f0a,CreateCompatibleDC
0xa7f3e810,0xa7f3e810,CreateConsoleScreenBuffer
0x9efd1601,0x9efd1601,CreateCursor
0xff90130b,0xff90130b,CreateDCA
0xff901321,0xff901321,CreateDCW
0x162e43b4,0x162e43b4,CreateDIBPatternBrush
0x5ace0f98,0x5ace0f98,CreateDIBPatternBrushPt
0x15a08907,0x15a08907,CreateDIBSection
0x7d1ccc8d,0x7d1ccc8d,CreateDIBitmap
0xf228a57,0x0f228a57,CreateDataAdviseHolder
0x145c8a71,0x145c8a71,CreateDataCache
0x70ffc79e,0x70ffc79e,CreateDesktopA
0xb01047fb,0xb01047fb,CreateDesktopExA
0xb0104811,0xb0104811,CreateDesktopExW
0x70ffc7b4,0x70ffc7b4,CreateDesktopW
0x4e2615b7,0x4e2615b7,CreateDialogIndirectParamA
0x705035af,0x705035af,CreateDialogIndirectParamAorW
0x4e2615cd,0x4e2615cd,CreateDialogIndirectParamW
0x310c9825,0x310c9825,CreateDialogParamA
0x310c983b,0x310c983b,CreateDialogParamW
0x484a9a37,0x484a9a37,CreateDirect3D11DeviceFromDXGIDevice
0x20793c89,0x20793c89,CreateDirect3D11SurfaceFromDXGISurface
0xa0953d79,0xa0953d79,CreateDirectoryA
0x1adaa096,0x1adaa096,CreateDirectoryExA
0x1adaa0ac,0x1adaa0ac,CreateDirectoryExW
0x16cc07c2,0x16cc07c2,CreateDirectoryTransactedA
0x16cc07d8,0x16cc07d8,CreateDirectoryTransactedW
0xa0953d8f,0xa0953d8f,CreateDirectoryW
0x8e604ee,0x08e604ee,CreateDiscardableBitmap
0x23162f40,0x23162f40,CreateEllipticRgn
0xbc680452,0xbc680452,CreateEllipticRgnIndirect
0x19110526,0x19110526,CreateEnhMetaFileA
0x1911053c,0x1911053c,CreateEnhMetaFileW
0xbabd3206,0xbabd3206,CreateEnlistment
0xc0ffded9,0xc0ffded9,CreateErrorInfo
0xa3b24a26,0xa3b24a26,CreateEventA
0x596d8c83,0x596d8c83,CreateEventExA
0x596d8c99,0x596d8c99,CreateEventExW
0xa3b24a3c,0xa3b24a3c,CreateEventW
0x9b2365c1,0x9b2365c1,CreateFX
0x24088ecb,0x24088ecb,CreateFiber
0x48677b08,0x48677b08,CreateFiberEx
0x2408b944,0x2408b944,CreateFileA
0xeaaa18b0,0xeaaa18b0,CreateFileMappingA
0xef943421,0xef943421,CreateFileMappingNumaA
0xef943437,0xef943437,CreateFileMappingNumaW
0xeaaa18c6,0xeaaa18c6,CreateFileMappingW
0xf91102f8,0xf91102f8,CreateFileMoniker
0x1198fd4d,0x1198fd4d,CreateFileTransactedA
0x1198fd63,0x1198fd63,CreateFileTransactedW
0x2408b958,0x2408b958,CreateFileU
0x2408b95a,0x2408b95a,CreateFileW
0x240c0dfb,0x240c0dfb,CreateFontA
0x2eee3f4d,0x2eee3f4d,CreateFontIndirectA
0xa37b676a,0xa37b676a,CreateFontIndirectExA
0xa37b6780,0xa37b6780,CreateFontIndirectExW
0x2eee3f63,0x2eee3f63,CreateFontIndirectW
0x240c0e11,0x240c0e11,CreateFontW
0x379796d3,0x379796d3,CreateGenericComposite
0x58a72563,0x58a72563,CreateHalftonePalette
0x5400bd91,0x5400bd91,CreateHardLinkA
0x274885da,0x274885da,CreateHardLinkTransactedA
0x274885f0,0x274885f0,CreateHardLinkTransactedW
0x5400bda7,0x5400bda7,CreateHardLinkW
0x55d0ed6f,0x55d0ed6f,CreateHatchBrush
0xff902850,0xff902850,CreateICA
0xff902866,0xff902866,CreateICW
0x8036d0d2,0x8036d0d2,CreateILockBytesOnHGlobal
0xf195348c,0xf195348c,CreateIcon
0x95341be8,0x95341be8,CreateIconFromResource
0xb2aac365,0xb2aac365,CreateIconFromResourceEx
0x9d0d959e,0x9d0d959e,CreateIconIndirect
0xc3ad7e38,0xc3ad7e38,CreateInstance
0x63d797ba,0x63d797ba,CreateIoCompletionPort
0xe842ef27,0xe842ef27,CreateItemMoniker
0xae5881d6,0xae5881d6,CreateJobObjectA
0xae5881ec,0xae5881ec,CreateJobObjectW
0xaedbd80a,0xaedbd80a,CreateJobSet
0x8d79ab62,0x8d79ab62,CreateMD5SSOHash
0xa75a37d6,0xa75a37d6,CreateMDIWindowA
0xa75a37ec,0xa75a37ec,CreateMDIWindowW
0xacbbcc8a,0xacbbcc8a,CreateMRUListW
0xf8cc6ae9,0xf8cc6ae9,CreateMailslotA
0xf8cc6aff,0xf8cc6aff,CreateMailslotW
0x8bae49f7,0x8bae49f7,CreateMappedBitmap
0x6d84f4b,0x06d84f4b,CreateMemoryResourceNotification
0xf1976e78,0xf1976e78,CreateMenu
0xddfea96b,0xddfea96b,CreateMetaFileA
0xddfea981,0xddfea981,CreateMetaFileW
0xb6518a97,0xb6518a97,CreateMutexA
0x90dead34,0x90dead34,CreateMutexExA
0x90dead4a,0x90dead4a,CreateMutexExW
0xb6518aad,0xb6518aad,CreateMutexW
0x89dba997,0x89dba997,CreateNamedPipeA
0x89dba9ad,0x89dba9ad,CreateNamedPipeW
0xede67ad0,0xede67ad0,CreateObjrefMoniker
0x687af79d,0x687af79d,CreateOleAdviseHolder
0x383994f2,0x383994f2,CreatePalette
0x51d204c5,0x51d204c5,CreatePatternBrush
0xff904666,0xff904666,CreatePen
0xeb81e178,0xeb81e178,CreatePenIndirect
0xf19924d1,0xf19924d1,CreatePipe
0x7588b919,0x7588b919,CreatePointerMoniker
0x3fac4bb6,0x3fac4bb6,CreatePolyPolygonRgn
0xefa0c32,0x0efa0c32,CreatePolygonRgn
0x717b90cc,0x717b90cc,CreatePopupMenu
0x9c4d67e0,0x9c4d67e0,CreatePrintAsyncNotifyChannel
0xb597f53,0x0b597f53,CreatePrinterIC
0x19a2eacc,0x19a2eacc,CreatePrivateNamespaceA
0x19a2eae2,0x19a2eae2,CreatePrivateNamespaceW
0x7016a92d,0x7016a92d,CreatePrivateObjectSecurity
0xd065b5ea,0xd065b5ea,CreatePrivateObjectSecurityEx
0x62dd4923,0x62dd4923,CreateProcessA
0x4aed96f6,0x4aed96f6,CreateProcessAsUserA
0x4aed970c,0x4aed970c,CreateProcessAsUserW
0x569031e0,0x569031e0,CreateProcessInternalA
0x569031f6,0x569031f6,CreateProcessInternalW
0x62dd4939,0x62dd4939,CreateProcessW
0xf3c15cd4,0xf3c15cd4,CreateProcessWithLogonW
0x66ca8d6,0x066ca8d6,CreateProcessWithTokenW
0xd5658e5e,0xd5658e5e,CreatePropertySheetPage
0x82175a7f,0x82175a7f,CreatePropertySheetPageA
0x82175a95,0x82175a95,CreatePropertySheetPageW
0xd89666a7,0xd89666a7,CreateProxyFromTypeInfo
0xdae803f8,0xdae803f8,CreateRectRgn
0x7c3f110a,0x7c3f110a,CreateRectRgnIndirect
0x64050b67,0x64050b67,CreateRemoteThread
0x79758ea4,0x79758ea4,CreateRemoteThreadEx
0x33f07e06,0x33f07e06,CreateResourceManager
0xebb9755d,0xebb9755d,CreateRestrictedToken
0x46bd74a0,0x46bd74a0,CreateRoundRectRgn
0x8844037a,0x8844037a,CreateScalableFontResourceA
0x88440390,0x88440390,CreateScalableFontResourceW
0x5789c688,0x5789c688,CreateSemaphoreA
0x6115a965,0x6115a965,CreateSemaphoreExA
0x6115a97b,0x6115a97b,CreateSemaphoreExW
0x5789c69e,0x5789c69e,CreateSemaphoreW
0x4746e915,0x4746e915,CreateServiceA
0x4746e92b,0x4746e92b,CreateServiceW
0x5e8b5cb8,0x5e8b5cb8,CreateSocketHandle
0x438d7ae2,0x438d7ae2,CreateSolidBrush
0xa456f4ff,0xa456f4ff,CreateStatusWindow
0x2f359540,0x2f359540,CreateStatusWindowA
0x2f359556,0x2f359556,CreateStatusWindowW
0xb9234f13,0xb9234f13,CreateStdAccessibleObject
0xbc9d113f,0xbc9d113f,CreateStdAccessibleProxyA
0xbc9d1155,0xbc9d1155,CreateStdAccessibleProxyW
0x7cdae700,0x7cdae700,CreateStdProgressIndicator
0xe8cc90a5,0xe8cc90a5,CreateStreamOnHGlobal
0x66681d03,0x66681d03,CreateStubFromTypeInfo
0xa7097b74,0xa7097b74,CreateSymbolicLinkA
0x97563b7d,0x97563b7d,CreateSymbolicLinkTransactedA
0x97563b93,0x97563b93,CreateSymbolicLinkTransactedW
0xa7097b8a,0xa7097b8a,CreateSymbolicLinkW
0xca2deaf3,0xca2deaf3,CreateSystemThreads
0x25b961c7,0x25b961c7,CreateTapePartition
0xc5b94cbb,0xc5b94cbb,CreateThread
0x66f68395,0x66f68395,CreateThreadpool
0x8207c8a,0x08207c8a,CreateThreadpoolCleanupGroup
0xfea5cacd,0xfea5cacd,CreateThreadpoolIo
0x287f9416,0x287f9416,CreateThreadpoolTimer
0x3f4b31ca,0x3f4b31ca,CreateThreadpoolWait
0x3f4b6e78,0x3f4b6e78,CreateThreadpoolWork
0x66bf5189,0x66bf5189,CreateTimerQueue
0xaffb3a8a,0xaffb3a8a,CreateTimerQueueTimer
0x8d0491f6,0x8d0491f6,CreateToolbar
0xe070f4f3,0xe070f4f3,CreateToolbarEx
0x460df61f,0x460df61f,CreateToolhelp32Snapshot
0x2a4c0634,0x2a4c0634,CreateTraceInstanceId
0x61edcea9,0x61edcea9,CreateTransaction
0xf6dd5584,0xf6dd5584,CreateTransactionManager
0xdc323d01,0xdc323d01,CreateUpDownControl
0x1fb7cce,0x01fb7cce,CreateUrlCacheContainerA
0x1fb7ce4,0x01fb7ce4,CreateUrlCacheContainerW
0x7451f7fd,0x7451f7fd,CreateUrlCacheEntryA
0xd0b00c30,0xd0b00c30,CreateUrlCacheEntryExW
0x7451f813,0x7451f813,CreateUrlCacheEntryW
0x7809c1b7,0x7809c1b7,CreateUrlCacheGroup
0x4cfa756e,0x4cfa756e,CreateWaitableTimerA
0x756da9cb,0x756da9cb,CreateWaitableTimerExA
0x756da9e1,0x756da9e1,CreateWaitableTimerExW
0x4cfa7584,0x4cfa7584,CreateWaitableTimerW
0x53255084,0x53255084,CreateWellKnownSid
0x55aee2d9,0x55aee2d9,CreateWindowExA
0x55aee2ef,0x55aee2ef,CreateWindowExW
0xfa9ad8be,0xfa9ad8be,CreateWindowStationA
0xfa9ad8d4,0xfa9ad8d4,CreateWindowStationW
0x6f341ad1,0x6f341ad1,CredBackupCredentials
0x1994ef61,0x1994ef61,CredDeleteA
0x1994ef77,0x1994ef77,CredDeleteW
0x413050d1,0x413050d1,CredEncryptAndMarshalBinaryBlob
0xd4d483d4,0xd4d483d4,CredEnumerateA
0xd4d483ea,0xd4d483ea,CredEnumerateW
0x660f7c18,0x660f7c18,CredFindBestCredentialA
0x660f7c2e,0x660f7c2e,CredFindBestCredentialW
0x9b52390f,0x9b52390f,CredFree
0xb9cd2f66,0xb9cd2f66,CredGetSessionTypes
0xab9c6421,0xab9c6421,CredGetTargetInfoA
0xab9c6437,0xab9c6437,CredGetTargetInfoW
0xa66da436,0xa66da436,CredIsMarshaledCredentialA
0xa66da44c,0xa66da44c,CredIsMarshaledCredentialW
0xc98b4c34,0xc98b4c34,CredIsProtectedA
0xc98b4c4a,0xc98b4c4a,CredIsProtectedW
0x9c12e5f1,0x9c12e5f1,CredMarshalCredentialA
0x9c12e607,0x9c12e607,CredMarshalCredentialW
0x9aa1bc28,0x9aa1bc28,CredMarshalTargetInfo
0x3767aa87,0x3767aa87,CredProfileLoaded
0xcbc04fca,0xcbc04fca,CredProfileUnloaded
0x500495ef,0x500495ef,CredProtectA
0x50049605,0x50049605,CredProtectW
0x66b4f4a,0x066b4f4a,CredReadA
0xd883f031,0xd883f031,CredReadByTokenHandle
0x6a39b390,0x6a39b390,CredReadDomainCredentialsA
0x6a39b3a6,0x6a39b3a6,CredReadDomainCredentialsW
0x66b4f60,0x066b4f60,CredReadW
0x4f6623a6,0x4f6623a6,CredRenameA
0x4f6623bc,0x4f6623bc,CredRenameW
0xcacf539f,0xcacf539f,CredRestoreCredentials
0x1038ef74,0x1038ef74,CredUnmarshalCredentialA
0x1038ef8a,0x1038ef8a,CredUnmarshalCredentialW
0x6f9b214b,0x6f9b214b,CredUnmarshalTargetInfo
0x10914fb2,0x10914fb2,CredUnprotectA
0x10914fc8,0x10914fc8,CredUnprotectW
0xe06eea39,0xe06eea39,CredWriteA
0x81ce6a5f,0x81ce6a5f,CredWriteDomainCredentialsA
0x81ce6a75,0x81ce6a75,CredWriteDomainCredentialsW
0xe06eea4f,0xe06eea4f,CredWriteW
0xea75fcb9,0xea75fcb9,CredpConvertCredential
0xa6919d16,0xa6919d16,CredpConvertOneCredentialSize
0x59934551,0x59934551,CredpConvertTargetInfo
0x22f7c43c,0x22f7c43c,CredpDecodeCredential
0xecafc5e6,0xecafc5e6,CredpEncodeCredential
0x920bfeb1,0x920bfeb1,CredpEncodeSecret
0xb69b70af,0xb69b70af,CriticalSection
0x2f75ddc6,0x2f75ddc6,CriticalSectionOnCompletion
0x5effdef2,0x5effdef2,CryptAcquireCertificatePrivateKey
0x221736f1,0x221736f1,CryptAcquireContextA
0x22173705,0x22173705,CryptAcquireContextU
0x22173707,0x22173707,CryptAcquireContextW
0x5c724241,0x5c724241,CryptBinaryToStringA
0x5c724257,0x5c724257,CryptBinaryToStringW
0x4d74e0d1,0x4d74e0d1,CryptCATAdminAcquireContext
0xfc10fb23,0xfc10fb23,CryptCATAdminAcquireContext2
0x26e0fe06,0x26e0fe06,CryptCATAdminAddCatalog
0x9a453e59,0x9a453e59,CryptCATAdminCalcHashFromFileHandle
0x4f29562a,0x4f29562a,CryptCATAdminEnumCatalogFromHash
0xa7fda00e,0xa7fda00e,CryptCATAdminPauseServiceForBackup
0x75cf03c3,0x75cf03c3,CryptCATAdminReleaseCatalogContext
0xe5128888,0xe5128888,CryptCATAdminReleaseContext
0x542e44eb,0x542e44eb,CryptCATAdminRemoveCatalog
0xf37272aa,0xf37272aa,CryptCATAdminResolveCatalogPath
0xb39f7a7c,0xb39f7a7c,CryptCATCDFClose
0x59271f82,0x59271f82,CryptCATCDFEnumAttributes
0x12990fc7,0x12990fc7,CryptCATCDFEnumAttributesWithCDFTag
0x8237b1ba,0x8237b1ba,CryptCATCDFEnumCatAttributes
0xd88d7366,0xd88d7366,CryptCATCDFEnumMembers
0x2799e06a,0x2799e06a,CryptCATCDFEnumMembersByCDFTag
0x7593b067,0x7593b067,CryptCATCDFEnumMembersByCDFTagEx
0x3403b778,0x3403b778,CryptCATCDFOpen
0x37066419,0x37066419,CryptCATCatalogInfoFromContext
0xb09bee8f,0xb09bee8f,CryptCATClose
0x5cd1c6da,0x5cd1c6da,CryptCATEnumerateAttr
0x51d6b092,0x51d6b092,CryptCATEnumerateCatAttr
0xf3495017,0xf3495017,CryptCATEnumerateMember
0x599ecf20,0x599ecf20,CryptCATGetAttrInfo
0x399aca98,0x399aca98,CryptCATGetCatAttrInfo
0x4b48155d,0x4b48155d,CryptCATGetMemberInfo
0xd86708c6,0xd86708c6,CryptCATHandleFromStore
0x2468752b,0x2468752b,CryptCATOpen
0x462090,0x00462090,CryptCATPersistStore
0x4a8a4079,0x4a8a4079,CryptCATPutAttrInfo
0x44cd6951,0x44cd6951,CryptCATPutCatAttrInfo
0x24d540f6,0x24d540f6,CryptCATPutMemberInfo
0xa7951e06,0xa7951e06,CryptCATStoreFromHandle
0x90e051a6,0x90e051a6,CryptCATVerifyMember
0x6aae64a1,0x6aae64a1,CryptCloseAsyncHandle
0xfe8238ac,0xfe8238ac,CryptContextAddRef
0x26be6dbf,0x26be6dbf,CryptCreateAsyncHandle
0xa3b3a2b9,0xa3b3a2b9,CryptCreateHash
0x876419aa,0x876419aa,CryptDecodeMessage
0x6d6261bc,0x6d6261bc,CryptDecodeObject
0x4f81ce39,0x4f81ce39,CryptDecodeObjectEx
0x798580bc,0x798580bc,CryptDecrypt
0x6c5bdd9b,0x6c5bdd9b,CryptDecryptAndVerifyMessageSignature
0x173476c1,0x173476c1,CryptDecryptMessage
0x5e5756e9,0x5e5756e9,CryptDeriveKey
0xd142946f,0xd142946f,CryptDestroyHash
0x5bacbc74,0x5bacbc74,CryptDestroyKey
0x445926a0,0x445926a0,CryptDuplicateHash
0x7e314c85,0x7e314c85,CryptDuplicateKey
0x4e981e66,0x4e981e66,CryptEncodeObject
0x55195d63,0x55195d63,CryptEncodeObjectEx
0xdb7e2b26,0xdb7e2b26,CryptEncrypt
0x1ccc05eb,0x1ccc05eb,CryptEncryptMessage
0x9a09b18,0x09a09b18,CryptEnumOIDFunction
0xf7c1891e,0xf7c1891e,CryptEnumOIDInfo
0x8c184cb7,0x8c184cb7,CryptEnumProviderTypesA
0x8c184ccd,0x8c184ccd,CryptEnumProviderTypesW
0xd7739e35,0xd7739e35,CryptEnumProvidersA
0xd7739e49,0xd7739e49,CryptEnumProvidersU
0xd7739e4b,0xd7739e4b,CryptEnumProvidersW
0xcf80e68c,0xcf80e68c,CryptExportKey
0xb3b22fcc,0xb3b22fcc,CryptExportPKCS8
0x3b69f17,0x03b69f17,CryptExportPublicKeyInfo
0xcbdace54,0xcbdace54,CryptExportPublicKeyInfoEx
0xc8987921,0xc8987921,CryptFindCertificateKeyProvInfo
0x6d4d2a5a,0x6d4d2a5a,CryptFindLocalizedName
0xeb31d5ca,0xeb31d5ca,CryptFindOIDInfo
0x1671e0a1,0x1671e0a1,CryptFormatObject
0x80b1032b,0x80b1032b,CryptFreeOIDFunctionAddress
0x1a37f904,0x1a37f904,CryptGenKey
0x9b6af4dc,0x9b6af4dc,CryptGenRandom
0xa8949b10,0xa8949b10,CryptGetAsyncParam
0x5ced48fa,0x5ced48fa,CryptGetDefaultOIDDllList
0xe910686e,0xe910686e,CryptGetDefaultOIDFunctionAddress
0x7d2eb12,0x07d2eb12,CryptGetDefaultProviderA
0x7d2eb28,0x07d2eb28,CryptGetDefaultProviderW
0x77175c36,0x77175c36,CryptGetHashParam
0xb57cbc9b,0xb57cbc9b,CryptGetKeyParam
0xcaddeabc,0xcaddeabc,CryptGetMessageCertificates
0x6f64fd7,0x06f64fd7,CryptGetMessageSignerCount
0x6c45e529,0x6c45e529,CryptGetOIDFunctionAddress
0x697b8100,0x697b8100,CryptGetOIDFunctionValue
0xb8194cf9,0xb8194cf9,CryptGetProvParam
0xa2a4de69,0xa2a4de69,CryptGetUserKey
0xa9992128,0xa9992128,CryptHashCertificate
0xdcbd465a,0xdcbd465a,CryptHashCertificate2
0x4be5ca5f,0x4be5ca5f,CryptHashData
0x2ad7d7ea,0x2ad7d7ea,CryptHashMessage
0xf0d54399,0xf0d54399,CryptHashPublicKeyInfo
0x715cfb92,0x715cfb92,CryptHashSessionKey
0x3318ba89,0x3318ba89,CryptHashToBeSigned
0x7a9e84e5,0x7a9e84e5,CryptImportKey
0x9cb0c865,0x9cb0c865,CryptImportPKCS8
0x8c2cc0b0,0x8c2cc0b0,CryptImportPublicKeyInfo
0x4a5fba2d,0x4a5fba2d,CryptImportPublicKeyInfoEx
0x9656ffff,0x9656ffff,CryptImportPublicKeyInfoEx2
0x177c9d03,0x177c9d03,CryptInitOIDFunctionSet
0x467be300,0x467be300,CryptInstallOIDFunctionAddress
0xf87f044d,0xf87f044d,CryptLoadSip
0xe9ed7ab,0x0e9ed7ab,CryptMemAlloc
0x2effe4c2,0x2effe4c2,CryptMemFree
0x3d34dd22,0x3d34dd22,CryptMemRealloc
0x63558a0a,0x63558a0a,CryptMsgCalculateEncodedLength
0x367374be,0x367374be,CryptMsgClose
0xa811d009,0xa811d009,CryptMsgControl
0x26471879,0x26471879,CryptMsgCountersign
0xae09326b,0xae09326b,CryptMsgCountersignEncoded
0x786f0883,0x786f0883,CryptMsgDuplicate
0x3aaa3f9d,0x3aaa3f9d,CryptMsgEncodeAndSignCTL
0xd3cc90d8,0xd3cc90d8,CryptMsgGetAndVerifySigner
0x673a1039,0x673a1039,CryptMsgGetParam
0x5f63d1e1,0x5f63d1e1,CryptMsgOpenToDecode
0x625bd70b,0x625bd70b,CryptMsgOpenToEncode
0x6934735c,0x6934735c,CryptMsgSignCTL
0x2f20f76b,0x2f20f76b,CryptMsgUpdate
0x8133e381,0x8133e381,CryptMsgVerifyCountersignatureEncoded
0x9dbad53e,0x9dbad53e,CryptMsgVerifyCountersignatureEncodedEx
0x6f2304dc,0x6f2304dc,CryptProtectData
0xd93aef9b,0xd93aef9b,CryptProtectMemory
0xb987a06e,0xb987a06e,CryptQueryObject
0x594ba3ad,0x594ba3ad,CryptRegisterDefaultOIDFunction
0xd4c2d068,0xd4c2d068,CryptRegisterOIDFunction
0x13fd966e,0x13fd966e,CryptRegisterOIDInfo
0x81604c47,0x81604c47,CryptReleaseContext
0x8b54cae1,0x8b54cae1,CryptSIPAddProvider
0x9709eaed,0x9709eaed,CryptSIPCreateIndirectData
0x9ec11e19,0x9ec11e19,CryptSIPGetInfo
0x52382419,0x52382419,CryptSIPGetRegWorkingFlags
0x4b70c248,0x4b70c248,CryptSIPGetSignedDataMsg
0x66b7a4d,0x066b7a4d,CryptSIPLoad
0xedc5f341,0xedc5f341,CryptSIPPutSignedDataMsg
0x65508286,0x65508286,CryptSIPRemoveProvider
0x5ab01df6,0x5ab01df6,CryptSIPRemoveSignedDataMsg
0x3d53ec0c,0x3d53ec0c,CryptSIPRetrieveSubjectGuid
0xd175856e,0xd175856e,CryptSIPRetrieveSubjectGuidForCatalogFile
0x7c75eb0e,0x7c75eb0e,CryptSIPVerifyIndirectData
0x61090d1c,0x61090d1c,CryptSetAsyncParam
0xc27fbcc2,0xc27fbcc2,CryptSetHashParam
0xe59f87de,0xe59f87de,CryptSetKeyIdentifierProperty
0xf5d53ba7,0xf5d53ba7,CryptSetKeyParam
0xb3b84c0c,0xb3b84c0c,CryptSetOIDFunctionValue
0x381ad85,0x0381ad85,CryptSetProvParam
0x30471f9,0x030471f9,CryptSetProviderA
0xd5e8f516,0xd5e8f516,CryptSetProviderExA
0xd5e8f52c,0xd5e8f52c,CryptSetProviderExW
0x304720d,0x0304720d,CryptSetProviderU
0x304720f,0x0304720f,CryptSetProviderW
0x9396a8b6,0x9396a8b6,CryptSignAndEncodeCertificate
0x3c19ff4f,0x3c19ff4f,CryptSignAndEncryptMessage
0xf4ec63b5,0xf4ec63b5,CryptSignCertificate
0x9e931217,0x9e931217,CryptSignHashA
0x9e93122b,0x9e93122b,CryptSignHashU
0x9e93122d,0x9e93122d,CryptSignHashW
0x19dddbf7,0x19dddbf7,CryptSignMessage
0xc98bbe5c,0xc98bbe5c,CryptSignMessageWithKey
0xf0459441,0xf0459441,CryptStringToBinaryA
0xf0459457,0xf0459457,CryptStringToBinaryW
0xc3d8e8bf,0xc3d8e8bf,CryptUnprotectData
0x32f9583e,0x32f9583e,CryptUnprotectMemory
0xe917bd30,0xe917bd30,CryptUnregisterDefaultOIDFunction
0xb103e74b,0xb103e74b,CryptUnregisterOIDFunction
0xd6f8b3d1,0xd6f8b3d1,CryptUnregisterOIDInfo
0xd770e66b,0xd770e66b,CryptVerifyCertificateSignature
0x77443aa8,0x77443aa8,CryptVerifyCertificateSignatureEx
0x8d479f11,0x8d479f11,CryptVerifyDetachedMessageHash
0xda53341f,0xda53341f,CryptVerifyDetachedMessageSignature
0x5cc8e91f,0x5cc8e91f,CryptVerifyMessageHash
0x40daf6ed,0x40daf6ed,CryptVerifyMessageSignature
0x48ca2892,0x48ca2892,CryptVerifyMessageSignatureWithKey
0xa78f5de9,0xa78f5de9,CryptVerifySignatureA
0xa78f5dfd,0xa78f5dfd,CryptVerifySignatureU
0xa78f5dff,0xa78f5dff,CryptVerifySignatureW
0xb657fb2a,0xb657fb2a,CsrAllocateCaptureBuffer
0xf29241e2,0xf29241e2,CsrAllocateMessagePointer
0x7270b428,0x7270b428,CsrBroadcastSystemMessageExW
0x23ed7aea,0x23ed7aea,CsrCaptureMessageBuffer
0xffac6f88,0xffac6f88,CsrCaptureMessageMultiUnicodeStringsInPlace
0x4b89b787,0x4b89b787,CsrCaptureMessageString
0x400e5932,0x400e5932,CsrCaptureTimeout
0xda455109,0xda455109,CsrClientCallServer
0x1b34395a,0x1b34395a,CsrClientConnectToServer
0x46097c7,0x046097c7,CsrFreeCaptureBuffer
0x937e3683,0x937e3683,CsrGetProcessId
0x4eee3057,0x4eee3057,CsrIdentifyAlertableThread
0xc1f313fb,0xc1f313fb,CsrSetPriorityClass
0x4beb7e10,0x4beb7e10,CsrVerifyRegion
0xbbb8472a,0xbbb8472a,CtrlRoutine
0xf981b416,0xf981b416,CtxInitUser32
0xe8e5a1bc,0xe8e5a1bc,D2D1ComputeMaximumScaleFactor
0x693feae6,0x693feae6,D2D1ConvertColorSpace
0x7d5d0b9e,0x7d5d0b9e,D2D1CreateDevice
0xa73e0b43,0xa73e0b43,D2D1CreateDeviceContext
0xb84cc226,0xb84cc226,D2D1CreateFactory
0xb2acc964,0xb2acc964,D2D1GetGradientMeshInteriorPointsFromCoonsPatch
0x631ecda7,0x631ecda7,D2D1InvertMatrix
0xaaca825f,0xaaca825f,D2D1IsMatrixInvertible
0x46b8299c,0x46b8299c,D2D1MakeRotateMatrix
0x865ca487,0x865ca487,D2D1MakeSkewMatrix
0x794c43a9,0x794c43a9,D2D1SinCos
0xcbbb097d,0xcbbb097d,D2D1Tan
0xa4579bed,0xa4579bed,D2D1Vec3Length
0x8da8571b,0x8da8571b,D2DTkCreateAlgorithmFactory
0x7ec5ab6c,0x7ec5ab6c,D2DTkCreateOn12Device
0xfa712fae,0xfa712fae,D3D10CompileEffectFromMemory
0xade8eceb,0xade8eceb,D3D10CompileShader
0xb6d9de1e,0xb6d9de1e,D3D10CreateBlob
0xd8f984ef,0xd8f984ef,D3D10CreateDevice
0xfd140780,0xfd140780,D3D10CreateDeviceAndSwapChain
0xba022379,0xba022379,D3D10CreateEffectFromMemory
0x49b29353,0x49b29353,D3D10CreateEffectPoolFromMemory
0x14f4d04b,0x14f4d04b,D3D10CreateStateBlock
0xd6026104,0xd6026104,D3D10DisassembleEffect
0xf6cc08ee,0xf6cc08ee,D3D10DisassembleShader
0x2e41a7bf,0x2e41a7bf,D3D10GetGeometryShaderProfile
0x303fc1b0,0x303fc1b0,D3D10GetInputAndOutputSignatureBlob
0xf8356ac,0x0f8356ac,D3D10GetInputSignatureBlob
0x131ec7cd,0x131ec7cd,D3D10GetOutputSignatureBlob
0x6c61d35,0x06c61d35,D3D10GetPixelShaderProfile
0xf902bd95,0xf902bd95,D3D10GetShaderDebugInfo
0xe30bfd71,0xe30bfd71,D3D10GetVersion
0xcb190b31,0xcb190b31,D3D10GetVertexShaderProfile
0x8ab34428,0x8ab34428,D3D10PreprocessShader
0x17acebc7,0x17acebc7,D3D10ReflectShader
0x87898420,0x87898420,D3D10RegisterLayers
0x576b96ae,0x576b96ae,D3D10StateBlockMaskDifference
0xce73f350,0xce73f350,D3D10StateBlockMaskDisableAll
0x83b2d4ab,0x83b2d4ab,D3D10StateBlockMaskDisableCapture
0xe7c2b1a3,0xe7c2b1a3,D3D10StateBlockMaskEnableAll
0x80e847e,0x080e847e,D3D10StateBlockMaskEnableCapture
0x66149701,0x66149701,D3D10StateBlockMaskGetSetting
0x77bac214,0x77bac214,D3D10StateBlockMaskIntersect
0xa686e5ac,0xa686e5ac,D3D10StateBlockMaskUnion
0xa992eab9,0xa992eab9,D3D11CoreCreateDevice
0xe645971f,0xe645971f,D3D11CoreCreateLayeredDevice
0x2e0f6846,0x2e0f6846,D3D11CoreGetLayeredDeviceSize
0xe413846a,0xe413846a,D3D11CoreRegisterLayers
0x28588e70,0x28588e70,D3D11CreateDevice
0xa92c5a81,0xa92c5a81,D3D11CreateDeviceAndSwapChain
0x914e7915,0x914e7915,D3D11CreateDeviceForD3D12
0xbd8bbcf0,0xbd8bbcf0,D3D11On12CreateDevice
0xb52f0e00,0xb52f0e00,D3D12CoreCreateLayeredDevice
0xda27bb47,0xda27bb47,D3D12CoreGetLayeredDeviceSize
0x94edeaab,0x94edeaab,D3D12CoreRegisterLayers
0x77b797f1,0x77b797f1,D3D12CreateDevice
0xe8b95a9a,0xe8b95a9a,D3D12CreateRootSignatureDeserializer
0x51aa9069,0x51aa9069,D3D12CreateVersionedRootSignatureDeserializer
0x1349aa41,0x1349aa41,D3D12EnableExperimentalFeatures
0xc08d6845,0xc08d6845,D3D12GetDebugInterface
0x5bf8758b,0x5bf8758b,D3D12SerializeRootSignature
0x3e23375a,0x3e23375a,D3D12SerializeVersionedRootSignature
0xb39a9fcc,0xb39a9fcc,D3DKMTCheckVidPnExclusiveOwnership
0xfa98964d,0xfa98964d,D3DKMTCloseAdapter
0xc6480590,0xc6480590,D3DKMTCreateAllocation
0x4cde062f,0x4cde062f,D3DKMTCreateContext
0x3e609e7e,0x3e609e7e,D3DKMTCreateDCFromMemory
0xcdab21da,0xcdab21da,D3DKMTCreateDevice
0xa380b413,0xa380b413,D3DKMTCreateSynchronizationObject
0x506a1266,0x506a1266,D3DKMTDestroyAllocation
0xe7e152c5,0xe7e152c5,D3DKMTDestroyContext
0xd93938d4,0xd93938d4,D3DKMTDestroyDCFromMemory
0x8c8c33b0,0x8c8c33b0,D3DKMTDestroyDevice
0xa8334f29,0xa8334f29,D3DKMTDestroySynchronizationObject
0x984c0887,0x984c0887,D3DKMTEscape
0x892d7d43,0x892d7d43,D3DKMTGetContextSchedulingPriority
0x949145e7,0x949145e7,D3DKMTGetDeviceState
0xb15af70d,0xb15af70d,D3DKMTGetDisplayModeList
0xac29b2e0,0xac29b2e0,D3DKMTGetMultisampleMethodList
0x82bd7394,0x82bd7394,D3DKMTGetRuntimeData
0x4e9b7bbd,0x4e9b7bbd,D3DKMTGetSharedPrimaryHandle
0x5141aadf,0x5141aadf,D3DKMTLock
0xaa847048,0xaa847048,D3DKMTOpenAdapterFromGdiDisplayName
0xe9d7b2c,0x0e9d7b2c,D3DKMTOpenAdapterFromHdc
0x43da1b90,0x43da1b90,D3DKMTOpenResource
0xee666fb7,0xee666fb7,D3DKMTPresent
0xc22d59f9,0xc22d59f9,D3DKMTQueryAdapterInfo
0x87191f78,0x87191f78,D3DKMTQueryAllocationResidency
0x534ecfc0,0x534ecfc0,D3DKMTQueryResourceInfo
0x35873737,0x35873737,D3DKMTQueryStatistics
0xb5a7d536,0xb5a7d536,D3DKMTRender
0x168edfaa,0x168edfaa,D3DKMTSetAllocationPriority
0xa87d75cf,0xa87d75cf,D3DKMTSetContextSchedulingPriority
0x2ff6333d,0x2ff6333d,D3DKMTSetDisplayMode
0x1629dc28,0x1629dc28,D3DKMTSetDisplayPrivateDriverFormat
0x257bd55,0x0257bd55,D3DKMTSetGammaRamp
0x4fdf882a,0x4fdf882a,D3DKMTSetQueuedLimit
0x3fde651f,0x3fde651f,D3DKMTSetVidPnSourceOwner
0x53a0cd7d,0x53a0cd7d,D3DKMTSignalSynchronizationObject
0xbd494162,0xbd494162,D3DKMTUnlock
0x5ee04a1b,0x5ee04a1b,D3DKMTWaitForSynchronizationObject
0xc3258856,0xc3258856,D3DKMTWaitForVerticalBlankEvent
0x43ffc5dd,0x43ffc5dd,D3DPERF_BeginEvent
0x2f0d40f,0x02f0d40f,D3DPERF_EndEvent
0xebd9787a,0xebd9787a,D3DPERF_GetStatus
0xf969b9d8,0xf969b9d8,D3DPERF_QueryRepeatFrame
0x52612944,0x52612944,D3DPERF_SetMarker
0x5b9b6f6e,0x5b9b6f6e,D3DPERF_SetOptions
0x5e4d4706,0x5e4d4706,D3DPERF_SetRegion
0xab944f54,0xab944f54,D3DParseUnknownCommand
0x64623902,0x64623902,D3DPerformance_BeginEvent
0xc16239f4,0xc16239f4,D3DPerformance_EndEvent
0x78779aff,0x78779aff,D3DPerformance_GetStatus
0xdeff4bc9,0xdeff4bc9,D3DPerformance_SetMarker
0xeb93b2bf,0xeb93b2bf,DAD_AutoScroll
0xbecda790,0xbecda790,DAD_DragEnterEx
0x988299c2,0x988299c2,DAD_DragEnterEx2
0xfce366c2,0xfce366c2,DAD_DragLeave
0x26b2484c,0x26b2484c,DAD_DragMove
0x98f88b24,0x98f88b24,DAD_SetDragImage
0x7ba493b9,0x7ba493b9,DAD_ShowDragImage
0x22b12dd6,0x22b12dd6,DCIBeginAccess
0xec5ad140,0xec5ad140,DCICloseProvider
0x86dbc76e,0x86dbc76e,DCICreateOffscreen
0x685f0895,0x685f0895,DCICreateOverlay
0xac4a1a57,0xac4a1a57,DCICreatePrimary
0x98516e09,0x98516e09,DCIDestroy
0x3e7e39ad,0x3e7e39ad,DCIDraw
0x5202408,0x05202408,DCIEndAccess
0x3e7eb794,0x3e7eb794,DCIEnum
0x100df1c,0x0100df1c,DCIOpenProvider
0xd845016f,0xd845016f,DCISetClipList
0x795be32d,0x795be32d,DCISetDestination
0x4b7ee5cb,0x4b7ee5cb,DCISetSrcDestClip
0x4fe21ab9,0x4fe21ab9,DDGetAttachedSurfaceLcl
0x5506c59d,0x5506c59d,DDInternalLock
0xc6c003a0,0xc6c003a0,DDInternalUnlock
0x7a0790e4,0x7a0790e4,DER_AsciiToTime
0xd812fb01,0xd812fb01,DER_AsciiToTime_Util
0x7ddbace7,0x7ddbace7,DER_DecodeTimeChoice
0xb7d810e4,0xb7d810e4,DER_DecodeTimeChoice_Util
0x4e53c0f7,0x4e53c0f7,DER_Encode
0x4793ae91,0x4793ae91,DER_EncodeTimeChoice
0x3645acce,0x3645acce,DER_EncodeTimeChoice_Util
0x5fcf2ef4,0x5fcf2ef4,DER_Encode_Util
0xcac7e1bd,0xcac7e1bd,DER_GeneralizedDayToAscii
0x37b4bb7a,0x37b4bb7a,DER_GeneralizedDayToAscii_Util
0x263cba94,0x263cba94,DER_GeneralizedTimeToTime
0xab75b2b1,0xab75b2b1,DER_GeneralizedTimeToTime_Util
0xce7c6fd7,0xce7c6fd7,DER_GetInteger
0x251829d4,0x251829d4,DER_GetInteger_Util
0x234c9fcc,0x234c9fcc,DER_GetUInteger
0x50e52b4d,0x50e52b4d,DER_LengthLength
0x1f680ade,0x1f680ade,DER_Lengths
0x60d0c13b,0x60d0c13b,DER_Lengths_Util
0xfefb3d63,0xfefb3d63,DER_SetInteger
0x63a51ed8,0x63a51ed8,DER_SetUInteger
0x5216577f,0x5216577f,DER_StoreHeader
0x8827d58d,0x8827d58d,DER_TimeChoiceDayToAscii
0xe335914a,0xe335914a,DER_TimeChoiceDayToAscii_Util
0x95e2cfd4,0x95e2cfd4,DER_TimeToGeneralizedTime
0x649d5c9b,0x649d5c9b,DER_TimeToGeneralizedTimeArena
0xd9dfb118,0xd9dfb118,DER_TimeToGeneralizedTimeArena_Util
0x647b0ff1,0x647b0ff1,DER_TimeToGeneralizedTime_Util
0x6bb4baf6,0x6bb4baf6,DER_TimeToUTCTime
0xa98cfd,0x00a98cfd,DER_TimeToUTCTimeArena
0x874053,0x00874053,DER_TimeToUTCTime_Util
0xd86c305f,0xd86c305f,DER_UTCDayToAscii
0xd81d7f5c,0xd81d7f5c,DER_UTCDayToAscii_Util
0xaeafb090,0xaeafb090,DER_UTCTimeToAscii
0x16ddc62d,0x16ddc62d,DER_UTCTimeToAscii_Util
0x33e10936,0x33e10936,DER_UTCTimeToTime
0x4bde7693,0x4bde7693,DER_UTCTimeToTime_Util
0x15d80269,0x15d80269,DEVICECAPABILITIES
0xfbd9c204,0xfbd9c204,DEVICEMODE
0x812f33a,0x0812f33a,DG
0x61c5fc54,0x61c5fc54,DPA_Clone
0x9aec6917,0x9aec6917,DPA_Create
0x7ab1854,0x07ab1854,DPA_CreateEx
0x8afcd498,0x8afcd498,DPA_DeleteAllPtrs
0x965f3eec,0x965f3eec,DPA_DeletePtr
0x2828740d,0x2828740d,DPA_Destroy
0xa9bb6a7a,0xa9bb6a7a,DPA_DestroyCallback
0xcbc3ad85,0xcbc3ad85,DPA_EnumCallback
0xa35e4699,0xa35e4699,DPA_GetPtr
0x23c963b1,0x23c963b1,DPA_GetPtrIndex
0xe3f10522,0xe3f10522,DPA_Grow
0x45d9a1ce,0x45d9a1ce,DPA_InsertPtr
0x9a64cb2f,0x9a64cb2f,DPA_LoadStream
0x62772693,0x62772693,DPA_Merge
0x641483e,0x0641483e,DPA_SaveStream
0xbf51c939,0xbf51c939,DPA_Search
0xbf5c2e25,0xbf5c2e25,DPA_SetPtr
0xe3f78d4b,0xe3f78d4b,DPA_Sort
0xd2b2c310,0xd2b2c310,DPCache_Lookup
0xf3525f42,0xf3525f42,DPtoLP
0xb9274126,0xb9274126,DSAU_ConvertSignedToFixedUnsigned
0x28104636,0x28104636,DSAU_ConvertUnsignedToSigned
0x49c6a1fd,0x49c6a1fd,DSAU_DecodeDerSig
0x3aae397f,0x3aae397f,DSAU_DecodeDerSigToLen
0x2afc5ea7,0x2afc5ea7,DSAU_EncodeDerSig
0x88465f42,0x88465f42,DSAU_EncodeDerSigWithLen
0xf861bc1a,0xf861bc1a,DSA_Create
0xa2a62a74,0xa2a62a74,DSA_DeleteAllItems
0x50606108,0x50606108,DSA_DeleteItem
0x34482770,0x34482770,DSA_Destroy
0x73fdd0dd,0x73fdd0dd,DSA_DestroyCallback
0xb599f6c8,0xb599f6c8,DSA_EnumCallback
0x1b42f535,0x1b42f535,DSA_GetItem
0xf279d0eb,0xf279d0eb,DSA_GetItemPtr
0xef27202a,0xef27202a,DSA_InsertItem
0xb6fdce41,0xb6fdce41,DSA_SetItem
0x35f67494,0x35f67494,DSA_SignatureTemplate
0x9a29b605,0x9a29b605,DSoundHelp
0x8d1ea033,0x8d1ea033,DTLS_GetHandshakeTimeout
0x36e4a48a,0x36e4a48a,DTLS_ImportFD
0x3325974b,0x3325974b,DbgBreakPoint
0x8d0396ee,0x8d0396ee,DbgHelpCreateUserDump
0x2d767525,0x2d767525,DbgHelpCreateUserDumpW
0xbd7a28a9,0xbd7a28a9,DbgPrint
0x4a70466,0x04a70466,DbgPrintEx
0x3432ffcd,0x3432ffcd,DbgPrintReturnControlC
0x6cc283be,0x6cc283be,DbgPrompt
0x3cd68700,0x3cd68700,DbgQueryDebugFilterState
0x8d013742,0x8d013742,DbgReadRegistrySettings
0x13631496,0x13631496,DbgSetDebugFilterState
0x9cf30154,0x9cf30154,DbgUiConnectToDbg
0xcbfeb43f,0xcbfeb43f,DbgUiContinue
0xe36a1b73,0xe36a1b73,DbgUiConvertStateChangeStructure
0xd53d4fbc,0xd53d4fbc,DbgUiDebugActiveProcess
0xe402c5f0,0xe402c5f0,DbgUiGetThreadDebugObject
0xd72c0b4b,0xd72c0b4b,DbgUiIssueRemoteBreakin
0xb3e62f42,0xb3e62f42,DbgUiRemoteBreakin
0x75d8f27c,0x75d8f27c,DbgUiSetThreadDebugObject
0xafab8a4c,0xafab8a4c,DbgUiStopDebugging
0x6090a9b6,0x6090a9b6,DbgUiWaitStateChange
0x9addff0a,0x9addff0a,DbgUserBreakPoint
0x88d846d3,0x88d846d3,DceErrorInqTextA
0x88d846e9,0x88d846e9,DceErrorInqTextW
0x8659febe,0x8659febe,DcomChannelSetHResult
0x4d00b835,0x4d00b835,DdeAbandonTransaction
0x213c65a8,0x213c65a8,DdeAccessData
0x716a2f3f,0x716a2f3f,DdeAddData
0x3d1233b3,0x3d1233b3,DdeBindToObject
0x67cc4881,0x67cc4881,DdeClientTransaction
0xdef6bb12,0xdef6bb12,DdeCmpStringHandles
0x25c1e766,0x25c1e766,DdeConnect
0x79d03142,0x79d03142,DdeConnectList
0x1e9d5276,0x1e9d5276,DdeCreateDataHandle
0x70af9c54,0x70af9c54,DdeCreateStringHandleA
0x70af9c6a,0x70af9c6a,DdeCreateStringHandleW
0x8c60146,0x08c60146,DdeDisconnect
0x130e3b22,0x130e3b22,DdeDisconnectList
0x79dba2d0,0x79dba2d0,DdeEnableCallback
0xfa7f6004,0xfa7f6004,DdeFreeDataHandle
0x40fe12a1,0x40fe12a1,DdeFreeStringHandle
0x42be4c76,0x42be4c76,DdeGetData
0x8f6df73a,0x8f6df73a,DdeGetLastError
0x174ce2ab,0x174ce2ab,DdeGetQualityOfService
0x16c273c2,0x16c273c2,DdeImpersonateClient
0x7bb26ef,0x07bb26ef,DdeInitializeA
0x7bb2705,0x07bb2705,DdeInitializeW
0x9c7ca5c4,0x9c7ca5c4,DdeKeepStringHandle
0x73a60ace,0x73a60ace,DdeNameService
0xef74c5de,0xef74c5de,DdePostAdvise
0xa9d5d0b4,0xa9d5d0b4,DdeQueryConvInfo
0xcd79f0e8,0xcd79f0e8,DdeQueryNextServer
0x7419484a,0x7419484a,DdeQueryStringA
0x74194860,0x74194860,DdeQueryStringW
0xeacee59d,0xeacee59d,DdeReconnect
0x6189adb7,0x6189adb7,DdeSetQualityOfService
0xafbb793,0x0afbb793,DdeSetUserHandle
0x294b43eb,0x294b43eb,DdeUnaccessData
0x3e986b11,0x3e986b11,DdeUninitialize
0xa0dcb3d0,0xa0dcb3d0,DeactivateActCtx
0xbe5b0071,0xbe5b0071,DebugActiveProcess
0x7c18dcb7,0x7c18dcb7,DebugActiveProcessStop
0x2b90e57b,0x2b90e57b,DebugBreak
0xb015df9a,0xb015df9a,DebugBreakProcess
0x42b303f0,0x42b303f0,DebugHr
0x991397bd,0x991397bd,DebugMsg
0xaad36cda,0xaad36cda,DebugSetLevel
0x52c166dd,0x52c166dd,DebugSetMute
0x8d01a784,0x8d01a784,DebugSetProcessKillOnExit
0x11c73294,0x11c73294,DecodePointer
0x907394f9,0x907394f9,DecodeSystemPointer
0xd106972b,0xd106972b,DecryptFileA
0xd1069741,0xd1069741,DecryptFileW
0x3f127b2f,0x3f127b2f,DecryptMessage
0x4bb05baa,0x4bb05baa,DefDlgProcA
0x4bb05bc0,0x4bb05bc0,DefDlgProcW
0x3c6c5bbe,0x3c6c5bbe,DefDriverProc
0x2d838d9e,0x2d838d9e,DefFrameProcA
0x2d838db4,0x2d838db4,DefFrameProcW
0xb22a0291,0xb22a0291,DefMDIChildProcA
0xb22a02a7,0xb22a02a7,DefMDIChildProcW
0xe986616c,0xe986616c,DefRawInputProc
0x1605b752,0x1605b752,DefSubclassProc
0x42b7956b,0x42b7956b,DefWindowProcA
0x42b79581,0x42b79581,DefWindowProcW
0x42df7cff,0x42df7cff,DeferWindowPos
0x51ab59b1,0x51ab59b1,DefineDosDeviceA
0x51ab59c7,0x51ab59c7,DefineDosDeviceW
0x34e431b7,0x34e431b7,DelayLoadFailureHook
0x98e0f3ab,0x98e0f3ab,DeleteAce
0xb4ffb313,0xb4ffb313,DeleteAtom
0xa2187065,0xa2187065,DeleteBoundaryDescriptor
0x906e8b4d,0x906e8b4d,DeleteColorSpace
0xe7c1cb42,0xe7c1cb42,DeleteCriticalSection
0xaf4ca2e9,0xaf4ca2e9,DeleteDC
0x130cdc84,0x130cdc84,DeleteEnhMetaFile
0x554a4fea,0x554a4fea,DeleteFiber
0x554a7a63,0x554a7a63,DeleteFileA
0x92f9f12c,0x92f9f12c,DeleteFileTransactedA
0x92f9f142,0x92f9f142,DeleteFileTransactedW
0x554a7a79,0x554a7a79,DeleteFileW
0x554ddf37,0x554ddf37,DeleteFormA
0x554ddf4d,0x554ddf4d,DeleteFormW
0x17ea8537,0x17ea8537,DeleteIE3Cache
0x63349ef7,0x63349ef7,DeleteInstance
0x2a8b0627,0x2a8b0627,DeleteJobNamedProperty
0xb50607b7,0xb50607b7,DeleteMenu
0x606fd089,0x606fd089,DeleteMetaFile
0x54cfc7eb,0x54cfc7eb,DeleteMonitorA
0x54cfc801,0x54cfc801,DeleteMonitorW
0x131870d9,0x131870d9,DeleteObject
0x3918222b,0x3918222b,DeletePatternAndExtensionTables
0x5602d528,0x5602d528,DeletePortA
0x5602d53e,0x5602d53e,DeletePortW
0xaeb99f70,0xaeb99f70,DeletePrintProcessorA
0xaeb99f86,0xaeb99f86,DeletePrintProcessorW
0xadfc94c5,0xadfc94c5,DeletePrintProvidorA
0xadfc94db,0xadfc94db,DeletePrintProvidorW
0xe8667086,0xe8667086,DeletePrinter
0x682ba0b7,0x682ba0b7,DeletePrinterConnectionA
0x682ba0cd,0x682ba0cd,DeletePrinterConnectionW
0x99c871c1,0x99c871c1,DeletePrinterDataA
0x2dac06de,0x2dac06de,DeletePrinterDataExA
0x2dac06f4,0x2dac06f4,DeletePrinterDataExW
0x99c871d7,0x99c871d7,DeletePrinterDataW
0x54982f33,0x54982f33,DeletePrinterDriverA
0xdb60e8d0,0xdb60e8d0,DeletePrinterDriverExA
0xdb60e8e6,0xdb60e8e6,DeletePrinterDriverExW
0x522d1e9f,0x522d1e9f,DeletePrinterDriverPackageA
0x522d1eb5,0x522d1eb5,DeletePrinterDriverPackageW
0x54982f49,0x54982f49,DeletePrinterDriverW
0x9bc4b7f2,0x9bc4b7f2,DeletePrinterIC
0x9fd3adb0,0x9fd3adb0,DeletePrinterKeyA
0x9fd3adc6,0x9fd3adc6,DeletePrinterKeyW
0xdce570fe,0xdce570fe,DeleteProcThreadAttributeList
0x243b9eff,0x243b9eff,DeleteSecurityContext
0x5b09e4e7,0x5b09e4e7,DeleteSecurityPackageA
0x5b09e4fd,0x5b09e4fd,DeleteSecurityPackageW
0xb1a92713,0xb1a92713,DeleteService
0x4919e08,0x04919e08,DeleteTimerQueue
0x6f714d85,0x6f714d85,DeleteTimerQueueEx
0x315c2e69,0x315c2e69,DeleteTimerQueueTimer
0xd15d84d,0x0d15d84d,DeleteUrlCacheContainerA
0xd15d863,0x0d15d863,DeleteUrlCacheContainerW
0x4667e43b,0x4667e43b,DeleteUrlCacheEntry
0x13646bfc,0x13646bfc,DeleteUrlCacheEntryA
0x13646c12,0x13646c12,DeleteUrlCacheEntryW
0x468e31d6,0x468e31d6,DeleteUrlCacheGroup
0xfcdbaa98,0xfcdbaa98,DeleteVolumeMountPointA
0xfcdbaaae,0xfcdbaaae,DeleteVolumeMountPointW
0x778ccc46,0x778ccc46,DeleteWpadCacheForNetworks
0x248067b0,0x248067b0,DeregisterEventSource
0x3abbea1e,0x3abbea1e,DeregisterShellHookWindow
0x2c548ddb,0x2c548ddb,DescribePixelFormat
0xec21e846,0xec21e846,DestroyAcceleratorTable
0x4350b488,0x4350b488,DestroyCaret
0xaed16af7,0xaed16af7,DestroyCursor
0xdb43d402,0xdb43d402,DestroyIcon
0xdb460dee,0xdb460dee,DestroyMenu
0x28eae363,0x28eae363,DestroyPrivateObjectSecurity
0xbd391d94,0xbd391d94,DestroyPropertySheetPage
0xe5222e74,0xe5222e74,DestroyReasons
0xae75ba59,0xae75ba59,DestroyRunningObjectTable
0xdc9d0031,0xdc9d0031,DestroyWindow
0x37a91236,0x37a91236,DetectAutoProxyUrl
0x6dca08f1,0x6dca08f1,DevQueryPrint
0x87016ae,0x087016ae,DevQueryPrintEx
0x15d80269,0x15d80269,DeviceCapabilities
0xd0d84fea,0xd0d84fea,DeviceCapabilitiesA
0xebe24e26,0xebe24e26,DeviceCapabilitiesEx
0x682c1347,0x682c1347,DeviceCapabilitiesExA
0x682c135d,0x682c135d,DeviceCapabilitiesExW
0xd0d85000,0xd0d85000,DeviceCapabilitiesW
0x5556725b,0x5556725b,DeviceEventWorker
0xde075118,0xde075118,DeviceIoControl
0xfbd9c204,0xfbd9c204,DeviceMode
0x26bac310,0x26bac310,DevicePropertySheets
0x55ce198c,0x55ce198c,DialogBoxIndirectParamA
0x39122564,0x39122564,DialogBoxIndirectParamAorW
0x55ce19a2,0x55ce19a2,DialogBoxIndirectParamW
0x460c96fa,0x460c96fa,DialogBoxParamA
0x460c9710,0x460c9710,DialogBoxParamW
0xdac1ec3f,0xdac1ec3f,Direct3D8EnableMaximizedWindowedModeShim
0x4020b420,0x4020b420,Direct3D9EnableMaximizedWindowedModeShim
0x539b5a4d,0x539b5a4d,Direct3DCreate8
0x539b5a4e,0x539b5a4e,Direct3DCreate9
0xa7db334b,0xa7db334b,Direct3DCreate9Ex
0xad26e4b,0x0ad26e4b,Direct3DShaderValidatorCreate9
0x90bb2c0c,0x90bb2c0c,DirectDrawCreate
0x3c65aa5b,0x3c65aa5b,DirectDrawCreateClipper
0xac366c89,0xac366c89,DirectDrawCreateEx
0x76ae01f,0x076ae01f,DirectDrawEnumerateA
0x8da384bc,0x8da384bc,DirectDrawEnumerateExA
0x8da384d2,0x8da384d2,DirectDrawEnumerateExW
0x76ae035,0x076ae035,DirectDrawEnumerateW
0x1b586f06,0x1b586f06,DirectInput8Create
0x2b70e3af,0x2b70e3af,DirectInputCreateA
0x998d5a8b,0x998d5a8b,DirectInputCreateEx
0x2b70e3c5,0x2b70e3c5,DirectInputCreateW
0xa043cd14,0xa043cd14,DirectPlayCreate
0xf0644406,0xf0644406,DirectPlayEnumerate
0xfcecc527,0xfcecc527,DirectPlayEnumerateA
0xfcecc53d,0xfcecc53d,DirectPlayEnumerateW
0x9226cf6d,0x9226cf6d,DirectPlayLobbyCreateA
0x9226cf83,0x9226cf83,DirectPlayLobbyCreateW
0xd2b7427b,0xd2b7427b,DirectSoundCaptureCreate
0x299f9213,0x299f9213,DirectSoundCaptureCreate8
0x7d5a960e,0x7d5a960e,DirectSoundCaptureEnumerateA
0x7d5a9624,0x7d5a9624,DirectSoundCaptureEnumerateW
0x62c1ee07,0x62c1ee07,DirectSoundCreate
0xbaffaf1f,0xbaffaf1f,DirectSoundCreate8
0x22a8279a,0x22a8279a,DirectSoundEnumerateA
0x22a827b0,0x22a827b0,DirectSoundEnumerateW
0xde89e7ac,0xde89e7ac,DirectSoundFullDuplexCreate
0xd54c1170,0xd54c1170,DisableProcessWindowsGhosting
0x5c42e1df,0x5c42e1df,DisableThreadLibraryCalls
0xec8285e5,0xec8285e5,DisableThreadProfiling
0xd4533dc7,0xd4533dc7,DisassociateCurrentThreadFromCallback
0x713ce076,0x713ce076,DisconnectEx
0x4e44888c,0x4e44888c,DisconnectNamedPipe
0x9cbce075,0x9cbce075,DispatchAPICall
0x112355e5,0x112355e5,DispatchMessageA
0x112355fb,0x112355fb,DispatchMessageW
0x6dc74817,0x6dc74817,DisplayConfigGetDeviceInfo
0x263bba23,0x263bba23,DisplayConfigSetDeviceInfo
0x12cfdf33,0x12cfdf33,DisplayExitWindowsWarnings
0xee38f02,0x0ee38f02,DlgDirListA
0xbab5517b,0xbab5517b,DlgDirListComboBoxA
0xbab55191,0xbab55191,DlgDirListComboBoxW
0xee38f18,0x0ee38f18,DlgDirListW
0x8bb26bfc,0x8bb26bfc,DlgDirSelectComboBoxExA
0x8bb26c12,0x8bb26c12,DlgDirSelectComboBoxExW
0x25278343,0x25278343,DlgDirSelectExA
0x25278359,0x25278359,DlgDirSelectExW
0x946f8934,0x946f8934,DllCanUnloadNow
0xcedc8b9f,0xcedc8b9f,DllDebugObjectRPCHook
0x82a477f5,0x82a477f5,DllGetActivationFactory
0x88215bd8,0x88215bd8,DllGetClassObject
0xd2dff5d5,0xd2dff5d5,DllGetClassObjectWOW
0xfbe3c3d1,0xfbe3c3d1,DllGetVersion
0x63ad6c9d,0x63ad6c9d,DllInitialize
0xb583a62,0x0b583a62,DllInstall
0x53b798f0,0x53b798f0,DllMain
0xff26f2a2,0xff26f2a2,DllOnCompletion
0x4a3668e7,0x4a3668e7,DllRegisterServer
0xfb49c06a,0xfb49c06a,DllUnregisterServer
0xffe12be7,0xffe12be7,DnsHostnameToComputerNameA
0xffe12bfd,0xffe12bfd,DnsHostnameToComputerNameW
0x9c565595,0x9c565595,DoDragDrop
0x992dee89,0x992dee89,DoEnvironmentSubstA
0x992dee9f,0x992dee9f,DoEnvironmentSubstW
0x2fd82ad5,0x2fd82ad5,DoSoundConnect
0x8164255,0x08164255,DoSoundDisconnect
0x9d594c30,0x9d594c30,DocumentEvent
0xd4f03cbc,0xd4f03cbc,DocumentPropertiesA
0xd4f03cd2,0xd4f03cd2,DocumentPropertiesW
0xffc6b91f,0xffc6b91f,DocumentPropertySheets
0x13bb6474,0x13bb6474,DosDateTimeToFileTime
0x8e7af057,0x8e7af057,DosPathToSessionPathA
0x8e7af06d,0x8e7af06d,DosPathToSessionPathW
0xe7143250,0xe7143250,DragAcceptFiles
0xed2963c6,0xed2963c6,DragDetect
0x276f7d6c,0x276f7d6c,DragDropSetFDT
0xf218dfce,0xf218dfce,DragFinish
0x6965d64,0x06965d64,DragObject
0xcadfdcc3,0xcadfdcc3,DragQueryFile
0x26db7584,0x26db7584,DragQueryFileA
0xbd6d9e5c,0xbd6d9e5c,DragQueryFileAorW
0x26db759a,0x26db759a,DragQueryFileW
0x2793a94d,0x2793a94d,DragQueryPoint
0xe0612381,0xe0612381,DrawAnimatedRects
0xffe43c4b,0xffe43c4b,DrawCaption
0x3b48fe62,0x3b48fe62,DrawCaptionTempA
0x3b48fe78,0x3b48fe78,DrawCaptionTempW
0x2e8f3af1,0x2e8f3af1,DrawDibBegin
0x9cbde861,0x9cbde861,DrawDibChangePalette
0x2ea54d62,0x2ea54d62,DrawDibClose
0x5e81c57a,0x5e81c57a,DrawDibDraw
0xbd0bb463,0xbd0bb463,DrawDibEnd
0x282cd366,0x282cd366,DrawDibGetBuffer
0x353bad3b,0x353bad3b,DrawDibGetPalette
0x5e87c59e,0x5e87c59e,DrawDibOpen
0xc4700573,0xc4700573,DrawDibProfileDisplay
0xde829438,0xde829438,DrawDibRealize
0x65ba7ac7,0x65ba7ac7,DrawDibSetPalette
0x2fcafcda,0x2fcafcda,DrawDibStart
0x5e8a0972,0x5e8a0972,DrawDibStop
0x5e8a66bb,0x5e8a66bb,DrawDibTime
0x7f967552,0x7f967552,DrawEdge
0xc0164dae,0xc0164dae,DrawEscape
0xed4a064b,0xed4a064b,DrawFocusRect
0x727ecd48,0x727ecd48,DrawFrame
0xf2743fc9,0xf2743fc9,DrawFrameControl
0x7f98a3a6,0x7f98a3a6,DrawIcon
0xc85032a3,0xc85032a3,DrawIconEx
0xc9194d12,0xc9194d12,DrawInsert
0xadb7a27,0x0adb7a27,DrawMenuBar
0xa30b8dbd,0xa30b8dbd,DrawMenuBarTemp
0xe0cfd59f,0xe0cfd59f,DrawStateA
0xe0cfd5b5,0xe0cfd5b5,DrawStateW
0xf0c929c6,0xf0c929c6,DrawStatusText
0x9ee62e7,0x09ee62e7,DrawStatusTextA
0x9ee62fd,0x09ee62fd,DrawStatusTextW
0x73756623,0x73756623,DrawTextA
0x26679bc0,0x26679bc0,DrawTextExA
0x26679bd6,0x26679bd6,DrawTextExW
0x73756639,0x73756639,DrawTextW
0xd7eaf16b,0xd7eaf16b,DriveType
0xdde4a968,0xdde4a968,DriverCallback
0x86b50fb3,0x86b50fb3,DriverCleanupPolicy
0xb877b4d5,0xb877b4d5,DriverFinalPolicy
0xeda142fd,0xeda142fd,DriverInitializePolicy
0x7bf9d12d,0x7bf9d12d,DrvGetModuleHandle
0xfd794f5c,0xfd794f5c,DumpCompleteHeap
0x51171418,0x51171418,DumpJSStack
0xadf86529,0xadf86529,DuplicateConsoleHandle
0xad3c04c1,0xad3c04c1,DuplicateEncryptionInfoFile
0xe2d92036,0xe2d92036,DuplicateHandle
0xd131e9b3,0xd131e9b3,DuplicateIcon
0xf83cb06b,0xf83cb06b,DuplicateToken
0xfa2a84a8,0xfa2a84a8,DuplicateTokenEx
0x6950e5e9,0x6950e5e9,DwmAttachMilContent
0xb7649f92,0xb7649f92,DwmDefWindowProc
0xfcc0e93d,0xfcc0e93d,DwmDetachMilContent
0x3cb02f5,0x03cb02f5,DwmEnableBlurBehindWindow
0x4b660df2,0x4b660df2,DwmEnableComposition
0xdc3b481,0x0dc3b481,DwmEnableMMCSS
0xe6d1b3dc,0xe6d1b3dc,DwmExtendFrameIntoClientArea
0x1b480c99,0x1b480c99,DwmFlush
0x88c80db3,0x88c80db3,DwmGetColorizationColor
0xdb4307df,0xdb4307df,DwmGetCompositionTimingInfo
0x68ef9553,0x68ef9553,DwmGetDxSharedSurface
0x944b87b3,0x944b87b3,DwmGetGraphicsStreamClient
0x8ce30603,0x8ce30603,DwmGetGraphicsStreamTransformHint
0x44ee174b,0x44ee174b,DwmGetTransportAttributes
0xd9797d5b,0xd9797d5b,DwmGetUnmetTabRequirements
0x54990a83,0x54990a83,DwmGetWindowAttribute
0x2acf1e9d,0x2acf1e9d,DwmInvalidateIconicBitmaps
0xf8ea54b2,0xf8ea54b2,DwmIsCompositionEnabled
0xfa240cc9,0xfa240cc9,DwmModifyPreviousDxFrameDuration
0x3029f11d,0x3029f11d,DwmQueryThumbnailSourceSize
0x72700240,0x72700240,DwmRegisterThumbnail
0x9b1e9556,0x9b1e9556,DwmRenderGesture
0xf13bb370,0xf13bb370,DwmSetDxFrameDuration
0x2b118b07,0x2b118b07,DwmSetIconicLivePreviewBitmap
0xc718cf9c,0xc718cf9c,DwmSetIconicThumbnail
0xa4f11418,0xa4f11418,DwmSetPresentParameters
0x7da2a40f,0x7da2a40f,DwmSetWindowAttribute
0x636833e4,0x636833e4,DwmShowContact
0xd967f23d,0xd967f23d,DwmStartRedirection
0x76d3275,0x076d3275,DwmStopRedirection
0x4d42fe2f,0x4d42fe2f,DwmTetherContact
0xb465994,0x0b465994,DwmTetherTextContact
0x9a6d6a57,0x9a6d6a57,DwmTransitionOwnedWindow
0xdedd39e3,0xdedd39e3,DwmUnregisterThumbnail
0xac428b0b,0xac428b0b,DwmUpdateThumbnailProperties
0xe8a33d43,0xe8a33d43,DwmpAllocateSecurityDescriptor
0x651c12be,0x651c12be,DwmpDxBindSwapChain
0xc23729fb,0xc23729fb,DwmpDxGetWindowSharedSurface
0xd7131be1,0xd7131be1,DwmpDxUnbindSwapChain
0x490bf9e1,0x490bf9e1,DwmpDxUpdateWindowRedirectionBltSurface
0x6bc7d67e,0x6bc7d67e,DwmpDxUpdateWindowSharedSurface
0x799849b8,0x799849b8,DwmpDxgiIsThreadDesktopComposited
0xa04f8af4,0xa04f8af4,DwmpEnableDDASupport
0x63bdbc00,0x63bdbc00,DwmpFreeSecurityDescriptor
0xcc5a22b8,0xcc5a22b8,DwmpGetColorizationParameters
0x2542e930,0x2542e930,DwmpRenderFlick
0xdd7e06c4,0xdd7e06c4,DwmpSetColorizationParameters
0x9fa6f675,0x9fa6f675,EXTDEVICEMODE
0x4ccfa912,0x4ccfa912,EditWndProc
0x14b219c1,0x14b219c1,ElfBackupEventLogFileA
0x14b219d7,0x14b219d7,ElfBackupEventLogFileW
0xb219fa5,0x0b219fa5,ElfChangeNotify
0xa0d27f52,0xa0d27f52,ElfClearEventLogFileA
0xa0d27f68,0xa0d27f68,ElfClearEventLogFileW
0xf988c480,0xf988c480,ElfCloseEventLog
0x10a1cda7,0x10a1cda7,ElfDeregisterEventSource
0x6547738c,0x6547738c,ElfFlushEventLog
0xbae569b6,0xbae569b6,ElfNumberOfRecords
0xfe128f70,0xfe128f70,ElfOldestRecord
0xd1d9d2d3,0xd1d9d2d3,ElfOpenBackupEventLogA
0xd1d9d2e9,0xd1d9d2e9,ElfOpenBackupEventLogW
0xd51e855d,0xd51e855d,ElfOpenEventLogA
0xd51e8573,0xd51e8573,ElfOpenEventLogW
0x6aea1e67,0x6aea1e67,ElfReadEventLogA
0x6aea1e7d,0x6aea1e7d,ElfReadEventLogW
0x20ccbd9f,0x20ccbd9f,ElfRegisterEventSourceA
0x20ccbdb5,0x20ccbdb5,ElfRegisterEventSourceW
0x9f5ebaa5,0x9f5ebaa5,ElfReportEventA
0x86a8bdf,0x086a8bdf,ElfReportEventAndSourceW
0x9f5ebabb,0x9f5ebabb,ElfReportEventW
0xa0afe53d,0xa0afe53d,Ellipse
0x1489c06e,0x1489c06e,EmptyClipboard
0xb1005097,0xb1005097,EnableEUDC
0x96832162,0x96832162,EnableFeatureLevelUpgrade
0xf587191e,0xf587191e,EnableHookObject
0x8e947d1a,0x8e947d1a,EnableMenuItem
0x69a6f47a,0x69a6f47a,EnableScrollBar
0xe3db5b38,0xe3db5b38,EnableThreadProfiling
0xd2182185,0xd2182185,EnableTrace
0xb8a6a442,0xb8a6a442,EnableTraceEx
0xcd7b2cb4,0xcd7b2cb4,EnableTraceEx2
0x1b80166e,0x1b80166e,EnableWindow
0x19b4847e,0x19b4847e,EncodePointer
0xa0152e63,0xa0152e63,EncodeSystemPointer
0xb23c53d5,0xb23c53d5,EncryptFileA
0xb23c53eb,0xb23c53eb,EncryptFileW
0x44aa0a59,0x44aa0a59,EncryptMessage
0x7692cfb2,0x7692cfb2,EncryptedFileKeyInfo
0x7257ee4e,0x7257ee4e,EncryptionDisable
0xb992b16,0x0b992b16,EndDeferWindowPos
0xf0bdc336,0xf0bdc336,EndDialog
0xf57a625c,0xf57a625c,EndDoc
0xa271a880,0xa271a880,EndDocPrinter
0xa4cb749b,0xa4cb749b,EndMenu
0xa4cd07c3,0xa4cd07c3,EndPage
0x1e355407,0x1e355407,EndPagePrinter
0x3e6e0a42,0x3e6e0a42,EndPaint
0xa4cd0973,0xa4cd0973,EndPath
0xa4cf3ad9,0xa4cf3ad9,EndTask
0x8e44bef2,0x8e44bef2,EndUpdateResourceA
0x8e44bf08,0x8e44bf08,EndUpdateResourceW
0x59abf5cd,0x59abf5cd,EnterCriticalSection
0xf90ac4a5,0xf90ac4a5,EnterReaderModeHelper
0x57f2804b,0x57f2804b,EnumCalendarInfoA
0x1e93dfe8,0x1e93dfe8,EnumCalendarInfoExA
0xf10fdde4,0xf10fdde4,EnumCalendarInfoExEx
0x1e93dffe,0x1e93dffe,EnumCalendarInfoExW
0x57f28061,0x57f28061,EnumCalendarInfoW
0xe57be033,0xe57be033,EnumChildWindows
0x2c2765f0,0x2c2765f0,EnumClipboardFormats
0xf38ff69f,0xf38ff69f,EnumDateFormatsA
0x17683b3c,0x17683b3c,EnumDateFormatsExA
0x46fa3b8,0x046fa3b8,EnumDateFormatsExEx
0x17683b52,0x17683b52,EnumDateFormatsExW
0xf38ff6b5,0xf38ff6b5,EnumDateFormatsW
0x215204a0,0x215204a0,EnumDependentServicesA
0x215204b6,0x215204b6,EnumDependentServicesW
0xb8288bc9,0xb8288bc9,EnumDesktopWindows
0x5085bf32,0x5085bf32,EnumDesktopsA
0x5085bf48,0x5085bf48,EnumDesktopsW
0xb4050813,0xb4050813,EnumDirTree
0x34a60aea,0x34a60aea,EnumDirTreeW
0xaa133c9e,0xaa133c9e,EnumDisplayDevicesA
0xaa133cb4,0xaa133cb4,EnumDisplayDevicesW
0xe78a4ff5,0xe78a4ff5,EnumDisplayMonitors
0x3feb06ec,0x3feb06ec,EnumDisplaySettingsA
0xe6c892c9,0xe6c892c9,EnumDisplaySettingsExA
0xe6c892df,0xe6c892df,EnumDisplaySettingsExW
0x3feb0702,0x3feb0702,EnumDisplaySettingsW
0x91c2cd86,0x91c2cd86,EnumEnhMetaFile
0x58fd9026,0x58fd9026,EnumFontFamiliesA
0x8ea25283,0x8ea25283,EnumFontFamiliesExA
0x8ea25299,0x8ea25299,EnumFontFamiliesExW
0x58fd903c,0x58fd903c,EnumFontFamiliesW
0x67a07ccf,0x67a07ccf,EnumFontsA
0x67a07ce5,0x67a07ce5,EnumFontsW
0x67a2908c,0x67a2908c,EnumFormsA
0x67a290a2,0x67a290a2,EnumFormsW
0xceee9082,0xceee9082,EnumICMProfilesA
0xceee9098,0xceee9098,EnumICMProfilesW
0xc657011,0x0c657011,EnumJobNamedProperties
0x2273d573,0x2273d573,EnumJobsA
0x2273d589,0x2273d589,EnumJobsW
0x625bf79,0x0625bf79,EnumLanguageGroupLocalesA
0x625bf8f,0x0625bf8f,EnumLanguageGroupLocalesW
0x3e2cad8b,0x3e2cad8b,EnumMRUListW
0x525990cb,0x525990cb,EnumMetaFile
0x1dea9080,0x1dea9080,EnumMonitorsA
0x1dea9096,0x1dea9096,EnumMonitorsW
0xf1d84c6e,0xf1d84c6e,EnumObjects
0x7ef6449d,0x7ef6449d,EnumPortsA
0x7ef644b3,0x7ef644b3,EnumPortsW
0xc8126c1,0x0c8126c1,EnumPrintProcessorDatatypesA
0xc8126d7,0x0c8126d7,EnumPrintProcessorDatatypesW
0xadac7265,0xadac7265,EnumPrintProcessorsA
0xadac727b,0xadac727b,EnumPrintProcessorsW
0xef3c8303,0xef3c8303,EnumPrinterDataA
0xb06970a0,0xb06970a0,EnumPrinterDataExA
0xb06970b6,0xb06970b6,EnumPrinterDataExW
0xef3c8319,0xef3c8319,EnumPrinterDataW
0xc208ba48,0xc208ba48,EnumPrinterDriversA
0xc208ba5e,0xc208ba5e,EnumPrinterDriversW
0x1e899eb2,0x1e899eb2,EnumPrinterKeyA
0x1e899ec8,0x1e899ec8,EnumPrinterKeyW
0xcae681bc,0xcae681bc,EnumPrintersA
0xcae681d2,0xcae681d2,EnumPrintersW
0x7f2ad7f9,0x7f2ad7f9,EnumPropsA
0xf540db16,0xf540db16,EnumPropsExA
0xf540db2c,0xf540db2c,EnumPropsExW
0x7f2ad80f,0x7f2ad80f,EnumPropsW
0xa6674129,0xa6674129,EnumProtocols
0x734f66aa,0x734f66aa,EnumProtocolsA
0x734f66c0,0x734f66c0,EnumProtocolsW
0x3b544564,0x3b544564,EnumResourceLanguagesA
0x617b4f41,0x617b4f41,EnumResourceLanguagesExA
0x617b4f57,0x617b4f57,EnumResourceLanguagesExW
0x3b54457a,0x3b54457a,EnumResourceLanguagesW
0xe71a7a1,0x0e71a7a1,EnumResourceNamesA
0x717a34be,0x717a34be,EnumResourceNamesExA
0x717a34d4,0x717a34d4,EnumResourceNamesExW
0xe71a7b7,0x0e71a7b7,EnumResourceNamesW
0x1e248ca2,0x1e248ca2,EnumResourceTypesA
0x397a5dff,0x397a5dff,EnumResourceTypesExA
0x397a5e15,0x397a5e15,EnumResourceTypesExW
0x1e248cb8,0x1e248cb8,EnumResourceTypesW
0x5ec443b9,0x5ec443b9,EnumServiceGroupW
0x8b36668d,0x8b36668d,EnumServicesStatusA
0x326a5eaa,0x326a5eaa,EnumServicesStatusExA
0x326a5ec0,0x326a5ec0,EnumServicesStatusExW
0x8b3666a3,0x8b3666a3,EnumServicesStatusW
0xaefd4bd5,0xaefd4bd5,EnumSystemCodePagesA
0xaefd4beb,0xaefd4beb,EnumSystemCodePagesW
0x351f43c1,0x351f43c1,EnumSystemFirmwareTables
0x7086a411,0x7086a411,EnumSystemGeoID
0xa352df8e,0xa352df8e,EnumSystemLanguageGroupsA
0xa352dfa4,0xa352dfa4,EnumSystemLanguageGroupsW
0xc74472ad,0xc74472ad,EnumSystemLocalesA
0xafd2c949,0xafd2c949,EnumSystemLocalesEx
0xc74472c3,0xc74472c3,EnumSystemLocalesW
0xb29c2307,0xb29c2307,EnumThreadWindows
0x11617ed0,0x11617ed0,EnumTimeFormatsA
0x3d9159cc,0x3d9159cc,EnumTimeFormatsEx
0x11617ee6,0x11617ee6,EnumTimeFormatsW
0x6cbea65a,0x6cbea65a,EnumUILanguagesA
0x6cbea670,0x6cbea670,EnumUILanguagesW
0xa9c18912,0xa9c18912,EnumWindowStationsA
0xa9c18928,0xa9c18928,EnumWindowStationsW
0x6a4657ef,0x6a4657ef,EnumWindows
0xcaccacf7,0xcaccacf7,EnumerateLoadedModules
0xb0abcde1,0xb0abcde1,EnumerateLoadedModules64
0xb0abd434,0xb0abd434,EnumerateLoadedModulesEx
0xc6265b2b,0xc6265b2b,EnumerateLoadedModulesExW
0xc6269ef8,0xc6269ef8,EnumerateLoadedModulesW64
0x329fc604,0x329fc604,EnumerateLocalComputerNamesA
0x329fc61a,0x329fc61a,EnumerateLocalComputerNamesW
0x6dcb9bad,0x6dcb9bad,EnumerateSecurityPackagesA
0x6dcb9bc3,0x6dcb9bc3,EnumerateSecurityPackagesW
0x83184740,0x83184740,EnumerateTraceGuids
0xaa4724bd,0xaa4724bd,EnumerateTraceGuidsEx
0x7707d29f,0x7707d29f,EqualDomainSid
0x557ffe35,0x557ffe35,EqualPrefixSid
0xcb614d75,0xcb614d75,EqualRect
0x4bfb312e,0x4bfb312e,EqualRgn
0x4bfb35a7,0x4bfb35a7,EqualSid
0xdd959c69,0xdd959c69,EraseTape
0xf5d443e0,0xf5d443e0,Escape
0x11b59e52,0x11b59e52,EscapeCommFunction
0xf58b56e4,0xf58b56e4,EtwCreateTraceInstanceId
0xf4d6f58f,0xf4d6f58f,EtwDeliverDataBlock
0xa135fcde,0xa135fcde,EtwEnumerateProcessRegGuids
0xaca60a3c,0xaca60a3c,EtwEventActivityIdControl
0xe5e69d2c,0xe5e69d2c,EtwEventEnabled
0x59f05017,0x59f05017,EtwEventProviderEnabled
0xfbc7a5a6,0xfbc7a5a6,EtwEventRegister
0x6f55469,0x06f55469,EtwEventUnregister
0x25b1d1ec,0x25b1d1ec,EtwEventWrite
0x19501bf7,0x19501bf7,EtwEventWriteEndScenario
0x596e0a69,0x596e0a69,EtwEventWriteEx
0x6d1ad69f,0x6d1ad69f,EtwEventWriteFull
0x62ef6904,0x62ef6904,EtwEventWriteNoRegistration
0xf8b17b6e,0xf8b17b6e,EtwEventWriteStartScenario
0x3d6f3e23,0x3d6f3e23,EtwEventWriteString
0x813a3d31,0x813a3d31,EtwEventWriteTransfer
0x79bfac22,0x79bfac22,EtwGetTraceEnableFlags
0x7a28c18d,0x7a28c18d,EtwGetTraceEnableLevel
0x6339aa1a,0x6339aa1a,EtwGetTraceLoggerHandle
0xbb746092,0xbb746092,EtwLogTraceEvent
0xa7c45a6b,0xa7c45a6b,EtwNotificationRegister
0xa4f24e6e,0xa4f24e6e,EtwNotificationUnregister
0xa2b83d42,0xa2b83d42,EtwProcessPrivateLoggerRequest
0x8ee7bc67,0x8ee7bc67,EtwRegisterSecurityProvider
0xf3a9b4b0,0xf3a9b4b0,EtwRegisterTraceGuidsA
0xf3a9b4c6,0xf3a9b4c6,EtwRegisterTraceGuidsW
0x4f697bd2,0x4f697bd2,EtwReplyNotification
0xe5460230,0xe5460230,EtwSendNotification
0xc6f0adb6,0xc6f0adb6,EtwSetMark
0x1fcecc25,0x1fcecc25,EtwTraceEventInstance
0x1979fd73,0x1979fd73,EtwTraceMessage
0x5fef35ca,0x5fef35ca,EtwTraceMessageVa
0x71b42c72,0x71b42c72,EtwUnregisterTraceGuids
0xc643bd86,0xc643bd86,EtwWriteUMSecurityEvent
0xfc955eb,0x0fc955eb,EtwpCreateEtwThread
0x9ada85e8,0x9ada85e8,EtwpGetCpuSpeed
0x7a261fce,0x7a261fce,EtwpNotificationThread
0xcfec67a4,0xcfec67a4,EventAccessControl
0xd4ff8579,0xd4ff8579,EventAccessQuery
0x76282b71,0x76282b71,EventAccessRemove
0x797ca38c,0x797ca38c,EventActivityIdControl
0x18de527c,0x18de527c,EventEnabled
0xf6b05567,0xf6b05567,EventProviderEnabled
0x8db604f6,0x8db604f6,EventRegister
0xcdf8c7b9,0xcdf8c7b9,EventUnregister
0xb59bf33c,0xb59bf33c,EventWrite
0x4e10cb47,0x4e10cb47,EventWriteEndScenario
0x8c65bfb9,0x8c65bfb9,EventWriteEx
0x605b3ebe,0x605b3ebe,EventWriteStartScenario
0xe4e11b73,0xe4e11b73,EventWriteString
0xcc98ae81,0xcc98ae81,EventWriteTransfer
0x55ff7895,0x55ff7895,EvtIntReportAuthzEventAndSourceAsync
0x537d0069,0x537d0069,EvtIntReportEventAndSourceAsync
0x6032cdbc,0x6032cdbc,ExceptionHandler
0xb441e6af,0xb441e6af,ExcludeClipRect
0x7a89e083,0x7a89e083,ExcludeUpdateRgn
0x8cdfaec8,0x8cdfaec8,ExitProcess
0x1c6a1241,0x1c6a1241,ExitThread
0xbc7da310,0xbc7da310,ExitVDM
0xdaaf3bd1,0xdaaf3bd1,ExitWindowsEx
0x8c317637,0x8c317637,ExpInterlockedPopEntrySListEnd
0x5e732e3c,0x5e732e3c,ExpInterlockedPopEntrySListFault
0x491e4c51,0x491e4c51,ExpInterlockedPopEntrySListResume
0x3dd91a2f,0x3dd91a2f,ExpandEnvironmentStringsA
0x3dd91a45,0x3dd91a45,ExpandEnvironmentStringsW
0x3de16d2e,0x3de16d2e,ExportSecurityContext
0xf2046850,0xf2046850,ExpungeConsoleCommandHistoryA
0xf2046866,0xf2046866,ExpungeConsoleCommandHistoryW
0x696030b7,0x696030b7,ExtCreatePen
0x8cbed158,0x8cbed158,ExtCreateRegion
0x9fa6f675,0x9fa6f675,ExtDeviceMode
0xfdfee7d1,0xfdfee7d1,ExtEscape
0x5e98063b,0x5e98063b,ExtFloodFill
0xfd4ba8ef,0xfd4ba8ef,ExtSelectClipRgn
0x4dd8347e,0x4dd8347e,ExtTextOutA
0x4dd83494,0x4dd83494,ExtTextOutW
0xee54f16c,0xee54f16c,ExtensionApiVersion
0xcff62d4,0x0cff62d4,ExtractAssociatedIconA
0x4a6388b1,0x4a6388b1,ExtractAssociatedIconExA
0x4a6388c7,0x4a6388c7,ExtractAssociatedIconExW
0xcff62ea,0x0cff62ea,ExtractAssociatedIconW
0x1de10dd4,0x1de10dd4,ExtractIconA
0xda02c950,0xda02c950,ExtractIconEx
0x1a5bf3b1,0x1a5bf3b1,ExtractIconExA
0x1a5bf3c7,0x1a5bf3c7,ExtractIconExW
0x1de10dea,0x1de10dea,ExtractIconW
0xcffcdb9,0x0cffcdb9,FC_GetFunctionList
0x8b4617e8,0x8b4617e8,FC_GetInterface
0x6f1cd2c4,0x6f1cd2c4,FC_GetInterfaceList
0xe87d4871,0xe87d4871,FREEBL_GetVector
0x843a3393,0x843a3393,FatalAppExitA
0x843a33a9,0x843a33a9,FatalAppExitW
0x2ebf6451,0x2ebf6451,FatalExit
0xed1c1f7f,0xed1c1f7f,FileEncryptionStatusA
0xed1c1f95,0xed1c1f95,FileEncryptionStatusW
0xdc12de34,0xdc12de34,FileTimeToDosDateTime
0x7c0af89b,0x7c0af89b,FileTimeToLocalFileTime
0xd7339955,0xd7339955,FileTimeToSystemTime
0x4094bcce,0x4094bcce,FillConsoleOutputAttribute
0x49f16968,0x49f16968,FillConsoleOutputCharacterA
0x49f1697e,0x49f1697e,FillConsoleOutputCharacterW
0xbc35aac3,0xbc35aac3,FillPath
0xbc36d264,0xbc36d264,FillRect
0xe6ac543d,0xe6ac543d,FillRgn
0x5a67ef35,0x5a67ef35,FindActCtxSectionGuid
0xb23fcb84,0xb23fcb84,FindActCtxSectionStringA
0xb23fcb9a,0xb23fcb9a,FindActCtxSectionStringW
0xc9311f02,0xc9311f02,FindAtomA
0xc9311f18,0xc9311f18,FindAtomW
0xd33e9527,0xd33e9527,FindCertsByIssuer
0xbeec13e6,0xbeec13e6,FindCertsEmailCallback
0xc950edc6,0xc950edc6,FindClose
0xbca4b1d3,0xbca4b1d3,FindCloseChangeNotification
0x16f54db7,0x16f54db7,FindClosePrinterChangeNotification
0xaad62e0d,0xaad62e0d,FindCloseUrlCache
0x7ac49683,0x7ac49683,FindDebugInfoFile
0x3e4450c0,0x3e4450c0,FindDebugInfoFileEx
0x6ce6937,0x06ce6937,FindDebugInfoFileExW
0x88a53e13,0x88a53e13,FindExecutableA
0xb73a4335,0xb73a4335,FindExecutableImage
0x6ed7f1f2,0x6ed7f1f2,FindExecutableImageEx
0x49d630a9,0x49d630a9,FindExecutableImageExW
0x88a53e29,0x88a53e29,FindExecutableW
0xe6cbed21,0xe6cbed21,FindExt
0x855a4914,0x855a4914,FindFileInPath
0x4536936a,0x4536936a,FindFileInSearchPath
0xb3a70c86,0xb3a70c86,FindFirstChangeNotificationA
0xb3a70c9c,0xb3a70c9c,FindFirstChangeNotificationW
0x5da8e9f9,0x5da8e9f9,FindFirstFileA
0x6b8b6d16,0x6b8b6d16,FindFirstFileExA
0x6b8b6d2c,0x6b8b6d2c,FindFirstFileExW
0x308d4279,0x308d4279,FindFirstFileNameTransactedW
0x7cb18af0,0x7cb18af0,FindFirstFileNameW
0x7fc15442,0x7fc15442,FindFirstFileTransactedA
0x7fc15458,0x7fc15458,FindFirstFileTransactedW
0x5da8ea0f,0x5da8ea0f,FindFirstFileW
0x800b1b83,0x800b1b83,FindFirstFreeAce
0xac4a1b29,0xac4a1b29,FindFirstPrinterChangeNotification
0xd378a3c4,0xd378a3c4,FindFirstStreamTransactedW
0x6e55c27b,0x6e55c27b,FindFirstStreamW
0xced26ba3,0xced26ba3,FindFirstUrlCacheContainerA
0xced26bb9,0xced26bb9,FindFirstUrlCacheContainerW
0x58a0c452,0x58a0c452,FindFirstUrlCacheEntryA
0x3e341af,0x03e341af,FindFirstUrlCacheEntryExA
0x3e341c5,0x03e341c5,FindFirstUrlCacheEntryExW
0x58a0c468,0x58a0c468,FindFirstUrlCacheEntryW
0x2d5d76c,0x02d5d76c,FindFirstUrlCacheGroup
0x49371291,0x49371291,FindFirstVolumeA
0x39082b2e,0x39082b2e,FindFirstVolumeMountPointA
0x39082b44,0x39082b44,FindFirstVolumeMountPointW
0x493712a7,0x493712a7,FindFirstVolumeW
0xf68feed4,0xf68feed4,FindNLSString
0xda470151,0xda470151,FindNLSStringEx
0xa1524d1c,0xa1524d1c,FindNextChangeNotification
0x2f93a30,0x02f93a30,FindNextFileA
0xf58d1ea7,0xf58d1ea7,FindNextFileNameW
0x2f93a46,0x02f93a46,FindNextFileW
0x91ac3ce0,0x91ac3ce0,FindNextPrinterChangeNotification
0xa8fafc72,0xa8fafc72,FindNextStreamW
0x62f11d3a,0x62f11d3a,FindNextUrlCacheContainerA
0x62f11d50,0x62f11d50,FindNextUrlCacheContainerW
0x23904269,0x23904269,FindNextUrlCacheEntryA
0x48aaa186,0x48aaa186,FindNextUrlCacheEntryExA
0x48aaa19c,0x48aaa19c,FindNextUrlCacheEntryExW
0x2390427f,0x2390427f,FindNextUrlCacheEntryW
0xe2326ea3,0xe2326ea3,FindNextUrlCacheGroup
0x83dc4c88,0x83dc4c88,FindNextVolumeA
0x16bb85e5,0x16bb85e5,FindNextVolumeMountPointA
0x16bb85fb,0x16bb85fb,FindNextVolumeMountPointW
0x83dc4c9e,0x83dc4c9e,FindNextVolumeW
0x49723bf9,0x49723bf9,FindResourceA
0x6ef13f16,0x6ef13f16,FindResourceExA
0x6ef13f2c,0x6ef13f2c,FindResourceExW
0x49723c0f,0x49723c0f,FindResourceW
0xe3fb6150,0xe3fb6150,FindStringOrdinal
0x80d0affe,0x80d0affe,FindVolumeClose
0x98142d1b,0x98142d1b,FindVolumeMountPointClose
0x5db6a489,0x5db6a489,FindWindowA
0xa5f20ba6,0xa5f20ba6,FindWindowExA
0xa5f20bbc,0xa5f20bbc,FindWindowExW
0x5db6a49f,0x5db6a49f,FindWindowW
0x2a58ddff,0x2a58ddff,FixBrushOrgEx
0xf5098f15,0xf5098f15,FlashWindow
0x5da9b5d2,0x5da9b5d2,FlashWindowEx
0x8f18a015,0x8f18a015,FlatSB_EnableScrollBar
0x8497bfc5,0x8497bfc5,FlatSB_GetScrollInfo
0x3a524a8b,0x3a524a8b,FlatSB_GetScrollPos
0x849ba89a,0x849ba89a,FlatSB_GetScrollProp
0x5f310630,0x5f310630,FlatSB_GetScrollPropPtr
0x182b9566,0x182b9566,FlatSB_GetScrollRange
0x3d0c31d1,0x3d0c31d1,FlatSB_SetScrollInfo
0x85baab17,0x85baab17,FlatSB_SetScrollPos
0x3d101aa6,0x3d101aa6,FlatSB_SetScrollProp
0xdf2e48f2,0xdf2e48f2,FlatSB_SetScrollRange
0xa31c3caf,0xa31c3caf,FlatSB_ShowScrollBar
0x5364e8ca,0x5364e8ca,FlattenPath
0xf4c81bea,0xf4c81bea,FloodFill
0xb2af6c7f,0xb2af6c7f,FlsAlloc
0xee272f16,0xee272f16,FlsFree
0x25a996d1,0x25a996d1,FlsGetValue
0x38bf915d,0x38bf915d,FlsSetValue
0x36ba4c4e,0x36ba4c4e,FlushConsoleInputBuffer
0x50e7e163,0x50e7e163,FlushEfsCache
0x288cb61e,0x288cb61e,FlushFileBuffers
0xf2ca71a7,0xf2ca71a7,FlushInstructionCache
0xe0e0a155,0xe0e0a155,FlushPrinter
0x922ecf48,0x922ecf48,FlushProcessWriteBuffers
0x55810440,0x55810440,FlushSList
0x85e9f41,0x085e9f41,FlushTraceA
0x85e9f57,0x085e9f57,FlushTraceW
0x55f6001,0x055f6001,FlushViewOfFile
0xd4d6cf56,0xd4d6cf56,FmtIdToPropStgName
0x73080ecc,0x73080ecc,FoldStringA
0x73080ee2,0x73080ee2,FoldStringW
0x8e5aab39,0x8e5aab39,FontIsLinked
0x34cd22eb,0x34cd22eb,ForceNexusLookup
0x30d47c9f,0x30d47c9f,ForceNexusLookupExW
0xc6b01fde,0xc6b01fde,FormatMessageA
0xc6b01ff4,0xc6b01ff4,FormatMessageW
0x44121048,0x44121048,FrameRect
0x576565a1,0x576565a1,FrameRgn
0x487e2d75,0x487e2d75,FreeAddrInfoEx
0x30be016f,0x30be016f,FreeAddrInfoW
0x60720784,0x60720784,FreeConsole
0xf0a8ba10,0xf0a8ba10,FreeContextBuffer
0x7009b1ab,0x7009b1ab,FreeCredentialsHandle
0xcda6593b,0xcda6593b,FreeDDElParam
0xa8456534,0xa8456534,FreeEncryptedFileKeyInfo
0x7d359640,0x7d359640,FreeEncryptedFileMetadata
0x5ac5651f,0x5ac5651f,FreeEncryptionCertificateHashList
0x26aa3291,0x26aa3291,FreeEnvironmentStringsA
0x26aa32a7,0x26aa32a7,FreeEnvironmentStringsW
0x5e7c1ab6,0x5e7c1ab6,FreeIconList
0x2b12d817,0x2b12d817,FreeImageColorMatcher
0x7d1e4560,0x7d1e4560,FreeInheritedFromArray
0x6654966,0x06654966,FreeLibrary
0xb36b136b,0xb36b136b,FreeLibraryAndExitThread
0x8ac302f8,0x8ac302f8,FreeLibraryWhenCallbackReturns
0x69b29d41,0x69b29d41,FreeMRUList
0xb58f0d87,0xb58f0d87,FreePrintNamedPropertyArray
0xe500da80,0xe500da80,FreePrintPropertyValue
0x7654b09a,0x7654b09a,FreePrinterNotifyInfo
0x7b3275e6,0x7b3275e6,FreePropVariantArray
0x502cdeb9,0x502cdeb9,FreeResource
0xfb284431,0xfb284431,FreeSid
0x12d37005,0x12d37005,FreeUrlCacheSpaceA
0x12d3701b,0x12d3701b,FreeUrlCacheSpaceW
0xa0613dd,0x0a0613dd,FreeUserPhysicalPages
0x3a41b46f,0x3a41b46f,FrostCrashedWindow
0x2850e639,0x2850e639,FtpCommandA
0x2850e64f,0x2850e64f,FtpCommandW
0xa6089863,0xa6089863,FtpCreateDirectoryA
0xa6089879,0xa6089879,FtpCreateDirectoryW
0xacb4db0d,0xacb4db0d,FtpDeleteFileA
0xacb4db23,0xacb4db23,FtpDeleteFileW
0xa9d48263,0xa9d48263,FtpFindFirstFileA
0xa9d48279,0xa9d48279,FtpFindFirstFileW
0x8e9e8672,0x8e9e8672,FtpGetCurrentDirectoryA
0x8e9e8688,0x8e9e8688,FtpGetCurrentDirectoryW
0xe76ba5ba,0xe76ba5ba,FtpGetFileA
0xd4e05df6,0xd4e05df6,FtpGetFileEx
0x8e773114,0x8e773114,FtpGetFileSize
0xe76ba5d0,0xe76ba5d0,FtpGetFileW
0x2f5ff06c,0x2f5ff06c,FtpOpenFileA
0x2f5ff082,0x2f5ff082,FtpOpenFileW
0x55fedb3,0x055fedb3,FtpPutFileA
0xb15da50f,0xb15da50f,FtpPutFileEx
0x55fedc9,0x055fedc9,FtpPutFileW
0xa5a04a9d,0xa5a04a9d,FtpRemoveDirectoryA
0xa5a04ab3,0xa5a04ab3,FtpRemoveDirectoryW
0x14e0a9d2,0x14e0a9d2,FtpRenameFileA
0x14e0a9e8,0x14e0a9e8,FtpRenameFileW
0x2074b2fe,0x2074b2fe,FtpSetCurrentDirectoryA
0x2074b314,0x2074b314,FtpSetCurrentDirectoryW
0x4b8a087e,0x4b8a087e,GIFFT_TimingDistributionAccumulateRawMillis
0x4d92bbec,0x4d92bbec,GIFFT_TimingDistributionCancel
0x41950974,0x41950974,GIFFT_TimingDistributionStart
0x7255c9c3,0x7255c9c3,GIFFT_TimingDistributionStopAndAccumulate
0xf846cd4e,0xf846cd4e,GdiAlphaBlend
0x489364b6,0x489364b6,GdiAssociateObject
0x5dbca3a1,0x5dbca3a1,GdiCleanCacheDC
0xe2d64ad6,0xe2d64ad6,GdiComment
0x487bb4fc,0x487bb4fc,GdiConvertAndCheckDC
0x211ec961,0x211ec961,GdiConvertBitmap
0x105e348,0x0105e348,GdiConvertBrush
0x538f418b,0x538f418b,GdiConvertDC
0xb5d11166,0xb5d11166,GdiConvertEnhMetaFile
0x74672abb,0x74672abb,GdiConvertFont
0xb910f47b,0xb910f47b,GdiConvertMetaFilePict
0x67692db3,0x67692db3,GdiConvertPalette
0x4621c148,0x4621c148,GdiConvertRegion
0xc4f4d8c2,0xc4f4d8c2,GdiConvertToDevmodeW
0xec3838ff,0xec3838ff,GdiCreateLocalBitmap
0x54c0d726,0x54c0d726,GdiCreateLocalBrush
0xb5b6f3c4,0xb5b6f3c4,GdiCreateLocalEnhMetaFile
0xc4841ad9,0xc4841ad9,GdiCreateLocalFont
0xb5b32299,0xb5b32299,GdiCreateLocalMetaFilePict
0x95b09111,0x95b09111,GdiCreateLocalPalette
0x113b30e6,0x113b30e6,GdiCreateLocalRegion
0xc77049ea,0xc77049ea,GdiDciBeginAccess
0x8175a56b,0x8175a56b,GdiDciCreateOffscreenSurface
0x8a663fb2,0x8a663fb2,GdiDciCreateOverlaySurface
0x40f78334,0x40f78334,GdiDciCreatePrimarySurface
0x285c1ba6,0x285c1ba6,GdiDciDestroySurface
0xe7fd6f4a,0xe7fd6f4a,GdiDciDrawSurface
0xd812b1c,0x0d812b1c,GdiDciEndAccess
0x3c566351,0x3c566351,GdiDciEnumSurface
0x2f8aee05,0x2f8aee05,GdiDciInitialize
0x7d041d83,0x7d041d83,GdiDciSetClipList
0x692076c1,0x692076c1,GdiDciSetDestination
0xc18c1708,0xc18c1708,GdiDeleteLocalDC
0x6222dc78,0x6222dc78,GdiDeleteLocalObject
0x1f8c566f,0x1f8c566f,GdiDescribePixelFormat
0x782f5631,0x782f5631,GdiDllInitialize
0x956519dd,0x956519dd,GdiDrawStream
0x7af75219,0x7af75219,GdiEntry13
0x20266665,0x20266665,GdiFlush
0x3c9545a4,0x3c9545a4,GdiGetBatchLimit
0xe7e8a79a,0xe7e8a79a,GdiGetCharDimensions
0x738c243b,0x738c243b,GdiGetCodePage
0xc543160b,0xc543160b,GdiGetLocalBitmap
0x821e42b2,0x821e42b2,GdiGetLocalBrush
0xe6c3c935,0xe6c3c935,GdiGetLocalDC
0xa6dc44e5,0xa6dc44e5,GdiGetLocalFont
0x1e5440b5,0x1e5440b5,GdiGetSpoolMessage
0xab326258,0xab326258,GdiGradientFill
0x9da6bc24,0x9da6bc24,GdiInitSpool
0x2ec9f3d8,0x2ec9f3d8,GdiInitializeLanguagePack
0x16ef292d,0x16ef292d,GdiIsMetaFileDC
0xb68067a,0x0b68067a,GdiIsMetaPrintDC
0x1956b703,0x1956b703,GdiIsPlayMetafileDC
0xa508ce15,0xa508ce15,GdiPlayDCScript
0x826cca34,0x826cca34,GdiPlayJournal
0xa3ba2d4e,0xa3ba2d4e,GdiPlayScript
0x54e75a91,0x54e75a91,GdiRealizationInfo
0x1f831f6,0x01f831f6,GdiReleaseLocalDC
0xf79dddd,0x0f79dddd,GdiSetAttrs
0xf509b7b0,0xf509b7b0,GdiSetBatchLimit
0xd275ed3a,0xd275ed3a,GdiSetPixelFormat
0xe326ccc1,0xe326ccc1,GdiSetServerAttr
0x95bd900b,0x95bd900b,GdiSwapBuffers
0x7b63037,0x07b63037,GdiTransparentBlt
0x2a63cdbe,0x2a63cdbe,GdiWinWatchClose
0x205a0ee3,0x205a0ee3,GdiWinWatchDidStatusChange
0x40697aec,0x40697aec,GdiWinWatchGetClipList
0xea09aa7a,0xea09aa7a,GdiWinWatchOpen
0xff24d49f,0xff24d49f,GdipAddPathArc
0xe3bf68e8,0xe3bf68e8,GdipAddPathArcI
0xd2b3d72a,0xd2b3d72a,GdipAddPathBezier
0x292ebcd3,0x292ebcd3,GdipAddPathBezierI
0x292ebcdd,0x292ebcdd,GdipAddPathBeziers
0x4f0658e6,0x4f0658e6,GdipAddPathBeziersI
0x23246248,0x23246248,GdipAddPathClosedCurve
0x87b0ab7a,0x87b0ab7a,GdipAddPathClosedCurve2
0x7dc61b23,0x7dc61b23,GdipAddPathClosedCurve2I
0x87b0abb1,0x87b0abb1,GdipAddPathClosedCurveI
0x5bd29dee,0x5bd29dee,GdipAddPathCurve
0xd6265be0,0xd6265be0,GdipAddPathCurve2
0x9af1d849,0x9af1d849,GdipAddPathCurve2I
0xd6265be1,0xd6265be1,GdipAddPathCurve3
0x9af1d86a,0x9af1d86a,GdipAddPathCurve3I
0xd6265c17,0xd6265c17,GdipAddPathCurveI
0x1f746757,0x1f746757,GdipAddPathEllipse
0xe0152a0,0x0e0152a0,GdipAddPathEllipseI
0xe3c54c31,0xe3c54c31,GdipAddPathLine
0x5c6ed283,0x5c6ed283,GdipAddPathLine2
0xea49234c,0xea49234c,GdipAddPathLine2I
0x5c6ed2ba,0x5c6ed2ba,GdipAddPathLineI
0xe3c75c76,0xe3c75c76,GdipAddPathPath
0xff251347,0xff251347,GdipAddPathPie
0xe3c77c90,0xe3c77c90,GdipAddPathPieI
0x753d1cd1,0x753d1cd1,GdipAddPathPolygon
0x1ce0b75a,0x1ce0b75a,GdipAddPathPolygonI
0xa67b097e,0xa67b097e,GdipAddPathRectangle
0x75dc39a7,0x75dc39a7,GdipAddPathRectangleI
0x75dc39b1,0x75dc39b1,GdipAddPathRectangles
0x3163703a,0x3163703a,GdipAddPathRectanglesI
0xfb669780,0xfb669780,GdipAddPathString
0x683987e9,0x683987e9,GdipAddPathStringI
0x3b7aafde,0x3b7aafde,GdipAlloc
0x4c25cd9b,0x4c25cd9b,GdipBeginContainer
0xd0df812d,0xd0df812d,GdipBeginContainer2
0xd0df8164,0xd0df8164,GdipBeginContainerI
0xbb6db532,0xbb6db532,GdipBitmapGetPixel
0x3276fb6b,0x3276fb6b,GdipBitmapLockBits
0xce83afbe,0xce83afbe,GdipBitmapSetPixel
0xed846830,0xed846830,GdipBitmapSetResolution
0xe0aef9ee,0xe0aef9ee,GdipBitmapUnlockBits
0xa084dc,0x00a084dc,GdipClearPathMarkers
0x82951f3a,0x82951f3a,GdipCloneBitmapArea
0xd53906e3,0xd53906e3,GdipCloneBitmapAreaI
0x4011e588,0x4011e588,GdipCloneBrush
0xdbad7db,0x0dbad7db,GdipCloneCustomLineCap
0xa4dbe4fb,0xa4dbe4fb,GdipCloneFont
0xe997809d,0xe997809d,GdipCloneFontFamily
0x408d7c87,0x408d7c87,GdipCloneImage
0xf240f5ce,0xf240f5ce,GdipCloneImageAttributes
0x5ac324d9,0x5ac324d9,GdipCloneMatrix
0xa4e125f1,0xa4e125f1,GdipClonePath
0x811e18e7,0x811e18e7,GdipClonePen
0x66ae0b88,0x66ae0b88,GdipCloneRegion
0xf37e7be4,0xf37e7be4,GdipCloneStringFormat
0x9651a278,0x9651a278,GdipClosePathFigure
0x6085f1eb,0x6085f1eb,GdipClosePathFigures
0xe9fa01e1,0xe9fa01e1,GdipCombineRegionPath
0xe9fb2982,0xe9fb2982,GdipCombineRegionRect
0x29605a2b,0x29605a2b,GdipCombineRegionRectI
0x556da378,0x556da378,GdipCombineRegionRegion
0xa5eb29a6,0xa5eb29a6,GdipComment
0x52101305,0x52101305,GdipCreateAdjustableArrowCap
0xc90d2a,0x00c90d2a,GdipCreateBitmapFromDirectDrawSurface
0x671a7898,0x671a7898,GdipCreateBitmapFromFile
0x8afc9d71,0x8afc9d71,GdipCreateBitmapFromFileICM
0x9994113b,0x9994113b,GdipCreateBitmapFromGdiDib
0x72bc1e29,0x72bc1e29,GdipCreateBitmapFromGraphics
0x146efb7d,0x146efb7d,GdipCreateBitmapFromHBITMAP
0x4a8d9809,0x4a8d9809,GdipCreateBitmapFromHICON
0xdacd3800,0xdacd3800,GdipCreateBitmapFromResource
0x4b51526d,0x4b51526d,GdipCreateBitmapFromScan0
0xb6b87384,0xb6b87384,GdipCreateBitmapFromStream
0x1b11c0dd,0x1b11c0dd,GdipCreateBitmapFromStreamICM
0xb160c05c,0xb160c05c,GdipCreateCachedBitmap
0x13488f7e,0x13488f7e,GdipCreateCustomLineCap
0xfae2213e,0xfae2213e,GdipCreateFont
0x8fe2ac35,0x8fe2ac35,GdipCreateFontFamilyFromName
0xf90d6c59,0xf90d6c59,GdipCreateFontFromDC
0x18eee8ac,0x18eee8ac,GdipCreateFontFromLogfontA
0x18eee8c2,0x18eee8c2,GdipCreateFontFromLogfontW
0xc0ec03ea,0xc0ec03ea,GdipCreateFromHDC
0xde6c815c,0xde6c815c,GdipCreateFromHDC2
0xde6cd3cc,0xde6cd3cc,GdipCreateFromHWND
0xcb119c25,0xcb119c25,GdipCreateFromHWNDICM
0x60f4875d,0x60f4875d,GdipCreateHBITMAPFromBitmap
0xd5a7ab29,0xd5a7ab29,GdipCreateHICONFromBitmap
0x2a3dedc7,0x2a3dedc7,GdipCreateHalftonePalette
0x12cbe753,0x12cbe753,GdipCreateHatchBrush
0x921b2231,0x921b2231,GdipCreateImageAttributes
0xb88ec4d3,0xb88ec4d3,GdipCreateLineBrush
0x242f1235,0x242f1235,GdipCreateLineBrushFromRect
0xaa11593e,0xaa11593e,GdipCreateLineBrushFromRectI
0xc5619d78,0xc5619d78,GdipCreateLineBrushFromRectWithAngle
0x71954ce1,0x71954ce1,GdipCreateLineBrushFromRectWithAngleI
0xca675f9c,0xca675f9c,GdipCreateLineBrushI
0x4b497ddc,0x4b497ddc,GdipCreateMatrix
0xb479398e,0xb479398e,GdipCreateMatrix2
0xb479398f,0xb479398f,GdipCreateMatrix3
0x43a06bd8,0x43a06bd8,GdipCreateMatrix3I
0xa7acfeda,0xa7acfeda,GdipCreateMetafileFromEmf
0x9d4d56a2,0x9d4d56a2,GdipCreateMetafileFromFile
0x451afc0e,0x451afc0e,GdipCreateMetafileFromStream
0xa7ad4b6c,0xa7ad4b6c,GdipCreateMetafileFromWmf
0xb36dd0c,0x0b36dd0c,GdipCreateMetafileFromWmfFile
0xfae76234,0xfae76234,GdipCreatePath
0x57d3a8e6,0x57d3a8e6,GdipCreatePath2
0x5248c60f,0x5248c60f,GdipCreatePath2I
0x7ded5222,0x7ded5222,GdipCreatePathGradient
0xe43056e3,0xe43056e3,GdipCreatePathGradientFromPath
0x3b9796cb,0x3b9796cb,GdipCreatePathGradientI
0x7b0eae8,0x07b0eae8,GdipCreatePathIter
0xfae7723b,0xfae7723b,GdipCreatePen1
0xfae7723c,0xfae7723c,GdipCreatePen2
0x5734648b,0x5734648b,GdipCreateRegion
0xecd4ac1a,0xecd4ac1a,GdipCreateRegionHrgn
0xecd8c878,0xecd8c878,GdipCreateRegionPath
0xecd9f019,0xecd9f019,GdipCreateRegionRect
0x8817f3a2,0x8817f3a2,GdipCreateRegionRectI
0xf34bea2c,0xf34bea2c,GdipCreateRegionRgnData
0xe0fe6aa9,0xe0fe6aa9,GdipCreateSolidFill
0xa80bd530,0xa80bd530,GdipCreateStreamOnFile
0x96924b27,0x96924b27,GdipCreateStringFormat
0xd8ef3298,0xd8ef3298,GdipCreateTexture
0xf6d585ca,0xf6d585ca,GdipCreateTexture2
0xd1863f73,0xd1863f73,GdipCreateTexture2I
0xd1864682,0xd1864682,GdipCreateTextureIA
0x24f172b,0x024f172b,GdipCreateTextureIAI
0x88216b4a,0x88216b4a,GdipDeleteBrush
0xcf8289b,0x0cf8289b,GdipDeleteCachedBitmap
0xe1ccff9d,0xe1ccff9d,GdipDeleteCustomLineCap
0xbe50ba7d,0xbe50ba7d,GdipDeleteFont
0x95aaef9f,0x95aaef9f,GdipDeleteFontFamily
0x49c39d37,0x49c39d37,GdipDeleteGraphics
0xa4c362db,0xa4c362db,GdipDeleteMatrix
0xbe55fb73,0xbe55fb73,GdipDeletePath
0xa7380ba7,0xa7380ba7,GdipDeletePathIter
0xa8ad4629,0xa8ad4629,GdipDeletePen
0xb3392744,0xb3392744,GdipDeletePrivateFontCollection
0xb0ae498a,0xb0ae498a,GdipDeleteRegion
0xf229b366,0xf229b366,GdipDeleteStringFormat
0x5e2294ad,0x5e2294ad,GdipDisposeImage
0x4ad6f574,0x4ad6f574,GdipDisposeImageAttributes
0xf9112577,0xf9112577,GdipDrawArc
0x1b35d4c0,0x1b35d4c0,GdipDrawArcI
0xc1749902,0xc1749902,GdipDrawBezier
0xf007b9ab,0xf007b9ab,GdipDrawBezierI
0xf007b9b5,0xf007b9b5,GdipDrawBeziers
0xf0fef0be,0xf0fef0be,GdipDrawBeziersI
0x3160a076,0x3160a076,GdipDrawCachedBitmap
0x75600b20,0x75600b20,GdipDrawClosedCurve
0x21616f52,0x21616f52,GdipDrawClosedCurve2
0x4d8f59fb,0x4d8f59fb,GdipDrawClosedCurve2I
0x21616f89,0x21616f89,GdipDrawClosedCurveI
0x821684c6,0x821684c6,GdipDrawCurve
0xc4e71db8,0xc4e71db8,GdipDrawCurve2
0x61cad521,0x61cad521,GdipDrawCurve2I
0xc4e71db9,0xc4e71db9,GdipDrawCurve3
0x61cad542,0x61cad542,GdipDrawCurve3I
0xc4e71def,0xc4e71def,GdipDrawCurveI
0x12a686a4,0x12a686a4,GdipDrawDriverString
0xe64d642f,0xe64d642f,GdipDrawEllipse
0xaff9ea78,0xaff9ea78,GdipDrawEllipseI
0x827e6a84,0x827e6a84,GdipDrawImage
0xd24bbb6d,0xd24bbb6d,GdipDrawImageI
0xa872f5dc,0xa872f5dc,GdipDrawImagePointRect
0xb6d1b1c5,0xb6d1b1c5,GdipDrawImagePointRectI
0x44831b01,0x44831b01,GdipDrawImagePoints
0xd4e67b8a,0xd4e67b8a,GdipDrawImagePointsI
0xb6eaf18f,0xb6eaf18f,GdipDrawImagePointsRect
0x944923d8,0x944923d8,GdipDrawImagePointsRectI
0x19384a92,0x19384a92,GdipDrawImageRect
0x40419d3b,0x40419d3b,GdipDrawImageRectI
0x3adf81a0,0x3adf81a0,GdipDrawImageRectRect
0x96cfb609,0x96cfb609,GdipDrawImageRectRectI
0x1b3bb809,0x1b3bb809,GdipDrawLine
0x82b2b992,0x82b2b992,GdipDrawLineI
0x82b2b99c,0x82b2b99c,GdipDrawLines
0xd909ed85,0xd909ed85,GdipDrawLinesI
0x1b3dc84e,0x1b3dc84e,GdipDrawPath
0xf911641f,0xf911641f,GdipDrawPie
0x1b3de868,0x1b3de868,GdipDrawPieI
0x3c1619a9,0x3c1619a9,GdipDrawPolygon
0xbed94f32,0xbed94f32,GdipDrawPolygonI
0x87869c56,0x87869c56,GdipDrawRectangle
0x785a277f,0x785a277f,GdipDrawRectangleI
0x785a2789,0x785a2789,GdipDrawRectangles
0x839f1912,0x839f1912,GdipDrawRectanglesI
0xea275958,0xea275958,GdipDrawString
0x8847368a,0x8847368a,GdipEmfToWmfBits
0xa47cb18d,0xa47cb18d,GdipEndContainer
0xd07c715a,0xd07c715a,GdipEnumerateMetafileDestPoint
0xe00a9d03,0xe00a9d03,GdipEnumerateMetafileDestPointI
0xe00a9d0d,0xe00a9d0d,GdipEnumerateMetafileDestPoints
0xe15e3f16,0xe15e3f16,GdipEnumerateMetafileDestPointsI
0x3c9fd99e,0x3c9fd99e,GdipEnumerateMetafileDestRect
0xd09b0dc7,0xd09b0dc7,GdipEnumerateMetafileDestRectI
0xd22c3470,0xd22c3470,GdipEnumerateMetafileSrcRectDestPoint
0x17b2c2d9,0x17b2c2d9,GdipEnumerateMetafileSrcRectDestPointI
0x17b2c2e3,0x17b2c2e3,GdipEnumerateMetafileSrcRectDestPoints
0xe0b1fac,0x0e0b1fac,GdipEnumerateMetafileSrcRectDestPointsI
0x6b3891f4,0x6b3891f4,GdipEnumerateMetafileSrcRectDestRect
0xd24ad0dd,0xd24ad0dd,GdipEnumerateMetafileSrcRectDestRectI
0xf54d4559,0xf54d4559,GdipFillClosedCurve
0x9ef5f0ab,0x9ef5f0ab,GdipFillClosedCurve2
0x7db40674,0x7db40674,GdipFillClosedCurve2I
0x9ef5f0e2,0x9ef5f0e2,GdipFillClosedCurveI
0xa72c69e8,0xa72c69e8,GdipFillEllipse
0x8cb9a751,0x8cb9a751,GdipFillEllipseI
0x57d700a7,0x57d700a7,GdipFillPath
0x7ec87558,0x7ec87558,GdipFillPie
0x57d720c1,0x57d720c1,GdipFillPieI
0xfcf51f62,0xfcf51f62,GdipFillPolygon
0x9b990bd4,0x9b990bd4,GdipFillPolygon2
0xeba86bd,0x0eba86bd,GdipFillPolygon2I
0x9b990c0b,0x9b990c0b,GdipFillPolygonI
0xfc3df44f,0xfc3df44f,GdipFillRectangle
0x83fc7e98,0x83fc7e98,GdipFillRectangleI
0x83fc7ea2,0x83fc7ea2,GdipFillRectangles
0x38c534b,0x038c534b,GdipFillRectanglesI
0xae856bbe,0xae856bbe,GdipFillRegion
0x867f242e,0x867f242e,GdipFlattenPath
0x3bd55135,0x3bd55135,GdipFlush
0x20d80295,0x20d80295,GdipFree
0xd969599,0x0d969599,GdipGetAdjustableArrowCapFillState
0x4ef9696a,0x4ef9696a,GdipGetAdjustableArrowCapHeight
0x2fe1dda3,0x2fe1dda3,GdipGetAdjustableArrowCapMiddleInset
0xc566afb1,0xc566afb1,GdipGetAdjustableArrowCapWidth
0xcb7811d3,0xcb7811d3,GdipGetAllPropertyItems
0x1a9139,0x001a9139,GdipGetBrushType
0xa38af4d1,0xa38af4d1,GdipGetCellAscent
0xdc505519,0xdc505519,GdipGetCellDescent
0xc2f9d33b,0xc2f9d33b,GdipGetClip
0x442c4aa6,0x442c4aa6,GdipGetClipBounds
0xc9b59fcf,0xc9b59fcf,GdipGetClipBoundsI
0x3633caa4,0x3633caa4,GdipGetCompositingMode
0x1e28ba28,0x1e28ba28,GdipGetCompositingQuality
0x488b2f79,0x488b2f79,GdipGetCustomLineCapBaseCap
0x9888bfe8,0x9888bfe8,GdipGetCustomLineCapBaseInset
0xad13eb69,0xad13eb69,GdipGetCustomLineCapStrokeCaps
0xad17fcb2,0xad17fcb2,GdipGetCustomLineCapStrokeJoin
0x827d340c,0x827d340c,GdipGetCustomLineCapType
0x4b2cbcf2,0x4b2cbcf2,GdipGetCustomLineCapWidthScale
0x3be38cda,0x3be38cda,GdipGetDC
0xc2fa70a8,0xc2fa70a8,GdipGetDpiX
0xc2fa70a9,0xc2fa70a9,GdipGetDpiY
0xa87400de,0xa87400de,GdipGetEmHeight
0x3cf7fe90,0x3cf7fe90,GdipGetEncoderParameterList
0xdf35a4eb,0xdf35a4eb,GdipGetEncoderParameterListSize
0x6ef61c75,0x6ef61c75,GdipGetFamily
0xfd274bb6,0xfd274bb6,GdipGetFamilyName
0x420d4bc1,0x420d4bc1,GdipGetFontCollectionFamilyCount
0xeabf6b54,0xeabf6b54,GdipGetFontCollectionFamilyList
0x8c36b963,0x8c36b963,GdipGetFontHeight
0x17c16d19,0x17c16d19,GdipGetFontHeightGivenDPI
0x3dbe3925,0x3dbe3925,GdipGetFontSize
0xf58b62fb,0xf58b62fb,GdipGetFontStyle
0x3dbf650a,0x3dbf650a,GdipGetFontUnit
0xc61d9f4e,0xc61d9f4e,GdipGetGenericFontFamilyMonospace
0x9ebd8477,0x9ebd8477,GdipGetGenericFontFamilySansSerif
0x3bd97002,0x3bd97002,GdipGetGenericFontFamilySerif
0x328e5f7a,0x328e5f7a,GdipGetHatchBackgroundColor
0x7e0c9b95,0x7e0c9b95,GdipGetHatchForegroundColor
0xa36e4e4c,0xa36e4e4c,GdipGetHatchStyle
0x83d3c80e,0x83d3c80e,GdipGetHemfFromMetafile
0x8a2a8ec0,0x8a2a8ec0,GdipGetImageAttributesAdjustedPalette
0xc3eb7ee1,0xc3eb7ee1,GdipGetImageBounds
0x1999161f,0x1999161f,GdipGetImageDecoders
0xcea5ebfa,0xcea5ebfa,GdipGetImageDecodersSize
0xe8f272bc,0xe8f272bc,GdipGetImageDimension
0xbaa70dc9,0xbaa70dc9,GdipGetImageEncoders
0xafdba8a4,0xafdba8a4,GdipGetImageEncodersSize
0xc064cfa3,0xc064cfa3,GdipGetImageFlags
0x181815ec,0x181815ec,GdipGetImageGraphicsContext
0xd12ecbcf,0xd12ecbcf,GdipGetImageHeight
0x91221eb4,0x91221eb4,GdipGetImageHorizontalResolution
0x55baed65,0x55baed65,GdipGetImagePalette
0x6acdf640,0x6acdf640,GdipGetImagePaletteSize
0x79322301,0x79322301,GdipGetImagePixelFormat
0xe9df1d49,0xe9df1d49,GdipGetImageRawFormat
0xbe16d23a,0xbe16d23a,GdipGetImageThumbnail
0x72778fb8,0x72778fb8,GdipGetImageType
0x5bdc2024,0x5bdc2024,GdipGetImageVerticalResolution
0xc196d976,0xc196d976,GdipGetImageWidth
0xc1bcb9c0,0xc1bcb9c0,GdipGetInterpolationMode
0x2b551e0,0x02b551e0,GdipGetLineBlend
0xff71d629,0xff71d629,GdipGetLineBlendCount
0x5beedd2d,0x5beedd2d,GdipGetLineColors
0x8fa387b6,0x8fa387b6,GdipGetLineGammaCorrection
0x61f8aed3,0x61f8aed3,GdipGetLinePresetBlend
0x320442fc,0x320442fc,GdipGetLinePresetBlendCount
0xf85bba09,0xf85bba09,GdipGetLineRect
0x3d2fb92,0x03d2fb92,GdipGetLineRectI
0xaaf5aee0,0xaaf5aee0,GdipGetLineSpacing
0xa67683b7,0xa67683b7,GdipGetLineTransform
0x5594cc3a,0x5594cc3a,GdipGetLineWrapMode
0xb5f5a5ed,0xb5f5a5ed,GdipGetLogFontA
0xb5f5a603,0xb5f5a603,GdipGetLogFontW
0xa65277a5,0xa65277a5,GdipGetMatrixElements
0xd3a0b538,0xd3a0b538,GdipGetMetafileDownLevelRasterizationLimit
0xe6f07b2f,0xe6f07b2f,GdipGetMetafileHeaderFromEmf
0xc5005d97,0xc5005d97,GdipGetMetafileHeaderFromFile
0x3711cede,0x3711cede,GdipGetMetafileHeaderFromMetafile
0x25ab9443,0x25ab9443,GdipGetMetafileHeaderFromStream
0xe6f0c7c1,0xe6f0c7c1,GdipGetMetafileHeaderFromWmf
0x33922824,0x33922824,GdipGetNearestColor
0x58ef6578,0x58ef6578,GdipGetPageScale
0x313ed750,0x313ed750,GdipGetPageUnit
0x4fbea89a,0x4fbea89a,GdipGetPathData
0x186668ac,0x186668ac,GdipGetPathFillMode
0xbde5b5f3,0xbde5b5f3,GdipGetPathGradientBlend
0xa8d2be1c,0xa8d2be1c,GdipGetPathGradientBlendCount
0x3d435a6e,0x3d435a6e,GdipGetPathGradientCenterColor
0x3e2e8c19,0x3e2e8c19,GdipGetPathGradientCenterPoint
0x4000fa2,0x04000fa2,GdipGetPathGradientCenterPointI
0x18a8ebe9,0x18a8ebe9,GdipGetPathGradientFocusScales
0x23825f89,0x23825f89,GdipGetPathGradientGammaCorrection
0xb835401b,0xb835401b,GdipGetPathGradientPath
0x1535de81,0x1535de81,GdipGetPathGradientPointCount
0x37769526,0x37769526,GdipGetPathGradientPresetBlend
0x41be152f,0x41be152f,GdipGetPathGradientPresetBlendCount
0xb83667bc,0xb83667bc,GdipGetPathGradientRect
0xbf035fa5,0xbf035fa5,GdipGetPathGradientRectI
0x5822d738,0x5822d738,GdipGetPathGradientSurroundColorCount
0x4fb69707,0x4fb69707,GdipGetPathGradientSurroundColorsWithCount
0x8c90b94a,0x8c90b94a,GdipGetPathGradientTransform
0xb9a51b6d,0xb9a51b6d,GdipGetPathGradientWrapMode
0xabc6cbde,0xabc6cbde,GdipGetPathLastPoint
0x5700b43d,0x5700b43d,GdipGetPathPoints
0x37173c46,0x37173c46,GdipGetPathPointsI
0x48c25cf5,0x48c25cf5,GdipGetPathTypes
0x1c105133,0x1c105133,GdipGetPathWorldBounds
0x9e1a77fc,0x9e1a77fc,GdipGetPathWorldBoundsI
0x1987cfc1,0x1987cfc1,GdipGetPenBrushFill
0x755463b5,0x755463b5,GdipGetPenColor
0x2ef13eba,0x2ef13eba,GdipGetPenCompoundArray
0x2f13d904,0x2f13d904,GdipGetPenCompoundCount
0xa6f568fc,0xa6f568fc,GdipGetPenCustomEndCap
0xed84df53,0xed84df53,GdipGetPenCustomStartCap
0x9e0c6455,0x9e0c6455,GdipGetPenDashArray
0x5e72b8d,0x05e72b8d,GdipGetPenDashCap197819
0x9e2efe9f,0x9e2efe9f,GdipGetPenDashCount
0x7f61b79d,0x7f61b79d,GdipGetPenDashOffset
0x9f535547,0x9f535547,GdipGetPenDashStyle
0x24747b41,0x24747b41,GdipGetPenEndCap
0x9235b67f,0x9235b67f,GdipGetPenFillType
0x1fe6b24e,0x1fe6b24e,GdipGetPenLineJoin
0x54651176,0x54651176,GdipGetPenMiterLimit
0x58e9019b,0x58e9019b,GdipGetPenMode
0xc71196d8,0xc71196d8,GdipGetPenStartCap
0x3bd85f72,0x3bd85f72,GdipGetPenTransform
0x58ed6116,0x58ed6116,GdipGetPenUnit
0x76bae216,0x76bae216,GdipGetPenWidth
0x70573de1,0x70573de1,GdipGetPixelOffsetMode
0x65570ce6,0x65570ce6,GdipGetPointCount
0x4a260661,0x4a260661,GdipGetPropertyCount
0x9c19b461,0x9c19b461,GdipGetPropertyIdList
0x5f59d9c7,0x5f59d9c7,GdipGetPropertyItem
0xc8f043a2,0xc8f043a2,GdipGetPropertyItemSize
0x5f5f2973,0x5f5f2973,GdipGetPropertySize
0x87cdc882,0x87cdc882,GdipGetRegionBounds
0x8186d92b,0x8186d92b,GdipGetRegionBoundsI
0x7c3fd171,0x7c3fd171,GdipGetRegionData
0x51fe004c,0x51fe004c,GdipGetRegionDataSize
0x7c4249a6,0x7c4249a6,GdipGetRegionHRgn
0x54a392f,0x054a392f,GdipGetRegionScans
0x4e76a6d8,0x4e76a6d8,GdipGetRegionScansCount
0xae915f78,0xae915f78,GdipGetRegionScansI
0x20c86879,0x20c86879,GdipGetRenderingOrigin
0x700de050,0x700de050,GdipGetSmoothingMode
0xa4e031f4,0xa4e031f4,GdipGetSolidFillColor
0xbd2611be,0xbd2611be,GdipGetStringFormatAlign
0x6a325a1,0x06a325a1,GdipGetStringFormatDigitSubstitution
0xbd806a40,0xbd806a40,GdipGetStringFormatFlags
0x7508ab35,0x7508ab35,GdipGetStringFormatHotkeyPrefix
0xd952c266,0xd952c266,GdipGetStringFormatLineAlign
0xd30aafb7,0xd30aafb7,GdipGetStringFormatMeasurableCharacterRangeCount
0xa58fdc39,0xa58fdc39,GdipGetStringFormatTabStopCount
0xa7cd0c63,0xa7cd0c63,GdipGetStringFormatTabStops
0xd44eae1a,0xd44eae1a,GdipGetStringFormatTrimming
0x85fbcb46,0x85fbcb46,GdipGetTextContrast
0xdf8d60e9,0xdf8d60e9,GdipGetTextRenderingHint
0xf3c33ea7,0xf3c33ea7,GdipGetTextureImage
0x3b2d8700,0x3b2d8700,GdipGetTextureTransform
0x90640a63,0x90640a63,GdipGetTextureWrapMode
0x6e078b4,0x06e078b4,GdipGetVisibleClipBounds
0xe2ef8f9d,0xe2ef8f9d,GdipGetVisibleClipBoundsI
0xabd06d37,0xabd06d37,GdipGetWorldTransform
0x7b52902b,0x7b52902b,GdipGraphicsClear
0xfe11d9d0,0xfe11d9d0,GdipImageForceValidation
0x1b9038aa,0x1b9038aa,GdipImageGetFrameCount
0xc2346183,0xc2346183,GdipImageGetFrameDimensionsCount
0xcf99d0d6,0xcf99d0d6,GdipImageGetFrameDimensionsList
0x6f0e5310,0x6f0e5310,GdipImageRotateFlip
0xeb3567d,0x0eb3567d,GdipImageSelectActiveFrame
0x1c5625e0,0x1c5625e0,GdipInvertMatrix
0x840d57a6,0x840d57a6,GdipIsClipEmpty
0xba5c65c2,0xba5c65c2,GdipIsEmptyRegion
0x9f5cfccb,0x9f5cfccb,GdipIsEqualRegion
0xc9e56089,0xc9e56089,GdipIsInfiniteRegion
0xec92313c,0xec92313c,GdipIsMatrixEqual
0x3a429b0e,0x3a429b0e,GdipIsMatrixIdentity
0x59db6158,0x59db6158,GdipIsMatrixInvertible
0x54d419d4,0x54d419d4,GdipIsOutlineVisiblePathPoint
0xef5754bd,0xef5754bd,GdipIsOutlineVisiblePathPointI
0xf09cd1c1,0xf09cd1c1,GdipIsStyleAvailable
0x2779b874,0x2779b874,GdipIsVisibleClipEmpty
0x27d6aed4,0x27d6aed4,GdipIsVisiblePathPoint
0x22ac89bd,0x22ac89bd,GdipIsVisiblePathPointI
0x3444d5c7,0x3444d5c7,GdipIsVisiblePoint
0xbcdf8f10,0xbcdf8f10,GdipIsVisiblePointI
0xc386e46b,0xc386e46b,GdipIsVisibleRect
0x34637234,0x34637234,GdipIsVisibleRectI
0x46412d0b,0x46412d0b,GdipIsVisibleRegionPoint
0xe66ced4,0x0e66ced4,GdipIsVisibleRegionPointI
0x47f3632f,0x47f3632f,GdipIsVisibleRegionRect
0x465fc978,0x465fc978,GdipIsVisibleRegionRectI
0x3862adea,0x3862adea,GdipLoadImageFromFile
0x5481a983,0x5481a983,GdipLoadImageFromFileICM
0xfae34556,0xfae34556,GdipLoadImageFromStream
0x5a0a196f,0x5a0a196f,GdipLoadImageFromStreamICM
0x1660f192,0x1660f192,GdipMeasureCharacterRanges
0x7a517ee8,0x7a517ee8,GdipMeasureDriverString
0xbb1e6e9c,0xbb1e6e9c,GdipMeasureString
0x2d90e4f7,0x2d90e4f7,GdipMultiplyLineTransform
0xcd5f7ea8,0xcd5f7ea8,GdipMultiplyMatrix
0xd3985a8a,0xd3985a8a,GdipMultiplyPathGradientTransform
0xac8b98b2,0xac8b98b2,GdipMultiplyPenTransform
0xd95b6040,0xd95b6040,GdipMultiplyTextureTransform
0x1636f677,0x1636f677,GdipMultiplyWorldTransform
0x4680dce0,0x4680dce0,GdipNewInstalledFontCollection
0xb42b63b,0x0b42b63b,GdipNewPrivateFontCollection
0xe3d7c2a9,0xe3d7c2a9,GdipPathIterCopyData
0xc0878a1a,0xc0878a1a,GdipPathIterEnumerate
0x9ae59a9d,0x9ae59a9d,GdipPathIterGetCount
0x639dae94,0x639dae94,GdipPathIterGetSubpathCount
0x50ec9255,0x50ec9255,GdipPathIterHasCurve
0x52d63540,0x52d63540,GdipPathIterIsValid
0xce93e775,0xce93e775,GdipPathIterNextMarker
0x3cb3b062,0x3cb3b062,GdipPathIterNextMarkerPath
0x8c6d8562,0x8c6d8562,GdipPathIterNextPathType
0x9c7694aa,0x9c7694aa,GdipPathIterNextSubpath
0x69e3f017,0x69e3f017,GdipPathIterNextSubpathPath
0xe036ce9d,0xe036ce9d,GdipPathIterRewind
0x7f0e962f,0x7f0e962f,GdipPlayMetafileRecord
0x8abd8d2e,0x8abd8d2e,GdipPrivateAddFontFile
0x6fba7867,0x6fba7867,GdipPrivateAddMemoryFont
0x53dd6119,0x53dd6119,GdipRecordMetafile
0x2001f27a,0x2001f27a,GdipRecordMetafileFileName
0x20404223,0x20404223,GdipRecordMetafileFileNameI
0xcf8984a2,0xcf8984a2,GdipRecordMetafileI
0x6fc6a865,0x6fc6a865,GdipRecordMetafileStream
0x689bb56e,0x689bb56e,GdipRecordMetafileStreamI
0x62b20fb,0x062b20fb,GdipReleaseDC
0x825bd1f5,0x825bd1f5,GdipRemovePropertyItem
0x2251f43e,0x2251f43e,GdipResetClip
0x5860b060,0x5860b060,GdipResetImageAttributes
0x31a3781a,0x31a3781a,GdipResetLineTransform
0x41fbbe4f,0x41fbbe4f,GdipResetPageTransform
0x2258e7c3,0x2258e7c3,GdipResetPath
0x2b9160ad,0x2b9160ad,GdipResetPathGradientTransform
0xdb36d375,0xdb36d375,GdipResetPenTransform
0x8cdc4483,0x8cdc4483,GdipResetTextureTransform
0x9c9bedfa,0x9c9bedfa,GdipResetWorldTransform
0xfe18c388,0xfe18c388,GdipRestoreGraphics
0xe6f859fc,0xe6f859fc,GdipReversePath
0x89131726,0x89131726,GdipRotateLineTransform
0xd61457b7,0xd61457b7,GdipRotateMatrix
0x42054bb9,0x42054bb9,GdipRotatePathGradientTransform
0xc68c101,0x0c68c101,GdipRotatePenTransform
0xb922180f,0xb922180f,GdipRotateTextureTransform
0xe1ff6e86,0xe1ff6e86,GdipRotateWorldTransform
0x5585240b,0x5585240b,GdipSaveAdd
0xabaddf6e,0xabaddf6e,GdipSaveAddImage
0x6464c493,0x6464c493,GdipSaveGraphics
0x170d368,0x0170d368,GdipSaveImageToFile
0x4010c254,0x4010c254,GdipSaveImageToStream
0x1c79cc3f,0x1c79cc3f,GdipScaleLineTransform
0x54dd86f0,0x54dd86f0,GdipScaleMatrix
0x377809d2,0x377809d2,GdipScalePathGradientTransform
0xd2d0b6fa,0xd2d0b6fa,GdipScalePenTransform
0xbe166288,0xbe166288,GdipScaleTextureTransform
0xe23cc6bf,0xe23cc6bf,GdipScaleWorldTransform
0x40c6e125,0x40c6e125,GdipSetAdjustableArrowCapFillState
0x38a68076,0x38a68076,GdipSetAdjustableArrowCapHeight
0xf0533c2f,0xf0533c2f,GdipSetAdjustableArrowCapMiddleInset
0xfb07153d,0xfb07153d,GdipSetAdjustableArrowCapWidth
0xfd79a878,0xfd79a878,GdipSetClipGraphics
0xc66a71d6,0xc66a71d6,GdipSetClipHrgn
0xc66e8e34,0xc66e8e34,GdipSetClipPath
0xc66fb5d5,0xc66fb5d5,GdipSetClipRect
0x946670de,0x946670de,GdipSetClipRectI
0x2136908b,0x2136908b,GdipSetClipRegion
0x5f3d6430,0x5f3d6430,GdipSetCompositingMode
0xeac47834,0xeac47834,GdipSetCompositingQuality
0xab0ea085,0xab0ea085,GdipSetCustomLineCapBaseCap
0xa9aca3f4,0xa9aca3f4,GdipSetCustomLineCapBaseInset
0xe2b450f5,0xe2b450f5,GdipSetCustomLineCapStrokeCaps
0xe2b8623e,0xe2b8623e,GdipSetCustomLineCapStrokeJoin
0x80cd227e,0x80cd227e,GdipSetCustomLineCapWidthScale
0x356f114e,0x356f114e,GdipSetEmpty
0x84bc6181,0x84bc6181,GdipSetImageAttributesCachedBackground
0xdc7536c4,0xdc7536c4,GdipSetImageAttributesColorKeys
0xd2fd32dd,0xd2fd32dd,GdipSetImageAttributesColorMatrix
0x8c38812c,0x8c38812c,GdipSetImageAttributesGamma
0xdd7a25e5,0xdd7a25e5,GdipSetImageAttributesNoOp
0xe435f2f3,0xe435f2f3,GdipSetImageAttributesOutputChannel
0xf66ab863,0xf66ab863,GdipSetImageAttributesOutputChannelColorProfile
0xcd669fe6,0xcd669fe6,GdipSetImageAttributesRemapTable
0xd9865816,0xd9865816,GdipSetImageAttributesThreshold
0x7e34c716,0x7e34c716,GdipSetImageAttributesToIdentity
0xcd093488,0xcd093488,GdipSetImageAttributesWrapMode
0xfd141271,0xfd141271,GdipSetImagePalette
0xe26ee8d5,0xe26ee8d5,GdipSetInfinite
0x5392e64c,0x5392e64c,GdipSetInterpolationMode
0x4e1db26c,0x4e1db26c,GdipSetLineBlend
0x14634f39,0x14634f39,GdipSetLineColors
0xefb70742,0xefb70742,GdipSetLineGammaCorrection
0x456369a7,0x456369a7,GdipSetLineLinearBlend
0x8b02485f,0x8b02485f,GdipSetLinePresetBlend
0x4d5cafbd,0x4d5cafbd,GdipSetLineSigmaBlend
0x38f44a43,0x38f44a43,GdipSetLineTransform
0xfcedf146,0xfcedf146,GdipSetLineWrapMode
0x88890fb1,0x88890fb1,GdipSetMatrixElements
0x5ff9ccc4,0x5ff9ccc4,GdipSetMetafileDownLevelRasterizationLimit
0xa457c604,0xa457c604,GdipSetPageScale
0x7197565c,0x7197565c,GdipSetPageUnit
0xbfbf8db8,0xbfbf8db8,GdipSetPathFillMode
0x4fbbe27f,0x4fbbe27f,GdipSetPathGradientBlend
0x72e3bffa,0x72e3bffa,GdipSetPathGradientCenterColor
0x73cef1a5,0x73cef1a5,GdipSetPathGradientCenterPoint
0xedad26ae,0xedad26ae,GdipSetPathGradientCenterPointI
0x4e495175,0x4e495175,GdipSetPathGradientFocusScales
0x56b2ab15,0x56b2ab15,GdipSetPathGradientGammaCorrection
0x27781bfa,0x27781bfa,GdipSetPathGradientLinearBlend
0x2720b27,0x02720b27,GdipSetPathGradientPath
0x6d16fab2,0x6d16fab2,GdipSetPathGradientPresetBlend
0x25aae3b0,0x25aae3b0,GdipSetPathGradientSigmaBlend
0xdc0fae93,0xdc0fae93,GdipSetPathGradientSurroundColorsWithCount
0x3f824bd6,0x3f824bd6,GdipSetPathGradientTransform
0x1c288c79,0x1c288c79,GdipSetPathGradientWrapMode
0x77d360e,0x077d360e,GdipSetPathMarker
0xc0e0f4cd,0xc0e0f4cd,GdipSetPenBrushFill
0xb5ace2c1,0xb5ace2c1,GdipSetPenColor
0x792e09c6,0x792e09c6,GdipSetPenCompoundArray
0xcfff0288,0xcfff0288,GdipSetPenCustomEndCap
0x7f5b0bdf,0x7f5b0bdf,GdipSetPenCustomStartCap
0x45658961,0x45658961,GdipSetPenDashArray
0x5023f699,0x5023f699,GdipSetPenDashCap197819
0x11df7e29,0x11df7e29,GdipSetPenDashOffset
0x46ac7a53,0x46ac7a53,GdipSetPenDashStyle
0x6fdcdbcd,0x6fdcdbcd,GdipSetPenEndCap
0xabc7f001,0xabc7f001,GdipSetPenLineCap197819
0xe6e965da,0xe6e965da,GdipSetPenLineJoin
0xe6e2d802,0xe6e2d802,GdipSetPenMiterLimit
0x8967cf27,0x8967cf27,GdipSetPenMode
0x8e144a64,0x8e144a64,GdipSetPenStartCap
0xe331847e,0xe331847e,GdipSetPenTransform
0x896c2ea2,0x896c2ea2,GdipSetPenUnit
0xb7136122,0xb7136122,GdipSetPenWidth
0x9960d76d,0x9960d76d,GdipSetPixelOffsetMode
0x6b2fed3,0x06b2fed3,GdipSetPropertyItem
0x49d20205,0x49d20205,GdipSetRenderingOrigin
0x28ba6dc,0x028ba6dc,GdipSetSmoothingMode
0x8716ca00,0x8716ca00,GdipSetSolidFillColor
0x4efc3e4a,0x4efc3e4a,GdipSetStringFormatAlign
0xc714842d,0xc714842d,GdipSetStringFormatDigitSubstitution
0x4f5696cc,0x4f5696cc,GdipSetStringFormatFlags
0x5eb5c241,0x5eb5c241,GdipSetStringFormatHotkeyPrefix
0x8c4454f2,0x8c4454f2,GdipSetStringFormatLineAlign
0x909afb6d,0x909afb6d,GdipSetStringFormatMeasurableCharacterRanges
0xa507d6f,0x0a507d6f,GdipSetStringFormatTabStops
0x36d21f26,0x36d21f26,GdipSetStringFormatTrimming
0x2d54f052,0x2d54f052,GdipSetTextContrast
0x71638d75,0x71638d75,GdipSetTextRenderingHint
0x856a520c,0x856a520c,GdipSetTextureTransform
0xb96da3ef,0xb96da3ef,GdipSetTextureWrapMode
0x8e070543,0x8e070543,GdipSetWorldTransform
0xfce510bb,0xfce510bb,GdipShearMatrix
0xed1307f0,0xed1307f0,GdipStartPathFigure
0xd6ec4335,0xd6ec4335,GdipStringFormatGetGenericDefault
0x2360911a,0x2360911a,GdipStringFormatGetGenericTypographic
0xe0bf0e94,0xe0bf0e94,GdipTestControl
0xa1be8461,0xa1be8461,GdipTransformMatrixPoints
0xd98f10ea,0xd98f10ea,GdipTransformMatrixPointsI
0x51c10e3c,0x51c10e3c,GdipTransformPath
0xc735050c,0xc735050c,GdipTransformPoints
0xadd5a6f5,0xadd5a6f5,GdipTransformPointsI
0xcb293293,0xcb293293,GdipTransformRegion
0xa9af52a9,0xa9af52a9,GdipTranslateClip
0xdf99a832,0xdf99a832,GdipTranslateClipI
0xe3553ee5,0xe3553ee5,GdipTranslateLineTransform
0xe9614856,0xe9614856,GdipTranslateMatrix
0x9c56c278,0x9c56c278,GdipTranslatePathGradientTransform
0xd1156ce0,0xd1156ce0,GdipTranslatePenTransform
0xf54c2f05,0xf54c2f05,GdipTranslateRegion
0x9ed2100e,0x9ed2100e,GdipTranslateRegionI
0x19ef9b6e,0x19ef9b6e,GdipTranslateTextureTransform
0x84868e25,0x84868e25,GdipTranslateWorldTransform
0x9315b54,0x09315b54,GdipVectorTransformMatrixPoints
0x2f5cc63d,0x2f5cc63d,GdipVectorTransformMatrixPointsI
0xaeab935a,0xaeab935a,GdipWarpPath
0x96b84df7,0x96b84df7,GdipWidenPath
0x96442c28,0x96442c28,GdipWindingModeOutline
0xc5e9d67f,0xc5e9d67f,GdiplusNotificationHook
0x5f6b302,0x05f6b302,GdiplusNotificationUnhook
0x99868683,0x99868683,GdiplusShutdown
0xd1a6c0fa,0xd1a6c0fa,GdiplusStartup
0x69663184,0x69663184,GenerateConsoleCtrlEvent
0xf56f7b34,0xf56f7b34,GenericChainCertificateTrust
0x211f480,0x0211f480,GenericChainFinalProv
0xf98a8ee3,0xf98a8ee3,GetACP
0x543cee9a,0x543cee9a,GetAcceptExSockaddrs
0x67003e57,0x67003e57,GetAcceptLanguagesA
0x67003e6d,0x67003e6d,GetAcceptLanguagesW
0xa2b7b69c,0xa2b7b69c,GetAccessPermissionsForObjectA
0xa2b7b6b2,0xa2b7b6b2,GetAccessPermissionsForObjectW
0xf98a8ed8,0xf98a8ed8,GetAce
0xe7933a05,0xe7933a05,GetAclInformation
0xd8e8bc93,0xd8e8bc93,GetActiveObjectExt
0x72d70454,0x72d70454,GetActiveProcessorCount
0xe6a0d221,0xe6a0d221,GetActiveProcessorGroupCount
0x2fada3,0x002fada3,GetActiveWindow
0x42821bb3,0x42821bb3,GetAddrInfoEx
0xc16ad959,0xc16ad959,GetAddrInfoExCancel
0x3938a904,0x3938a904,GetAddrInfoExOverlappedResult
0xeabe1fed,0xeabe1fed,GetAddrInfoW
0xf191e631,0xf191e631,GetAddressByName
0x23ceacb2,0x23ceacb2,GetAddressByNameA
0x23ceacc8,0x23ceacc8,GetAddressByNameW
0x30f6a133,0x30f6a133,GetAltTabInfo
0x4fcac7f4,0x4fcac7f4,GetAltTabInfoA
0x4fcac80a,0x4fcac80a,GetAltTabInfoW
0x5a8978e,0x05a8978e,GetAncestor
0xa6c770a1,0xa6c770a1,GetAppCompatFlags
0x7fb584f3,0x7fb584f3,GetAppCompatFlags2
0xcfb68d9f,0xcfb68d9f,GetApplicationRecoveryCallback
0x2ca356f9,0x2ca356f9,GetApplicationRestartSettings
0x473abc6,0x0473abc6,GetArcDirection
0xc63a2bd1,0xc63a2bd1,GetAspectRatioFilterEx
0x20bb9f69,0x20bb9f69,GetAsymmetricEncryptionInterface
0x64cb7bb7,0x64cb7bb7,GetAsyncKeyState
0xf245b522,0xf245b522,GetAtomNameA
0xf245b538,0xf245b538,GetAtomNameW
0xab3e5530,0xab3e5530,GetAuditedPermissionsFromAclA
0xab3e5546,0xab3e5546,GetAuditedPermissionsFromAclW
0xb5810b9c,0xb5810b9c,GetBehaviorValue
0xc0bc7e36,0xc0bc7e36,GetBinaryType
0xd84c4557,0xd84c4557,GetBinaryTypeA
0xd84c456d,0xd84c456d,GetBinaryTypeW
0xbdada2fe,0xbdada2fe,GetBitmapBits
0x223f700f,0x223f700f,GetBitmapDimensionEx
0x272443db,0x272443db,GetBkColor
0x568a7501,0x568a7501,GetBkMode
0xb912d0e8,0xb912d0e8,GetBoundsRect
0xa0779cf8,0xa0779cf8,GetBrushOrgEx
0x5937e2ae,0x5937e2ae,GetCPInfo
0x5e25c96c,0x5e25c96c,GetCPInfoExA
0x5e25c982,0x5e25c982,GetCPInfoExW
0x3544cf0,0x03544cf0,GetCalendarDateFormat
0x299b566d,0x299b566d,GetCalendarDateFormatEx
0x842627d7,0x842627d7,GetCalendarDaysInMonth
0xc4ea34dc,0xc4ea34dc,GetCalendarDifferenceInDays
0xeeef7e36,0xeeef7e36,GetCalendarInfoA
0xccdf45f2,0xccdf45f2,GetCalendarInfoEx
0xeeef7e4c,0xeeef7e4c,GetCalendarInfoW
0xdfd3f10a,0xdfd3f10a,GetCalendarMonthsInYear
0xd6060ffa,0xd6060ffa,GetCalendarSupportedDateRange
0x2b23b59e,0x2b23b59e,GetCalendarWeekNumber
0x5db90d63,0x5db90d63,GetCapture
0x9f5d143d,0x9f5d143d,GetCaretBlinkTime
0x18750850,0x18750850,GetCaretPos
0xdeefeea7,0xdeefeea7,GetCharABCWidthsA
0x512cda9d,0x512cda9d,GetCharABCWidthsFloatA
0x512cdab3,0x512cdab3,GetCharABCWidthsFloatW
0xdeefeeaf,0xdeefeeaf,GetCharABCWidthsI
0xdeefeebd,0xdeefeebd,GetCharABCWidthsW
0xbd18d513,0xbd18d513,GetCharWidth32A
0xbd18d529,0xbd18d529,GetCharWidth32W
0x78103e6e,0x78103e6e,GetCharWidthA
0xb6091ec4,0xb6091ec4,GetCharWidthFloatA
0xb6091eda,0xb6091eda,GetCharWidthFloatW
0x78103e76,0x78103e76,GetCharWidthI
0x60521439,0x60521439,GetCharWidthInfo
0x78103e84,0x78103e84,GetCharWidthW
0xbd19fe4a,0xbd19fe4a,GetCharWidthWOW
0x55c4d6f6,0x55c4d6f6,GetCharacterPlacementA
0x55c4d70c,0x55c4d70c,GetCharacterPlacementW
0xc8e4265b,0xc8e4265b,GetCipherInterface
0x51dcb9a5,0x51dcb9a5,GetClassFile
0x8dacddd2,0x8dacddd2,GetClassInfoA
0xac5bbb2f,0xac5bbb2f,GetClassInfoExA
0xac5bbb45,0xac5bbb45,GetClassInfoExW
0x8dacdde8,0x8dacdde8,GetClassInfoW
0x8de3d4b6,0x8de3d4b6,GetClassLongA
0x8de3d4cc,0x8de3d4cc,GetClassLongW
0x8e0053e7,0x8e0053e7,GetClassNameA
0x8e0053fd,0x8e0053fd,GetClassNameW
0x51e62661,0x51e62661,GetClassWord
0xaf2ba07c,0xaf2ba07c,GetClientRect
0x76e09e20,0x76e09e20,GetClipBox
0xe455d375,0xe455d375,GetClipCursor
0x76e0e11e,0x76e0e11e,GetClipRgn
0x56616cb9,0x56616cb9,GetClipboardData
0x6f7238ca,0x6f7238ca,GetClipboardFormatNameA
0x6f7238e0,0x6f7238e0,GetClipboardFormatNameW
0x2362092a,0x2362092a,GetClipboardOwner
0xf9a836c1,0xf9a836c1,GetClipboardSequenceNumber
0x9ef54fb1,0x9ef54fb1,GetClipboardViewer
0x3ce7800d,0x3ce7800d,GetColorAdjustment
0xdc6e31da,0xdc6e31da,GetColorSpace
0x20a852f9,0x20a852f9,GetComPlusPackageInstallStatus
0xe865e614,0xe865e614,GetComboBoxInfo
0xb74c711,0x0b74c711,GetCommConfig
0x43073dc7,0x43073dc7,GetCommMask
0xc302d211,0xc302d211,GetCommModemStatus
0x2f6ea0c8,0x2f6ea0c8,GetCommProperties
0xa465a9dc,0xa465a9dc,GetCommState
0x9be0d9d5,0x9be0d9d5,GetCommTimeouts
0x7f5e10b7,0x7f5e10b7,GetCommandLineA
0x7f5e10cd,0x7f5e10cd,GetCommandLineW
0xb485f8a0,0xb485f8a0,GetCompressedFileSizeA
0xe0421fa9,0xe0421fa9,GetCompressedFileSizeTransactedA
0xe0421fbf,0xe0421fbf,GetCompressedFileSizeTransactedW
0xb485f8b6,0xb485f8b6,GetCompressedFileSizeW
0x75d05960,0x75d05960,GetComputerNameA
0x2b4c523d,0x2b4c523d,GetComputerNameExA
0x2b4c5253,0x2b4c5253,GetComputerNameExW
0x75d05976,0x75d05976,GetComputerNameW
0xc28bc30d,0xc28bc30d,GetConsoleAliasA
0xda2c6de2,0xda2c6de2,GetConsoleAliasExesA
0x8e4e70e4,0x8e4e70e4,GetConsoleAliasExesLengthA
0x8e4e70fa,0x8e4e70fa,GetConsoleAliasExesLengthW
0xda2c6df8,0xda2c6df8,GetConsoleAliasExesW
0xc28bc323,0xc28bc323,GetConsoleAliasW
0x9488da85,0x9488da85,GetConsoleAliasesA
0x32a08bc7,0x32a08bc7,GetConsoleAliasesLengthA
0x32a08bdd,0x32a08bdd,GetConsoleAliasesLengthW
0x9488da9b,0x9488da9b,GetConsoleAliasesW
0xff122435,0xff122435,GetConsoleCP
0x27aecde2,0x27aecde2,GetConsoleCharType
0x87e9e974,0x87e9e974,GetConsoleCommandHistoryA
0xf7b2d1f6,0xf7b2d1f6,GetConsoleCommandHistoryLengthA
0xf7b2d20c,0xf7b2d20c,GetConsoleCommandHistoryLengthW
0x87e9e98a,0x87e9e98a,GetConsoleCommandHistoryW
0xaa18d1ac,0xaa18d1ac,GetConsoleCursorInfo
0xaa1b0725,0xaa1b0725,GetConsoleCursorMode
0xe452993d,0xe452993d,GetConsoleDisplayMode
0x25bcfec5,0x25bcfec5,GetConsoleFontInfo
0x25c267d4,0x25c267d4,GetConsoleFontSize
0x178ca7d1,0x178ca7d1,GetConsoleHardwareState
0xb960f540,0xb960f540,GetConsoleHistoryInfo
0x3e4c6056,0x3e4c6056,GetConsoleInputExeNameA
0x3e4c606c,0x3e4c606c,GetConsoleInputExeNameW
0x62da9bf3,0x62da9bf3,GetConsoleInputWaitHandle
0x5404d273,0x5404d273,GetConsoleKeyboardLayoutNameA
0x5404d289,0x5404d289,GetConsoleKeyboardLayoutNameW
0xc318a47,0x0c318a47,GetConsoleMode
0xfd74b3d4,0xfd74b3d4,GetConsoleNlsMode
0xe289667a,0xe289667a,GetConsoleOriginalTitleA
0xe2896690,0xe2896690,GetConsoleOriginalTitleW
0x4fa826a6,0x4fa826a6,GetConsoleOutputCP
0x86789a1d,0x86789a1d,GetConsoleProcessList
0x242c6be8,0x242c6be8,GetConsoleScreenBufferInfo
0xe0f71365,0xe0f71365,GetConsoleScreenBufferInfoEx
0xf99ef674,0xf99ef674,GetConsoleSelectionInfo
0xeeadb2a5,0xeeadb2a5,GetConsoleTitleA
0xeeadb2bb,0xeeadb2bb,GetConsoleTitleW
0xf5a9c19a,0xf5a9c19a,GetConsoleWindow
0xb166dc7e,0xb166dc7e,GetConvertStg
0x3e26fc1c,0x3e26fc1c,GetCorePrinterDriversA
0x3e26fc32,0x3e26fc32,GetCorePrinterDriversW
0x558dea64,0x558dea64,GetCurrencyFormatA
0x74b37e0,0x074b37e0,GetCurrencyFormatEx
0x558dea7a,0x558dea7a,GetCurrencyFormatW
0xc75c3a99,0xc75c3a99,GetCurrentActCtx
0xe73d57ff,0xe73d57ff,GetCurrentClockTransactionManager
0x1fdd0b5c,0x1fdd0b5c,GetCurrentConsoleFont
0x8b4d5fd9,0x8b4d5fd9,GetCurrentConsoleFontEx
0x9a83c688,0x9a83c688,GetCurrentDirectoryA
0x9a83c69e,0x9a83c69e,GetCurrentDirectoryW
0x34aacf43,0x34aacf43,GetCurrentHwProfileA
0x34aacf59,0x34aacf59,GetCurrentHwProfileW
0xe7ece569,0xe7ece569,GetCurrentObject
0xccf893a4,0xccf893a4,GetCurrentPositionEx
0x582fc3f1,0x582fc3f1,GetCurrentProcess
0xbf5afa31,0xbf5afa31,GetCurrentProcessExplicitAppUserModelID
0x2330921e,0x2330921e,GetCurrentProcessId
0x4b7d9c3b,0x4b7d9c3b,GetCurrentProcessorNumber
0x2155a478,0x2155a478,GetCurrentProcessorNumberEx
0xf407a64a,0xf407a64a,GetCurrentThread
0x148a6eb7,0x148a6eb7,GetCurrentThreadId
0x5997630d,0x5997630d,GetCursor
0x2d786624,0x2d786624,GetCursorFrameInfo
0x4db796d9,0x4db796d9,GetCursorInfo
0xbc898f1f,0xbc898f1f,GetCursorPos
0x6c690c76,0x6c690c76,GetDC
0x88afc219,0x88afc219,GetDCBrushColor
0x2ade0f73,0x2ade0f73,GetDCEx
0x5aa145c7,0x5aa145c7,GetDCHook
0xaf4a2cfb,0xaf4a2cfb,GetDCOrgEx
0xf6de458,0x0f6de458,GetDCPenColor
0x2bc06d4,0x02bc06d4,GetDCRegionData
0xfb4fd4b,0x0fb4fd4b,GetDDSurfaceLocal
0x952f81c5,0x952f81c5,GetDIBColorTable
0x5b0a75ae,0x5b0a75ae,GetDIBits
0x7b69ad97,0x7b69ad97,GetDateFormatA
0xe89f6173,0xe89f6173,GetDateFormatEx
0x7b69adad,0x7b69adad,GetDateFormatW
0xf93e78b7,0xf93e78b7,GetDefaultCommConfigA
0xf93e78cd,0xf93e78cd,GetDefaultCommConfigW
0x9554ba39,0x9554ba39,GetDefaultPrinterA
0x9554ba4f,0x9554ba4f,GetDefaultPrinterW
0x2ff67681,0x2ff67681,GetDesktopWindow
0x9c4f6586,0x9c4f6586,GetDeviceCaps
0x5b695a72,0x5b695a72,GetDeviceGammaRamp
0x423352ac,0x423352ac,GetDeviceID
0x46465fed,0x46465fed,GetDevicePowerState
0x171400cd,0x171400cd,GetDialogBaseUnits
0x182c51c9,0x182c51c9,GetDiskFreeSpaceA
0xd48808e6,0xd48808e6,GetDiskFreeSpaceExA
0xd48808fc,0xd48808fc,GetDiskFreeSpaceExW
0x182c51df,0x182c51df,GetDiskFreeSpaceW
0xa8043463,0xa8043463,GetDisplayConfigBufferSizes
0x6efcc688,0x6efcc688,GetDlgCtrlID
0xc3b31e75,0xc3b31e75,GetDlgItem
0x1b8853a0,0x1b8853a0,GetDlgItemInt
0x1fadfa1b,0x1fadfa1b,GetDlgItemTextA
0x1fadfa31,0x1fadfa31,GetDlgItemTextW
0xb97c8e1,0x0b97c8e1,GetDllDirectoryA
0xb97c8f7,0x0b97c8f7,GetDllDirectoryW
0xf5a6625b,0xf5a6625b,GetDocumentBitStg
0xc0836aff,0xc0836aff,GetDoubleClickTime
0x75c4786c,0x75c4786c,GetDriveTypeA
0x75c47882,0x75c47882,GetDriveTypeW
0x1d98d94d,0x1d98d94d,GetDriverModuleHandle
0x5b45101e,0x5b45101e,GetDurationFormat
0x40c99d1b,0x40c99d1b,GetDurationFormatEx
0x2615ee85,0x2615ee85,GetDynamicTimeZoneInformation
0xf98aa215,0xf98aa215,GetETM
0x3f0af62d,0x3f0af62d,GetEffectiveClientRect
0x68b21ed6,0x68b21ed6,GetEffectiveRightsFromAclA
0x68b21eec,0x68b21eec,GetEffectiveRightsFromAclW
0x688e092,0x0688e092,GetEnabledXStateFeatures
0x6b1961be,0x6b1961be,GetEncryptedFileMetadata
0xbf2beb32,0xbf2beb32,GetEnhMetaFileA
0x7445d063,0x7445d063,GetEnhMetaFileBits
0xe77bdab6,0xe77bdab6,GetEnhMetaFileDescriptionA
0xe77bdacc,0xe77bdacc,GetEnhMetaFileDescriptionW
0xaaa7695a,0xaaa7695a,GetEnhMetaFileHeader
0x5f6cb99a,0x5f6cb99a,GetEnhMetaFilePaletteEntries
0xbf2beb48,0xbf2beb48,GetEnhMetaFileW
0x4ecbf7f,0x04ecbf7f,GetEnlistmentId
0x8b0ae107,0x8b0ae107,GetEnlistmentRecoveryInformation
0xd849f86e,0xd849f86e,GetEnvironmentStrings
0xe189068f,0xe189068f,GetEnvironmentStringsA
0xe18906a5,0xe18906a5,GetEnvironmentStringsW
0xe64e456b,0xe64e456b,GetEnvironmentVariableA
0xe64e4581,0xe64e4581,GetEnvironmentVariableW
0xdcf82bb1,0xdcf82bb1,GetEraNameCountedString
0xd799a065,0xd799a065,GetErrorInfo
0xd79bd5de,0xd79bd5de,GetErrorMode
0xecb677d9,0xecb677d9,GetEventLogInformation
0xbacf8458,0xbacf8458,GetExecutionEnvironment
0xe69ff323,0xe69ff323,GetExitCodeProcess
0x6cb5b73c,0x6cb5b73c,GetExitCodeThread
0xc67b5ba,0x0c67b5ba,GetExpandedNameA
0xc67b5d0,0x0c67b5d0,GetExpandedNameW
0x54e6faf0,0x54e6faf0,GetExplicitEntriesFromAclA
0x54e6fb06,0x54e6fb06,GetExplicitEntriesFromAclW
0x31e4a0f7,0x31e4a0f7,GetFileAttributesA
0x3d90db94,0x3d90db94,GetFileAttributesExA
0x3d90dbaa,0x3d90dbaa,GetFileAttributesExW
0x549460c0,0x549460c0,GetFileAttributesTransactedA
0x549460d6,0x549460d6,GetFileAttributesTransactedW
0x31e4a10d,0x31e4a10d,GetFileAttributesW
0x5eb93676,0x5eb93676,GetFileBandwidthReservation
0x98f92dbc,0x98f92dbc,GetFileInformationByHandle
0xbbfb9a39,0xbbfb9a39,GetFileInformationByHandleEx
0x2ac5dda6,0x2ac5dda6,GetFileMUIInfo
0x2ac97ec7,0x2ac97ec7,GetFileMUIPath
0x81bd62b6,0x81bd62b6,GetFileNameFromBrowse
0x38ebde88,0x38ebde88,GetFileSecurityA
0x38ebde9e,0x38ebde9e,GetFileSecurityW
0x370cd06a,0x370cd06a,GetFileSize
0x2d82a067,0x2d82a067,GetFileSizeEx
0x370d5b1e,0x370d5b1e,GetFileTime
0x370d9f91,0x370d9f91,GetFileType
0xe606bee2,0xe606bee2,GetFileVersionInfoA
0xd99d4c68,0xd99d4c68,GetFileVersionInfoByHandle
0x82b2203f,0x82b2203f,GetFileVersionInfoExA
0x82b22055,0x82b22055,GetFileVersionInfoExW
0xf8b0c11d,0xf8b0c11d,GetFileVersionInfoSizeA
0xe7e59d3a,0xe7e59d3a,GetFileVersionInfoSizeExA
0xe7e59d50,0xe7e59d50,GetFileVersionInfoSizeExW
0xf8b0c133,0xf8b0c133,GetFileVersionInfoSizeW
0xe606bef8,0xe606bef8,GetFileVersionInfoW
0x837f79af,0x837f79af,GetFinalPathNameByHandleA
0x837f79c5,0x837f79c5,GetFinalPathNameByHandleW
0x5c10a528,0x5c10a528,GetFirmwareEnvironmentVariableA
0x5c10a53e,0x5c10a53e,GetFirmwareEnvironmentVariableW
0x86cabaef,0x86cabaef,GetFocus
0xa9ba140,0x0a9ba140,GetFontData
0x74376fe0,0x74376fe0,GetFontFileData
0x743a6352,0x743a6352,GetFontFileInfo
0x1e98d476,0x1e98d476,GetFontLanguageInfo
0x1e38dd54,0x1e38dd54,GetFontRealizationInfo
0x25219dba,0x25219dba,GetFontResourceInfo
0xc9555571,0xc9555571,GetFontResourceInfoW
0x1b15568d,0x1b15568d,GetFontUnicodeRanges
0x450786c2,0x450786c2,GetForegroundWindow
0x86caf9a4,0x86caf9a4,GetFormA
0x86caf9ba,0x86caf9ba,GetFormW
0x901fa3b1,0x901fa3b1,GetFullPathNameA
0x975593fa,0x975593fa,GetFullPathNameTransactedA
0x97559410,0x97559410,GetFullPathNameTransactedW
0x901fa3c7,0x901fa3c7,GetFullPathNameW
0xe88a7818,0xe88a7818,GetGUIThreadInfo
0xf6aac217,0xf6aac217,GetGeoInfoA
0xf6aac22d,0xf6aac22d,GetGeoInfoW
0xfeb96ea4,0xfeb96ea4,GetGestureConfig
0xd57327f,0x0d57327f,GetGestureExtraArgs
0x7c4e8ba,0x07c4e8ba,GetGestureInfo
0xe36f6b93,0xe36f6b93,GetGlyphIndicesA
0xe36f6ba9,0xe36f6ba9,GetGlyphIndicesW
0x2c0a9db3,0x2c0a9db3,GetGlyphOutline
0xad5e5474,0xad5e5474,GetGlyphOutlineA
0xad5e548a,0xad5e548a,GetGlyphOutlineW
0x7e45add0,0x7e45add0,GetGlyphOutlineWow
0xf34d8665,0xf34d8665,GetGraphicsMode
0xe5d695af,0xe5d695af,GetGuiResources
0xe11737f5,0xe11737f5,GetHGlobalFromILockBytes
0x9be6d1e8,0x9be6d1e8,GetHGlobalFromStream
0x19153b60,0x19153b60,GetHandleContext
0x76eed801,0x76eed801,GetHandleInformation
0xcb66f497,0xcb66f497,GetHandleVerifier
0xba754684,0xba754684,GetHashInterface
0x5e714031,0x5e714031,GetHookInterface
0xc8a0b345,0xc8a0b345,GetHostNameW
0xb09b171a,0xb09b171a,GetICMProfileA
0xb09b1730,0xb09b1730,GetICMProfileW
0x3591cfe4,0x3591cfe4,GetIconInfo
0x9f232e2,0x09f232e2,GetIconInfoExA
0x9f232f8,0x09f232f8,GetIconInfoExW
0x203a852b,0x203a852b,GetInformationCodeAuthzLevelW
0x7214cac3,0x7214cac3,GetInformationCodeAuthzPolicyW
0xa17a346b,0xa17a346b,GetInheritanceSourceA
0xa17a3481,0xa17a3481,GetInheritanceSourceW
0x59aa3c19,0x59aa3c19,GetInputDesktop
0xe64b87bb,0xe64b87bb,GetInputLocaleInfo
0x3c26ca0,0x03c26ca0,GetInputState
0x40664d6,0x040664d6,GetInternalWindowPos
0x2ae18c4b,0x2ae18c4b,GetJobA
0xf1ca211,0x0f1ca211,GetJobNamedPropertyValue
0x2ae18c61,0x2ae18c61,GetJobW
0xa27af294,0xa27af294,GetKBCodePage
0xa547c25f,0xa547c25f,GetKernelObjectSecurity
0xc35d3a3c,0xc35d3a3c,GetKerningPairs
0x2f04821d,0x2f04821d,GetKerningPairsA
0x2f048233,0x2f048233,GetKerningPairsW
0x2c3ed09f,0x2c3ed09f,GetKeyNameTextA
0x2c3ed0b5,0x2c3ed0b5,GetKeyNameTextW
0xbfbdd699,0xbfbdd699,GetKeyState
0xf8068e3e,0xf8068e3e,GetKeyboardLayout
0x993c841a,0x993c841a,GetKeyboardLayoutList
0xc0ecba40,0xc0ecba40,GetKeyboardLayoutNameA
0xc0ecba56,0xc0ecba56,GetKeyboardLayoutNameW
0x93afadc1,0x93afadc1,GetKeyboardState
0x23821562,0x23821562,GetKeyboardType
0x81458b13,0x81458b13,GetLargePageMinimum
0x9c9d3427,0x9c9d3427,GetLargestConsoleWindowSize
0x91be88f3,0x91be88f3,GetLastActivePopup
0xae5f5f6d,0xae5f5f6d,GetLastError
0x19ffdeff,0x19ffdeff,GetLastInputInfo
0xb0140ab4,0xb0140ab4,GetLayeredWindowAttributes
0x6d2fad0d,0x6d2fad0d,GetLayout
0xc13a6a31,0xc13a6a31,GetLengthSid
0xf6848ce0,0xf6848ce0,GetListBoxInfo
0xfb611515,0xfb611515,GetLocalManagedApplicationData
0x12e7e58e,0x12e7e58e,GetLocalManagedApplications
0x9e82d169,0x9e82d169,GetLocalTime
0x27800d8c,0x27800d8c,GetLocaleInfoA
0x1781c008,0x1781c008,GetLocaleInfoEx
0x27800da2,0x27800da2,GetLocaleInfoW
0xe4d627fd,0xe4d627fd,GetLogColorSpaceA
0xe4d62813,0xe4d62813,GetLogColorSpaceW
0xcc9ae7cf,0xcc9ae7cf,GetLogicalDriveStringsA
0xcc9ae7e5,0xcc9ae7e5,GetLogicalDriveStringsW
0x448b1497,0x448b1497,GetLogicalDrives
0x6a9cb010,0x6a9cb010,GetLogicalProcessorInformation
0x8489018d,0x8489018d,GetLogicalProcessorInformationEx
0x3d2a414e,0x3d2a414e,GetLongPathNameA
0x3de399d7,0x3de399d7,GetLongPathNameTransactedA
0x3de399ed,0x3de399ed,GetLongPathNameTransactedW
0x3d2a4164,0x3d2a4164,GetLongPathNameW
0x6cf855fe,0x6cf855fe,GetMUILanguage
0x305c86ae,0x305c86ae,GetMagnificationDesktopColorEffect
0x3ab7fb1b,0x3ab7fb1b,GetMagnificationDesktopMagnification
0x16ff21ef,0x16ff21ef,GetMagnificationLensCtxInformation
0xb60d18e0,0xb60d18e0,GetMailslotInfo
0x3c24e856,0x3c24e856,GetManagedApplicationCategories
0x402b4f83,0x402b4f83,GetManagedApplications
0x5f7b7af2,0x5f7b7af2,GetMapMode
0xe1330736,0xe1330736,GetMaximumProcessorCount
0x67fbf243,0x67fbf243,GetMaximumProcessorGroupCount
0x2ae30884,0x2ae30884,GetMenu
0xf075d1a5,0xf075d1a5,GetMenuBarInfo
0xbed71d66,0xbed71d66,GetMenuCheckMarkDimensions
0xafe4c3bf,0xafe4c3bf,GetMenuContextHelpId
0x610c7e58,0x610c7e58,GetMenuDefaultItem
0x7eb71fd0,0x7eb71fd0,GetMenuInfo
0xbd58495c,0xbd58495c,GetMenuItemCount
0x96a5fe0,0x096a5fe0,GetMenuItemID
0xbdc41040,0xbdc41040,GetMenuItemInfoA
0xbdc41056,0xbdc41056,GetMenuItemInfoW
0xd86d8c1,0x0d86d8c1,GetMenuItemRect
0x75e0baf7,0x75e0baf7,GetMenuPosFromID
0x565344e5,0x565344e5,GetMenuState
0x3965de7c,0x3965de7c,GetMenuStringA
0x3965de92,0x3965de92,GetMenuStringW
0x8a3838f5,0x8a3838f5,GetMessageA
0x793c48c4,0x793c48c4,GetMessageExtraInfo
0xf92a98c6,0xf92a98c6,GetMessagePos
0x1e7fc923,0x1e7fc923,GetMessageTime
0x8a38390b,0x8a38390b,GetMessageW
0xf4986af7,0xf4986af7,GetMetaFileA
0x2097a585,0x2097a585,GetMetaFileBitsEx
0xf4986b0d,0xf4986b0d,GetMetaFileW
0x6911f81d,0x6911f81d,GetMetaRgn
0xa9b3304f,0xa9b3304f,GetMiterLimit
0x5f3b5d97,0x5f3b5d97,GetModuleFileNameA
0x5f3b5dad,0x5f3b5dad,GetModuleFileNameW
0xc2866102,0xc2866102,GetModuleHandleA
0x7da2ca5f,0x7da2ca5f,GetModuleHandleExA
0x7da2ca75,0x7da2ca75,GetModuleHandleExW
0xc2866118,0xc2866118,GetModuleHandleW
0x914a1984,0x914a1984,GetMonitorInfoA
0x914a199a,0x914a199a,GetMonitorInfoW
0x14bf9909,0x14bf9909,GetMouseMovePointsEx
0x6fc724c8,0x6fc724c8,GetMultipleTrusteeA
0x5b716ab9,0x5b716ab9,GetMultipleTrusteeOperationA
0x5b716acf,0x5b716acf,GetMultipleTrusteeOperationW
0x6fc724de,0x6fc724de,GetMultipleTrusteeW
0x1dae36c2,0x1dae36c2,GetNLSVersion
0x4216fcbf,0x4216fcbf,GetNLSVersionEx
0x6fac57cd,0x6fac57cd,GetNameByType
0x653751ce,0x653751ce,GetNameByTypeA
0x653751e4,0x653751e4,GetNameByTypeW
0xa6c370f3,0xa6c370f3,GetNameInfoW
0xd18d6fd6,0xd18d6fd6,GetNamedPipeAttribute
0x132e6972,0x132e6972,GetNamedPipeClientComputerNameA
0x132e6988,0x132e6988,GetNamedPipeClientComputerNameW
0x1ca5078d,0x1ca5078d,GetNamedPipeClientProcessId
0xd4442372,0xd4442372,GetNamedPipeClientSessionId
0x60829a10,0x60829a10,GetNamedPipeHandleStateA
0x60829a26,0x60829a26,GetNamedPipeHandleStateW
0xc677c24e,0xc677c24e,GetNamedPipeInfo
0x48357a5,0x048357a5,GetNamedPipeServerProcessId
0xbc22738a,0xbc22738a,GetNamedPipeServerSessionId
0x1c9ac079,0x1c9ac079,GetNamedSecurityInfoA
0xae4ce396,0xae4ce396,GetNamedSecurityInfoExA
0xae4ce3ac,0xae4ce3ac,GetNamedSecurityInfoExW
0x1c9ac08f,0x1c9ac08f,GetNamedSecurityInfoW
0xaaa48207,0xaaa48207,GetNativeSystemInfo
0xd0c0dac0,0xd0c0dac0,GetNearestColor
0xafefb48,0x0afefb48,GetNearestPaletteIndex
0x196a14c1,0x196a14c1,GetNextDlgGroupItem
0x3d6d880b,0x3d6d880b,GetNextDlgTabItem
0x70a650f4,0x70a650f4,GetNextVDMCommand
0x70a4f8b9,0x70a4f8b9,GetNotificationResourceManager
0xad26be17,0xad26be17,GetNotificationResourceManagerAsync
0x52c83460,0x52c83460,GetNumaAvailableMemoryNode
0x25a6d9dd,0x25a6d9dd,GetNumaAvailableMemoryNodeEx
0x4abc7db,0x04abc7db,GetNumaHighestNodeNumber
0x3a8acbef,0x3a8acbef,GetNumaNodeNumberFromHandle
0x171a83d2,0x171a83d2,GetNumaNodeProcessorMask
0x47cacdcf,0x47cacdcf,GetNumaNodeProcessorMaskEx
0xc418c4e6,0xc418c4e6,GetNumaProcessorNode
0x2d5da3e3,0x2d5da3e3,GetNumaProcessorNodeEx
0x6bbf8a7b,0x6bbf8a7b,GetNumaProximityNode
0x59cc22b8,0x59cc22b8,GetNumaProximityNodeEx
0xf204d0e2,0xf204d0e2,GetNumberFormatA
0x329eee1e,0x329eee1e,GetNumberFormatEx
0xf204d0f8,0xf204d0f8,GetNumberFormatW
0xa440214a,0xa440214a,GetNumberOfConsoleFonts
0xf8d48ba5,0xf8d48ba5,GetNumberOfConsoleInputEvents
0xc7bf6af8,0xc7bf6af8,GetNumberOfConsoleMouseButtons
0x59638d83,0x59638d83,GetNumberOfEventLogRecords
0x876843e3,0x876843e3,GetOEMCP
0xf1a5e573,0xf1a5e573,GetOLEThunkData
0xfb53f607,0xfb53f607,GetObjectA
0x123abff7,0x123abff7,GetObjectFromRotByPath
0x25688968,0x25688968,GetObjectType
0xfb53f61d,0xfb53f61d,GetObjectW
0x8c1efc5d,0x8c1efc5d,GetOldestEventLogRecord
0x7ea14068,0x7ea14068,GetOleaccVersionInfo
0x459fd69,0x0459fd69,GetOpenClipboardWindow
0x1e26e1e4,0x1e26e1e4,GetOpenFileNamePreview
0xe3031ec5,0xe3031ec5,GetOpenFileNamePreviewA
0xe3031edb,0xe3031edb,GetOpenFileNamePreviewW
0xa441ec,0x00a441ec,GetOutlineTextMetricsA
0xa44202,0x00a44202,GetOutlineTextMetricsW
0x4e03af05,0x4e03af05,GetOverlappedAccessResults
0xac5fecc0,0xac5fecc0,GetOverlappedResult
0x397c0d8,0x0397c0d8,GetPaletteEntries
0x76804d79,0x76804d79,GetParent
0x2ae49d5c,0x2ae49d5c,GetPath
0x98195f7c,0x98195f7c,GetPhysicalCursorPos
0x52abf52f,0x52abf52f,GetPhysicallyInstalledSystemMemory
0x877cbcf1,0x877cbcf1,GetPixel
0x66b41d9a,0x66b41d9a,GetPixelFormat
0x9c95fcdf,0x9c95fcdf,GetPolyFillMode
0x2553b4aa,0x2553b4aa,GetPrintExecutionData
0xd8208739,0xd8208739,GetPrintOutputInfo
0x17f30b92,0x17f30b92,GetPrintProcessorDirectoryA
0x17f30ba8,0x17f30ba8,GetPrintProcessorDirectoryW
0x200f20f4,0x200f20f4,GetPrinterA
0xe44bef8e,0xe44bef8e,GetPrinterDataA
0x27062beb,0x27062beb,GetPrinterDataExA
0x27062c01,0x27062c01,GetPrinterDataExW
0xe44befa4,0xe44befa4,GetPrinterDataW
0xc3cd692,0x0c3cd692,GetPrinterDriver2A
0xc3cd6a8,0x0c3cd6a8,GetPrinterDriver2W
0x4df25440,0x4df25440,GetPrinterDriverA
0xef0a9115,0xef0a9115,GetPrinterDriverDirectoryA
0xef0a912b,0xef0a912b,GetPrinterDriverDirectoryW
0xa204b499,0xa204b499,GetPrinterDriverPackagePathA
0xa204b4af,0xa204b4af,GetPrinterDriverPackagePathW
0x4df25456,0x4df25456,GetPrinterDriverW
0x200f210a,0x200f210a,GetPrinterW
0x4f38367,0x04f38367,GetPriorityClass
0x5789d0ea,0x5789d0ea,GetPriorityClipboardFormat
0x42531cb9,0x42531cb9,GetPrivateObjectSecurity
0x27c31b47,0x27c31b47,GetPrivateProfileIntA
0x27c31b5d,0x27c31b5d,GetPrivateProfileIntW
0x9e8f2e31,0x9e8f2e31,GetPrivateProfileSectionA
0xf4f49005,0xf4f49005,GetPrivateProfileSectionNamesA
0xf4f4901b,0xf4f4901b,GetPrivateProfileSectionNamesW
0x9e8f2e47,0x9e8f2e47,GetPrivateProfileSectionW
0xd37f90d3,0xd37f90d3,GetPrivateProfileStringA
0xd37f90e9,0xd37f90e9,GetPrivateProfileStringW
0xd385f841,0xd385f841,GetPrivateProfileStructA
0xd385f857,0xd385f857,GetPrivateProfileStructW
0x45fd7a29,0x45fd7a29,GetProcAddress
0x4753c534,0x4753c534,GetProcessAffinityMask
0xd511797,0x0d511797,GetProcessDEPPolicy
0xa3af1b11,0xa3af1b11,GetProcessDefaultLayout
0x5ed7ac95,0x5ed7ac95,GetProcessGroupAffinity
0xb78639c3,0xb78639c3,GetProcessHandleCount
0x8f1123bf,0x8f1123bf,GetProcessHandleFromHwnd
0x9dedc00c,0x9dedc00c,GetProcessHeap
0x5ba5c1ff,0x5ba5c1ff,GetProcessHeaps
0xd520307b,0xd520307b,GetProcessId
0x748a9908,0x748a9908,GetProcessIdOfThread
0x1a5c72f9,0x1a5c72f9,GetProcessIoCounters
0x2625b402,0x2625b402,GetProcessPreferredUILanguages
0x9d4e3597,0x9d4e3597,GetProcessPriorityBoost
0x92ee0c3e,0x92ee0c3e,GetProcessShutdownParameters
0x5c814b30,0x5c814b30,GetProcessTimes
0x1d97f951,0x1d97f951,GetProcessUserModeExceptionPolicy
0x1302ba34,0x1302ba34,GetProcessVersion
0xb4255248,0xb4255248,GetProcessWindowStation
0xf70aae36,0xf70aae36,GetProcessWorkingSetSize
0xe46f2133,0xe46f2133,GetProcessWorkingSetSizeEx
0xe7983713,0xe7983713,GetProcessorSystemCycleTime
0x3493a2bc,0x3493a2bc,GetProductInfo
0x854b734c,0x854b734c,GetProfileIntA
0x854b7362,0x854b7362,GetProfileIntW
0xb8de00b6,0xb8de00b6,GetProfileSectionA
0xb8de00cc,0xb8de00cc,GetProfileSectionW
0xd44ba6b8,0xd44ba6b8,GetProfileStringA
0xd44ba6ce,0xd44ba6ce,GetProfileStringW
0x8a34581b,0x8a34581b,GetProgmanWindow
0x87818771,0x87818771,GetPropA
0x87818787,0x87818787,GetPropW
0xcc4cc679,0xcc4cc679,GetProxyDllInfo
0x3f3d3ab8,0x3f3d3ab8,GetQueueStatus
0x44ac95b6,0x44ac95b6,GetQueuedCompletionStatus
0x2228e8b3,0x2228e8b3,GetQueuedCompletionStatusEx
0x2ae5f0f2,0x2ae5f0f2,GetROP2
0xc3c681b7,0xc3c681b7,GetRandomRgn
0x67fa5401,0x67fa5401,GetRasterizerCaps
0xeaa34e83,0xeaa34e83,GetRawInputBuffer
0x2a885383,0x2a885383,GetRawInputData
0x52775506,0x52775506,GetRawInputDeviceInfoA
0x5277551c,0x5277551c,GetRawInputDeviceInfoW
0x76de6595,0x76de6595,GetRawInputDeviceList
0x62767b0,0x062767b0,GetReasonTitleFromReasonCode
0x19a92d0d,0x19a92d0d,GetRegionData
0x8d6995fa,0x8d6995fa,GetRegisteredRawInputDevices
0x7b6fa3e8,0x7b6fa3e8,GetRelAbs
0x7b94f39f,0x7b94f39f,GetRgnBox
0xbe07c447,0xbe07c447,GetRngInterface
0x181707c7,0x181707c7,GetRoleTextA
0x181707dd,0x181707dd,GetRoleTextW
0x8c1a836f,0x8c1a836f,GetRunningObjectTable
0x5ca32ca2,0x5ca32ca2,GetSaveFileNamePreviewA
0x5ca32cb8,0x5ca32cb8,GetSaveFileNamePreviewW
0x2e654a7f,0x2e654a7f,GetScrollBarInfo
0x224bb6ea,0x224bb6ea,GetScrollInfo
0x5e217110,0x5e217110,GetScrollPos
0x6c5e712b,0x6c5e712b,GetScrollRange
0xa2ea8de,0x0a2ea8de,GetSecretAgreementInterface
0x98f614e7,0x98f614e7,GetSecurityDescriptorControl
0x1cc36ada,0x1cc36ada,GetSecurityDescriptorDacl
0xb57096b3,0xb57096b3,GetSecurityDescriptorGroup
0x6e4132a8,0x6e4132a8,GetSecurityDescriptorLength
0xb6041251,0xb6041251,GetSecurityDescriptorOwner
0x4ee5fca6,0x4ee5fca6,GetSecurityDescriptorRMControl
0x1ccba489,0x1ccba489,GetSecurityDescriptorSacl
0x2a286af3,0x2a286af3,GetSecurityInfo
0x13cf2791,0x13cf2791,GetSecurityInfoExA
0x13cf27a7,0x13cf27a7,GetSecurityInfoExW
0x1f906cf2,0x1f906cf2,GetSecurityUserInfo
0xf54784d3,0xf54784d3,GetSendMessageReceiver
0x36d690c0,0x36d690c0,GetService
0x11a8a921,0x11a8a921,GetServiceA
0xb691c1f8,0xb691c1f8,GetServiceDisplayNameA
0xb691c20e,0xb691c20e,GetServiceDisplayNameW
0x4a370c4b,0x4a370c4b,GetServiceKeyNameA
0x4a370c61,0x4a370c61,GetServiceKeyNameW
0x11a8a937,0x11a8a937,GetServiceW
0xea88e4ff,0xea88e4ff,GetShellWindow
0x2abcac2e,0x2abcac2e,GetShortPathNameA
0x2abcac44,0x2abcac44,GetShortPathNameW
0x9a5b44bb,0x9a5b44bb,GetSidIdentifierAuthority
0xb6936f2,0x0b6936f2,GetSidLengthRequired
0x4d3708e2,0x4d3708e2,GetSidSubAuthority
0xe7483e6b,0xe7483e6b,GetSidSubAuthorityCount
0x61969892,0x61969892,GetSignatureInterface
0xc3125268,0xc3125268,GetSpoolFileHandle
0xfed789af,0xfed789af,GetStartupInfoA
0xfed789c5,0xfed789c5,GetStartupInfoW
0x9f4de736,0x9f4de736,GetStateTextA
0x9f4de74c,0x9f4de74c,GetStateTextW
0xc7b6fcc6,0xc7b6fcc6,GetStdHandle
0xf96f448a,0xf96f448a,GetStockObject
0xdc00a413,0xdc00a413,GetStretchBltMode
0xc347352e,0xc347352e,GetStringScripts
0xb60327c9,0xb60327c9,GetStringTypeA
0x436c5ee6,0x436c5ee6,GetStringTypeExA
0x436c5efc,0x436c5efc,GetStringTypeExW
0xb60327df,0xb60327df,GetStringTypeW
0x5b0293ce,0x5b0293ce,GetSubMenu
0x1e153153,0x1e153153,GetSurfaceFromDC
0x52216f12,0x52216f12,GetSymLoadError
0x1636312d,0x1636312d,GetSysColor
0x24e2dad1,0x24e2dad1,GetSysColorBrush
0x277d81bd,0x277d81bd,GetSystemDEPPolicy
0x66d61b95,0x66d61b95,GetSystemDefaultLCID
0x74a9fc68,0x74a9fc68,GetSystemDefaultLangID
0xea0e1b6a,0xea0e1b6a,GetSystemDefaultLocaleName
0xa6a5639b,0xa6a5639b,GetSystemDefaultUILanguage
0x5778f1ca,0x5778f1ca,GetSystemDirectoryA
0x5778f1e0,0x5778f1e0,GetSystemDirectoryW
0x8a507083,0x8a507083,GetSystemFileCacheSize
0x613993b9,0x613993b9,GetSystemFirmwareTable
0x81e06dc0,0x81e06dc0,GetSystemInfo
0x81e27a09,0x81e27a09,GetSystemMenu
0x11f9e32b,0x11f9e32b,GetSystemMetrics
0x9a829c9d,0x9a829c9d,GetSystemPaletteEntries
0x822b7cf0,0x822b7cf0,GetSystemPaletteUse
0x6642c265,0x6642c265,GetSystemPowerStatus
0x159bba68,0x159bba68,GetSystemPreferredUILanguages
0x70279d97,0x70279d97,GetSystemRegistryQuota
0x81e66183,0x81e66183,GetSystemTime
0x177348e2,0x177348e2,GetSystemTimeAdjustment
0x8c9c16e6,0x8c9c16e6,GetSystemTimeAsFileTime
0xbeb29256,0xbeb29256,GetSystemTimes
0xa27fbe15,0xa27fbe15,GetSystemWindowsDirectoryA
0xa27fbe2b,0xa27fbe2b,GetSystemWindowsDirectoryW
0x68dbaa71,0x68dbaa71,GetSystemWow64DirectoryA
0x68dbaa87,0x68dbaa87,GetSystemWow64DirectoryW
0x75a858cf,0x75a858cf,GetTabbedTextExtentA
0x75a858e5,0x75a858e5,GetTabbedTextExtentW
0xc70ac2ed,0xc70ac2ed,GetTapeParameters
0x2454480e,0x2454480e,GetTapePosition
0x73f3f59d,0x73f3f59d,GetTapeStatus
0xad246436,0xad246436,GetTaskmanWindow
0xd4042987,0xd4042987,GetTempFileNameA
0xd404299d,0xd404299d,GetTempFileNameW
0x2cd5ee93,0x2cd5ee93,GetTempPathA
0x2cd5eea9,0x2cd5eea9,GetTempPathW
0x83e1971f,0x83e1971f,GetTextAlign
0xebc08565,0xebc08565,GetTextCharacterExtra
0x92b918be,0x92b918be,GetTextCharset
0x72ebd0a,0x072ebd0a,GetTextCharsetInfo
0x84077b13,0x84077b13,GetTextColor
0x128454,0x00128454,GetTextExtentExPointA
0x12845c,0x0012845c,GetTextExtentExPointI
0x12846a,0x0012846a,GetTextExtentExPointW
0x61b956fc,0x61b956fc,GetTextExtentPoint32A
0x61b95712,0x61b95712,GetTextExtentPoint32W
0xe3a53217,0xe3a53217,GetTextExtentPointA
0xe3a5321f,0xe3a5321f,GetTextExtentPointI
0xe3a5322d,0xe3a5322d,GetTextExtentPointW
0x8435efa4,0x8435efa4,GetTextFaceA
0x8435efba,0x8435efba,GetTextFaceW
0x69cc4aec,0x69cc4aec,GetTextMetricsA
0x69cc4b02,0x69cc4b02,GetTextMetricsW
0x5413f14c,0x5413f14c,GetThreadContext
0x8a106181,0x8a106181,GetThreadDesktop
0x7fb82b36,0x7fb82b36,GetThreadErrorMode
0x24e403ee,0x24e403ee,GetThreadGroupAffinity
0x4ab7b01e,0x4ab7b01e,GetThreadIOPendingFlag
0xe3a13574,0xe3a13574,GetThreadId
0x8185b643,0x8185b643,GetThreadIdealProcessorEx
0x9b654b57,0x9b654b57,GetThreadLocale
0xa8ed2d3b,0xa8ed2d3b,GetThreadPreferredUILanguages
0xb0db3c69,0xb0db3c69,GetThreadPriority
0x635a8cf0,0x635a8cf0,GetThreadPriorityBoost
0xff506cba,0xff506cba,GetThreadSelectorEntry
0x6a1c5989,0x6a1c5989,GetThreadTimes
0xd60e63c9,0xd60e63c9,GetThreadUILanguage
0x55e43a5f,0x55e43a5f,GetThreadWaitChain
0xcf898b43,0xcf898b43,GetTickCount
0xd8196f2d,0xd8196f2d,GetTickCount64
0xc22273a8,0xc22273a8,GetTimeFormatA
0x670e9a4,0x0670e9a4,GetTimeFormatEx
0xc22273be,0xc22273be,GetTimeFormatW
0x2f7af040,0x2f7af040,GetTimeZoneInformation
0x4135f8d8,0x4135f8d8,GetTimeZoneInformationForYear
0x3574dce8,0x3574dce8,GetTimestampForLoadedLibrary
0x55e21f52,0x55e21f52,GetTitleBarInfo
0x2a4e3076,0x2a4e3076,GetTokenInformation
0x8c88bbb2,0x8c88bbb2,GetTopLevelWindow
0x5e33445a,0x5e33445a,GetTopWindow
0x7128bc4e,0x7128bc4e,GetTouchInputInfo
0x30ec4772,0x30ec4772,GetTraceEnableFlags
0x31555cdd,0x31555cdd,GetTraceEnableLevel
0xfff9af6a,0xfff9af6a,GetTraceLoggerHandle
0xfe13d262,0xfe13d262,GetTransactionId
0x9e3ac9b,0x09e3ac9b,GetTransactionInformation
0x86ff067d,0x86ff067d,GetTransactionManagerId
0x8c01872b,0x8c01872b,GetTransform
0xdf2ed0,0x00df2ed0,GetTrusteeFormA
0xdf2ee6,0x00df2ee6,GetTrusteeFormW
0x1682f3d,0x01682f3d,GetTrusteeNameA
0x1682f53,0x01682f53,GetTrusteeNameW
0x1e1f81e,0x01e1f81e,GetTrusteeTypeA
0x1e1f834,0x01e1f834,GetTrusteeTypeW
0x3858248d,0x3858248d,GetTypeByName
0x435cb68e,0x435cb68e,GetTypeByNameA
0x435cb6a4,0x435cb6a4,GetTypeByNameW
0xd99293d,0x0d99293d,GetUILanguageInfo
0x59901a0,0x059901a0,GetUpdateRect
0xf0a78bf9,0xf0a78bf9,GetUpdateRgn
0xa20283c2,0xa20283c2,GetUpdatedClipboardFormats
0x75d56b99,0x75d56b99,GetUrlCacheConfigInfoA
0x75d56baf,0x75d56baf,GetUrlCacheConfigInfoW
0xeff1776c,0xeff1776c,GetUrlCacheEntryBinaryBlob
0x7d10c3d5,0x7d10c3d5,GetUrlCacheEntryInfoA
0x4512df2,0x04512df2,GetUrlCacheEntryInfoExA
0x4512e08,0x04512e08,GetUrlCacheEntryInfoExW
0x7d10c3eb,0x7d10c3eb,GetUrlCacheEntryInfoW
0x620fd78,0x0620fd78,GetUrlCacheGroupAttributeA
0x620fd8e,0x0620fd8e,GetUrlCacheGroupAttributeW
0x84347e79,0x84347e79,GetUrlCacheHeaderData
0x5b9b02cf,0x5b9b02cf,GetUserDefaultLCID
0xae459a22,0xae459a22,GetUserDefaultLangID
0x9f560624,0x9f560624,GetUserDefaultLocaleName
0x5bed4e55,0x5bed4e55,GetUserDefaultUILanguage
0x2923aef6,0x2923aef6,GetUserGeoID
0x29a01ff0,0x29a01ff0,GetUserNameA
0x1227fccd,0x1227fccd,GetUserNameExA
0x1227fce3,0x1227fce3,GetUserNameExW
0x29a02006,0x29a02006,GetUserNameW
0x51137fcc,0x51137fcc,GetUserObjectInformationA
0x51137fe2,0x51137fe2,GetUserObjectInformationW
0x4719635d,0x4719635d,GetUserObjectSecurity
0x1a3962e2,0x1a3962e2,GetUserPreferredUILanguages
0x5e881916,0x5e881916,GetVDMCurrentDirectories
0x1dc3a375,0x1dc3a375,GetVersion
0x4486a8d3,0x4486a8d3,GetVersionExA
0x4486a8e9,0x4486a8e9,GetVersionExW
0x2ea0133d,0x2ea0133d,GetViewportExtEx
0x2f5186b4,0x2f5186b4,GetViewportOrgEx
0x5c7e4a0e,0x5c7e4a0e,GetVolumeInformationA
0xa17cd10b,0xa17cd10b,GetVolumeInformationByHandleW
0x5c7e4a24,0x5c7e4a24,GetVolumeInformationW
0xb6180ee5,0xb6180ee5,GetVolumeNameForVolumeMountPointA
0xb6180efb,0xb6180efb,GetVolumeNameForVolumeMountPointW
0xb6b25d96,0xb6b25d96,GetVolumePathNameA
0xb6b25dac,0xb6b25dac,GetVolumePathNameW
0x8425b969,0x8425b969,GetVolumePathNamesForVolumeNameA
0x8425b97f,0x8425b97f,GetVolumePathNamesForVolumeNameW
0xa344a0d6,0xa344a0d6,GetWinMetaFileBits
0x32b6094b,0x32b6094b,GetWinStationInfo
0x8762f847,0x8762f847,GetWindow
0xea47bd6f,0xea47bd6f,GetWindowCompositionAttribute
0x285bec47,0x285bec47,GetWindowCompositionInfo
0x3a7cf862,0x3a7cf862,GetWindowContextHelpId
0xec02334e,0xec02334e,GetWindowDC
0x2e273497,0x2e273497,GetWindowDisplayAffinity
0xa103aff5,0xa103aff5,GetWindowExtEx
0xf55f3913,0xf55f3913,GetWindowInfo
0xa17d52b8,0xa17d52b8,GetWindowLongA
0xa17d52ce,0xa17d52ce,GetWindowLongW
0x1bd03ef7,0x1bd03ef7,GetWindowMinimizeRect
0x5ebbb94e,0x5ebbb94e,GetWindowModuleFileName
0x3632e36f,0x3632e36f,GetWindowModuleFileNameA
0x3632e385,0x3632e385,GetWindowModuleFileNameW
0xa1b5236c,0xa1b5236c,GetWindowOrgEx
0xc805f60,0x0c805f60,GetWindowPlacement
0xf56401d5,0xf56401d5,GetWindowRect
0xe407abe5,0xe407abe5,GetWindowRegionData
0x6c48d98e,0x6c48d98e,GetWindowRgn
0xde95c677,0xde95c677,GetWindowRgnBox
0xa1e5828b,0xa1e5828b,GetWindowRgnEx
0xa208c72d,0xa208c72d,GetWindowTextA
0x5799566f,0x5799566f,GetWindowTextLengthA
0x57995685,0x57995685,GetWindowTextLengthW
0xa208c743,0xa208c743,GetWindowTextW
0x54340bab,0x54340bab,GetWindowThreadProcessId
0xf566ec23,0xf566ec23,GetWindowWord
0x24ff86bf,0x24ff86bf,GetWindowsAccountDomainSid
0x352bc70,0x0352bc70,GetWindowsDirectoryA
0x352bc86,0x0352bc86,GetWindowsDirectoryW
0x4f7636d3,0x4f7636d3,GetWorldTransform
0x28c1f591,0x28c1f591,GetWriteWatch
0xf25cb3,0x00f25cb3,GetXStateFeaturesMask
0xd689dcb6,0xd689dcb6,GetdfDIJoystick
0x7d3b0e0a,0x7d3b0e0a,GhostWindowFromHungWindow
0x9dd10f7b,0x9dd10f7b,GlobalAddAtomA
0x9dd10f91,0x9dd10f91,GlobalAddAtomW
0xf3c32c6b,0xf3c32c6b,GlobalAlloc
0x92469027,0x92469027,GlobalCompact
0x6c2b6ea4,0x6c2b6ea4,GlobalDeleteAtom
0x431b2c73,0x431b2c73,GlobalFindAtomA
0x431b2c89,0x431b2c89,GlobalFindAtomW
0x4abe7067,0x4abe7067,GlobalFix
0xf41d772d,0xf41d772d,GlobalFlags
0xa28ca182,0xa28ca182,GlobalFree
0x234e98f3,0x234e98f3,GlobalGetAtomNameA
0x234e9909,0x234e9909,GlobalGetAtomNameW
0x7bb6b42c,0x7bb6b42c,GlobalHandle
0xa28fdec9,0xa28fdec9,GlobalLock
0xc3355bdd,0xc3355bdd,GlobalMemoryStatus
0x65fbd49a,0x65fbd49a,GlobalMemoryStatusEx
0xfcc161e2,0xfcc161e2,GlobalReAlloc
0xa2939edb,0xa2939edb,GlobalSize
0x9afa085a,0x9afa085a,GlobalUnWire
0xf52e150a,0xf52e150a,GlobalUnfix
0x9af417cc,0x9af417cc,GlobalUnlock
0xa295cf57,0xa295cf57,GlobalWire
0xbbe0365d,0xbbe0365d,GopherCreateLocatorA
0xbbe03673,0xbbe03673,GopherCreateLocatorW
0x6abbd0fe,0x6abbd0fe,GopherFindFirstFileA
0x6abbd114,0x6abbd114,GopherFindFirstFileW
0x36b53d09,0x36b53d09,GopherGetAttributeA
0x36b53d1f,0x36b53d1f,GopherGetAttributeW
0x403bfe4b,0x403bfe4b,GopherGetLocatorTypeA
0x403bfe61,0x403bfe61,GopherGetLocatorTypeW
0x88a9f227,0x88a9f227,GopherOpenFileA
0x88a9f23d,0x88a9f23d,GopherOpenFileW
0xa2d15b44,0xa2d15b44,GradientFill
0x649212da,0x649212da,GrayStringA
0x649212f0,0x649212f0,GrayStringW
0x5fc82967,0x5fc82967,GroupMembers
0x50a51b8f,0x50a51b8f,HACCEL_UserFree
0xe5a4279,0x0e5a4279,HACCEL_UserFree64
0xcdc64ef5,0xcdc64ef5,HACCEL_UserMarshal
0x5895e75f,0x5895e75f,HACCEL_UserMarshal64
0x50ac18e8,0x50ac18e8,HACCEL_UserSize
0x2c15fa12,0x2c15fa12,HACCEL_UserSize64
0x51affc58,0x51affc58,HACCEL_UserUnmarshal
0x7da07982,0x7da07982,HACCEL_UserUnmarshal64
0x1ec316b7,0x1ec316b7,HASH_Begin
0x1ed92883,0x1ed92883,HASH_Clone
0xfa651b26,0xfa651b26,HASH_Create
0x76b767fc,0x76b767fc,HASH_Destroy
0x3ce9e6a9,0x3ce9e6a9,HASH_End
0x18bc5ada,0x18bc5ada,HASH_GetHMACOidTagByHashOidTag
0xe2026eb7,0xe2026eb7,HASH_GetHMACOidTagByHashOidTag_Util
0xfdf31d0d,0xfdf31d0d,HASH_GetHashObject
0x221d8a60,0x221d8a60,HASH_GetHashObjectByOidTag
0x7377035a,0x7377035a,HASH_GetHashOidTagByHMACOidTag
0xe3a6737,0x0e3a6737,HASH_GetHashOidTagByHMACOidTag_Util
0xf6a2322f,0xf6a2322f,HASH_GetHashOidTagByHashType
0x826d232c,0x826d232c,HASH_GetHashOidTagByHashType_Util
0x51514b2b,0x51514b2b,HASH_GetHashTypeByOidTag
0x2a1f39a8,0x2a1f39a8,HASH_GetHashTypeByOidTag_Util
0x5db85494,0x5db85494,HASH_GetType
0xa144e093,0xa144e093,HASH_HashBuf
0x62eaaeb0,0x62eaaeb0,HASH_ResultLen
0x35520f03,0x35520f03,HASH_ResultLenByOidTag
0xb3574615,0xb3574615,HASH_ResultLenContext
0x243d3915,0x243d3915,HASH_Update
0xb0b4ba34,0xb0b4ba34,HBITMAP_UserFree
0xb0cc1e5e,0xb0cc1e5e,HBITMAP_UserFree64
0xbe73a77a,0xbe73a77a,HBITMAP_UserMarshal
0x29fb7524,0x29fb7524,HBITMAP_UserMarshal64
0xb0bbb78d,0xb0bbb78d,HBITMAP_UserSize
0xce87d5f7,0xce87d5f7,HBITMAP_UserSize64
0x23158a1d,0x23158a1d,HBITMAP_UserUnmarshal
0x3ea08c87,0x3ea08c87,HBITMAP_UserUnmarshal64
0xde7b199b,0xde7b199b,HBRUSH_UserFree
0x69a7f385,0x69a7f385,HBRUSH_UserFree64
0x92ca2181,0x92ca2181,HBRUSH_UserMarshal
0x6dd88ceb,0x6dd88ceb,HBRUSH_UserMarshal64
0xde8216f4,0xde8216f4,HBRUSH_UserSize
0x8763ab1e,0x8763ab1e,HBRUSH_UserSize64
0x66f2a1e4,0x66f2a1e4,HBRUSH_UserUnmarshal
0xee22b20e,0xee22b20e,HBRUSH_UserUnmarshal64
0x7dfc901e,0x7dfc901e,HDC_UserFree
0xef6116c8,0xef6116c8,HDC_UserFree64
0xcfa7ad24,0xcfa7ad24,HDC_UserMarshal
0x58478d4e,0x58478d4e,HDC_UserMarshal64
0x7e038d77,0x7e038d77,HDC_UserSize
0xd1cce61,0x0d1cce61,HDC_UserSize64
0x5161a247,0x5161a247,HDC_UserUnmarshal
0x30535731,0x30535731,HDC_UserUnmarshal64
0x326ad3b9,0x326ad3b9,HENHMETAFILE_UserFree
0x786ead23,0x786ead23,HENHMETAFILE_UserFree64
0x7a680edf,0x7a680edf,HENHMETAFILE_UserMarshal
0xb4a749c9,0xb4a749c9,HENHMETAFILE_UserMarshal64
0x3271d112,0x3271d112,HENHMETAFILE_UserSize
0x962a64bc,0x962a64bc,HENHMETAFILE_UserSize64
0xadc15ec2,0xadc15ec2,HENHMETAFILE_UserUnmarshal
0x23941e6c,0x23941e6c,HENHMETAFILE_UserUnmarshal64
0xdb6014a8,0xdb6014a8,HGLOBAL_UserFree
0x33b7e5d2,0x33b7e5d2,HGLOBAL_UserFree64
0x9ed85d6e,0x9ed85d6e,HGLOBAL_UserMarshal
0xb6657818,0xb6657818,HGLOBAL_UserMarshal64
0xdb671201,0xdb671201,HGLOBAL_UserSize
0x51739d6b,0x51739d6b,HGLOBAL_UserSize64
0xaf7f8d11,0xaf7f8d11,HGLOBAL_UserUnmarshal
0x8d971c7b,0x8d971c7b,HGLOBAL_UserUnmarshal64
0xaac7fa80,0xaac7fa80,HICON_UserFree
0x7cb0a1aa,0x7cb0a1aa,HICON_UserFree64
0x6e89446,0x06e89446,HICON_UserMarshal
0x635ec4f0,0x635ec4f0,HICON_UserMarshal64
0xaacef7d9,0xaacef7d9,HICON_UserSize
0x9a6c5943,0x9a6c5943,HICON_UserSize64
0x5c78d9e9,0x5c78d9e9,HICON_UserUnmarshal
0x5e16ff53,0x5e16ff53,HICON_UserUnmarshal64
0xe1181dec,0xe1181dec,HMENU_UserFree
0x87975016,0x87975016,HMENU_UserFree64
0x6ea51032,0x6ea51032,HMENU_UserMarshal
0xac29ebdc,0xac29ebdc,HMENU_UserMarshal64
0xe11f1b45,0xe11f1b45,HMENU_UserSize
0xa55307af,0xa55307af,HMENU_UserSize64
0xa54400d5,0xa54400d5,HMENU_UserUnmarshal
0x647913f,0x0647913f,HMENU_UserUnmarshal64
0xa24714ce,0xa24714ce,HMETAFILEPICT_UserFree
0x505f8778,0x505f8778,HMETAFILEPICT_UserFree64
0x507433d4,0x507433d4,HMETAFILEPICT_UserMarshal
0x3e507ffe,0x3e507ffe,HMETAFILEPICT_UserMarshal64
0xa24e1227,0xa24e1227,HMETAFILEPICT_UserSize
0x6e1b3f11,0x6e1b3f11,HMETAFILEPICT_UserSize64
0x376a94f7,0x376a94f7,HMETAFILEPICT_UserUnmarshal
0xbc63b5e1,0xbc63b5e1,HMETAFILEPICT_UserUnmarshal64
0xb89ba57e,0xb89ba57e,HMETAFILE_UserFree
0x4e1b0428,0x4e1b0428,HMETAFILE_UserFree64
0x59f4684,0x059f4684,HMETAFILE_UserMarshal
0xea8afeae,0xea8afeae,HMETAFILE_UserMarshal64
0xb8a2a2d7,0xb8a2a2d7,HMETAFILE_UserSize
0x6bd6bbc1,0x6bd6bbc1,HMETAFILE_UserSize64
0xe3a513a7,0xe3a513a7,HMETAFILE_UserUnmarshal
0x6138a091,0x6138a091,HMETAFILE_UserUnmarshal64
0xd7c0b1bf,0xd7c0b1bf,HMONITOR_UserFree
0xcab424a9,0xcab424a9,HMONITOR_UserFree64
0x155c7725,0x155c7725,HMONITOR_UserMarshal
0xde56db8f,0xde56db8f,HMONITOR_UserMarshal64
0xd7c7af18,0xd7c7af18,HMONITOR_UserSize
0xe86fdc42,0xe86fdc42,HMONITOR_UserSize64
0xd770f088,0xd770f088,HMONITOR_UserUnmarshal
0x776f39b2,0x776f39b2,HMONITOR_UserUnmarshal64
0xc0c1b526,0xc0c1b526,HPALETTE_UserFree
0xf8039dd0,0xf8039dd0,HPALETTE_UserFree64
0xf87828f7,0xf87828f7,HPALETTE_UserFreeExt
0xec9b152c,0xec9b152c,HPALETTE_UserMarshal
0x7fb51756,0x7fb51756,HPALETTE_UserMarshal64
0x7658d33d,0x7658d33d,HPALETTE_UserMarshalExt
0xc0c8b27f,0xc0c8b27f,HPALETTE_UserSize
0x15bf5569,0x15bf5569,HPALETTE_UserSize64
0xcdaad3b0,0xcdaad3b0,HPALETTE_UserSizeExt
0x78cf2c4f,0x78cf2c4f,HPALETTE_UserUnmarshal
0xe94b8339,0xe94b8339,HPALETTE_UserUnmarshal64
0x12bcbb80,0x12bcbb80,HPALETTE_UserUnmarshalExt
0x2af0045e,0x2af0045e,HRGN_UserFree
0x7b79b964,0x7b79b964,HRGN_UserMarshal
0x2af701b7,0x2af701b7,HRGN_UserSize
0x39e7be87,0x39e7be87,HRGN_UserUnmarshal
0x666e2507,0x666e2507,HTTPSCertificateTrust
0x7f4a55b3,0x7f4a55b3,HTTPSFinalProv
0x9cd020c0,0x9cd020c0,HWND_UserFree
0x115b57ea,0x115b57ea,HWND_UserFree64
0x87b2053b,0x87b2053b,HWND_UserFree64Ext
0x3cc72651,0x3cc72651,HWND_UserFreeExt
0x30ea1286,0x30ea1286,HWND_UserMarshal
0x13b8d330,0x13b8d330,HWND_UserMarshal64
0x8c8802c1,0x8c8802c1,HWND_UserMarshal64Ext
0x8ad40a57,0x8ad40a57,HWND_UserMarshalExt
0x9cd71e19,0x9cd71e19,HWND_UserSize
0x2f170f83,0x2f170f83,HWND_UserSize64
0x743a4234,0x743a4234,HWND_UserSize64Ext
0x11f9d10a,0x11f9d10a,HWND_UserSizeExt
0xcd2e829,0x0cd2e829,HWND_UserUnmarshal
0x8d2d9d93,0x8d2d9d93,HWND_UserUnmarshal64
0x7076d644,0x7076d644,HWND_UserUnmarshal64Ext
0x32e2211a,0x32e2211a,HWND_UserUnmarshalExt
0x3cec944d,0x3cec944d,HashData
0x8db8305a,0x8db8305a,Heap32First
0x1e2509b6,0x1e2509b6,Heap32ListFirst
0xf92c3bcd,0xf92c3bcd,Heap32ListNext
0x51e31df1,0x51e31df1,Heap32Next
0x34670fb8,0x34670fb8,HeapAlloc
0x8b707ab4,0x8b707ab4,HeapCompact
0xc65bdb61,0xc65bdb61,HeapCreate
0xc1862f97,0xc1862f97,HeapDestroy
0x476acf2f,0x476acf2f,HeapFree
0x476e0c76,0x476e0c76,HeapLock
0x5304aa89,0x5304aa89,HeapQueryInformation
0xf5eb4c6f,0xf5eb4c6f,HeapReAlloc
0x581c521f,0x581c521f,HeapSetInformation
0x4771cc88,0x4771cc88,HeapSize
0x6911975b,0x6911975b,HeapSummary
0xf01464b9,0xf01464b9,HeapUnlock
0x49e11437,0x49e11437,HeapValidate
0x4773da3c,0x4773da3c,HeapWalk
0xb2d29bb8,0xb2d29bb8,HideCaret
0x93cc7b72,0x93cc7b72,HiliteMenuItem
0x543a14fe,0x543a14fe,HkOleRegisterObject
0x7152dae8,0x7152dae8,HrFromLastErrorDbg
0x6dc5007e,0x6dc5007e,HttpAddRequestHeadersA
0x6dc50094,0x6dc50094,HttpAddRequestHeadersW
0xf32492c3,0xf32492c3,HttpCheckDavCompliance
0xee015e50,0xee015e50,HttpCloseDependencyHandle
0xc8efe795,0xc8efe795,HttpDuplicateDependencyHandle
0xe856f2f0,0xe856f2f0,HttpEndRequestA
0xe856f306,0xe856f306,HttpEndRequestW
0x2bb7134,0x02bb7134,HttpGetServerCredentials
0xd6e83f8e,0xd6e83f8e,HttpGetTunnelSocket
0xcdaa946,0x0cdaa946,HttpIndicatePageLoadComplete
0x8d64f256,0x8d64f256,HttpIsHostHstsEnabled
0x1ecf962c,0x1ecf962c,HttpOpenDependencyHandle
0x74eb5b8b,0x74eb5b8b,HttpOpenRequestA
0x74eb5ba1,0x74eb5ba1,HttpOpenRequestW
0x1cd7e065,0x1cd7e065,HttpPushClose
0xbc9a7af6,0xbc9a7af6,HttpPushEnable
0xf166a804,0xf166a804,HttpPushWait
0x525abb2,0x0525abb2,HttpQueryInfoA
0x525abc8,0x0525abc8,HttpQueryInfoW
0x153fb763,0x153fb763,HttpSendRequestA
0x640b3d00,0x640b3d00,HttpSendRequestExA
0x640b3d16,0x640b3d16,HttpSendRequestExW
0x153fb779,0x153fb779,HttpSendRequestW
0xa9a2a34c,0xa9a2a34c,HttpWebSocketClose
0x3270afb7,0x3270afb7,HttpWebSocketCompleteUpgrade
0x96dfdee6,0x96dfdee6,HttpWebSocketQueryCloseStatus
0xe4d6679,0x0e4d6679,HttpWebSocketReceive
0xcedf0a20,0xcedf0a20,HttpWebSocketSend
0xd63432b2,0xd63432b2,HttpWebSocketShutdown
0x6e7c2c8a,0x6e7c2c8a,HungWindowFromGhostWindow
0xbef92ef1,0xbef92ef1,ICClose
0x842d8ea7,0x842d8ea7,ICCompress
0xb8b1149,0x0b8b1149,ICCompressorChoose
0x4213182a,0x4213182a,ICCompressorFree
0x2a89f7b0,0x2a89f7b0,ICDecompress
0xfe083129,0xfe083129,ICDraw
0xb698da8e,0xb698da8e,ICDrawBegin
0x4f9d1c1a,0x4f9d1c1a,ICGetDisplayFormat
0x85eab867,0x85eab867,ICGetInfo
0x36d5f0a,0x036d5f0a,ICImageCompress
0x78ff6cd3,0x78ff6cd3,ICImageDecompress
0xfe0adea7,0xfe0adea7,ICInfo
0x34d158b2,0x34d158b2,ICInstall
0xb34ce573,0xb34ce573,ICLocate
0x34519e17,0x34519e17,ICMThunk32
0xfe0e314d,0xfe0e314d,ICOpen
0x5f8e1c93,0x5f8e1c93,ICOpenFunction
0xc09c9bc9,0xc09c9bc9,ICRemove
0xd2cfb0a,0x0d2cfb0a,ICSendMessage
0xa247ac1b,0xa247ac1b,ICSeqCompressFrame
0xaf48b672,0xaf48b672,ICSeqCompressFrameEnd
0xa550bea9,0xa550bea9,ICSeqCompressFrameStart
0x7ffcef30,0x7ffcef30,IIDFromString
0x62dbafdb,0x62dbafdb,IID_IAccessible
0x8b3e3519,0x8b3e3519,IID_IAccessibleHandler
0x173a4fe9,0x173a4fe9,ILAppendID
0xd3f79bf5,0xd3f79bf5,ILClone
0xb8e1a87d,0xb8e1a87d,ILCloneFirst
0xb7234121,0xb7234121,ILCombine
0x51175799,0x51175799,ILCreateFromPath
0x74024b1a,0x74024b1a,ILCreateFromPathA
0x74024b30,0x74024b30,ILCreateFromPathW
0x32173329,0x32173329,ILFindChild
0x8982f946,0x8982f946,ILFindLastID
0xfeac26e6,0xfeac26e6,ILFree
0xd43dce43,0xd43dce43,ILGetNext
0xd4409d5f,0xd4409d5f,ILGetSize
0x8dccf738,0x8dccf738,ILIsEqual
0x5ff181aa,0x5ff181aa,ILIsParent
0x408e4941,0x408e4941,ILLoadFromStreamEx
0x863f5bd3,0x863f5bd3,ILRemoveLastID
0x74306ae2,0x74306ae2,ILSaveToStream
0x962a2fd1,0x962a2fd1,IMPGetIMEA
0x962a2fe7,0x962a2fe7,IMPGetIMEW
0xad9f9687,0xad9f9687,IMPQueryIMEA
0xad9f969d,0xad9f969d,IMPQueryIMEW
0x31e508dd,0x31e508dd,IMPSetIMEA
0x31e508f3,0x31e508f3,IMPSetIMEW
0x4ce8c1fe,0x4ce8c1fe,IStream_Copy
0x4cf0cf1f,0x4cf0cf1f,IStream_Read
0xe9307d08,0xe9307d08,IStream_ReadPidl
0xd8856758,0xd8856758,IStream_ReadStr
0xeb0b0026,0xeb0b0026,IStream_Reset
0x4cf16fbe,0x4cf16fbe,IStream_Size
0xeb6c72ee,0xeb6c72ee,IStream_Write
0xe1677057,0xe1677057,IStream_WritePidl
0x82f3acc7,0x82f3acc7,IStream_WriteStr
0x115ca9ee,0x115ca9ee,IUnknown_AddRef_Proxy
0x9c9249a5,0x9c9249a5,IUnknown_AtomicRelease
0xbb82b71c,0xbb82b71c,IUnknown_GetSite
0xb05e50df,0xb05e50df,IUnknown_GetWindow
0xa43367cf,0xa43367cf,IUnknown_QueryInterface_Proxy
0x6bc40bce,0x6bc40bce,IUnknown_QueryService
0x7d0a4569,0x7d0a4569,IUnknown_Release_Proxy
0xac5c6113,0xac5c6113,IUnknown_Set
0x573d9028,0x573d9028,IUnknown_SetSite
0x3e35375,0x03e35375,I_CertUpdateStore
0xe56c2dc7,0xe56c2dc7,I_CryptAllocTls
0x73112a4,0x073112a4,I_CryptCreateLruCache
0x75cae42,0x075cae42,I_CryptCreateLruEntry
0xc1bda1c5,0xc1bda1c5,I_CryptDetachTls
0x2bce1aef,0x2bce1aef,I_CryptFindLruEntry
0x4a687c49,0x4a687c49,I_CryptFindLruEntryData
0xfca85ed2,0xfca85ed2,I_CryptFlushLruCache
0x2c023572,0x2c023572,I_CryptFreeLruCache
0x8d90165e,0x8d90165e,I_CryptFreeTls
0x10d022f2,0x10d022f2,I_CryptGetAsn1Decoder
0x72c8cd5c,0x72c8cd5c,I_CryptGetAsn1Encoder
0x7cbc4087,0x7cbc4087,I_CryptGetDefaultCryptProv
0xd2fcf013,0xd2fcf013,I_CryptGetDefaultCryptProvForEncrypt
0x384a44f,0x0384a44f,I_CryptGetOssGlobal
0x5b11e71c,0x5b11e71c,I_CryptGetTls
0xbb594f23,0xbb594f23,I_CryptInsertLruEntry
0x386686f9,0x386686f9,I_CryptInstallAsn1Module
0x213bd046,0x213bd046,I_CryptInstallOssGlobal
0x69066fe8,0x69066fe8,I_CryptReadTrustedPublisherDWORDValueFromRegistry
0x48c3cc6f,0x48c3cc6f,I_CryptReleaseLruEntry
0x770fcea8,0x770fcea8,I_CryptSetTls
0xc13e131c,0xc13e131c,I_CryptUninstallAsn1Module
0x6370e409,0x6370e409,I_CryptUninstallOssGlobal
0x922f086f,0x922f086f,I_QueryTagInformation
0xed616c41,0xed616c41,I_RpcAllocate
0x6960b28e,0x6960b28e,I_RpcAsyncAbortCall
0xc7240012,0xc7240012,I_RpcAsyncSetHandle
0x61806a77,0x61806a77,I_RpcBCacheAllocate
0x73de74,0x0073de74,I_RpcBCacheFree
0x5fc55b52,0x5fc55b52,I_RpcBindingCopy
0xfa9bb7c9,0xfa9bb7c9,I_RpcBindingCreateNP
0xd9214870,0xd9214870,I_RpcBindingHandleToAsyncHandle
0xceb047e5,0xceb047e5,I_RpcBindingInqDynamicEndpoint
0xa4b944e6,0xa4b944e6,I_RpcBindingInqDynamicEndpointA
0xa4b944fc,0xa4b944fc,I_RpcBindingInqDynamicEndpointW
0xbfeffd06,0xbfeffd06,I_RpcBindingInqLocalClientPID
0xd10163af,0xd10163af,I_RpcBindingInqMarshalledTargetInfo
0xbfc7655c,0xbfc7655c,I_RpcBindingInqSecurityContext
0x5b85bc51,0x5b85bc51,I_RpcBindingInqSecurityContextKeyInfo
0xed13222e,0xed13222e,I_RpcBindingInqTransportType
0x2e86c9e6,0x2e86c9e6,I_RpcBindingInqWireIdForSnego
0xc72813bd,0xc72813bd,I_RpcBindingIsClientLocal
0xff217d5,0x0ff217d5,I_RpcBindingIsServerLocal
0x472586cb,0x472586cb,I_RpcBindingToStaticStringBindingW
0x4bdddf36,0x4bdddf36,I_RpcClearMutex
0x248979ea,0x248979ea,I_RpcCompleteAndFree
0x97d62882,0x97d62882,I_RpcDeleteMutex
0x9b29cf5f,0x9b29cf5f,I_RpcEnableWmiTrace
0xade363b1,0xade363b1,I_RpcExceptionFilter
0xfcd60597,0xfcd60597,I_RpcFilterDCOMActivation
0x4aa9744f,0x4aa9744f,I_RpcFixTransferSyntax
0x3c178b3e,0x3c178b3e,I_RpcFree
0x2206f058,0x2206f058,I_RpcFreeBuffer
0x5bfe91c6,0x5bfe91c6,I_RpcFreePipeBuffer
0xeb0e5349,0xeb0e5349,I_RpcFwThisIsTheManager
0x2973d9f6,0x2973d9f6,I_RpcGetBuffer
0x977413c9,0x977413c9,I_RpcGetBufferWithObject
0x4d468fe7,0x4d468fe7,I_RpcGetCurrentCallHandle
0xc2ef23d7,0xc2ef23d7,I_RpcGetExtendedError
0xe617a9c1,0xe617a9c1,I_RpcGetPortAllocationData
0xc14d5977,0xc14d5977,I_RpcIfInqTransferSyntaxes
0xf7a1c8be,0xf7a1c8be,I_RpcInitHttpImports
0xeed00380,0xeed00380,I_RpcLogEvent
0xe097c851,0xe097c851,I_RpcMapWin32Status
0xec51c8ee,0xec51c8ee,I_RpcMarshalBindingHandleAndInterfaceForNDF
0xf1586a4d,0xf1586a4d,I_RpcNDRCGetWireRepresentation
0x60998b9f,0x60998b9f,I_RpcNDRSContextEmergencyCleanup
0xe3104608,0xe3104608,I_RpcNegotiateTransferSyntax
0x8de480d7,0x8de480d7,I_RpcNsBindingSetEntryName
0x4a749c18,0x4a749c18,I_RpcNsBindingSetEntryNameA
0x4a749c2e,0x4a749c2e,I_RpcNsBindingSetEntryNameW
0xbdc42f19,0xbdc42f19,I_RpcNsInterfaceExported
0x7c53a51c,0x7c53a51c,I_RpcNsInterfaceUnexported
0xc7320f4c,0xc7320f4c,I_RpcOpenClientProcess
0xba02c9cf,0xba02c9cf,I_RpcParseSecurity
0x277e7aae,0x277e7aae,I_RpcPauseExecution
0xf437e0a6,0xf437e0a6,I_RpcReallocPipeBuffer
0x2257109f,0x2257109f,I_RpcReceive
0x9ec53897,0x9ec53897,I_RpcRecordCalloutFailure
0x97e35b8,0x097e35b8,I_RpcRequestMutex
0xb109e881,0xb109e881,I_RpcSNCHOption
0x3c1e7606,0x3c1e7606,I_RpcSend
0xca497329,0xca497329,I_RpcSendReceive
0xb005e856,0xb005e856,I_RpcServerAllocateIpPort
0xc17bb426,0xc17bb426,I_RpcServerCheckClientRestriction
0x87a0c6bb,0x87a0c6bb,I_RpcServerInqAddressChangeFn
0xe997263a,0xe997263a,I_RpcServerInqLocalConnAddress
0x69d4efdb,0x69d4efdb,I_RpcServerInqRemoteConnAddress
0x791f8e0a,0x791f8e0a,I_RpcServerInqTransportType
0x2d7f9e81,0x2d7f9e81,I_RpcServerIsClientDisconnected
0xf3b12bd3,0xf3b12bd3,I_RpcServerRegisterForwardFunction
0xcf749b9f,0xcf749b9f,I_RpcServerSetAddressChangeFn
0xa64d65b2,0xa64d65b2,I_RpcServerStartService
0x38b0d3d,0x038b0d3d,I_RpcServerTurnOnOffKeepalives
0xc0a27421,0xc0a27421,I_RpcServerUseProtseq2A
0xc0a27437,0xc0a27437,I_RpcServerUseProtseq2W
0x732c3e56,0x732c3e56,I_RpcServerUseProtseqEp2A
0x732c3e6c,0x732c3e6c,I_RpcServerUseProtseqEp2W
0x4081212a,0x4081212a,I_RpcSessionStrictContextHandle
0x6cb117b9,0x6cb117b9,I_RpcSetDCOMAppId
0xc6f7cb64,0xc6f7cb64,I_RpcSsDontSerializeContext
0xc0b62978,0xc0b62978,I_RpcSystemFunction001
0x7806e171,0x7806e171,I_RpcTransConnectionAllocatePacket
0x85c2ce2e,0x85c2ce2e,I_RpcTransConnectionFreePacket
0x9f82ea0e,0x9f82ea0e,I_RpcTransConnectionReallocPacket
0x4470836a,0x4470836a,I_RpcTransDatagramAllocate
0xd280f0dc,0xd280f0dc,I_RpcTransDatagramAllocate2
0x394f75e7,0x394f75e7,I_RpcTransDatagramFree
0xb3edaf3e,0xb3edaf3e,I_RpcTransGetThreadEvent
0xac8dcd9c,0xac8dcd9c,I_RpcTransGetThreadEventThreadOptional
0x75d7fb97,0x75d7fb97,I_RpcTransIoCancelled
0xb9adf2d5,0xb9adf2d5,I_RpcTransServerNewConnection
0x5f02185c,0x5f02185c,I_RpcTurnOnEEInfoPropagation
0xe683cc1f,0xe683cc1f,I_RpcVerifierCorruptionExpected
0xb5b52d5,0x0b5b52d5,I_ScGetCurrentGroupStateW
0x35a6a620,0x35a6a620,I_ScIsSecurityProcess
0x7ff6fd0d,0x7ff6fd0d,I_ScPnPGetServiceName
0x8a67648a,0x8a67648a,I_ScQueryServiceConfig
0xaba298aa,0xaba298aa,I_ScSendPnPMessage
0x267e2003,0x267e2003,I_ScSendTSMessage
0x7db8767d,0x7db8767d,I_ScSetServiceBitsA
0x7db87693,0x7db87693,I_ScSetServiceBitsW
0x5f766d96,0x5f766d96,I_ScValidatePnPService
0xc5259fc2,0xc5259fc2,I_UuidCreate
0x206de1e1,0x206de1e1,IdentifyCodeAuthzLevelW
0xa3fcb956,0xa3fcb956,IdnToAscii
0xbdf0e6c,0x0bdf0e6c,IdnToNameprepUnicode
0x8e5cca54,0x8e5cca54,IdnToUnicode
0xd436b6,0x00d436b6,ImageDirectoryEntryToData
0x86bcc9b3,0x86bcc9b3,ImageDirectoryEntryToDataEx
0xd4b418d6,0xd4b418d6,ImageList_Add
0xd05bdb7f,0xd05bdb7f,ImageList_AddIcon
0x5ff35aeb,0x5ff35aeb,ImageList_AddMasked
0x9f2ed6b0,0x9f2ed6b0,ImageList_BeginDrag
0x6b387d28,0x6b387d28,ImageList_Copy
0x1b7c51c1,0x1b7c51c1,ImageList_Create
0xbab571f7,0xbab571f7,ImageList_Destroy
0xb45a72a9,0xb45a72a9,ImageList_DragEnter
0xb4d3e018,0xb4d3e018,ImageList_DragLeave
0xcf2deee2,0xcf2deee2,ImageList_DragMove
0x3ba306f2,0x3ba306f2,ImageList_DragShowNolock
0x6b39145b,0x6b39145b,ImageList_Draw
0x1dcfa498,0x1dcfa498,ImageList_DrawEx
0xa0bfd46d,0xa0bfd46d,ImageList_DrawIndirect
0x7b556a8,0x07b556a8,ImageList_Duplicate
0x1b95e4e2,0x1b95e4e2,ImageList_EndDrag
0x76aba139,0x76aba139,ImageList_GetBkColor
0x82092c2e,0x82092c2e,ImageList_GetDragImage
0xd77d795a,0xd77d795a,ImageList_GetFlags
0xa1aff8b6,0xa1aff8b6,ImageList_GetIcon
0x760a4211,0x760a4211,ImageList_GetIconSize
0x86f3a579,0x86f3a579,ImageList_GetImageCount
0x2ae3dc7c,0x2ae3dc7c,ImageList_GetImageInfo
0x2ae8a53e,0x2ae8a53e,ImageList_GetImageRect
0x8cc08730,0x8cc08730,ImageList_LoadImage
0x24d16d91,0x24d16d91,ImageList_LoadImageA
0x24d16da7,0x24d16da7,ImageList_LoadImageW
0xd2f7a1fd,0xd2f7a1fd,ImageList_Merge
0x6b408a49,0x6b408a49,ImageList_Read
0x3d93137b,0x3d93137b,ImageList_Remove
0xf029ce09,0xf029ce09,ImageList_Replace
0x6d3ef232,0x6d3ef232,ImageList_ReplaceIcon
0xa72a6ec5,0xa72a6ec5,ImageList_SetBkColor
0x8186918,0x08186918,ImageList_SetDragCursorImage
0x3cd1e53f,0x3cd1e53f,ImageList_SetFilter
0xea9373e6,0xea9373e6,ImageList_SetFlags
0xb662c11d,0xb662c11d,ImageList_SetIconSize
0x3f681785,0x3f681785,ImageList_SetImageCount
0x9397b53e,0x9397b53e,ImageList_SetOverlayImage
0xd3b39358,0xd3b39358,ImageList_Write
0xe141561d,0xe141561d,ImageNtHeader
0xa305d133,0xa305d133,ImageRvaToSection
0x1064dc95,0x1064dc95,ImageRvaToVa
0xdf417836,0xdf417836,ImagehlpApiVersion
0xb5806b33,0xb5806b33,ImagehlpApiVersionEx
0xbbf2e01,0x0bbf2e01,ImmActivateLayout
0xe9cc5f73,0xe9cc5f73,ImmAssociateContext
0x8e6215b0,0x8e6215b0,ImmAssociateContextEx
0xc07fc0d0,0xc07fc0d0,ImmConfigureIMEA
0xc07fc0e6,0xc07fc0e6,ImmConfigureIMEW
0x47c8db0b,0x47c8db0b,ImmCreateContext
0x12e0c002,0x12e0c002,ImmCreateIMCC
0x2ce1f833,0x2ce1f833,ImmCreateSoftKeyboard
0x4026c321,0x4026c321,ImmDestroyContext
0x25fbafd8,0x25fbafd8,ImmDestroyIMCC
0x47825e09,0x47825e09,ImmDestroySoftKeyboard
0xc0a48b61,0xc0a48b61,ImmDisableIME
0xc0a48b61,0xc0a48b61,ImmDisableIme
0x3454fb76,0x3454fb76,ImmDisableLegacyIME
0x8a2fc887,0x8a2fc887,ImmDisableTextFrameService
0xb78581c,0x0b78581c,ImmEnumInputContext
0xef37dae9,0xef37dae9,ImmEnumRegisterWordA
0xef37daff,0xef37daff,ImmEnumRegisterWordW
0x56e079a4,0x56e079a4,ImmEscapeA
0x56e079ba,0x56e079ba,ImmEscapeW
0x40009052,0x40009052,ImmFreeLayout
0x6e3b97c2,0x6e3b97c2,ImmGenerateMessage
0x9dcae4ec,0x9dcae4ec,ImmGetCandidateListA
0xd77fd535,0xd77fd535,ImmGetCandidateListCountA
0xd77fd54b,0xd77fd54b,ImmGetCandidateListCountW
0x9dcae502,0x9dcae502,ImmGetCandidateListW
0x70cd41a7,0x70cd41a7,ImmGetCandidateWindow
0x605d801e,0x605d801e,ImmGetCompositionFontA
0x605d8034,0x605d8034,ImmGetCompositionFontW
0x8abd135d,0x8abd135d,ImmGetCompositionString
0xe25f7f5e,0xe25f7f5e,ImmGetCompositionStringA
0xe25f7f74,0xe25f7f74,ImmGetCompositionStringW
0x934861be,0x934861be,ImmGetCompositionWindow
0x9f883477,0x9f883477,ImmGetContext
0x39759e55,0x39759e55,ImmGetConversionListA
0x39759e6b,0x39759e6b,ImmGetConversionListW
0x793ab71c,0x793ab71c,ImmGetConversionStatus
0xe1ecff7b,0xe1ecff7b,ImmGetDefaultIMEWnd
0xc56c66d7,0xc56c66d7,ImmGetDescriptionA
0xc56c66ed,0xc56c66ed,ImmGetDescriptionW
0x4c979e49,0x4c979e49,ImmGetGuideLineA
0x4c979e5f,0x4c979e5f,ImmGetGuideLineW
0xbb2d2ec6,0xbb2d2ec6,ImmGetHotKey
0x22468e0,0x022468e0,ImmGetIMCCLockCount
0x65505649,0x65505649,ImmGetIMCCSize
0x1d4cd7bd,0x1d4cd7bd,ImmGetIMCLockCount
0x8878c2af,0x8878c2af,ImmGetIMEFileNameA
0x8878c2c5,0x8878c2c5,ImmGetIMEFileNameW
0xb6f23eb6,0xb6f23eb6,ImmGetImeInfoEx
0x7fba8a65,0x7fba8a65,ImmGetImeMenuItemsA
0x7fba8a7b,0x7fba8a7b,ImmGetImeMenuItemsW
0x9871b3c8,0x9871b3c8,ImmGetOpenStatus
0x78e1f697,0x78e1f697,ImmGetProperty
0x2b985165,0x2b985165,ImmGetRegisterWordStyleA
0x2b98517b,0x2b98517b,ImmGetRegisterWordStyleW
0xf42b23e0,0xf42b23e0,ImmGetStatusWindowPos
0x55e23022,0x55e23022,ImmGetVirtualKey
0xb7759254,0xb7759254,ImmIMPGetIMEA
0xb775926a,0xb775926a,ImmIMPGetIMEW
0x4f4da5ca,0x4f4da5ca,ImmIMPQueryIMEA
0x4f4da5e0,0x4f4da5e0,ImmIMPQueryIMEW
0x53306b60,0x53306b60,ImmIMPSetIMEA
0x53306b76,0x53306b76,ImmIMPSetIMEW
0xc0a19345,0xc0a19345,ImmInstallIMEA
0xc0a1935b,0xc0a1935b,ImmInstallIMEW
0xb704c1c9,0xb704c1c9,ImmIsIME
0x7fa0a4f2,0x7fa0a4f2,ImmIsUIMessageA
0x7fa0a508,0x7fa0a508,ImmIsUIMessageW
0x6840d7cd,0x6840d7cd,ImmLoadIME
0xfcc913d0,0xfcc913d0,ImmLoadLayout
0xd099013,0x0d099013,ImmLockClientImc
0x6868df74,0x6868df74,ImmLockIMC
0x7584ce57,0x7584ce57,ImmLockIMCC
0xe9f2ebf3,0xe9f2ebf3,ImmLockImeDpi
0x26db9906,0x26db9906,ImmNotifyIME
0x91d19613,0x91d19613,ImmPenAuxInput
0xf9f6523a,0xf9f6523a,ImmProcessKey
0x3d40368e,0x3d40368e,ImmPutImeMenuItemsIntoMappedFile
0xc6980200,0xc6980200,ImmReSizeIMCC
0xb31b5176,0xb31b5176,ImmRegisterClient
0xa1ffee14,0xa1ffee14,ImmRegisterWordA
0xa1ffee2a,0xa1ffee2a,ImmRegisterWordW
0x6ead3cb8,0x6ead3cb8,ImmReleaseContext
0xd8475e1,0x0d8475e1,ImmRequestMessageA
0xd8475f7,0x0d8475f7,ImmRequestMessageW
0x8192aefa,0x8192aefa,ImmSendIMEMessageExA
0x8192af10,0x8192af10,ImmSendIMEMessageExW
0xac71806a,0xac71806a,ImmSendMessageToActiveDefImeWndW
0x7ff7f21f,0x7ff7f21f,ImmSetActiveContext
0x1fce6b0d,0x1fce6b0d,ImmSetActiveContextConsoleIME
0x99d6db33,0x99d6db33,ImmSetCandidateWindow
0xaa9a4b2a,0xaa9a4b2a,ImmSetCompositionFontA
0xaa9a4b40,0xaa9a4b40,ImmSetCompositionFontW
0xaefb3d6a,0xaefb3d6a,ImmSetCompositionStringA
0xaefb3d80,0xaefb3d80,ImmSetCompositionStringW
0x251e8e4a,0x251e8e4a,ImmSetCompositionWindow
0xc3778228,0xc3778228,ImmSetConversionStatus
0x50e625d4,0x50e625d4,ImmSetOpenStatus
0x1d34bd6c,0x1d34bd6c,ImmSetStatusWindowPos
0xccfcba00,0xccfcba00,ImmShowSoftKeyboard
0xcb6a9e0a,0xcb6a9e0a,ImmSimulateHotKey
0x1b3203f5,0x1b3203f5,ImmSystemHandler
0x3eac4485,0x3eac4485,ImmTranslateMessage
0x996ad0f6,0x996ad0f6,ImmUnlockClientImc
0xfeff217,0x0feff217,ImmUnlockIMC
0xdee355a,0x0dee355a,ImmUnlockIMCC
0x42521fb6,0x42521fb6,ImmUnlockImeDpi
0x2e612ef7,0x2e612ef7,ImmUnregisterWordA
0x2e612f0d,0x2e612f0d,ImmUnregisterWordW
0x4898eb6f,0x4898eb6f,ImmWINNLSEnableIME
0xca3e6d8,0x0ca3e6d8,ImmWINNLSGetEnableStatus
0x3aa10c9c,0x3aa10c9c,ImmWINNLSGetIMEHotkey
0x98766cc0,0x98766cc0,ImpersonateAnonymousToken
0x8772bb9a,0x8772bb9a,ImpersonateDdeClientWindow
0x5a73e3c4,0x5a73e3c4,ImpersonateLoggedOnUser
0xfe17ee88,0xfe17ee88,ImpersonateNamedPipeClient
0x11a261f3,0x11a261f3,ImpersonateSecurityContext
0x9123a520,0x9123a520,ImpersonateSelf
0x49317a48,0x49317a48,ImportSecurityContextA
0x49317a5e,0x49317a5e,ImportSecurityContextW
0x27a1fe35,0x27a1fe35,InSendMessage
0x981a6cf2,0x981a6cf2,InSendMessageEx
0x8b01ce3e,0x8b01ce3e,IncrementUrlCacheHeaderData
0xf21a3840,0xf21a3840,InetNtop
0xf21b5100,0xf21b5100,InetPton
0x3bb8e300,0x3bb8e300,InflateRect
0xb512f8bc,0xb512f8bc,InitAtomTable
0xb0aa28d8,0xb0aa28d8,InitCRLCache
0x34b5bba0,0x34b5bba0,InitCommonControls
0x3913311d,0x3913311d,InitCommonControlsEx
0x4b0aa172,0x4b0aa172,InitMUILanguage
0x56efc554,0x56efc554,InitNetworkAddressControl
0xdd41a45f,0xdd41a45f,InitOnceBeginInitialize
0x543e79a1,0x543e79a1,InitOnceComplete
0x78cec0c0,0x78cec0c0,InitOnceExecuteOnce
0x7d1bdd5a,0x7d1bdd5a,InitOnceInitialize
0x873c1ee0,0x873c1ee0,InitPropVariantFromBooleanVector
0xae1a7827,0xae1a7827,InitPropVariantFromBuffer
0x6a2d35dc,0x6a2d35dc,InitPropVariantFromCLSID
0xb44f58bb,0xb44f58bb,InitPropVariantFromDoubleVector
0xc1da957c,0xc1da957c,InitPropVariantFromFileTime
0x46886d4f,0x46886d4f,InitPropVariantFromFileTimeVector
0x28c2f221,0x28c2f221,InitPropVariantFromGUIDAsString
0xc18a2c92,0xc18a2c92,InitPropVariantFromInt16Vector
0x6624e350,0x6624e350,InitPropVariantFromInt32Vector
0xc4dedb75,0xc4dedb75,InitPropVariantFromInt64Vector
0xb5324659,0xb5324659,InitPropVariantFromPropVariantVectorElem
0xb2115fd5,0xb2115fd5,InitPropVariantFromResource
0xd5b6d9f1,0xd5b6d9f1,InitPropVariantFromStrRet
0xe68d78b,0x0e68d78b,InitPropVariantFromStringAsVector
0xc320e297,0xc320e297,InitPropVariantFromStringVector
0x53a50f87,0x53a50f87,InitPropVariantFromUInt16Vector
0xf83fc645,0xf83fc645,InitPropVariantFromUInt32Vector
0x56f9be6a,0x56f9be6a,InitPropVariantFromUInt64Vector
0x84390856,0x84390856,InitPropVariantVectorFromPropVariant
0x3f07f94d,0x3f07f94d,InitSecurityInterfaceA
0x3f07f963,0x3f07f963,InitSecurityInterfaceW
0x995c29eb,0x995c29eb,InitVariantFromBooleanArray
0xcfc5ca66,0xcfc5ca66,InitVariantFromBuffer
0xab3fe086,0xab3fe086,InitVariantFromDoubleArray
0xfba3737b,0xfba3737b,InitVariantFromFileTime
0x20c9965a,0x20c9965a,InitVariantFromFileTimeArray
0xb7b8b7a0,0xb7b8b7a0,InitVariantFromGUIDAsString
0xf2e8dd9d,0xf2e8dd9d,InitVariantFromInt16Array
0x8388b49b,0x8388b49b,InitVariantFromInt32Array
0x6f21bc20,0x6f21bc20,InitVariantFromInt64Array
0xebda3dd4,0xebda3dd4,InitVariantFromResource
0xf7622c30,0xf7622c30,InitVariantFromStrRet
0x46d99ee2,0x46d99ee2,InitVariantFromStringArray
0xb013edd2,0xb013edd2,InitVariantFromUInt16Array
0x40b3c4d0,0x40b3c4d0,InitVariantFromUInt32Array
0x2c4ccc55,0x2c4ccc55,InitVariantFromUInt64Array
0xc2280d83,0xc2280d83,InitVariantFromVariantArrayElem
0xe03f1a71,0xe03f1a71,InitializeAcl
0x2b35686e,0x2b35686e,InitializeCdmModule_4
0xba1027ce,0xba1027ce,InitializeConditionVariable
0x7c90d686,0x7c90d686,InitializeContext
0x7f710881,0x7f710881,InitializeCriticalSection
0xe17a6517,0xe17a6517,InitializeCriticalSectionAndSpinCount
0x1fd53a3e,0x1fd53a3e,InitializeCriticalSectionEx
0x86a76cfd,0x86a76cfd,InitializeFlatSB
0xa22314cc,0xa22314cc,InitializeLpkHooks
0x5217d3d,0x05217d3d,InitializeProcThreadAttributeList
0xe4f03fa2,0xe4f03fa2,InitializeSListHead
0x53d2bdc6,0x53d2bdc6,InitializeSRWLock
0x3946645f,0x3946645f,InitializeSecurityContextA
0x39466475,0x39466475,InitializeSecurityContextW
0xb98c0d78,0xb98c0d78,InitializeSecurityDescriptor
0xe03f67c1,0xe03f67c1,InitializeSid
0xa1354ca3,0xa1354ca3,InitiateShutdownA
0xa1354cb9,0xa1354cb9,InitiateShutdownW
0xce172e88,0xce172e88,InitiateSystemShutdownA
0xb09d1165,0xb09d1165,InitiateSystemShutdownExA
0xb09d117b,0xb09d117b,InitiateSystemShutdownExW
0xce172e9e,0xce172e9e,InitiateSystemShutdownW
0xcd65a25a,0xcd65a25a,InsertMenuA
0x72955b69,0x72955b69,InsertMenuItemA
0x72955b7f,0x72955b7f,InsertMenuItemW
0xcd65a270,0xcd65a270,InsertMenuW
0x2b56bbda,0x2b56bbda,InstallApplication
0xf965bdd7,0xf965bdd7,InstallPrinterDriverFromPackageA
0xf965bded,0xf965bded,InstallPrinterDriverFromPackageW
0x12bb3504,0x12bb3504,Instance
0x44623e2d,0x44623e2d,InterlockedCompareExchange
0xe5ea8497,0xe5ea8497,InterlockedCompareExchange64
0x2652271a,0x2652271a,InterlockedDecrement
0xd1d21f06,0xd1d21f06,InterlockedExchange
0x6996b32f,0x6996b32f,InterlockedExchangeAdd
0x191e46d4,0x191e46d4,InterlockedFlushSList
0xbb10d808,0xbb10d808,InterlockedIncrement
0x86bb9fd3,0x86bb9fd3,InterlockedPopEntrySList
0x4a3b65a4,0x4a3b65a4,InterlockedPushEntrySList
0x7a290d2e,0x7a290d2e,InterlockedPushListSList
0x668adcd,0x0668adcd,InternalExtractIconListA
0x668ade3,0x0668ade3,InternalExtractIconListW
0x709474ad,0x709474ad,InternalGetWindowIcon
0x709a8689,0x709a8689,InternalGetWindowText
0xc9f6e254,0xc9f6e254,InternetAlgIdToStringA
0xc9f6e26a,0xc9f6e26a,InternetAlgIdToStringW
0xbffb33c1,0xbffb33c1,InternetAttemptConnect
0xad40b0ab,0xad40b0ab,InternetAutodial
0xd61d6518,0xd61d6518,InternetAutodialCallback
0xbdd268e,0x0bdd268e,InternetAutodialHangup
0x900654dc,0x900654dc,InternetCanonicalizeUrlA
0x900654f2,0x900654f2,InternetCanonicalizeUrlW
0x110aee27,0x110aee27,InternetCheckConnectionA
0x110aee3d,0x110aee3d,InternetCheckConnectionW
0xbee59e4f,0xbee59e4f,InternetClearAllPerSiteCookieDecisions
0xa1bbc83a,0xa1bbc83a,InternetCloseHandle
0x56b7d1a9,0x56b7d1a9,InternetCombineUrlA
0x56b7d1bf,0x56b7d1bf,InternetCombineUrlW
0xb6ab8daa,0xb6ab8daa,InternetConfirmZoneCrossing
0x8c1d434b,0x8c1d434b,InternetConfirmZoneCrossingA
0x8c1d4361,0x8c1d4361,InternetConfirmZoneCrossingW
0xa9d656e3,0xa9d656e3,InternetConnectA
0xa9d656f9,0xa9d656f9,InternetConnectW
0x3b12221,0x03b12221,InternetConvertUrlFromWireToWideChar
0xa77f4850,0xa77f4850,InternetCrackUrlA
0xa77f4866,0xa77f4866,InternetCrackUrlW
0xc259d260,0xc259d260,InternetCreateUrlA
0xc259d276,0xc259d276,InternetCreateUrlW
0x9ea78e52,0x9ea78e52,InternetDial
0x739958f3,0x739958f3,InternetDialA
0x73995909,0x73995909,InternetDialW
0x84282b2,0x084282b2,InternetEnumPerSiteCookieDecisionA
0x84282c8,0x084282c8,InternetEnumPerSiteCookieDecisionW
0x72b69619,0x72b69619,InternetErrorDlg
0xe54e2779,0xe54e2779,InternetFindNextFileA
0xe54e278f,0xe54e278f,InternetFindNextFileW
0x4d81a4ec,0x4d81a4ec,InternetFortezzaCommand
0x48f6a9a7,0x48f6a9a7,InternetFreeCookies
0x4ff50804,0x4ff50804,InternetFreeProxyInfoList
0xf131ff94,0xf131ff94,InternetGetCertByURL
0x1771f275,0x1771f275,InternetGetCertByURLA
0xe4719d8c,0xe4719d8c,InternetGetConnectedState
0xc74f3e09,0xc74f3e09,InternetGetConnectedStateEx
0xb136ff8a,0xb136ff8a,InternetGetConnectedStateExA
0xb136ffa0,0xb136ffa0,InternetGetConnectedStateExW
0x4f07d373,0x4f07d373,InternetGetCookieA
0x304a9ce1,0x304a9ce1,InternetGetCookieEx2
0x304a9d10,0x304a9d10,InternetGetCookieExA
0x304a9d26,0x304a9d26,InternetGetCookieExW
0x4f07d389,0x4f07d389,InternetGetCookieW
0xf45818a8,0xf45818a8,InternetGetLastResponseInfoA
0xf45818be,0xf45818be,InternetGetLastResponseInfoW
0x9a9affdd,0x9a9affdd,InternetGetPerSiteCookieDecisionA
0x9a9afff3,0x9a9afff3,InternetGetPerSiteCookieDecisionW
0x113ddbd4,0x113ddbd4,InternetGetProxyForUrl
0x10aff80a,0x10aff80a,InternetGetSecurityInfoByURL
0x26aef9ab,0x26aef9ab,InternetGetSecurityInfoByURLA
0x26aef9c1,0x26aef9c1,InternetGetSecurityInfoByURLW
0x5d36c273,0x5d36c273,InternetGoOnline
0x40f1134,0x040f1134,InternetGoOnlineA
0x40f114a,0x040f114a,InternetGoOnlineW
0xef8f647b,0xef8f647b,InternetHangUp
0xd56ffc41,0xd56ffc41,InternetInitializeAutoProxyDll
0x336e684a,0x336e684a,InternetLockRequestFile
0x74644e6b,0x74644e6b,InternetOpenA
0xf4f1255e,0xf4f1255e,InternetOpenUrlA
0xf4f12574,0xf4f12574,InternetOpenUrlW
0x74644e81,0x74644e81,InternetOpenW
0x564bfe69,0x564bfe69,InternetQueryDataAvailable
0xfdcef87,0x0fdcef87,InternetQueryFortezzaStatus
0x4d493948,0x4d493948,InternetQueryOptionA
0x4d49395e,0x4d49395e,InternetQueryOptionW
0x60e41034,0x60e41034,InternetReadFile
0x6f485132,0x6f485132,InternetReadFileExA
0x6f485148,0x6f485148,InternetReadFileExW
0x636631dd,0x636631dd,InternetSecurityProtocolToStringA
0x636631f3,0x636631f3,InternetSecurityProtocolToStringW
0x7f86a0ff,0x7f86a0ff,InternetSetCookieA
0x7bb2fd6d,0x7bb2fd6d,InternetSetCookieEx2
0x7bb2fd9c,0x7bb2fd9c,InternetSetCookieExA
0x7bb2fdb2,0x7bb2fdb2,InternetSetCookieExW
0x7f86a115,0x7f86a115,InternetSetCookieW
0x3407649f,0x3407649f,InternetSetDialState
0xb4f3f8e0,0xb4f3f8e0,InternetSetDialStateA
0xb4f3f8f6,0xb4f3f8f6,InternetSetDialStateW
0xf7adc165,0xf7adc165,InternetSetFilePointer
0x1df01f1e,0x1df01f1e,InternetSetOptionA
0x5a747f7b,0x5a747f7b,InternetSetOptionExA
0x5a747f91,0x5a747f91,InternetSetOptionExW
0x1df01f34,0x1df01f34,InternetSetOptionW
0xabbee3e9,0xabbee3e9,InternetSetPerSiteCookieDecisionA
0xabbee3ff,0xabbee3ff,InternetSetPerSiteCookieDecisionW
0x61a04575,0x61a04575,InternetSetStatusCallback
0x95a8f476,0x95a8f476,InternetSetStatusCallbackA
0x95a8f48c,0x95a8f48c,InternetSetStatusCallbackW
0xcc29ae4b,0xcc29ae4b,InternetShowSecurityInfoByURL
0x515f780c,0x515f780c,InternetShowSecurityInfoByURLA
0x515f7822,0x515f7822,InternetShowSecurityInfoByURLW
0x6b929ccf,0x6b929ccf,InternetTimeFromSystemTime
0xdde63710,0xdde63710,InternetTimeFromSystemTimeA
0xdde63726,0xdde63726,InternetTimeFromSystemTimeW
0x2b27f2de,0x2b27f2de,InternetTimeToSystemTime
0x90264eff,0x90264eff,InternetTimeToSystemTimeA
0x90264f15,0x90264f15,InternetTimeToSystemTimeW
0x3f3dcf6d,0x3f3dcf6d,InternetUnlockRequestFile
0x503cc223,0x503cc223,InternetWriteFile
0xa13270c1,0xa13270c1,InternetWriteFileExA
0xa13270d7,0xa13270d7,InternetWriteFileExW
0x990cacf6,0x990cacf6,IntersectClipRect
0xea61560e,0xea61560e,IntersectRect
0xddda5d70,0xddda5d70,IntlStrEqWorkerA
0xddda5d86,0xddda5d86,IntlStrEqWorkerW
0xb42aa2a2,0xb42aa2a2,InvalidateConsoleDIBits
0x56c9c77e,0x56c9c77e,InvalidateRect
0x9dc80e17,0x9dc80e17,InvalidateRgn
0x189501f5,0x189501f5,InvertRect
0x2f4a55ae,0x2f4a55ae,InvertRgn
0x7825d041,0x7825d041,IoCompletion
0x519c07f0,0x519c07f0,IsAccelerator
0xfa9f9a83,0xfa9f9a83,IsBadCodePtr
0xa49fa14d,0xa49fa14d,IsBadHugeReadPtr
0xd256bdbc,0xd256bdbc,IsBadHugeWritePtr
0x65bebda4,0x65bebda4,IsBadReadPtr
0xdffe6200,0xdffe6200,IsBadStringPtrA
0xdffe6216,0xdffe6216,IsBadStringPtrW
0xb75964f3,0xb75964f3,IsBadWritePtr
0x6454bce5,0x6454bce5,IsCalendarLeapDay
0xcd21f48d,0xcd21f48d,IsCalendarLeapMonth
0xeef7ebd8,0xeef7ebd8,IsCalendarLeapYear
0x760b9526,0x760b9526,IsCatalogFile
0xcbe3c230,0xcbe3c230,IsCharAlphaA
0x91894643,0x91894643,IsCharAlphaNumericA
0x91894659,0x91894659,IsCharAlphaNumericW
0xcbe3c246,0xcbe3c246,IsCharAlphaW
0xe5c696b3,0xe5c696b3,IsCharLowerA
0xe5c696c9,0xe5c696c9,IsCharLowerW
0xf620b116,0xf620b116,IsCharSpaceA
0xf620b12c,0xf620b12c,IsCharSpaceW
0xfad34636,0xfad34636,IsCharUpperA
0xfad3464c,0xfad3464c,IsCharUpperW
0xe4496d0f,0xe4496d0f,IsChild
0x9b8fbea5,0x9b8fbea5,IsClipboardFormatAvailable
0xc9ed7a11,0xc9ed7a11,IsDBCSLeadByte
0xfb344fce,0xfb344fce,IsDBCSLeadByteEx
0x752b1b11,0x752b1b11,IsDebuggerPresent
0xc79ec00,0x0c79ec00,IsDialogMessage
0x9bb76c61,0x9bb76c61,IsDialogMessageA
0x9bb76c77,0x9bb76c77,IsDialogMessageW
0xd2b72945,0xd2b72945,IsDlgButtonChecked
0x506e134c,0x506e134c,IsEqualGUID
0x7ac2d4c8,0x7ac2d4c8,IsGUIThread
0xc4fa3b90,0xc4fa3b90,IsHostInProxyBypassList
0x46950b96,0x46950b96,IsHungAppWindow
0x7b1edc00,0x7b1edc00,IsIconic
0x7f75803a,0x7f75803a,IsInternetESCEnabled
0x66f50bc5,0x66f50bc5,IsLFNDrive
0x459684c6,0x459684c6,IsLFNDriveA
0x459684dc,0x459684dc,IsLFNDriveW
0xff2e7300,0xff2e7300,IsMenu
0xd0bd1f3e,0xd0bd1f3e,IsNLSDefinedString
0x7d6c8c,0x007d6c8c,IsNetDrive
0x1bde9a77,0x1bde9a77,IsNormalizedString
0x589fa96d,0x589fa96d,IsOS
0x39335617,0x39335617,IsProcessDPIAware
0x3e19167c,0x3e19167c,IsProcessInJob
0xf6176ff8,0xf6176ff8,IsProcessorFeaturePresent
0xe9e81f28,0xe9e81f28,IsRectEmpty
0xf5c12840,0xf5c12840,IsRoInitializeASTAAllowedInDesktop
0x6cc99f02,0x6cc99f02,IsSETEnabled
0xcfdbeb42,0xcfdbeb42,IsSandboxedProcess
0x628e1fc2,0x628e1fc2,IsSecurityProcess
0x7bd8f95f,0x7bd8f95f,IsServerSideWindow
0xfb9353e8,0xfb9353e8,IsSystemResumeAutomatic
0x6ecc1237,0x6ecc1237,IsTextUnicode
0x6379240c,0x6379240c,IsThreadAFiber
0x1be51d94,0x1be51d94,IsThreadDesktopComposited
0x82d56d8a,0x82d56d8a,IsThreadpoolTimerSet
0xa4dc1579,0xa4dc1579,IsTimeZoneRedirectionEnabled
0xa7ad8a85,0xa7ad8a85,IsTokenRestricted
0x3776101a,0x3776101a,IsTokenUntrusted
0x7688712e,0x7688712e,IsTopLevelWindow
0xb5b07a46,0xb5b07a46,IsTouchWindow
0xc6a8fe56,0xc6a8fe56,IsUrlCacheEntryExpiredA
0xc6a8fe6c,0xc6a8fe6c,IsUrlCacheEntryExpiredW
0xaadfabe2,0xaadfabe2,IsUserAnAdmin
0x1c4c844b,0x1c4c844b,IsValidAcl
0x802d9178,0x802d9178,IsValidCalDateTime
0xaca9e893,0xaca9e893,IsValidCodePage
0xc1b27d60,0xc1b27d60,IsValidDevmodeA
0xc1b27d76,0xc1b27d76,IsValidDevmodeW
0x1c4ca711,0x1c4ca711,IsValidIid
0xe05a6dac,0xe05a6dac,IsValidInterface
0x2ab4294c,0x2ab4294c,IsValidLanguageGroup
0xabd5c4eb,0xabd5c4eb,IsValidLocale
0x79f23f2c,0x79f23f2c,IsValidLocaleName
0x6297ac88,0x6297ac88,IsValidPtrIn
0xb58d5869,0xb58d5869,IsValidPtrOut
0x95223ab7,0x95223ab7,IsValidRelative
0x35db9d6e,0x35db9d6e,IsValidRelativeSecurityDescriptor
0x93c49812,0x93c49812,IsValidSecurityDescriptor
0x1c4cd19b,0x1c4cd19b,IsValidSid
0xdb9c5d0c,0xdb9c5d0c,IsWellKnownSid
0xe05b116c,0xe05b116c,IsWinEventHookInstalled
0x9c32f1c3,0x9c32f1c3,IsWindow
0x5e3448e,0x05e3448e,IsWindowEnabled
0xcc2dc3c4,0xcc2dc3c4,IsWindowInDestroy
0x55029992,0x55029992,IsWindowRedirectedForPrint
0xd6186daa,0xd6186daa,IsWindowUnicode
0x1820e851,0x1820e851,IsWindowVisible
0x84b75777,0x84b75777,IsWow64Message
0x89a80871,0x89a80871,IsWow64Process
0xa39faff9,0xa39faff9,IsZoomed
0x75597a07,0x75597a07,IssuerCache_Destroy
0xe36946b7,0xe36946b7,JOG_RegisterMetric
0x1a03f61,0x01a03f61,JOG_RegisterPing
0x6b98d87b,0x6b98d87b,K32EmptyWorkingSet
0xa296cd43,0xa296cd43,K32EnumDeviceDrivers
0x4361e145,0x4361e145,K32EnumPageFilesA
0x4361e15b,0x4361e15b,K32EnumPageFilesW
0x1810572c,0x1810572c,K32EnumProcessModules
0x5d82dfa9,0x5d82dfa9,K32EnumProcessModulesEx
0xc7f18d2b,0xc7f18d2b,K32EnumProcesses
0x5668b6d8,0x5668b6d8,K32GetDeviceDriverBaseNameA
0x5668b6ee,0x5668b6ee,K32GetDeviceDriverBaseNameW
0x6f91789d,0x6f91789d,K32GetDeviceDriverFileNameA
0x6f9178b3,0x6f9178b3,K32GetDeviceDriverFileNameW
0x55f76798,0x55f76798,K32GetMappedFileNameA
0x55f767ae,0x55f767ae,K32GetMappedFileNameW
0x6031b362,0x6031b362,K32GetModuleBaseNameA
0x6031b378,0x6031b378,K32GetModuleBaseNameW
0x39cc7bc4,0x39cc7bc4,K32GetModuleFileNameExA
0x39cc7bda,0x39cc7bda,K32GetModuleFileNameExW
0xacd51a0b,0xacd51a0b,K32GetModuleInformation
0xb2422c1d,0xb2422c1d,K32GetPerformanceInfo
0x8bebbfe3,0x8bebbfe3,K32GetProcessImageFileNameA
0x8bebbff9,0x8bebbff9,K32GetProcessImageFileNameW
0xf0418a03,0xf0418a03,K32GetProcessMemoryInfo
0x913566a2,0x913566a2,K32GetWsChanges
0xb429a49f,0xb429a49f,K32GetWsChangesEx
0xe8db7958,0xe8db7958,K32InitializeProcessForWsWatch
0x21f7a742,0x21f7a742,K32QueryWorkingSet
0x7e7e8d3f,0x7e7e8d3f,K32QueryWorkingSetEx
0x111b184f,0x111b184f,KEAPQGCompare
0x16ecc832,0x16ecc832,KiFastSystemCall
0x2d35255d,0x2d35255d,KiFastSystemCallRet
0x40a2aacf,0x40a2aacf,KiIntSystemCall
0x9fcdcf0c,0x9fcdcf0c,KiRaiseUserExceptionDispatcher
0xa059c0fd,0xa059c0fd,KiUserApcDispatcher
0xc899776,0x0c899776,KiUserCallbackDispatcher
0x88e12b98,0x88e12b98,KiUserExceptionDispatcher
0x89a5df7c,0x89a5df7c,KillTimer
0x4de490a4,0x4de490a4,LBItemFromPt
0x716a265f,0x716a265f,LCIDToLocaleName
0x5385ab14,0x5385ab14,LCMapStringA
0xc43b0e90,0xc43b0e90,LCMapStringEx
0x5385ab2a,0x5385ab2a,LCMapStringW
0xf34a3fd2,0xf34a3fd2,LDAPFilterTemplate
0xe32fd65a,0xe32fd65a,LIBID_Accessibility
0xdb383a37,0xdb383a37,LL_MaxInt
0x4246000c,0x4246000c,LL_MaxUint
0xdbc38275,0xdbc38275,LL_MinInt
0xbaa57386,0xbaa57386,LL_Zero
0x72fab213,0x72fab213,LPFN_WSARECVMSG (WSARecvMsg)
0x5fba342,0x05fba342,LPtoDP
0xdb8e8bab,0xdb8e8bab,LZClose
0xd22c24cb,0xd22c24cb,LZCloseFile
0x6a74770,0x06a74770,LZCopy
0x7ca72bc0,0x7ca72bc0,LZCreateFileW
0x6a7d37b,0x06a7d37b,LZDone
0x6aa8c89,0x06aa8c89,LZInit
0xebac6328,0xebac6328,LZOpenFileA
0xebac633e,0xebac633e,LZOpenFileW
0x6af5491,0x06af5491,LZRead
0x6afe17d,0x06afe17d,LZSeek
0xdcb43b23,0xdcb43b23,LZStart
0x4bd9b660,0x4bd9b660,LastWin32Error
0xe6b09e3a,0xe6b09e3a,LaunchMSHelp_RunDLLW
0x8ea37cab,0x8ea37cab,LdrAccessResource
0xe9bc5b90,0xe9bc5b90,LdrAddLoadAsDataTable
0x51c04d53,0x51c04d53,LdrAddRefDll
0xe7d0de47,0xe7d0de47,LdrDisableThreadCalloutsForDll
0x1f89c201,0x1f89c201,LdrEnumResources
0xdafcd0d9,0xdafcd0d9,LdrEnumerateLoadedModules
0xf7dedbb1,0xf7dedbb1,LdrFindEntryForAddress
0x945cf703,0x945cf703,LdrFindResourceDirectory_U
0xbbfc846b,0xbbfc846b,LdrFindResourceEx_U
0xb83d1d2e,0xb83d1d2e,LdrFindResource_U
0x7b096574,0x7b096574,LdrFlushAlternateResourceModules
0xfd4d1e19,0xfd4d1e19,LdrGetDllHandle
0xd9b21e40,0xd9b21e40,LdrGetDllHandleByMapping
0xc800ac35,0xc800ac35,LdrGetDllHandleByName
0x850d15d6,0x850d15d6,LdrGetDllHandleEx
0xc3d34c53,0xc3d34c53,LdrGetFailureData
0x2a63c47c,0x2a63c47c,LdrGetFileNameFromLoadAsDataTable
0x62505f20,0x62505f20,LdrGetProcedureAddress
0x37e4b49d,0x37e4b49d,LdrGetProcedureAddressEx
0x48d613d2,0x48d613d2,LdrHotPatchRoutine
0x46d030b1,0x46d030b1,LdrInitShimEngineDynamic
0x3eb9dd2d,0x3eb9dd2d,LdrInitializeThunk
0xe4b865bf,0xe4b865bf,LdrLoadAlternateResourceModule
0xf468defc,0xf468defc,LdrLoadAlternateResourceModuleEx
0xf949a52d,0xf949a52d,LdrLoadDll
0xe6faa11a,0xe6faa11a,LdrLockLoaderLock
0xeb19c1db,0xeb19c1db,LdrOpenImageFileOptionsKey
0x89d046cb,0x89d046cb,LdrProcessRelocationBlock
0xf2caf90a,0xf2caf90a,LdrQueryImageFileExecutionOptions
0xd16d7107,0xd16d7107,LdrQueryImageFileExecutionOptionsEx
0x90ba490c,0x90ba490c,LdrQueryImageFileKeyOption
0xbc5535cd,0xbc5535cd,LdrQueryModuleServiceTags
0xfc9505d2,0xfc9505d2,LdrQueryProcessModuleInformation
0x5aa4dd99,0x5aa4dd99,LdrRegisterDllNotification
0x3f948115,0x3f948115,LdrRemoveLoadAsDataTable
0x2261dc4,0x02261dc4,LdrResFindResource
0xb9536199,0xb9536199,LdrResFindResourceDirectory
0xb33218a6,0xb33218a6,LdrResGetRCConfig
0x1b4276fc,0x1b4276fc,LdrResRelease
0xe599b7b9,0xe599b7b9,LdrResSearchResource
0xa0f8f004,0xa0f8f004,LdrRscIsTypeExist
0xb9e086e3,0xb9e086e3,LdrSetAppCompatDllRedirectionCallback
0x3cdefc1a,0x3cdefc1a,LdrSetDllManifestProber
0x9e699dbe,0x9e699dbe,LdrSetMUICacheType
0x4d0cdccc,0x4d0cdccc,LdrShutdownProcess
0xcce78fc5,0xcce78fc5,LdrShutdownThread
0xad3ee731,0xad3ee731,LdrSystemDllInitBlock
0xd4f303a2,0xd4f303a2,LdrUnloadAlternateResourceModule
0xddc2819f,0xddc2819f,LdrUnloadAlternateResourceModuleEx
0x6946390,0x06946390,LdrUnloadDll
0x1678f21d,0x1678f21d,LdrUnlockLoaderLock
0x3bee01fc,0x3bee01fc,LdrUnregisterDllNotification
0x118f5321,0x118f5321,LdrVerifyImageMatchesChecksum
0xb2b0acde,0xb2b0acde,LdrVerifyImageMatchesChecksumEx
0x28d3b8e1,0x28d3b8e1,LdrWx86FormatVirtualImage
0xeec85072,0xeec85072,LdrpResGetMappingSize
0x2fdc5468,0x2fdc5468,LdrpResGetResourceDirectory
0x2d312f5c,0x2d312f5c,LeaveCriticalSection
0xf1d1592e,0xf1d1592e,LeaveCriticalSectionWhenCallbackReturns
0xb4a9df20,0xb4a9df20,LineDDA
0x57984fa,0x057984fa,LineTo
0x9d339968,0x9d339968,LoadAcceleratorsA
0x9d33997e,0x9d33997e,LoadAcceleratorsW
0xd9f4ac33,0xd9f4ac33,LoadAppInitDlls
0x5bbad7ed,0x5bbad7ed,LoadBitmapA
0x5bbad803,0x5bbad803,LoadBitmapW
0xc492514e,0xc492514e,LoadCursorA
0xf63094c2,0xf63094c2,LoadCursorFromFileA
0xf63094d8,0xf63094d8,LoadCursorFromFileW
0xc4925164,0xc4925164,LoadCursorW
0x25791e39,0x25791e39,LoadIconA
0x25791e4f,0x25791e4f,LoadIconW
0xd54a1033,0xd54a1033,LoadImageA
0x68d98bd6,0x68d98bd6,LoadImageColorMatcherA
0x68d98bec,0x68d98bec,LoadImageColorMatcherW
0xd54a1049,0xd54a1049,LoadImageW
0x8bcf229f,0x8bcf229f,LoadKeyboardLayoutA
0x5b3777b,0x05b3777b,LoadKeyboardLayoutEx
0x8bcf22b5,0x8bcf22b5,LoadKeyboardLayoutW
0xe405d185,0xe405d185,LoadLibraryA
0xfcc067a2,0xfcc067a2,LoadLibraryExA
0xfcc067b8,0xfcc067b8,LoadLibraryExW
0xe405d19b,0xe405d19b,LoadLibraryW
0xa0191ca4,0xa0191ca4,LoadLocalFonts
0x25c295a5,0x25c295a5,LoadMenuA
0x80ded0f7,0x80ded0f7,LoadMenuIndirectA
0x80ded10d,0x80ded10d,LoadMenuIndirectW
0x25c295bb,0x25c295bb,LoadMenuW
0xdec4c555,0xdec4c555,LoadModule
0x784fa805,0x784fa805,LoadRemoteFonts
0x612439b7,0x612439b7,LoadResource
0x91db7347,0x91db7347,LoadStringA
0x44655015,0x44655015,LoadStringBaseExW
0x2daafeb8,0x2daafeb8,LoadStringBaseW
0x91db735d,0x91db735d,LoadStringW
0x9f7c6051,0x9f7c6051,LoadUrlCacheContent
0xcd0b7645,0xcd0b7645,LocalAlloc
0xdec8b881,0xdec8b881,LocalCompact
0x88412f1b,0x88412f1b,LocalFileTimeToFileTime
0xcd65c107,0xcd65c107,LocalFlags
0xb8a6181c,0xb8a6181c,LocalFree
0x7e083946,0x7e083946,LocalHandle
0xb8a95563,0xb8a95563,LocalLock
0x49438a3c,0x49438a3c,LocalReAlloc
0x9831eac9,0x9831eac9,LocalShrink
0xb8ad1575,0xb8ad1575,LocalSize
0x9d459ce6,0x9d459ce6,LocalUnlock
0x350a36df,0x350a36df,LocaleNameToLCID
0xe502636c,0xe502636c,LocateXStateFeature
0x749d4530,0x749d4530,LockExclusive
0xfe883398,0xfe883398,LockFile
0xc1638715,0xc1638715,LockFileEx
0x98a07300,0x98a07300,LockResource
0xa20b31fe,0xa20b31fe,LockServiceDatabase
0x5e6738f7,0x5e6738f7,LockSetForegroundWindow
0xdf9eadcf,0xdf9eadcf,LockShared
0xa3619372,0xa3619372,LockWindowStation
0x209c8773,0x209c8773,LockWindowUpdate
0x9c00b1dd,0x9c00b1dd,LockWorkStation
0x7317adf4,0x7317adf4,LogicalToPhysicalPoint
0xb9da10ee,0xb9da10ee,LogonUserA
0x98a2254b,0x98a2254b,LogonUserExA
0x49c0c4fe,0x49c0c4fe,LogonUserExExW
0x98a22561,0x98a22561,LogonUserExW
0xb9da1104,0xb9da1104,LogonUserW
0x924eb6fc,0x924eb6fc,LongCounterValue
0xb7971098,0xb7971098,LookupAccountNameA
0xb79710ae,0xb79710ae,LookupAccountNameW
0xee4d4417,0xee4d4417,LookupAccountSidA
0xee4d442d,0xee4d442d,LookupAccountSidW
0x109cd728,0x109cd728,LookupIconIdFromDirectory
0xab2f4ea5,0xab2f4ea5,LookupIconIdFromDirectoryEx
0x466a0488,0x466a0488,LookupPrivilegeDisplayNameA
0x466a049e,0x466a049e,LookupPrivilegeDisplayNameW
0xe169a292,0xe169a292,LookupPrivilegeNameA
0xe169a2a8,0xe169a2a8,LookupPrivilegeNameW
0x2146f26e,0x2146f26e,LookupPrivilegeValueA
0x2146f284,0x2146f284,LookupPrivilegeValueW
0x1449206b,0x1449206b,LookupSecurityDescriptorPartsA
0x14492081,0x14492081,LookupSecurityDescriptorPartsW
0x348b2c37,0x348b2c37,LpkPresent
0x26db1305,0x26db1305,LresultFromObject
0x4bf503d6,0x4bf503d6,LsaAddAccountRights
0xa78e1a62,0xa78e1a62,LsaAddPrivilegesToAccount
0xf4c49bd7,0xf4c49bd7,LsaCallAuthenticationPackage
0x8f2ee8f,0x08f2ee8f,LsaClearAuditLog
0x2d397605,0x2d397605,LsaClose
0x37c23ec7,0x37c23ec7,LsaConnectUntrusted
0xc25641f0,0xc25641f0,LsaCreateAccount
0xf9b71909,0xf9b71909,LsaCreateSecret
0xf0c45c06,0xf0c45c06,LsaCreateTrustedDomain
0x334b8303,0x334b8303,LsaCreateTrustedDomainEx
0xd63cd562,0xd63cd562,LsaDelete
0xbf48cc25,0xbf48cc25,LsaDeleteTrustedDomain
0x5c9d1e7b,0x5c9d1e7b,LsaDeregisterLogonProcess
0xd64e5d33,0xd64e5d33,LsaEnumerateAccountRights
0x2b6212f5,0x2b6212f5,LsaEnumerateAccounts
0x2dd4df4e,0x2dd4df4e,LsaEnumerateAccountsWithUserRight
0x8e82d0cb,0x8e82d0cb,LsaEnumerateLogonSessions
0x2453f2ef,0x2453f2ef,LsaEnumeratePrivileges
0x31ef9491,0x31ef9491,LsaEnumeratePrivilegesOfAccount
0x2b2f954b,0x2b2f954b,LsaEnumerateTrustedDomains
0xb56a2188,0xb56a2188,LsaEnumerateTrustedDomainsEx
0x161053ca,0x161053ca,LsaFreeMemory
0xab83c66b,0xab83c66b,LsaFreeReturnBuffer
0x81d282ac,0x81d282ac,LsaGetLogonSessionData
0x3e508ae0,0x3e508ae0,LsaGetQuotasForAccount
0x827449b,0x0827449b,LsaGetRemoteUserName
0x4a70d3f3,0x4a70d3f3,LsaGetSystemAccessAccount
0x8e8d21ef,0x8e8d21ef,LsaGetUserName
0x426bb69,0x0426bb69,LsaICLookupNames
0x57533a36,0x57533a36,LsaICLookupNamesWithCreds
0x231308,0x00231308,LsaICLookupSids
0xa8b194b5,0xa8b194b5,LsaICLookupSidsWithCreds
0xe642db2d,0xe642db2d,LsaLogonUser
0xa41bee75,0xa41bee75,LsaLookupAuthenticationPackage
0x8413b93d,0x8413b93d,LsaLookupNames
0x68ae10f,0x068ae10f,LsaLookupNames2
0x61334b87,0x61334b87,LsaLookupPrivilegeDisplayName
0x19d41851,0x19d41851,LsaLookupPrivilegeName
0x54e7e4ad,0x54e7e4ad,LsaLookupPrivilegeValue
0xecbda65c,0xecbda65c,LsaLookupSids
0xfb99e125,0xfb99e125,LsaManageSidNameMapping
0xa06e9d70,0xa06e9d70,LsaNtStatusToWinError
0x2d7e726e,0x2d7e726e,LsaOpenAccount
0xdf675d1,0x0df675d1,LsaOpenPolicy
0x12d2e68c,0x12d2e68c,LsaOpenPolicySce
0x143c31c7,0x143c31c7,LsaOpenSecret
0xe87a7304,0xe87a7304,LsaOpenTrustedDomain
0x6692c560,0x6692c560,LsaOpenTrustedDomainByName
0xe7f54a33,0xe7f54a33,LsaQueryDomainInformationPolicy
0x7da173c0,0x7da173c0,LsaQueryForestTrustInformation
0x1142b0d4,0x1142b0d4,LsaQueryInfoTrustedDomain
0x6d8d84bb,0x6d8d84bb,LsaQueryInformationPolicy
0x5a59d0cb,0x5a59d0cb,LsaQuerySecret
0x5b4f1694,0x5b4f1694,LsaQuerySecurityObject
0xbbc97ed4,0xbbc97ed4,LsaQueryTrustedDomainInfo
0x850f6d30,0x850f6d30,LsaQueryTrustedDomainInfoByName
0xeb7a6af2,0xeb7a6af2,LsaRegisterLogonProcess
0x31893b1,0x031893b1,LsaRegisterPolicyChangeNotification
0x3e609f5b,0x3e609f5b,LsaRemoveAccountRights
0x71325938,0x71325938,LsaRemovePrivilegesFromAccount
0xce31b2a,0x0ce31b2a,LsaRetrievePrivateData
0x6d8aaa49,0x6d8aaa49,LsaSetDomainInformationPolicy
0x4b602916,0x4b602916,LsaSetForestTrustInformation
0xa17a0c51,0xa17a0c51,LsaSetInformationPolicy
0xbe43b984,0xbe43b984,LsaSetInformationTrustedDomain
0x888d55ec,0x888d55ec,LsaSetQuotasForAccount
0xcc749a21,0xcc749a21,LsaSetSecret
0x1df0d5ea,0x1df0d5ea,LsaSetSecurityObject
0xaa84537f,0xaa84537f,LsaSetSystemAccessAccount
0xaa4cd46,0x0aa4cd46,LsaSetTrustedDomainInfoByName
0x120377e4,0x120377e4,LsaSetTrustedDomainInformation
0x9afd4c91,0x9afd4c91,LsaStorePrivateData
0x7ae646f4,0x7ae646f4,LsaUnregisterPolicyChangeNotification
0x6bd6680b,0x6bd6680b,MBToWCSEx
0xa56d03f4,0xa56d03f4,MB_GetString
0xf4292725,0xf4292725,MCIWndCreate
0x794e0c26,0x794e0c26,MCIWndCreateA
0x794e0c3c,0x794e0c3c,MCIWndCreateW
0xe180466c,0xe180466c,MCIWndRegisterClass
0x2e0e351e,0x2e0e351e,MD4Final
0xf1e32048,0xf1e32048,MD4Init
0x134b6b77,0x134b6b77,MD4Update
0x30635dbf,0x30635dbf,MD5Final
0xf1f538c9,0xf1f538c9,MD5Init
0x6045a838,0x6045a838,MD5Update
0x113a9ff,0x0113a9ff,MLFreeLibrary
0x3480453e,0x3480453e,MLLoadLibraryA
0x34804554,0x34804554,MLLoadLibraryW
0x52eb968,0x052eb968,MOZ_CrashPrintf
0x8a1a24ff,0x8a1a24ff,MSChapSrvChangePassword
0xcd5ec511,0xcd5ec511,MSChapSrvChangePassword2
0xd71dda63,0xd71dda63,MakeAbsoluteSD
0xbad926f5,0xbad926f5,MakeAbsoluteSD2
0xb6748867,0xb6748867,MakeDragList
0xdca4622a,0xdca4622a,MakeSelfRelativeSD
0xe770449f,0xe770449f,MakeSignature
0xbe165f4e,0xbe165f4e,MakeSureDirectoryPathExists
0x12edb96b,0x12edb96b,MapDialogRect
0x4fa39fb6,0x4fa39fb6,MapGenericMask
0xfbacc519,0xfbacc519,MapUserPhysicalPages
0xdfdfcfaf,0xdfdfcfaf,MapUserPhysicalPagesScatter
0x5b5b429d,0x5b5b429d,MapViewOfFile
0x9f366b5a,0x9f366b5a,MapViewOfFileEx
0xe10eda2b,0xe10eda2b,MapViewOfFileExNuma
0xaef106fe,0xaef106fe,MapVirtualKeyA
0x2f4edf5b,0x2f4edf5b,MapVirtualKeyExA
0x2f4edf71,0x2f4edf71,MapVirtualKeyExW
0xaef10714,0xaef10714,MapVirtualKeyW
0x83a93502,0x83a93502,MapWindowPoints
0xef58943d,0xef58943d,MaskBlt
0x821bc960,0x821bc960,MaxThreads
0x36264ad,0x036264ad,MenuHelp
0x4f41abf1,0x4f41abf1,MenuItemFromPoint
0xb583e651,0xb583e651,MenuWindowProcA
0xb583e667,0xb583e667,MenuWindowProcW
0x65a5235d,0x65a5235d,MesBufferHandleReset
0x396956f2,0x396956f2,MesDecodeBufferHandleCreate
0x5584be6a,0x5584be6a,MesDecodeIncrementalHandleCreate
0x55119587,0x55119587,MesEncodeDynBufferHandleCreate
0x30abb6ec,0x30abb6ec,MesEncodeFixedBufferHandleCreate
0xc31ca454,0xc31ca454,MesEncodeIncrementalHandleCreate
0x6373eca2,0x6373eca2,MesHandleFree
0x4c92b155,0x4c92b155,MesIncrementalHandleReset
0x4ac7f684,0x4ac7f684,MesInqProcEncodingId
0x6e8f5710,0x6e8f5710,MessageBeep
0x6e8f83fe,0x6e8f83fe,MessageBoxA
0x50809c5b,0x50809c5b,MessageBoxExA
0x50809c71,0x50809c71,MessageBoxExW
0x5fd0850,0x05fd0850,MessageBoxIndirectA
0x5fd0866,0x05fd0866,MessageBoxIndirectW
0xd219e8a5,0xd219e8a5,MessageBoxTimeoutA
0xd219e8bb,0xd219e8bb,MessageBoxTimeoutW
0x6e8f8414,0x6e8f8414,MessageBoxW
0x4cf0548e,0x4cf0548e,MigrateWinsockConfiguration
0x83352bb0,0x83352bb0,MiniDumpReadDumpStream
0x921e6953,0x921e6953,MiniDumpWriteDump
0x4e25ac31,0x4e25ac31,MirrorRgn
0x12a6a2d9,0x12a6a2d9,MkParseDisplayName
0x348eaf0d,0x348eaf0d,ModifyMenuA
0x348eaf23,0x348eaf23,ModifyMenuW
0x5d67a97b,0x5d67a97b,ModifyWorldTransform
0x20fb9b82,0x20fb9b82,Module32First
0x406f0c39,0x406f0c39,Module32FirstW
0x3751c419,0x3751c419,Module32Next
0x218a47b0,0x218a47b0,Module32NextW
0xd03b9077,0xd03b9077,MonikerCommonPrefixWith
0x84bc2e3d,0x84bc2e3d,MonikerLoadTypeLib
0x53543390,0x53543390,MonikerRelativePathTo
0xea9bdf35,0xea9bdf35,MonitorFromPoint
0xc14b7819,0xc14b7819,MonitorFromRect
0x4e01e263,0x4e01e263,MonitorFromWindow
0xec9ea687,0xec9ea687,MoveFileA
0x8ee28524,0x8ee28524,MoveFileExA
0x8ee2853a,0x8ee2853a,MoveFileExW
0x137e9a50,0x137e9a50,MoveFileTransactedA
0x137e9a66,0x137e9a66,MoveFileTransactedW
0xec9ea69d,0xec9ea69d,MoveFileW
0xc1fd0ef8,0xc1fd0ef8,MoveFileWithProgressA
0xc1fd0f0e,0xc1fd0f0e,MoveFileWithProgressW
0x16b73f66,0x16b73f66,MoveToEx
0xa81c40de,0xa81c40de,MoveWindow
0xa407526c,0xa407526c,MsCatConstructHashTag
0x16453fa9,0x16453fa9,MsCatFreeHashTag
0x6cff50e8,0x6cff50e8,MsgWaitForMultipleObjects
0xaa173865,0xaa173865,MsgWaitForMultipleObjectsEx
0x8a6b540,0x08a6b540,MulDiv
0xbde1a818,0xbde1a818,MultiByteToWideChar
0x30de0759,0x30de0759,MutexOnCompletion
0xab3c9696,0xab3c9696,NDRCContextBinding
0xdc34f86f,0xdc34f86f,NDRCContextMarshall
0xd9b0a5b2,0xd9b0a5b2,NDRCContextUnmarshall
0x9f87567f,0x9f87567f,NDRSContextMarshall
0x90722691,0x90722691,NDRSContextMarshall2
0x9eb6ffbc,0x9eb6ffbc,NDRSContextMarshallEx
0xbb12c7c2,0xbb12c7c2,NDRSContextUnmarshall
0x1d6bc034,0x1d6bc034,NDRSContextUnmarshall2
0xcae3cdbf,0xcae3cdbf,NDRSContextUnmarshallEx
0xbb15aaed,0xbb15aaed,NPLoadNameSpaces
0xb6d3f734,0xb6d3f734,NSC_GetFunctionList
0x4f573b43,0x4f573b43,NSC_GetInterface
0x53762b9f,0x53762b9f,NSC_GetInterfaceList
0x813326ca,0x813326ca,NSC_ModuleDBFunc
0x22af23b3,0x22af23b3,NSPStartup
0x9c5aad2a,0x9c5aad2a,NSSAlgorithmAndParameters_CreateMD5Digest
0x4bd33cd1,0x4bd33cd1,NSSAlgorithmAndParameters_CreateSHA1Digest
0xe238ef7d,0xe238ef7d,NSSArena_Create
0x5905c733,0x5905c733,NSSArena_Destroy
0xa91480b1,0xa91480b1,NSSBase64Decoder_Create
0xadbed2ee,0xadbed2ee,NSSBase64Decoder_Create_Util
0xfb537ee7,0xfb537ee7,NSSBase64Decoder_Destroy
0x130322e4,0x130322e4,NSSBase64Decoder_Destroy_Util
0xd2ec9ea0,0xd2ec9ea0,NSSBase64Decoder_Update
0x91b1fe3d,0x91b1fe3d,NSSBase64Decoder_Update_Util
0xaeac0fdb,0xaeac0fdb,NSSBase64Encoder_Create
0xbd606c58,0xbd606c58,NSSBase64Encoder_Create_Util
0xb3dcf351,0xb3dcf351,NSSBase64Encoder_Destroy
0x16d7e98e,0x16d7e98e,NSSBase64Encoder_Destroy_Util
0xd8842dca,0xd8842dca,NSSBase64Encoder_Update
0xa15397a7,0xa15397a7,NSSBase64Encoder_Update_Util
0x562c4a65,0x562c4a65,NSSBase64_DecodeBuffer
0xa1fccd22,0xa1fccd22,NSSBase64_DecodeBuffer_Util
0xe2ea85e4,0xe2ea85e4,NSSBase64_EncodeItem
0x9e171001,0x9e171001,NSSBase64_EncodeItem_Util
0x6638f945,0x6638f945,NSSCMSDigestedDataTemplate
0x9972bf0a,0x9972bf0a,NSSCMSEncryptedDataTemplate
0x9425433e,0x9425433e,NSSCMSEnvelopedDataTemplate
0x639adda,0x0639adda,NSSCMSGenericWrapperDataTemplate
0x1b979987,0x1b979987,NSSCMSMessageTemplate
0xe8c87ca1,0xe8c87ca1,NSSCMSOtherKeyAttributeTemplate
0x68a1db1,0x068a1db1,NSSCMSRecipientInfoTemplate
0xa7fdb1,0x00a7fdb1,NSSCMSRecipientKeyIdentifierTemplate
0xda3349b6,0xda3349b6,NSSCMSSignedDataTemplate
0x12161436,0x12161436,NSSCMSSignerInfoTemplate
0x7e76762e,0x7e76762e,NSSCertificateArray_Destroy
0x3dcec758,0x3dcec758,NSSCertificate_BuildChain
0x19b6aa7f,0x19b6aa7f,NSSCertificate_CreateCryptoContext
0xddbe1620,0xddbe1620,NSSCertificate_DeleteStoredObject
0xa52fd96f,0xa52fd96f,NSSCertificate_Destroy
0xf86cba33,0xf86cba33,NSSCertificate_Encode
0x60600ea,0x060600ea,NSSCertificate_Encrypt
0xb90912ea,0xb90912ea,NSSCertificate_FindPrivateKey
0x4a6b102b,0x4a6b102b,NSSCertificate_GetModule
0xf7407fcd,0xf7407fcd,NSSCertificate_GetPublicKey
0x8c300247,0x8c300247,NSSCertificate_GetSlot
0x1243f646,0x1243f646,NSSCertificate_GetToken
0x3f1e2fbf,0x3f1e2fbf,NSSCertificate_GetTrustDomain
0xe82cc9c6,0xe82cc9c6,NSSCertificate_IsPrivateKeyAvailable
0xa2bff90f,0xa2bff90f,NSSCertificate_Validate
0xdca69a74,0xdca69a74,NSSCertificate_ValidateAndDiscoverUsagesAndPolicies
0xb519560d,0xb519560d,NSSCertificate_ValidateCompletely
0x1f79b0da,0x1f79b0da,NSSCertificate_Verify
0x8a096870,0x8a096870,NSSCertificate_VerifyRecover
0x62379e45,0x62379e45,NSSCertificate_WrapSymmetricKey
0xabf386c8,0xabf386c8,NSSCryptoContext_BeginDecrypt
0xf5fc674d,0xf5fc674d,NSSCryptoContext_BeginDigest
0xdec3132,0x0dec3132,NSSCryptoContext_BeginEncrypt
0x54e2d83e,0x54e2d83e,NSSCryptoContext_BeginSign
0xc077d754,0xc077d754,NSSCryptoContext_BeginSignRecover
0x1fb6f822,0x1fb6f822,NSSCryptoContext_BeginVerify
0xf834aeb8,0xf834aeb8,NSSCryptoContext_BeginVerifyRecover
0xb093ef99,0xb093ef99,NSSCryptoContext_Clone
0xd7777b88,0xd7777b88,NSSCryptoContext_ContinueDecrypt
0x9274c40d,0x9274c40d,NSSCryptoContext_ContinueDigest
0x397025f2,0x397025f2,NSSCryptoContext_ContinueEncrypt
0xba1d04fe,0xba1d04fe,NSSCryptoContext_ContinueSign
0x42682c14,0x42682c14,NSSCryptoContext_ContinueSignRecover
0xbc2f54e2,0xbc2f54e2,NSSCryptoContext_ContinueVerify
0xb78d3378,0xb78d3378,NSSCryptoContext_ContinueVerifyRecover
0x611dc9a3,0x611dc9a3,NSSCryptoContext_Decrypt
0xc54de28d,0xc54de28d,NSSCryptoContext_DeriveSymmetricKey
0x62404c92,0x62404c92,NSSCryptoContext_Destroy
0xc52c3ac8,0xc52c3ac8,NSSCryptoContext_Digest
0xc316740d,0xc316740d,NSSCryptoContext_Encrypt
0x721806dd,0x721806dd,NSSCryptoContext_FindBestCertificateByEmail
0x4a65b7fc,0x4a65b7fc,NSSCryptoContext_FindBestCertificateByNameComponents
0x7e1444bb,0x7e1444bb,NSSCryptoContext_FindBestCertificateByNickname
0xa0a05e05,0xa0a05e05,NSSCryptoContext_FindBestCertificateBySubject
0xc509479,0x0c509479,NSSCryptoContext_FindBestUserCertificate
0x9d2107d7,0x9d2107d7,NSSCryptoContext_FindBestUserCertificateForEmailSigning
0x3264383,0x03264383,NSSCryptoContext_FindBestUserCertificateForSSLClientAuth
0x59290e7c,0x59290e7c,NSSCryptoContext_FindCertificateByEncodedCertificate
0xf73926de,0xf73926de,NSSCryptoContext_FindCertificateByIssuerAndSerialNumber
0xb6117ce0,0xb6117ce0,NSSCryptoContext_FindCertificateByOCSPHash
0x4c77ab62,0x4c77ab62,NSSCryptoContext_FindCertificatesByEmail
0x1e1b4221,0x1e1b4221,NSSCryptoContext_FindCertificatesByNameComponents
0x8a4a5720,0x8a4a5720,NSSCryptoContext_FindCertificatesByNickname
0x917b37ca,0x917b37ca,NSSCryptoContext_FindCertificatesBySubject
0x58e4cf48,0x58e4cf48,NSSCryptoContext_FindOrImportCertificate
0x2232817a,0x2232817a,NSSCryptoContext_FindSymmetricKeyByAlgorithmAndKeyID
0x8654017e,0x8654017e,NSSCryptoContext_FindUserCertificates
0x26ee923c,0x26ee923c,NSSCryptoContext_FindUserCertificatesForEmailSigning
0xc6a51a88,0xc6a51a88,NSSCryptoContext_FindUserCertificatesForSSLClientAuth
0x7f496d24,0x7f496d24,NSSCryptoContext_FinishDecrypt
0x70c0f229,0x70c0f229,NSSCryptoContext_FinishDigest
0xe142178e,0xe142178e,NSSCryptoContext_FinishEncrypt
0x540efc1a,0x540efc1a,NSSCryptoContext_FinishSign
0x7ed18bb0,0x7ed18bb0,NSSCryptoContext_FinishSignRecover
0x9a7b82fe,0x9a7b82fe,NSSCryptoContext_FinishVerify
0xb3ccea14,0xb3ccea14,NSSCryptoContext_FinishVerifyRecover
0x59714dc8,0x59714dc8,NSSCryptoContext_GenerateKeyPair
0xc4223939,0xc4223939,NSSCryptoContext_GenerateSymmetricKey
0xb67d5f40,0xb67d5f40,NSSCryptoContext_GenerateSymmetricKeyFromPassword
0xdf9e383a,0xdf9e383a,NSSCryptoContext_GetDefaultCallback
0x89cf5d82,0x89cf5d82,NSSCryptoContext_GetTrustDomain
0x91c57198,0x91c57198,NSSCryptoContext_ImportEncodedCertificate
0xff7d8697,0xff7d8697,NSSCryptoContext_ImportEncodedPKIXCertificateChain
0x46f541c2,0x46f541c2,NSSCryptoContext_ImportPKIXCertificate
0x8a7d1c6,0x08a7d1c6,NSSCryptoContext_SetDefaultCallback
0x818190f9,0x818190f9,NSSCryptoContext_Sign
0xb46e0faf,0xb46e0faf,NSSCryptoContext_SignRecover
0x45cc604b,0x45cc604b,NSSCryptoContext_UnwrapSymmetricKey
0xeee6cb9d,0xeee6cb9d,NSSCryptoContext_Verify
0xc29a69d3,0xc29a69d3,NSSCryptoContext_VerifyRecover
0x1deb48c8,0x1deb48c8,NSSCryptoContext_WrapSymmetricKey
0x9d9efade,0x9d9efade,NSSDBGC_CancelFunction
0x31098e38,0x31098e38,NSSDBGC_CloseAllSessions
0xee32014c,0xee32014c,NSSDBGC_CloseSession
0x5a5d0d44,0x5a5d0d44,NSSDBGC_CopyObject
0x6d7bbddd,0x6d7bbddd,NSSDBGC_CreateObject
0xd205e90d,0xd205e90d,NSSDBGC_Decrypt
0xc73a430,0x0c73a430,NSSDBGC_DecryptDigestUpdate
0x84e3d137,0x84e3d137,NSSDBGC_DecryptFinal
0xc5f91d41,0xc5f91d41,NSSDBGC_DecryptInit
0x5f0439f2,0x5f0439f2,NSSDBGC_DecryptMessage
0x9336c8f7,0x9336c8f7,NSSDBGC_DecryptMessageBegin
0x59d1f231,0x59d1f231,NSSDBGC_DecryptMessageNext
0x44d48ab0,0x44d48ab0,NSSDBGC_DecryptUpdate
0xe80ec0c5,0xe80ec0c5,NSSDBGC_DecryptVerifyUpdate
0xd893177a,0xd893177a,NSSDBGC_DeriveKey
0xf8f65333,0xf8f65333,NSSDBGC_DestroyObject
0x4c7914f2,0x4c7914f2,NSSDBGC_Digest
0x2f0085da,0x2f0085da,NSSDBGC_DigestEncryptUpdate
0xe337343c,0xe337343c,NSSDBGC_DigestFinal
0x5c39b3a6,0x5c39b3a6,NSSDBGC_DigestInit
0x31571c5b,0x31571c5b,NSSDBGC_DigestKey
0x6d944e55,0x6d944e55,NSSDBGC_DigestUpdate
0x33fe9377,0x33fe9377,NSSDBGC_Encrypt
0x66198de1,0x66198de1,NSSDBGC_EncryptFinal
0x6fb4ecab,0x6fb4ecab,NSSDBGC_EncryptInit
0x649bc91c,0x649bc91c,NSSDBGC_EncryptMessage
0xa2d86261,0xa2d86261,NSSDBGC_EncryptMessageBegin
0x7191065b,0x7191065b,NSSDBGC_EncryptMessageNext
0x4cc1dc9a,0x4cc1dc9a,NSSDBGC_EncryptUpdate
0x379d8844,0x379d8844,NSSDBGC_Finalize
0xd37616bd,0xd37616bd,NSSDBGC_FindObjects
0x7f040ce7,0x7f040ce7,NSSDBGC_FindObjectsFinal
0x3a28a2f1,0x3a28a2f1,NSSDBGC_FindObjectsInit
0x1a38ff26,0x1a38ff26,NSSDBGC_GenerateKey
0x7f8f3732,0x7f8f3732,NSSDBGC_GenerateKeyPair
0x2b28dfbe,0x2b28dfbe,NSSDBGC_GenerateRandom
0xdfcd4ec3,0xdfcd4ec3,NSSDBGC_GetAttributeValue
0xe98a4534,0xe98a4534,NSSDBGC_GetFunctionList
0x8641bcdc,0x8641bcdc,NSSDBGC_GetFunctionStatus
0xba23205e,0xba23205e,NSSDBGC_GetInfo
0x2f004943,0x2f004943,NSSDBGC_GetInterface
0xdcf6399f,0xdcf6399f,NSSDBGC_GetInterfaceList
0xc65a89d3,0xc65a89d3,NSSDBGC_GetMechanismInfo
0xc65c1b63,0xc65c1b63,NSSDBGC_GetMechanismList
0x54eb2ca4,0x54eb2ca4,NSSDBGC_GetObjectSize
0x92d67604,0x92d67604,NSSDBGC_GetOperationState
0xd9b5db42,0xd9b5db42,NSSDBGC_GetSessionInfo
0x138a5420,0x138a5420,NSSDBGC_GetSlotInfo
0x138be5b0,0x138be5b0,NSSDBGC_GetSlotList
0x6788513f,0x6788513f,NSSDBGC_GetTokenInfo
0x68550b0d,0x68550b0d,NSSDBGC_InitPIN
0xd20faf47,0xd20faf47,NSSDBGC_InitToken
0xf9602184,0xf9602184,NSSDBGC_Initialize
0xe3dd8b8b,0xe3dd8b8b,NSSDBGC_Login
0x67c0780a,0x67c0780a,NSSDBGC_LoginUser
0x5f8f17cc,0x5f8f17cc,NSSDBGC_Logout
0x8abe25fc,0x8abe25fc,NSSDBGC_MessageDecryptFinal
0x51c96d66,0x51c96d66,NSSDBGC_MessageDecryptInit
0x6bf3e2a6,0x6bf3e2a6,NSSDBGC_MessageEncryptFinal
0xfb853cd0,0xfb853cd0,NSSDBGC_MessageEncryptInit
0xe372f172,0xe372f172,NSSDBGC_MessageSignFinal
0x4cb7a21c,0x4cb7a21c,NSSDBGC_MessageSignInit
0x94b6e256,0x94b6e256,NSSDBGC_MessageVerifyFinal
0x330f0680,0x330f0680,NSSDBGC_MessageVerifyInit
0xfdc7d548,0xfdc7d548,NSSDBGC_OpenSession
0x9dbe23f4,0x9dbe23f4,NSSDBGC_SeedRandom
0x184ee47c,0x184ee47c,NSSDBGC_SessionCancel
0xc203e6cf,0xc203e6cf,NSSDBGC_SetAttributeValue
0x750d0e10,0x750d0e10,NSSDBGC_SetOperationState
0x6f3562c5,0x6f3562c5,NSSDBGC_SetPIN
0xd09dd8a3,0xd09dd8a3,NSSDBGC_Sign
0x30f2012b,0x30f2012b,NSSDBGC_SignEncryptUpdate
0x18aeee8d,0x18aeee8d,NSSDBGC_SignFinal
0x278ae7d7,0x278ae7d7,NSSDBGC_SignInit
0x120c04c8,0x120c04c8,NSSDBGC_SignMessage
0x67dcc98d,0x67dcc98d,NSSDBGC_SignMessageBegin
0x8ecf3807,0x8ecf3807,NSSDBGC_SignMessageNext
0x91cbd419,0x91cbd419,NSSDBGC_SignRecover
0x7d95ae4d,0x7d95ae4d,NSSDBGC_SignRecoverInit
0x520352c6,0x520352c6,NSSDBGC_SignUpdate
0x7792b778,0x7792b778,NSSDBGC_UnwrapKey
0x7633a5c7,0x7633a5c7,NSSDBGC_Verify
0x8e69231,0x08e69231,NSSDBGC_VerifyFinal
0xfcaa6fb,0x0fcaa6fb,NSSDBGC_VerifyInit
0xeebb216c,0xeebb216c,NSSDBGC_VerifyMessage
0x58eb6cb1,0x58eb6cb1,NSSDBGC_VerifyMessageBegin
0x314406ab,0x314406ab,NSSDBGC_VerifyMessageNext
0x6e7af0bd,0x6e7af0bd,NSSDBGC_VerifyRecover
0x200a7cf1,0x200a7cf1,NSSDBGC_VerifyRecoverInit
0x492f6aea,0x492f6aea,NSSDBGC_VerifyUpdate
0x5e009652,0x5e009652,NSSDBGC_WaitForSlotEvent
0xa6c5f4d5,0xa6c5f4d5,NSSDBGC_WrapKey
0xa81114e0,0xa81114e0,NSSPrivateKey_CreateCryptoContext
0x8ec86761,0x8ec86761,NSSPrivateKey_Decrypt
0xf9543861,0xf9543861,NSSPrivateKey_DeleteStoredObject
0x699bad8b,0x699bad8b,NSSPrivateKey_DeriveSymmetricKey
0x8feaea50,0x8feaea50,NSSPrivateKey_Destroy
0x7ba8b2f4,0x7ba8b2f4,NSSPrivateKey_Encode
0x5152aa18,0x5152aa18,NSSPrivateKey_FindBestCertificate
0xb18652fd,0xb18652fd,NSSPrivateKey_FindCertificates
0x61e0476f,0x61e0476f,NSSPrivateKey_FindPublicKey
0xd02ddd4c,0xd02ddd4c,NSSPrivateKey_GetModule
0x5c1d96c,0x05c1d96c,NSSPrivateKey_GetPrivateModulusLength
0x2b6615a,0x02b6615a,NSSPrivateKey_GetSignatureLength
0x76eb1328,0x76eb1328,NSSPrivateKey_GetSlot
0x54612347,0x54612347,NSSPrivateKey_GetToken
0x2ca35980,0x2ca35980,NSSPrivateKey_GetTrustDomain
0x2e4bbcb,0x02e4bbcb,NSSPrivateKey_IsStillPresent
0x2f64d777,0x2f64d777,NSSPrivateKey_Sign
0xcd8d5c6d,0xcd8d5c6d,NSSPrivateKey_SignRecover
0xea1a2b49,0xea1a2b49,NSSPrivateKey_UnwrapSymmetricKey
0x605b4624,0x605b4624,NSSPublicKey_CreateCryptoContext
0x44bb5125,0x44bb5125,NSSPublicKey_DeleteStoredObject
0xb7de1594,0xb7de1594,NSSPublicKey_Destroy
0x88185b8,0x088185b8,NSSPublicKey_Encode
0x18b43d0f,0x18b43d0f,NSSPublicKey_Encrypt
0x99cdb5c,0x099cdb5c,NSSPublicKey_FindBestCertificate
0x54086ac1,0x54086ac1,NSSPublicKey_FindCertificates
0xcf5f936f,0xcf5f936f,NSSPublicKey_FindPrivateKey
0xc198e990,0xc198e990,NSSPublicKey_GetModule
0x9ede3e6c,0x9ede3e6c,NSSPublicKey_GetSlot
0x7ab9b70b,0x7ab9b70b,NSSPublicKey_GetToken
0x5574b044,0x5574b044,NSSPublicKey_GetTrustDomain
0x2f8e7c5f,0x2f8e7c5f,NSSPublicKey_Verify
0x2d9f6c55,0x2d9f6c55,NSSPublicKey_VerifyRecover
0x6830540a,0x6830540a,NSSPublicKey_WrapSymmetricKey
0x44cfd03e,0x44cfd03e,NSSRWLock_Destroy
0x66cae29b,0x66cae29b,NSSRWLock_Destroy_Util
0x78b3efcc,0x78b3efcc,NSSRWLock_HaveWriteLock
0x4456eae9,0x4456eae9,NSSRWLock_HaveWriteLock_Util
0x1ca94ab9,0x1ca94ab9,NSSRWLock_LockRead
0xc28b21f6,0xc28b21f6,NSSRWLock_LockRead_Util
0xb23461c8,0xb23461c8,NSSRWLock_LockWrite
0x5099fa65,0x5099fa65,NSSRWLock_LockWrite_Util
0xece4a31e,0xece4a31e,NSSRWLock_New
0x2136817b,0x2136817b,NSSRWLock_New_Util
0xfbbb8a3c,0xfbbb8a3c,NSSRWLock_UnlockRead
0x3708b59,0x03708b59,NSSRWLock_UnlockRead_Util
0x738e91ab,0x738e91ab,NSSRWLock_UnlockWrite
0xae2c9028,0xae2c9028,NSSRWLock_UnlockWrite_Util
0x651ef423,0x651ef423,NSSSMIME_GetVersion
0x5f62dba1,0x5f62dba1,NSSSMIME_VersionCheck
0xcf41f1a,0x0cf41f1a,NSSSSL_GetVersion
0x1fd8a36d,0x1fd8a36d,NSSSlotArray_Destroy
0xc3a2034e,0xc3a2034e,NSSSlot_Destroy
0xa8c73be2,0xa8c73be2,NSSSymmetricKey_CreateCryptoContext
0x5d027b63,0x5d027b63,NSSSymmetricKey_Decrypt
0x94808723,0x94808723,NSSSymmetricKey_DeleteStoredObject
0x4c7fc4d,0x04c7fc4d,NSSSymmetricKey_DeriveSymmetricKey
0x5e24fe52,0x5e24fe52,NSSSymmetricKey_Destroy
0xbefb25cd,0xbefb25cd,NSSSymmetricKey_Encrypt
0x7c3cb3d3,0x7c3cb3d3,NSSSymmetricKey_GetKeyLength
0x7fdc8860,0x7fdc8860,NSSSymmetricKey_GetKeyStrength
0x153cf9ce,0x153cf9ce,NSSSymmetricKey_GetModule
0x4525272a,0x4525272a,NSSSymmetricKey_GetSlot
0xe9ddb789,0xe9ddb789,NSSSymmetricKey_GetToken
0x72c29742,0x72c29742,NSSSymmetricKey_GetTrustDomain
0x4903f98d,0x4903f98d,NSSSymmetricKey_IsStillPresent
0x238d9ab9,0x238d9ab9,NSSSymmetricKey_Sign
0x92d5a16f,0x92d5a16f,NSSSymmetricKey_SignRecover
0x769a2f89,0x769a2f89,NSSSymmetricKey_UnwrapPrivateKey
0x85467a0b,0x85467a0b,NSSSymmetricKey_UnwrapSymmetricKey
0x441c455d,0x441c455d,NSSSymmetricKey_Verify
0xd92d6b93,0xd92d6b93,NSSSymmetricKey_VerifyRecover
0x6a4564c6,0x6a4564c6,NSSSymmetricKey_WrapPrivateKey
0x1093f288,0x1093f288,NSSSymmetricKey_WrapSymmetricKey
0xf01b47e2,0xf01b47e2,NSSTime_GetPRTime
0x8e912d45,0x8e912d45,NSSTime_Now
0x65f093ee,0x65f093ee,NSSTime_SetPRTime
0x775581e4,0x775581e4,NSSToken_GetName
0x4f3bb8f0,0x4f3bb8f0,NSSTrustDomain_Create
0xf6aa96,0x00f6aa96,NSSTrustDomain_CreateCryptoContext
0xb3a5d064,0xb3a5d064,NSSTrustDomain_CreateCryptoContextForAlgorithm
0x8d094b2b,0x8d094b2b,NSSTrustDomain_CreateCryptoContextForAlgorithmAndParameters
0x6661bf06,0x6661bf06,NSSTrustDomain_Destroy
0xc14520f1,0xc14520f1,NSSTrustDomain_DisableToken
0x26a3ece4,0x26a3ece4,NSSTrustDomain_EnableToken
0xe5013cd1,0xe5013cd1,NSSTrustDomain_FindBestCertificateByEmail
0x1d8ce070,0x1d8ce070,NSSTrustDomain_FindBestCertificateByNameComponents
0x91f3262f,0x91f3262f,NSSTrustDomain_FindBestCertificateByNickname
0x72aee0f9,0x72aee0f9,NSSTrustDomain_FindBestCertificateBySubject
0xb60a3eed,0xb60a3eed,NSSTrustDomain_FindBestTokenForAlgorithms
0xc3d06eed,0xc3d06eed,NSSTrustDomain_FindBestUserCertificate
0x916cbcb,0x0916cbcb,NSSTrustDomain_FindBestUserCertificateForEmailSigning
0xedd485f7,0xedd485f7,NSSTrustDomain_FindBestUserCertificateForSSLClientAuth
0x2c5036f0,0x2c5036f0,NSSTrustDomain_FindCertificateByEncodedCertificate
0x632eead2,0x632eead2,NSSTrustDomain_FindCertificateByIssuerAndSerialNumber
0x4cf1c454,0x4cf1c454,NSSTrustDomain_FindCertificateByOCSPHash
0x3f785d6,0x03f785d6,NSSTrustDomain_FindCertificatesByEmail
0x88da1f15,0x88da1f15,NSSTrustDomain_FindCertificatesByNameComponents
0xfd338d14,0xfd338d14,NSSTrustDomain_FindCertificatesByNickname
0x285b7f3e,0x285b7f3e,NSSTrustDomain_FindCertificatesBySubject
0x9adbe2bb,0x9adbe2bb,NSSTrustDomain_FindSlotByName
0xf559a9ee,0xf559a9ee,NSSTrustDomain_FindSymmetricKeyByAlgorithmAndKeyID
0x44e994fa,0x44e994fa,NSSTrustDomain_FindTokenByName
0xb41043c,0x0b41043c,NSSTrustDomain_FindTokenBySlotName
0xbe6a48ec,0xbe6a48ec,NSSTrustDomain_FindTokenForAlgorithm
0x6af771fc,0x6af771fc,NSSTrustDomain_FindTokensByURI
0xead8d072,0xead8d072,NSSTrustDomain_FindUserCertificates
0xfa15bab0,0xfa15bab0,NSSTrustDomain_FindUserCertificatesForEmailSigning
0xfeb1517c,0xfeb1517c,NSSTrustDomain_FindUserCertificatesForSSLClientAuth
0x2147f43c,0x2147f43c,NSSTrustDomain_GenerateKeyPair
0x28a7082d,0x28a7082d,NSSTrustDomain_GenerateSymmetricKey
0x213c3c34,0x213c3c34,NSSTrustDomain_GenerateSymmetricKeyFromPassword
0xfafaba2e,0xfafaba2e,NSSTrustDomain_GetDefaultCallback
0x9944559a,0x9944559a,NSSTrustDomain_ImportCertificate
0x39409a8c,0x39409a8c,NSSTrustDomain_ImportEncodedCertificate
0x897d3def,0x897d3def,NSSTrustDomain_ImportEncodedCertificateChain
0x33c38dad,0x33c38dad,NSSTrustDomain_ImportEncodedPrivateKey
0x14e8031,0x014e8031,NSSTrustDomain_ImportEncodedPublicKey
0x3c13ef36,0x3c13ef36,NSSTrustDomain_ImportPKIXCertificate
0xa2a11924,0xa2a11924,NSSTrustDomain_IsTokenEnabled
0x74b98962,0x74b98962,NSSTrustDomain_LoadModule
0xadb29415,0xadb29415,NSSTrustDomain_Login
0x64053196,0x64053196,NSSTrustDomain_Logout
0x240453ba,0x240453ba,NSSTrustDomain_SetDefaultCallback
0x57f2f9de,0x57f2f9de,NSSTrustDomain_TraverseCertificates
0x5c488b2b,0x5c488b2b,NSSUTIL_AddNSSFlagToModuleSpec
0xabea4f07,0xabea4f07,NSSUTIL_ArgDecodeNumber
0xd8706a1,0x0d8706a1,NSSUTIL_ArgFetchValue
0xf73fdbb2,0xf73fdbb2,NSSUTIL_ArgFindEnd
0xa621879a,0xa621879a,NSSUTIL_ArgGetLabel
0x3b588be6,0x3b588be6,NSSUTIL_ArgGetPair
0x9daa7728,0x9daa7728,NSSUTIL_ArgGetParamValue
0x7ee6bf90,0x7ee6bf90,NSSUTIL_ArgHasFlag
0xf4ad543e,0xf4ad543e,NSSUTIL_ArgIsBlank
0x91d6e3e7,0x91d6e3e7,NSSUTIL_ArgIsEscape
0xf5c1ef84,0xf5c1ef84,NSSUTIL_ArgIsQuote
0x25d6a833,0x25d6a833,NSSUTIL_ArgNextFlag
0x158b53fd,0x158b53fd,NSSUTIL_ArgParseCipherFlags
0x54ad8726,0x54ad8726,NSSUTIL_ArgParseModuleSpec
0x362bf623,0x362bf623,NSSUTIL_ArgParseModuleSpecEx
0x9a0dcb64,0x9a0dcb64,NSSUTIL_ArgParseSlotFlags
0xb7195f23,0xb7195f23,NSSUTIL_ArgParseSlotInfo
0xa01925e6,0xa01925e6,NSSUTIL_ArgReadLong
0xe3c26212,0xe3c26212,NSSUTIL_ArgSkipParameter
0x259b5d8c,0x259b5d8c,NSSUTIL_ArgStrip
0x23e95b85,0x23e95b85,NSSUTIL_DoModuleDBFunction
0x435189cc,0x435189cc,NSSUTIL_DoubleEscape
0x419a6e27,0x419a6e27,NSSUTIL_DoubleEscapeSize
0xaab08b31,0xaab08b31,NSSUTIL_Escape
0x59b59a0c,0x59b59a0c,NSSUTIL_EscapeSize
0xeb252b46,0xeb252b46,NSSUTIL_GetVersion
0x2d5f2009,0x2d5f2009,NSSUTIL_MkModuleSpec
0x1a753c6,0x01a753c6,NSSUTIL_MkModuleSpecEx
0x40a17fa3,0x40a17fa3,NSSUTIL_MkNSSString
0xd365ffb1,0xd365ffb1,NSSUTIL_MkSlotString
0xe6fed58e,0xe6fed58e,NSSUTIL_Quote
0x4eabcae9,0x4eabcae9,NSSUTIL_QuoteSize
0x888409f,0x0888409f,NSSUserCertificate_Decrypt
0x13128409,0x13128409,NSSUserCertificate_DeriveSymmetricKey
0x35280349,0x35280349,NSSUserCertificate_IsStillPresent
0x3d7b0975,0x3d7b0975,NSSUserCertificate_Sign
0x69f3a4ab,0x69f3a4ab,NSSUserCertificate_SignRecover
0x939101c7,0x939101c7,NSSUserCertificate_UnwrapSymmetricKey
0x6e033f0b,0x6e033f0b,NSS_CMSAlgArray_GetIndexByAlgID
0x2e6b4f3a,0x2e6b4f3a,NSS_CMSAlgArray_GetIndexByAlgTag
0xd0bdfd2c,0xd0bdfd2c,NSS_CMSArray_Add
0xf8368bee,0xf8368bee,NSS_CMSArray_Alloc
0xf85c884c,0xf85c884c,NSS_CMSArray_Count
0x57afc44e,0x57afc44e,NSS_CMSArray_IsEmpty
0xe887b28b,0xe887b28b,NSS_CMSArray_Sort
0xd6957381,0xd6957381,NSS_CMSArray_SortByDER
0xd916a07b,0xd916a07b,NSS_CMSAttributeArray_AddAttr
0xf9578785,0xf9578785,NSS_CMSAttributeArray_Encode
0xcd27d0a6,0xcd27d0a6,NSS_CMSAttributeArray_FindAttrByOidTag
0xf8d9ebea,0xf8d9ebea,NSS_CMSAttributeArray_Reorder
0x462596be,0x462596be,NSS_CMSAttributeArray_SetAttr
0x581c257e,0x581c257e,NSS_CMSAttribute_AddValue
0xdcdb3bdc,0xdcdb3bdc,NSS_CMSAttribute_CompareValue
0x2cfea2cc,0x2cfea2cc,NSS_CMSAttribute_Create
0xe382d0fa,0xe382d0fa,NSS_CMSAttribute_GetType
0x53f3e995,0x53f3e995,NSS_CMSAttribute_GetValue
0x7fc250df,0x7fc250df,NSS_CMSCipherContext_Decrypt
0xd882221,0x0d882221,NSS_CMSCipherContext_DecryptLength
0x80e4d3ce,0x80e4d3ce,NSS_CMSCipherContext_Destroy
0xe1bafb49,0xe1bafb49,NSS_CMSCipherContext_Encrypt
0x1575740b,0x1575740b,NSS_CMSCipherContext_EncryptLength
0x9fbd554d,0x9fbd554d,NSS_CMSCipherContext_StartDecrypt
0x1b5ffb7,0x01b5ffb7,NSS_CMSCipherContext_StartEncrypt
0xf5faa1f5,0xf5faa1f5,NSS_CMSContentInfo_Destroy
0xda15f442,0xda15f442,NSS_CMSContentInfo_GetBulkKey
0x20db239d,0x20db239d,NSS_CMSContentInfo_GetBulkKeySize
0x77372c36,0x77372c36,NSS_CMSContentInfo_GetChildContentInfo
0x193a4546,0x193a4546,NSS_CMSContentInfo_GetContent
0xf1e2530,0x0f1e2530,NSS_CMSContentInfo_GetContentEncAlg
0x36c4518c,0x36c4518c,NSS_CMSContentInfo_GetContentEncAlgTag
0x902296e4,0x902296e4,NSS_CMSContentInfo_GetContentTypeOID
0x9022ab24,0x9022ab24,NSS_CMSContentInfo_GetContentTypeTag
0xfeb8a4a2,0xfeb8a4a2,NSS_CMSContentInfo_GetInnerContent
0x6c35c79,0x06c35c79,NSS_CMSContentInfo_Private_Init
0xa94c1ce,0x0a94c1ce,NSS_CMSContentInfo_SetBulkKey
0x49b912d2,0x49b912d2,NSS_CMSContentInfo_SetContent
0xa19bebbc,0xa19bebbc,NSS_CMSContentInfo_SetContentEncAlg
0x7845d8a9,0x7845d8a9,NSS_CMSContentInfo_SetContentEncAlgID
0x32ff3fcb,0x32ff3fcb,NSS_CMSContentInfo_SetContent_Data
0x7ea32e74,0x7ea32e74,NSS_CMSContentInfo_SetContent_DigestedData
0x4522c499,0x4522c499,NSS_CMSContentInfo_SetContent_EncryptedData
0xebfe54cd,0xebfe54cd,NSS_CMSContentInfo_SetContent_EnvelopedData
0x92631725,0x92631725,NSS_CMSContentInfo_SetContent_SignedData
0x4a8af858,0x4a8af858,NSS_CMSContentInfo_SetDontStream
0xa53d89c6,0xa53d89c6,NSS_CMSContent_GetContentInfo
0x376b82ce,0x376b82ce,NSS_CMSDEREncode
0xfb090e0,0x0fb090e0,NSS_CMSDecoder_Cancel
0x1740ea1b,0x1740ea1b,NSS_CMSDecoder_Finish
0xb4120fe8,0xb4120fe8,NSS_CMSDecoder_Start
0x3ab7595d,0x3ab7595d,NSS_CMSDecoder_Update
0xfce5ed2f,0xfce5ed2f,NSS_CMSDigestContext_Cancel
0x27a43556,0x27a43556,NSS_CMSDigestContext_FinishMultiple
0x651b514c,0x651b514c,NSS_CMSDigestContext_FinishSingle
0x3c9f2a43,0x3c9f2a43,NSS_CMSDigestContext_StartMultiple
0x430a26f9,0x430a26f9,NSS_CMSDigestContext_StartSingle
0x27ecb5ac,0x27ecb5ac,NSS_CMSDigestContext_Update
0x5ccaa7bb,0x5ccaa7bb,NSS_CMSDigestedData_Create
0x73e214d6,0x73e214d6,NSS_CMSDigestedData_Decode_AfterData
0x1306dfb3,0x1306dfb3,NSS_CMSDigestedData_Decode_AfterEnd
0x95f2fa97,0x95f2fa97,NSS_CMSDigestedData_Decode_BeforeData
0x25ce8731,0x25ce8731,NSS_CMSDigestedData_Destroy
0x3d9a1680,0x3d9a1680,NSS_CMSDigestedData_Encode_AfterData
0x96ab3181,0x96ab3181,NSS_CMSDigestedData_Encode_BeforeData
0x6d2aee35,0x6d2aee35,NSS_CMSDigestedData_Encode_BeforeStart
0x1351174e,0x1351174e,NSS_CMSDigestedData_GetContentInfo
0x1548200a,0x1548200a,NSS_CMSEncoder_Cancel
0x1cd87945,0x1cd87945,NSS_CMSEncoder_Finish
0xbbff61d2,0xbbff61d2,NSS_CMSEncoder_Start
0x404ee887,0x404ee887,NSS_CMSEncoder_Update
0xe29a88c0,0xe29a88c0,NSS_CMSEncryptedData_Create
0xde8ec01b,0xde8ec01b,NSS_CMSEncryptedData_Decode_AfterData
0xef78b658,0xef78b658,NSS_CMSEncryptedData_Decode_AfterEnd
0x56350e7c,0x56350e7c,NSS_CMSEncryptedData_Decode_BeforeData
0x659a88d6,0x659a88d6,NSS_CMSEncryptedData_Destroy
0xa846c1c5,0xa846c1c5,NSS_CMSEncryptedData_Encode_AfterData
0x56ed4566,0x56ed4566,NSS_CMSEncryptedData_Encode_BeforeData
0x35af7eba,0x35af7eba,NSS_CMSEncryptedData_Encode_BeforeStart
0x9de02d53,0x9de02d53,NSS_CMSEncryptedData_GetContentInfo
0xcc368ec,0x0cc368ec,NSS_CMSEnvelopedData_AddRecipient
0xea335674,0xea335674,NSS_CMSEnvelopedData_Create
0x467b3ecf,0x467b3ecf,NSS_CMSEnvelopedData_Decode_AfterData
0x4fb62e8c,0x4fb62e8c,NSS_CMSEnvelopedData_Decode_AfterEnd
0xbbb163b0,0xbbb163b0,NSS_CMSEnvelopedData_Decode_BeforeData
0x604d0d0a,0x604d0d0a,NSS_CMSEnvelopedData_Destroy
0x10334079,0x10334079,NSS_CMSEnvelopedData_Encode_AfterData
0xbc699a9a,0xbc699a9a,NSS_CMSEnvelopedData_Encode_BeforeData
0x4ab67a6e,0x4ab67a6e,NSS_CMSEnvelopedData_Encode_BeforeStart
0x4b756f07,0x4b756f07,NSS_CMSEnvelopedData_GetContentInfo
0x326c144b,0x326c144b,NSS_CMSGenericWrapperData_Decode_AfterData
0x75e44488,0x75e44488,NSS_CMSGenericWrapperData_Decode_AfterEnd
0x25bce8ac,0x25bce8ac,NSS_CMSGenericWrapperData_Decode_BeforeData
0x4b32e706,0x4b32e706,NSS_CMSGenericWrapperData_Destroy
0xfc2415f5,0xfc2415f5,NSS_CMSGenericWrapperData_Encode_AfterData
0x26751f96,0x26751f96,NSS_CMSGenericWrapperData_Encode_BeforeData
0xf6329eea,0xf6329eea,NSS_CMSGenericWrapperData_Encode_BeforeStart
0x87b2115e,0x87b2115e,NSS_CMSMessage_ContainsCertsOrCrls
0x62648a3c,0x62648a3c,NSS_CMSMessage_ContentLevel
0xfbfea805,0xfbfea805,NSS_CMSMessage_ContentLevelCount
0x39020c4,0x039020c4,NSS_CMSMessage_Copy
0x284b4c5d,0x284b4c5d,NSS_CMSMessage_Create
0xa2be8a6c,0xa2be8a6c,NSS_CMSMessage_CreateFromDER
0x6163c013,0x6163c013,NSS_CMSMessage_Destroy
0x539e6c90,0x539e6c90,NSS_CMSMessage_GetArena
0x488716a4,0x488716a4,NSS_CMSMessage_GetContent
0xcdf53df0,0xcdf53df0,NSS_CMSMessage_GetContentInfo
0x3c9a006f,0x3c9a006f,NSS_CMSMessage_IsContentEmpty
0x5e3b3033,0x5e3b3033,NSS_CMSMessage_IsEncrypted
0x6007213f,0x6007213f,NSS_CMSMessage_IsSigned
0x123a1660,0x123a1660,NSS_CMSMessage_SetEncodingParams
0x41cfb72,0x041cfb72,NSS_CMSRecipientEncryptedKey_Create
0xb75d2e87,0xb75d2e87,NSS_CMSRecipientInfo_Create
0x556b1956,0x556b1956,NSS_CMSRecipientInfo_CreateFromDER
0x6fc25691,0x6fc25691,NSS_CMSRecipientInfo_CreateNew
0x9fd6f42d,0x9fd6f42d,NSS_CMSRecipientInfo_CreateWithSubjKeyID
0x9fedc3cf,0x9fedc3cf,NSS_CMSRecipientInfo_CreateWithSubjKeyIDFromCert
0xd2b1e77d,0xd2b1e77d,NSS_CMSRecipientInfo_Destroy
0xbbbe3e81,0xbbbe3e81,NSS_CMSRecipientInfo_Encode
0x290d289d,0x290d289d,NSS_CMSRecipientInfo_GetCertAndKey
0x7291262a,0x7291262a,NSS_CMSRecipientInfo_GetEncryptedKey
0x912b42ea,0x912b42ea,NSS_CMSRecipientInfo_GetKeyEncryptionAlgorithmTag
0x9438d099,0x9438d099,NSS_CMSRecipientInfo_GetVersion
0x1ffbb5a7,0x1ffbb5a7,NSS_CMSRecipientInfo_UnwrapBulkKey
0x96735544,0x96735544,NSS_CMSRecipientInfo_WrapBulkKey
0x579e49c9,0x579e49c9,NSS_CMSRecipient_IsSupported
0xcaa50952,0xcaa50952,NSS_CMSSignedData_AddCertChain
0x4bfa726b,0x4bfa726b,NSS_CMSSignedData_AddCertList
0xd1cd12e4,0xd1cd12e4,NSS_CMSSignedData_AddCertificate
0x91968dc1,0x91968dc1,NSS_CMSSignedData_AddDigest
0x42933575,0x42933575,NSS_CMSSignedData_AddSignerInfo
0xb96bd9ba,0xb96bd9ba,NSS_CMSSignedData_AddTempCertificate
0x2cc853ad,0x2cc853ad,NSS_CMSSignedData_ContainsCertsOrCrls
0xb489a24c,0xb489a24c,NSS_CMSSignedData_Create
0x6220e12f,0x6220e12f,NSS_CMSSignedData_CreateCertsOnly
0x23a438a7,0x23a438a7,NSS_CMSSignedData_Decode_AfterData
0x9c3b4d64,0x9c3b4d64,NSS_CMSSignedData_Decode_AfterEnd
0x3df99888,0x3df99888,NSS_CMSSignedData_Decode_BeforeData
0x756cd3e2,0x756cd3e2,NSS_CMSSignedData_Destroy
0xed5c3a51,0xed5c3a51,NSS_CMSSignedData_Encode_AfterData
0x3eb1cf72,0x3eb1cf72,NSS_CMSSignedData_Encode_BeforeData
0x16054a46,0x16054a46,NSS_CMSSignedData_Encode_BeforeStart
0x3111f897,0x3111f897,NSS_CMSSignedData_GetCertificateList
0xc9e612df,0xc9e612df,NSS_CMSSignedData_GetContentInfo
0xd4e97a9f,0xd4e97a9f,NSS_CMSSignedData_GetDigestAlgs
0x738eded5,0x738eded5,NSS_CMSSignedData_GetDigestValue
0xa58c1fec,0xa58c1fec,NSS_CMSSignedData_GetSignerInfo
0x57101ddf,0x57101ddf,NSS_CMSSignedData_GetSignerInfos
0x5b186467,0x5b186467,NSS_CMSSignedData_HasDigests
0x10529374,0x10529374,NSS_CMSSignedData_ImportCerts
0x3a919261,0x3a919261,NSS_CMSSignedData_SetDigestValue
0x45c039b7,0x45c039b7,NSS_CMSSignedData_SetDigests
0x613f5b15,0x613f5b15,NSS_CMSSignedData_SignerInfoCount
0x135aecf0,0x135aecf0,NSS_CMSSignedData_VerifyCertsOnly
0x7c2d2821,0x7c2d2821,NSS_CMSSignedData_VerifySignerInfo
0xf029f12e,0xf029f12e,NSS_CMSSignerInfo_AddAuthAttr
0x9f8b25f3,0x9f8b25f3,NSS_CMSSignerInfo_AddCounterSignature
0x6ffda15b,0x6ffda15b,NSS_CMSSignerInfo_AddMSSMIMEEncKeyPrefs
0x81414fc3,0x81414fc3,NSS_CMSSignerInfo_AddSMIMECaps
0x28ff1e9b,0x28ff1e9b,NSS_CMSSignerInfo_AddSMIMEEncKeyPrefs
0x17f3553f,0x17f3553f,NSS_CMSSignerInfo_AddSigningTime
0x4f1807f1,0x4f1807f1,NSS_CMSSignerInfo_AddUnauthAttr
0xbdfd1ccc,0xbdfd1ccc,NSS_CMSSignerInfo_Create
0xdeb92a92,0xdeb92a92,NSS_CMSSignerInfo_CreateWithSubjKeyID
0xad4f9e62,0xad4f9e62,NSS_CMSSignerInfo_Destroy
0x613c5da2,0x613c5da2,NSS_CMSSignerInfo_GetCertList
0x3d123f2c,0x3d123f2c,NSS_CMSSignerInfo_GetDigestAlg
0x1e77fa08,0x1e77fa08,NSS_CMSSignerInfo_GetDigestAlgTag
0xed84704a,0xed84704a,NSS_CMSSignerInfo_GetSignerCommonName
0xf089556e,0xf089556e,NSS_CMSSignerInfo_GetSignerEmailAddress
0xc3bd07ea,0xc3bd07ea,NSS_CMSSignerInfo_GetSigningCertificate
0xda098e96,0xda098e96,NSS_CMSSignerInfo_GetSigningTime
0xb24a8aff,0xb24a8aff,NSS_CMSSignerInfo_GetVerificationStatus
0xaa00595e,0xaa00595e,NSS_CMSSignerInfo_GetVersion
0xd96909fd,0xd96909fd,NSS_CMSSignerInfo_IncludeCerts
0x106db4c9,0x106db4c9,NSS_CMSSignerInfo_Sign
0xe96b236d,0xe96b236d,NSS_CMSSignerInfo_Verify
0xe674590,0x0e674590,NSS_CMSSignerInfo_VerifyCertificate
0x29bc037c,0x29bc037c,NSS_CMSType_GetContentSize
0x7e122942,0x7e122942,NSS_CMSType_GetTemplate
0x99afbbc,0x099afbbc,NSS_CMSType_IsData
0x4250b943,0x4250b943,NSS_CMSType_IsWrapper
0xd2112a28,0xd2112a28,NSS_CMSType_RegisterContentType
0xbff89da4,0xbff89da4,NSS_CMSUtil_DERCompare
0x659d9b72,0x659d9b72,NSS_CMSUtil_DecryptSymKey_ECDH
0x77719b24,0x77719b24,NSS_CMSUtil_DecryptSymKey_RSA
0xb099d1a8,0xb099d1a8,NSS_CMSUtil_DecryptSymKey_RSA_OAEP
0x48691314,0x48691314,NSS_CMSUtil_EncryptSymKey_ESECDH
0x7829d20e,0x7829d20e,NSS_CMSUtil_EncryptSymKey_RSA
0xbc2d2fbe,0xbc2d2fbe,NSS_CMSUtil_EncryptSymKey_RSAPubKey
0xc4e5c3fd,0xc4e5c3fd,NSS_CMSUtil_GetHashObjByAlgID
0x357da8d6,0x357da8d6,NSS_CMSUtil_GetSizeByTypeTag
0xbf9a1897,0xbf9a1897,NSS_CMSUtil_GetTemplateByTypeTag
0x5e482ed8,0x5e482ed8,NSS_CMSUtil_MapSignAlgs
0x94d17903,0x94d17903,NSS_CMSUtil_VerificationStatusToString
0x42635182,0x42635182,NSS_ERROR_ALREADY_INITIALIZED
0xe7759fe6,0xe7759fe6,NSS_ERROR_ARENA_MARKED_BY_ANOTHER_THREAD
0xc64fb325,0xc64fb325,NSS_ERROR_BUFFER_TOO_SHORT
0x8692284e,0x8692284e,NSS_ERROR_BUSY
0xe1b167b7,0xe1b167b7,NSS_ERROR_CERTIFICATE_IN_CACHE
0x7e6ffcd3,0x7e6ffcd3,NSS_ERROR_CERTIFICATE_ISSUER_NOT_FOUND
0x59c62104,0x59c62104,NSS_ERROR_DEVICE_ERROR
0xa699d846,0xa699d846,NSS_ERROR_DUPLICATE_POINTER
0x52527f9a,0x52527f9a,NSS_ERROR_HASH_COLLISION
0x7a2f9651,0x7a2f9651,NSS_ERROR_INTERNAL_ERROR
0xf2b6edb8,0xf2b6edb8,NSS_ERROR_INVALID_ARENA
0x9f3cc9a2,0x9f3cc9a2,NSS_ERROR_INVALID_ARENA_MARK
0x6820054,0x06820054,NSS_ERROR_INVALID_ARGUMENT
0x4bd0f4da,0x4bd0f4da,NSS_ERROR_INVALID_ASN1DECODER
0xadc99f44,0xadc99f44,NSS_ERROR_INVALID_ASN1ENCODER
0xe853267d,0xe853267d,NSS_ERROR_INVALID_ATAV
0x7fdf6c1b,0x7fdf6c1b,NSS_ERROR_INVALID_ATOB_CONTEXT
0x4abdae76,0x4abdae76,NSS_ERROR_INVALID_BASE64
0xa9f3038a,0xa9f3038a,NSS_ERROR_INVALID_BER
0x3c56587b,0x3c56587b,NSS_ERROR_INVALID_BTOA_CONTEXT
0x48c13674,0x48c13674,NSS_ERROR_INVALID_CERTIFICATE
0xe8578a00,0xe8578a00,NSS_ERROR_INVALID_ITEM
0x68018061,0x68018061,NSS_ERROR_INVALID_NSSOID
0xdd9ece04,0xdd9ece04,NSS_ERROR_INVALID_PASSWORD
0xf81c1172,0xf81c1172,NSS_ERROR_INVALID_POINTER
0x73bcbec8,0x73bcbec8,NSS_ERROR_INVALID_STRING
0xe85e1e78,0xe85e1e78,NSS_ERROR_INVALID_UTF8
0x1b9cf124,0x1b9cf124,NSS_ERROR_MAXIMUM_FOUND
0x7a3095f7,0x7a3095f7,NSS_ERROR_NOT_FOUND
0x6e518d91,0x6e518d91,NSS_ERROR_NO_ERROR
0x4a3e88c0,0x4a3e88c0,NSS_ERROR_NO_MEMORY
0x93a7de7e,0x93a7de7e,NSS_ERROR_PKCS11
0x20b7789,0x020b7789,NSS_ERROR_POINTER_NOT_REGISTERED
0x7ae0b3b5,0x7ae0b3b5,NSS_ERROR_TRACKER_NOT_EMPTY
0x8cdcce1c,0x8cdcce1c,NSS_ERROR_TRACKER_NOT_INITIALIZED
0x422481ce,0x422481ce,NSS_ERROR_UNKNOWN_ATTRIBUTE
0xed572fb5,0xed572fb5,NSS_ERROR_UNSUPPORTED_TYPE
0xd1c6ea18,0xd1c6ea18,NSS_ERROR_USER_CANCELED
0xc59abb23,0xc59abb23,NSS_ERROR_VALUE_TOO_LARGE
0xc02bade4,0xc02bade4,NSS_FindCertKEAType
0xdd492099,0xdd492099,NSS_GetAlgorithmPolicy
0xd68ab0f2,0xd68ab0f2,NSS_GetAlgorithmPolicyAll
0xb598332c,0xb598332c,NSS_GetError
0x5ab55662,0x5ab55662,NSS_GetErrorStack
0xaf32ab24,0xaf32ab24,NSS_GetSystemFIPSEnabled
0x7abec0c8,0x7abec0c8,NSS_GetVersion
0x7cf3fdd6,0x7cf3fdd6,NSS_Get_CERT_CertificateRequestTemplate
0xf4adfe4d,0xf4adfe4d,NSS_Get_CERT_CertificateTemplate
0x6bce624b,0x6bce624b,NSS_Get_CERT_CrlTemplate
0x3bde84d9,0x3bde84d9,NSS_Get_CERT_IssuerAndSNTemplate
0xbeffcc8b,0xbeffcc8b,NSS_Get_CERT_NameTemplate
0xfba077a3,0xfba077a3,NSS_Get_CERT_SequenceOfCertExtensionTemplate
0x2547e166,0x2547e166,NSS_Get_CERT_SetOfSignedCrlTemplate
0xb477aa25,0xb477aa25,NSS_Get_CERT_SignedCrlTemplate
0x7da89dbe,0x7da89dbe,NSS_Get_CERT_SignedDataTemplate
0x9be6aaee,0x9be6aaee,NSS_Get_CERT_SubjectPublicKeyInfoTemplate
0x910f4824,0x910f4824,NSS_Get_CERT_TimeChoiceTemplate
0xe24b886c,0xe24b886c,NSS_Get_NSSCMSGenericWrapperDataTemplate
0x2948602f,0x2948602f,NSS_Get_NSS_PointerToCMSGenericWrapperDataTemplate
0x2cd9d859,0x2cd9d859,NSS_Get_PKIX_PL_LDAPMessageTemplate
0xf6fe45a0,0xf6fe45a0,NSS_Get_SECKEY_DSAPublicKeyTemplate
0x92cd245e,0x92cd245e,NSS_Get_SECKEY_EncryptedPrivateKeyInfoTemplate
0xb39577c2,0xb39577c2,NSS_Get_SECKEY_PointerToEncryptedPrivateKeyInfoTemplate
0xed02f194,0xed02f194,NSS_Get_SECKEY_PointerToPrivateKeyInfoTemplate
0x44f01eb0,0x44f01eb0,NSS_Get_SECKEY_PrivateKeyInfoTemplate
0x608caea0,0x608caea0,NSS_Get_SECKEY_RSAPSSParamsTemplate
0x2122ceee,0x2122ceee,NSS_Get_SECKEY_RSAPublicKeyTemplate
0x4b785a47,0x4b785a47,NSS_Get_SECOID_AlgorithmIDTemplate
0xd3581a44,0xd3581a44,NSS_Get_SECOID_AlgorithmIDTemplate_Util
0xafbc67ff,0xafbc67ff,NSS_Get_SEC_AnyTemplate
0x82617afc,0x82617afc,NSS_Get_SEC_AnyTemplate_Util
0x3584f0cd,0x3584f0cd,NSS_Get_SEC_BMPStringTemplate
0x345b48a,0x0345b48a,NSS_Get_SEC_BMPStringTemplate_Util
0x91ce104d,0x91ce104d,NSS_Get_SEC_BitStringTemplate
0xefae840a,0xefae840a,NSS_Get_SEC_BitStringTemplate_Util
0x32046d57,0x32046d57,NSS_Get_SEC_BooleanTemplate
0x28ba9754,0x28ba9754,NSS_Get_SEC_BooleanTemplate_Util
0xe5e67461,0xe5e67461,NSS_Get_SEC_EnumeratedTemplate
0x3b4d4830,0x3b4d4830,NSS_Get_SEC_GeneralizedTimeTemplate
0xbdcb21cd,0xbdcb21cd,NSS_Get_SEC_GeneralizedTimeTemplate_Util
0x5860ccd,0x05860ccd,NSS_Get_SEC_IA5StringTemplate
0x4c58508a,0x4c58508a,NSS_Get_SEC_IA5StringTemplate_Util
0x90c148e5,0x90c148e5,NSS_Get_SEC_IntegerTemplate
0x41f4dba2,0x41f4dba2,NSS_Get_SEC_IntegerTemplate_Util
0x5a1968d2,0x5a1968d2,NSS_Get_SEC_NullTemplate
0x1b0ef7af,0x1b0ef7af,NSS_Get_SEC_NullTemplate_Util
0x421177b,0x0421177b,NSS_Get_SEC_ObjectIDTemplate
0x8d4b37f8,0x8d4b37f8,NSS_Get_SEC_ObjectIDTemplate_Util
0x6740108d,0x6740108d,NSS_Get_SEC_OctetStringTemplate
0x91aaac4a,0x91aaac4a,NSS_Get_SEC_OctetStringTemplate_Util
0xbac09343,0xbac09343,NSS_Get_SEC_PointerToAnyTemplate
0xfc5750c0,0xfc5750c0,NSS_Get_SEC_PointerToAnyTemplate_Util
0xb4a8cb25,0xb4a8cb25,NSS_Get_SEC_PointerToEnumeratedTemplate
0xf8287974,0xf8287974,NSS_Get_SEC_PointerToGeneralizedTimeTemplate
0xe4d3fd1,0x0e4d3fd1,NSS_Get_SEC_PointerToOctetStringTemplate
0xe9ec060e,0xe9ec060e,NSS_Get_SEC_PointerToOctetStringTemplate_Util
0xd395448f,0xd395448f,NSS_Get_SEC_PrintableStringTemplate
0x9165508d,0x9165508d,NSS_Get_SEC_SequenceOfAnyTemplate
0xa6d788c9,0xa6d788c9,NSS_Get_SEC_SequenceOfObjectIDTemplate
0xd86756a0,0xd86756a0,NSS_Get_SEC_SetOfAnyTemplate
0x489fb63d,0x489fb63d,NSS_Get_SEC_SetOfAnyTemplate_Util
0xb48fe294,0xb48fe294,NSS_Get_SEC_SignedCertificateTemplate
0xdf0d37ce,0xdf0d37ce,NSS_Get_SEC_SkipTemplate
0xbad7af09,0xbad7af09,NSS_Get_SEC_T61StringTemplate
0x754ad552,0x754ad552,NSS_Get_SEC_UTCTimeTemplate
0xf498342f,0xf498342f,NSS_Get_SEC_UTCTimeTemplate_Util
0x96c001f5,0x96c001f5,NSS_Get_SEC_UTF8StringTemplate
0x6661beb2,0x6661beb2,NSS_Get_SEC_UTF8StringTemplate_Util
0x76f94ee7,0x76f94ee7,NSS_Get_SEC_UniversalStringTemplate
0x547ac90,0x0547ac90,NSS_Get_sgn_DigestInfoTemplate
0xf7d3422d,0xf7d3422d,NSS_Get_sgn_DigestInfoTemplate_Util
0x2f6fee76,0x2f6fee76,NSS_Init
0x868a4b1b,0x868a4b1b,NSS_InitContext
0xde3c7b9d,0xde3c7b9d,NSS_InitReadWrite
0x94dd37a2,0x94dd37a2,NSS_InitWithMerge
0xe2886994,0xe2886994,NSS_Initialize
0xb9ddc368,0xb9ddc368,NSS_InitializePRErrorTable
0xda401d74,0xda401d74,NSS_IsInitialized
0xb759ac60,0xb759ac60,NSS_IsPolicyLocked
0x361ede7b,0x361ede7b,NSS_LockPolicy
0xfa97f498,0xfa97f498,NSS_NoDB_Init
0x3c724a9b,0x3c724a9b,NSS_OptionGet
0x3c727da7,0x3c727da7,NSS_OptionSet
0xdb85aed3,0xdb85aed3,NSS_PBE_DEFAULT_ITERATION_COUNT
0x2518fc48,0x2518fc48,NSS_PointerToCMSDigestedDataTemplate
0x3453226d,0x3453226d,NSS_PointerToCMSEncryptedDataTemplate
0x2f05a6a1,0x2f05a6a1,NSS_PointerToCMSEnvelopedDataTemplate
0x42bea71d,0x42bea71d,NSS_PointerToCMSGenericWrapperDataTemplate
0x6820aff9,0x6820aff9,NSS_PointerToCMSSignedDataTemplate
0xdbfe02e4,0xdbfe02e4,NSS_PutEnv
0xcfe0ad01,0xcfe0ad01,NSS_PutEnv_Util
0xf2d64ea3,0xf2d64ea3,NSS_RegisterShutdown
0xaf4dd50b,0xaf4dd50b,NSS_SMIMESignerInfo_SaveSMIMEProfile
0x5e7abd4,0x05e7abd4,NSS_SMIMEUtil_AllowCipher
0x966737a8,0x966737a8,NSS_SMIMEUtil_CreateMSSMIMEEncKeyPrefs
0x69d4f393,0x69d4f393,NSS_SMIMEUtil_CreateSMIMECapabilities
0x9784bda8,0x9784bda8,NSS_SMIMEUtil_CreateSMIMEEncKeyPrefs
0xf30135c3,0xf30135c3,NSS_SMIMEUtil_DecryptionAllowed
0xdf452ffc,0xdf452ffc,NSS_SMIMEUtil_EnableCipher
0xf3b96cad,0xf3b96cad,NSS_SMIMEUtil_EncryptionAllowed
0x2b7e53b0,0x2b7e53b0,NSS_SMIMEUtil_EncryptionEnabled
0x3a45f786,0x3a45f786,NSS_SMIMEUtil_EncryptionPossible
0x6608f2fa,0x6608f2fa,NSS_SMIMEUtil_FindBulkAlgForRecipients
0x917f4ecf,0x917f4ecf,NSS_SMIMEUtil_GetCertFromEncryptionKeyPreference
0xde545f48,0xde545f48,NSS_SMIMEUtil_KeyDecodingAllowed
0x96ddd3b2,0x96ddd3b2,NSS_SMIMEUtil_KeyEncodingAllowed
0x2874d6b1,0x2874d6b1,NSS_SMIMEUtil_SigningAllowed
0xc00489e8,0xc00489e8,NSS_SecureMemcmp
0xe1cbe0e8,0xe1cbe0e8,NSS_SecureMemcmpZero
0xce02f889,0xce02f889,NSS_SecureSelect
0x652ba25,0x0652ba25,NSS_SetAlgorithmPolicy
0xa3266efe,0xa3266efe,NSS_SetAlgorithmPolicyAll
0xb2f9c31e,0xb2f9c31e,NSS_Shutdown
0x257152c3,0x257152c3,NSS_ShutdownContext
0x7eacfca6,0x7eacfca6,NSS_UnregisterShutdown
0x5c286586,0x5c286586,NSS_VersionCheck
0xf1e369e7,0xf1e369e7,NSS_ZAlloc
0x3a6304ed,0x3a6304ed,NSS_ZFreeIf
0x3e6ee5e,0x03e6ee5e,NSS_ZRealloc
0x9a969af3,0x9a969af3,NT.DLL(Function Name)
0x207fb645,0x207fb645,NamedEscape
0x9946d356,0x9946d356,Ndr64AsyncClientCall
0x68538f18,0x68538f18,Ndr64AsyncServerCall64
0x72c630a7,0x72c630a7,Ndr64AsyncServerCallAll
0x76e07d39,0x76e07d39,Ndr64DcomAsyncClientCall
0x8835bcf8,0x8835bcf8,Ndr64DcomAsyncStubCall
0x39e3ec18,0x39e3ec18,NdrAllocate
0xa5857cac,0xa5857cac,NdrAsyncClientCall
0xc935dc4,0x0c935dc4,NdrAsyncServerCall
0x22e7db66,0x22e7db66,NdrByteCountPointerBufferSize
0xafeb1b3,0x0afeb1b3,NdrByteCountPointerFree
0x62503625,0x62503625,NdrByteCountPointerMarshall
0x539228e8,0x539228e8,NdrByteCountPointerUnmarshall
0x39387b4b,0x39387b4b,NdrCStdStubBuffer2_Release
0x394e59f9,0x394e59f9,NdrCStdStubBuffer_Release
0xe12377a6,0xe12377a6,NdrClearOutParameters
0x810a0380,0x810a0380,NdrClientCall2
0x810a0381,0x810a0381,NdrClientCall3
0x11d0552b,0x11d0552b,NdrClientContextMarshall
0xe396216e,0xe396216e,NdrClientContextUnmarshall
0xe59c9e4,0x0e59c9e4,NdrClientInitialize
0x8a7010ce,0x8a7010ce,NdrClientInitializeNew
0xf120e7bf,0xf120e7bf,NdrComplexArrayBufferSize
0x119faf4c,0x119faf4c,NdrComplexArrayFree
0xa5f8583e,0xa5f8583e,NdrComplexArrayMarshall
0x1f38c4be,0x1f38c4be,NdrComplexArrayMemorySize
0x21cb3541,0x21cb3541,NdrComplexArrayUnmarshall
0x4bacff85,0x4bacff85,NdrComplexStructBufferSize
0x487eea92,0x487eea92,NdrComplexStructFree
0x64efc684,0x64efc684,NdrComplexStructMarshall
0x79c4dc84,0x79c4dc84,NdrComplexStructMemorySize
0x7c574d07,0x7c574d07,NdrComplexStructUnmarshall
0xca769ede,0xca769ede,NdrConformantArrayBufferSize
0x8f7e3b2b,0x8f7e3b2b,NdrConformantArrayFree
0xc5e7bb9d,0xc5e7bb9d,NdrConformantArrayMarshall
0xf88e7bdd,0xf88e7bdd,NdrConformantArrayMemorySize
0xfb20ec60,0xfb20ec60,NdrConformantArrayUnmarshall
0xec04f756,0xec04f756,NdrConformantStringBufferSize
0x84959615,0x84959615,NdrConformantStringMarshall
0x1a1cd455,0x1a1cd455,NdrConformantStringMemorySize
0x1caf44d8,0x1caf44d8,NdrConformantStringUnmarshall
0x4fb99a84,0x4fb99a84,NdrConformantStructBufferSize
0x822ef251,0x822ef251,NdrConformantStructFree
0x82cb95c3,0x82cb95c3,NdrConformantStructMarshall
0x7dd17783,0x7dd17783,NdrConformantStructMemorySize
0x8063e806,0x8063e806,NdrConformantStructUnmarshall
0xc475b21e,0xc475b21e,NdrConformantVaryingArrayBufferSize
0x397fde6b,0x397fde6b,NdrConformantVaryingArrayFree
0x1288fedd,0x1288fedd,NdrConformantVaryingArrayMarshall
0xf28d8f1d,0xf28d8f1d,NdrConformantVaryingArrayMemorySize
0xf51fffa0,0xf51fffa0,NdrConformantVaryingArrayUnmarshall
0x899b15c4,0x899b15c4,NdrConformantVaryingStructBufferSize
0x6c64fd91,0x6c64fd91,NdrConformantVaryingStructFree
0x63954103,0x63954103,NdrConformantVaryingStructMarshall
0xb7b2f2c3,0xb7b2f2c3,NdrConformantVaryingStructMemorySize
0xba456346,0xba456346,NdrConformantVaryingStructUnmarshall
0x58492116,0x58492116,NdrContextHandleInitialize
0xae6b151f,0xae6b151f,NdrContextHandleSize
0x4d87c714,0x4d87c714,NdrConvert
0xfe80a9c6,0xfe80a9c6,NdrConvert2
0x21aee917,0x21aee917,NdrCorrelationFree
0x41d9eb27,0x41d9eb27,NdrCorrelationInitialize
0x21b41e6c,0x21b41e6c,NdrCorrelationPass
0x4b5844e1,0x4b5844e1,NdrCreateServerInterfaceFromStub
0x6a5fe18f,0x6a5fe18f,NdrDcomAsyncClientCall
0x9ec413ce,0x9ec413ce,NdrDcomAsyncStubCall
0xc18b6b98,0xc18b6b98,NdrDllCanUnloadNow
0x6bbf673c,0x6bbf673c,NdrDllGetClassObject
0x5689a7b6,0x5689a7b6,NdrDllRegisterProxy
0x3fc5e3d9,0x3fc5e3d9,NdrDllUnregisterProxy
0xb9c9126a,0xb9c9126a,NdrEncapsulatedUnionBufferSize
0xba13f5b7,0xba13f5b7,NdrEncapsulatedUnionFree
0x62afdc29,0x62afdc29,NdrEncapsulatedUnionMarshall
0xe7e0ef69,0xe7e0ef69,NdrEncapsulatedUnionMemorySize
0xea735fec,0xea735fec,NdrEncapsulatedUnionUnmarshall
0x481d9057,0x481d9057,NdrFixedArrayBufferSize
0xecfc5e4,0x0ecfc5e4,NdrFixedArrayFree
0x5401fad6,0x5401fad6,NdrFixedArrayMarshall
0x76356d56,0x76356d56,NdrFixedArrayMemorySize
0x78c7ddd9,0x78c7ddd9,NdrFixedArrayUnmarshall
0x9928c1ef,0x9928c1ef,NdrFreeBuffer
0x864192c9,0x864192c9,NdrFullPointerFree
0x1b410266,0x1b410266,NdrFullPointerInsertRefId
0x9d7455de,0x9d7455de,NdrFullPointerQueryPointer
0x2f47aa67,0x2f47aa67,NdrFullPointerQueryRefId
0xe5a808a2,0xe5a808a2,NdrFullPointerXlatFree
0xe5a99d54,0xe5a99d54,NdrFullPointerXlatInit
0x3e3c10d1,0x3e3c10d1,NdrGetBaseInterfaceFromStub
0x64654ad,0x064654ad,NdrGetBuffer
0x656aa18e,0x656aa18e,NdrGetDcomProtocolVersion
0x84d18e98,0x84d18e98,NdrGetSimpleTypeBufferAlignment
0xce320414,0xce320414,NdrGetSimpleTypeBufferSize
0xfc49e113,0xfc49e113,NdrGetSimpleTypeMemorySize
0xb83da6a2,0xb83da6a2,NdrGetTypeFlags
0x6298c9e6,0x6298c9e6,NdrGetUserMarshalInfo
0x66b4bcda,0x66b4bcda,NdrInterfacePointerBufferSize
0x17ec8c27,0x17ec8c27,NdrInterfacePointerFree
0x8ece2a99,0x8ece2a99,NdrInterfacePointerMarshall
0x94cc99d9,0x94cc99d9,NdrInterfacePointerMemorySize
0x975f0a5c,0x975f0a5c,NdrInterfacePointerUnmarshall
0x2b815350,0x2b815350,NdrMapCommAndFaultStatus
0xb10a2a9e,0xb10a2a9e,NdrMesProcEncodeDecode
0xd24f7e90,0xd24f7e90,NdrMesProcEncodeDecode2
0xd24f7e91,0xd24f7e91,NdrMesProcEncodeDecode3
0x76158daa,0x76158daa,NdrMesSimpleTypeAlignSize
0x87a55063,0x87a55063,NdrMesSimpleTypeAlignSizeAll
0x3484fee8,0x3484fee8,NdrMesSimpleTypeDecode
0xa1cd20e1,0xa1cd20e1,NdrMesSimpleTypeDecodeAll
0x377d0412,0x377d0412,NdrMesSimpleTypeEncode
0x649a0dcb,0x649a0dcb,NdrMesSimpleTypeEncodeAll
0x855ce620,0x855ce620,NdrMesTypeAlignSize
0x30f9aa52,0x30f9aa52,NdrMesTypeAlignSize2
0x30f9aa53,0x30f9aa53,NdrMesTypeAlignSize3
0x11a83b1e,0x11a83b1e,NdrMesTypeDecode
0x46af9f10,0x46af9f10,NdrMesTypeDecode2
0x46af9f11,0x46af9f11,NdrMesTypeDecode3
0x14a04048,0x14a04048,NdrMesTypeEncode
0xa8a8497a,0xa8a8497a,NdrMesTypeEncode2
0xa8a8497b,0xa8a8497b,NdrMesTypeEncode3
0xd9eaa08e,0xd9eaa08e,NdrMesTypeFree2
0xd9eaa08f,0xd9eaa08f,NdrMesTypeFree3
0x91fad4e1,0x91fad4e1,NdrNonConformantStringBufferSize
0x6fd094e0,0x6fd094e0,NdrNonConformantStringMarshall
0xc012b1e0,0xc012b1e0,NdrNonConformantStringMemorySize
0xc2a52263,0xc2a52263,NdrNonConformantStringUnmarshall
0x1e7aa155,0x1e7aa155,NdrNonEncapsulatedUnionBufferSize
0x8d6b7062,0x8d6b7062,NdrNonEncapsulatedUnionFree
0xb54ab454,0xb54ab454,NdrNonEncapsulatedUnionMarshall
0x4c927e54,0x4c927e54,NdrNonEncapsulatedUnionMemorySize
0x4f24eed7,0x4f24eed7,NdrNonEncapsulatedUnionUnmarshall
0x147fd12e,0x147fd12e,NdrNsGetBuffer
0xa8301861,0xa8301861,NdrNsSendReceive
0x92a5bdb8,0x92a5bdb8,NdrOleAllocate
0xe197b935,0xe197b935,NdrOleFree
0xfaff9a2,0x0faff9a2,NdrOleInitializeExtension
0xf7a72b1f,0xf7a72b1f,NdrOutInit
0xaf2f7c78,0xaf2f7c78,NdrPartialIgnoreClientBufferSize
0xf3b86ab7,0xf3b86ab7,NdrPartialIgnoreClientMarshall
0x824caced,0x824caced,NdrPartialIgnoreServerInitialize
0xc3821d12,0xc3821d12,NdrPartialIgnoreServerUnmarshall
0xb353a869,0xb353a869,NdrPointerBufferSize
0x4d21b876,0x4d21b876,NdrPointerFree
0x784ee668,0x784ee668,NdrPointerMarshall
0xe16b8568,0xe16b8568,NdrPointerMemorySize
0xe3fdf5eb,0xe3fdf5eb,NdrPointerUnmarshall
0xb220c85d,0xb220c85d,NdrProxyErrorHandler
0x71af494f,0x71af494f,NdrProxyForwardingFunction10
0x71af4950,0x71af4950,NdrProxyForwardingFunction11
0x71af4951,0x71af4951,NdrProxyForwardingFunction12
0x71af4952,0x71af4952,NdrProxyForwardingFunction13
0x71af4953,0x71af4953,NdrProxyForwardingFunction14
0x71af4954,0x71af4954,NdrProxyForwardingFunction15
0x71af4955,0x71af4955,NdrProxyForwardingFunction16
0x71af4956,0x71af4956,NdrProxyForwardingFunction17
0x71af4957,0x71af4957,NdrProxyForwardingFunction18
0x71af4958,0x71af4958,NdrProxyForwardingFunction19
0x71af4970,0x71af4970,NdrProxyForwardingFunction20
0x71af4971,0x71af4971,NdrProxyForwardingFunction21
0x71af4972,0x71af4972,NdrProxyForwardingFunction22
0x71af4973,0x71af4973,NdrProxyForwardingFunction23
0x71af4974,0x71af4974,NdrProxyForwardingFunction24
0x71af4975,0x71af4975,NdrProxyForwardingFunction25
0x71af4976,0x71af4976,NdrProxyForwardingFunction26
0x71af4977,0x71af4977,NdrProxyForwardingFunction27
0x71af4978,0x71af4978,NdrProxyForwardingFunction28
0x71af4979,0x71af4979,NdrProxyForwardingFunction29
0x684b2141,0x684b2141,NdrProxyForwardingFunction3
0x71af4991,0x71af4991,NdrProxyForwardingFunction30
0x71af4992,0x71af4992,NdrProxyForwardingFunction31
0x71af4993,0x71af4993,NdrProxyForwardingFunction32
0x684b2142,0x684b2142,NdrProxyForwardingFunction4
0x684b2143,0x684b2143,NdrProxyForwardingFunction5
0x684b2144,0x684b2144,NdrProxyForwardingFunction6
0x684b2145,0x684b2145,NdrProxyForwardingFunction7
0x684b2146,0x684b2146,NdrProxyForwardingFunction8
0x684b2147,0x684b2147,NdrProxyForwardingFunction9
0x3b507c11,0x3b507c11,NdrProxyFreeBuffer
0x36e528f,0x036e528f,NdrProxyGetBuffer
0xb81cda47,0xb81cda47,NdrProxyInitialize
0xcc47602,0x0cc47602,NdrProxySendReceive
0x55d6ec37,0x55d6ec37,NdrRangeUnmarshall
0x1a1022fc,0x1a1022fc,NdrRpcSmClientAllocate
0x23ba1c79,0x23ba1c79,NdrRpcSmClientFree
0x6ce726e,0x06ce726e,NdrRpcSmSetClientToOsf
0xf565cda8,0xf565cda8,NdrRpcSsDefaultAllocate
0x246d5125,0x246d5125,NdrRpcSsDefaultFree
0x310e1cd7,0x310e1cd7,NdrRpcSsDisableAllocate
0xfea6faa,0x0fea6faa,NdrRpcSsEnableAllocate
0x25a577a0,0x25a577a0,NdrSendReceive
0xc9d40798,0xc9d40798,NdrServerCall2
0x8ef523df,0x8ef523df,NdrServerCallAll
0x21b493d4,0x21b493d4,NdrServerCallNdr64
0x52a05743,0x52a05743,NdrServerContextMarshall
0x5e32144d,0x5e32144d,NdrServerContextNewMarshall
0xcf643110,0xcf643110,NdrServerContextNewUnmarshall
0x986f0986,0x986f0986,NdrServerContextUnmarshall
0xf2021cfc,0xf2021cfc,NdrServerInitialize
0xeffdcdf0,0xeffdcdf0,NdrServerInitializeMarshall
0xdaa8ace6,0xdaa8ace6,NdrServerInitializeNew
0xb7e773e9,0xb7e773e9,NdrServerInitializePartial
0x304df73,0x0304df73,NdrServerInitializeUnmarshall
0xcc0f67b7,0xcc0f67b7,NdrSimpleStructBufferSize
0x7d8b9544,0x7d8b9544,NdrSimpleStructFree
0x50d67a36,0x50d67a36,NdrSimpleStructMarshall
0xfa2744b6,0xfa2744b6,NdrSimpleStructMemorySize
0xfcb9b539,0xfcb9b539,NdrSimpleStructUnmarshall
0x2abe1c93,0x2abe1c93,NdrSimpleTypeMarshall
0xef1362d6,0xef1362d6,NdrSimpleTypeUnmarshall
0x9fa8f9df,0x9fa8f9df,NdrStubCall2
0x9fa8f9e0,0x9fa8f9e0,NdrStubCall3
0x3658caa,0x03658caa,NdrStubForwardingFunction
0xb5ae506b,0xb5ae506b,NdrStubGetBuffer
0xb25c93a3,0xb25c93a3,NdrStubInitialize
0xc39bfb97,0xc39bfb97,NdrStubInitializeMarshall
0x37c6ffe2,0x37c6ffe2,NdrTypeFlags
0xb41d6797,0xb41d6797,NdrTypeFree
0x45df3e09,0x45df3e09,NdrTypeMarshall
0xb42464f0,0xb42464f0,NdrTypeSize
0x5702b9cc,0x5702b9cc,NdrTypeUnmarshall
0xf19ee726,0xf19ee726,NdrUnmarshallBasetypeInline
0xe071234f,0xe071234f,NdrUserMarshalBufferSize
0xe28e7edc,0xe28e7edc,NdrUserMarshalFree
0xe9e46fce,0xe9e46fce,NdrUserMarshalMarshall
0xe89004e,0x0e89004e,NdrUserMarshalMemorySize
0x6d4ee7c7,0x6d4ee7c7,NdrUserMarshalSimpleTypeConvert
0x111b70d1,0x111b70d1,NdrUserMarshalUnmarshall
0xc9854687,0xc9854687,NdrVaryingArrayBufferSize
0xd6f69814,0xd6f69814,NdrVaryingArrayFree
0x9aa66506,0x9aa66506,NdrVaryingArrayMarshall
0xf79d2386,0xf79d2386,NdrVaryingArrayMemorySize
0xfa2f9409,0xfa2f9409,NdrVaryingArrayUnmarshall
0x827c3bc6,0x827c3bc6,NdrXmitOrRepAsBufferSize
0xd46a4a13,0xd46a4a13,NdrXmitOrRepAsFree
0xae90fe85,0xae90fe85,NdrXmitOrRepAsMarshall
0xb09418c5,0xb09418c5,NdrXmitOrRepAsMemorySize
0xb3268948,0xb3268948,NdrXmitOrRepAsUnmarshall
0x99283e39,0x99283e39,NdrpCreateProxy
0x52393415,0x52393415,NdrpCreateStub
0xf6136c97,0xf6136c97,NdrpGetProcFormatString
0x77da5105,0x77da5105,NdrpGetTypeFormatString
0x1456cdb9,0x1456cdb9,NdrpGetTypeGenCookie
0x94b2c2a1,0x94b2c2a1,NdrpMemoryIncrement
0xcc4872e6,0xcc4872e6,NdrpReleaseTypeFormatString
0x4230533a,0x4230533a,NdrpReleaseTypeGenCookie
0xefeed70c,0xefeed70c,NdrpVarVtOfTypeDesc
0x1ac9a33a,0x1ac9a33a,NeedCurrentDirectoryForExePathA
0x1ac9a350,0x1ac9a350,NeedCurrentDirectoryForExePathW
0xc9c1a83f,0xc9c1a83f,NlsAnsiCodePage
0x82f1c26a,0x82f1c26a,NlsCheckPolicy
0x1631464b,0x1631464b,NlsEventDataDescCreate
0x5b911f5c,0x5b911f5c,NlsGetCacheUpdateCount
0xfd26b73f,0xfd26b73f,NlsMbCodePageTag
0x16c63a60,0x16c63a60,NlsMbOemCodePageTag
0x88ec328f,0x88ec328f,NlsUpdateLocale
0xd1c08554,0xd1c08554,NlsUpdateSystemLocale
0x360fc6b9,0x360fc6b9,NlsWriteEtwEvent
0xf1be4d57,0xf1be4d57,NormalizeString
0xa4141596,0xa4141596,NotifyBootConfigStatus
0x6074d88f,0x6074d88f,NotifyCallbackData
0x7d966692,0x7d966692,NotifyChangeEventLog
0x4de998a1,0x4de998a1,NotifyMountMgr
0xe4ee5b42,0xe4ee5b42,NotifyOverlayWindow
0x6d2be403,0x6d2be403,NotifyServiceStatusChange
0x12a864c4,0x12a864c4,NotifyServiceStatusChangeA
0x12a864da,0x12a864da,NotifyServiceStatusChangeW
0x4f521e90,0x4f521e90,NotifyUILanguageChange
0xa9a87b98,0xa9a87b98,NotifyWinEvent
0x5e9bded0,0x5e9bded0,NtAcceptConnectPort
0x49de9ca1,0x49de9ca1,NtAccessCheck
0x33d52db8,0x33d52db8,NtAccessCheckAndAuditAlarm
0x8c2ca17e,0x8c2ca17e,NtAccessCheckByType
0x6c3b71b5,0x6c3b71b5,NtAccessCheckByTypeAndAuditAlarm
0xbae5f799,0xbae5f799,NtAccessCheckByTypeResultList
0xd2b69bb0,0xd2b69bb0,NtAccessCheckByTypeResultListAndAuditAlarm
0x63db54b7,0x63db54b7,NtAccessCheckByTypeResultListAndAuditAlarmByHandle
0xab5faacb,0xab5faacb,NtAddAtom
0xf42a7fe0,0xf42a7fe0,NtAddBootEntry
0xe57f14d8,0xe57f14d8,NtAddDriverEntry
0x3d40e5d,0x03d40e5d,NtAdjustGroupsToken
0x4043d437,0x4043d437,NtAdjustPrivilegesToken
0x75b9d172,0x75b9d172,NtAlertResumeThread
0xa63dc3a1,0xa63dc3a1,NtAlertThread
0xe77d432a,0xe77d432a,NtAllocateLocallyUniqueId
0x3f0b62c9,0x3f0b62c9,NtAllocateReserveObject
0x9ebd562,0x09ebd562,NtAllocateUserPhysicalPages
0xff948ea0,0xff948ea0,NtAllocateUuids
0xa0b19b6,0x0a0b19b6,NtAllocateVirtualMemory
0xb7d13a50,0xb7d13a50,NtAlpcAcceptConnectPort
0xfcbbc9dc,0xfcbbc9dc,NtAlpcCancelMessage
0xfc2d3aa0,0xfc2d3aa0,NtAlpcConnectPort
0x22a7c30a,0x22a7c30a,NtAlpcCreatePort
0xa7c3e93f,0xa7c3e93f,NtAlpcCreatePortSection
0xa422f069,0xa422f069,NtAlpcCreateResourceReserve
0x527b1a75,0x527b1a75,NtAlpcCreateSectionView
0x88786e42,0x88786e42,NtAlpcCreateSecurityContext
0xffdfc59e,0xffdfc59e,NtAlpcDeletePortSection
0x2583e448,0x2583e448,NtAlpcDeleteResourceReserve
0xaa96f6d4,0xaa96f6d4,NtAlpcDeleteSectionView
0x9d96221,0x09d96221,NtAlpcDeleteSecurityContext
0x179aac60,0x179aac60,NtAlpcDisconnectPort
0x12678631,0x12678631,NtAlpcImpersonateClientOfPort
0x62a52883,0x62a52883,NtAlpcOpenSenderProcess
0x7839c09c,0x7839c09c,NtAlpcOpenSenderThread
0x4c65f2ed,0x4c65f2ed,NtAlpcQueryInformation
0x777a67d2,0x777a67d2,NtAlpcQueryInformationMessage
0x844b76fa,0x844b76fa,NtAlpcRevokeSecurityContext
0x1099eb8,0x01099eb8,NtAlpcSendWaitReceivePort
0xe7083183,0xe7083183,NtAlpcSetInformation
0x290171f0,0x290171f0,NtApphelpCacheControl
0xde02423a,0xde02423a,NtAreMappedFilesTheSame
0x211bd9aa,0x211bd9aa,NtAssignProcessToJobObject
0x80d454de,0x80d454de,NtCallbackReturn
0x2867d38f,0x2867d38f,NtCancelIoFile
0xe1ab00cc,0xe1ab00cc,NtCancelIoFileEx
0x7150a51a,0x7150a51a,NtCancelSynchronousIoFile
0x3088f678,0x3088f678,NtCancelTimer
0xd3889f7a,0xd3889f7a,NtClearEvent
0x67841167,0x67841167,NtClose
0x35b296e2,0x35b296e2,NtCloseObjectAuditAlarm
0x78ded613,0x78ded613,NtCommitComplete
0xc9cb9ddd,0xc9cb9ddd,NtCommitEnlistment
0x52c9b560,0x52c9b560,NtCommitTransaction
0xab11dd54,0xab11dd54,NtCompactKeys
0x21dbf4ac,0x21dbf4ac,NtCompareTokens
0x80253419,0x80253419,NtCompleteConnectPort
0xcc4c98e6,0xcc4c98e6,NtCompressKey
0x7af67f20,0x7af67f20,NtConnectPort
0x573ea716,0x573ea716,NtContinue
0x5c83ea3,0x05c83ea3,NtCreateDebugObject
0x549badf1,0x549badf1,NtCreateDirectoryObject
0x6b320c68,0x6b320c68,NtCreateEnlistment
0xf5a5fa47,0xf5a5fa47,NtCreateEvent
0xf156dad3,0xf156dad3,NtCreateEventPair
0x9314e165,0x9314e165,NtCreateFile
0x1fd68e57,0x1fd68e57,NtCreateIoCompletion
0xdc15bcf7,0xdc15bcf7,NtCreateJobObject
0xb58ed16c,0xb58ed16c,NtCreateJobSet
0x237cd5ce,0x237cd5ce,NtCreateKey
0x81e59677,0x81e59677,NtCreateKeyTransacted
0x127874f9,0x127874f9,NtCreateKeyedEvent
0xb105740a,0xb105740a,NtCreateMailslotFile
0xbd0471be,0xbd0471be,NtCreateMutant
0x20b2b838,0x20b2b838,NtCreateNamedPipeFile
0x37293bb,0x037293bb,NtCreatePagingFile
0x931a778a,0x931a778a,NtCreatePort
0x536564ed,0x536564ed,NtCreatePrivateNamespace
0x3d285e24,0x3d285e24,NtCreateProcess
0x28b884a1,0x28b884a1,NtCreateProcessEx
0x3d2a1356,0x3d2a1356,NtCreateProfile
0x2ffc4e53,0x2ffc4e53,NtCreateProfileEx
0xb61725a8,0xb61725a8,NtCreateResourceManager
0x4f4411a,0x04f4411a,NtCreateSection
0xe8f83369,0xe8f83369,NtCreateSemaphore
0x9e8558c,0x09e8558c,NtCreateSymbolicLinkObject
0xcc6c461d,0xcc6c461d,NtCreateThread
0x98964eda,0x98964eda,NtCreateThreadEx
0xf6ae69c6,0xf6ae69c6,NtCreateTimer
0xf6b1ab86,0xf6b1ab86,NtCreateToken
0x20fdf54b,0x20fdf54b,NtCreateTransaction
0x6b2f71e6,0x6b2f71e6,NtCreateTransactionManager
0x6ee712c3,0x6ee712c3,NtCreateUserProcess
0x97f9f733,0x97f9f733,NtCreateWaitablePort
0x8e5fb3d7,0x8e5fb3d7,NtCreateWorkerFactory
0xea2d62ef,0xea2d62ef,NtCurrentTeb
0x5f6ffb53,0x5f6ffb53,NtDebugActiveProcess
0xb82285bd,0xb82285bd,NtDebugContinue
0xdf26b5d4,0xdf26b5d4,NtDelayExecution
0x5680ebf5,0x5680ebf5,NtDeleteAtom
0xbd350b4a,0xbd350b4a,NtDeleteBootEntry
0x1b5a22c2,0x1b5a22c2,NtDeleteDriverEntry
0x56837aa4,0x56837aa4,NtDeleteFile
0xbccdc32d,0xbccdc32d,NtDeleteKey
0xe9defc7f,0xe9defc7f,NtDeleteObjectAuditAlarm
0xe4d4ac,0x00e4d4ac,NtDeletePrivateNamespace
0xe8ee53aa,0xe8ee53aa,NtDeleteValueKey
0x8e82fda,0x08e82fda,NtDeviceIoControlFile
0x3483d22f,0x3483d22f,NtDisableLastKnownGood
0xbe42be1e,0xbe42be1e,NtDisplayString
0xc584de4,0x0c584de4,NtDrawText
0x5d6f3ce3,0x5d6f3ce3,NtDuplicateObject
0x77938a4d,0x77938a4d,NtDuplicateToken
0x64665282,0x64665282,NtEnableLastKnownGood
0xd33050e5,0xd33050e5,NtEnumerateBootEntries
0x9fe05f1d,0x9fe05f1d,NtEnumerateDriverEntries
0xb4b841e0,0xb4b841e0,NtEnumerateKey
0xa8a9cc1e,0xa8a9cc1e,NtEnumerateSystemEnvironmentValuesEx
0x78157f54,0x78157f54,NtEnumerateTransactionObject
0xeea2fa3d,0xeea2fa3d,NtEnumerateValueKey
0x2d2ecce,0x02d2ecce,NtExtendSection
0xb65c15b8,0xb65c15b8,NtFilterToken
0x4d00e6e3,0x4d00e6e3,NtFindAtom
0x63f4300,0x063f4300,NtFlushBuffersFile
0x3627c80c,0x3627c80c,NtFlushInstallUILanguage
0x74f11949,0x74f11949,NtFlushInstructionCache
0x4556d83c,0x4556d83c,NtFlushKey
0x680ebaa,0x0680ebaa,NtFlushProcessWriteBuffers
0x80a993b3,0x80a993b3,NtFlushVirtualMemory
0xe9afe98,0x0e9afe98,NtFlushWriteBuffer
0x8c2cbb7f,0x8c2cbb7f,NtFreeUserPhysicalPages
0x421b7953,0x421b7953,NtFreeVirtualMemory
0x9f409f2b,0x9f409f2b,NtFreezeRegistry
0xfb9e164b,0xfb9e164b,NtFreezeTransactions
0x39c49bcb,0x39c49bcb,NtFsControlFile
0xabfcee6e,0xabfcee6e,NtGetContextThread
0x4a1344dd,0x4a1344dd,NtGetCurrentProcessorNumber
0x9fab70f,0x09fab70f,NtGetDevicePowerState
0xdf570621,0xdf570621,NtGetMUIRegistryInfo
0xf2e142cf,0xf2e142cf,NtGetNextProcess
0xf0f5c168,0xf0f5c168,NtGetNextThread
0x9e6aade9,0x9e6aade9,NtGetNlsSectionPtr
0x30e7569b,0x30e7569b,NtGetNotificationResourceManager
0xd51bfb01,0xd51bfb01,NtGetPlugPlayEvent
0xd63c84a5,0xd63c84a5,NtGetTickCount
0x5d41b33,0x05d41b33,NtGetWriteWatch
0x970c1562,0x970c1562,NtImpersonateAnonymousToken
0xf4bb8ab1,0xf4bb8ab1,NtImpersonateClientOfPort
0x2a4058d0,0x2a4058d0,NtImpersonateThread
0xfa5482a3,0xfa5482a3,NtInitializeNlsFiles
0x74c22e5c,0x74c22e5c,NtInitializeRegistry
0x38614433,0x38614433,NtInitiatePowerAction
0xbd6ff05e,0xbd6ff05e,NtIsProcessInJob
0xa2026c0a,0xa2026c0a,NtIsSystemResumeAutomatic
0xcfc32e48,0xcfc32e48,NtIsUILanguageComitted
0x1eeb3a65,0x1eeb3a65,NtListenPort
0x6b809b5d,0x6b809b5d,NtLoadDriver
0x13943a1a,0x13943a1a,NtLoadKey
0x861b7d8c,0x861b7d8c,NtLoadKey2
0x498b3617,0x498b3617,NtLoadKeyEx
0x8b41cbfa,0x8b41cbfa,NtLockFile
0xa4b977e9,0xa4b977e9,NtLockProductActivationKeys
0x6a53735c,0x6a53735c,NtLockRegistryKey
0xab89d1fa,0xab89d1fa,NtLockVirtualMemory
0xa3afd190,0xa3afd190,NtMakePermanentObject
0xf2015e89,0xf2015e89,NtMakeTemporaryObject
0xb78392eb,0xb78392eb,NtMapCMFModule
0x35ec007b,0x35ec007b,NtMapUserPhysicalPages
0xda8228d1,0xda8228d1,NtMapUserPhysicalPagesScatter
0x153e91b4,0x153e91b4,NtMapViewOfSection
0x19d0bddf,0x19d0bddf,NtModifyBootEntry
0xdacce97,0x0dacce97,NtModifyDriverEntry
0x4a8382a5,0x4a8382a5,NtNotifyChangeDirectoryFile
0x6e2935d9,0x6e2935d9,NtNotifyChangeKey
0xec9ddc58,0xec9ddc58,NtNotifyChangeMultipleKeys
0x90b8aa54,0x90b8aa54,NtNotifyChangeSession
0x95403bef,0x95403bef,NtOpenDirectoryObject
0x50a863a6,0x50a863a6,NtOpenEnlistment
0xde1b52c5,0xde1b52c5,NtOpenEvent
0x4da04251,0x4da04251,NtOpenEventPair
0xa1e22223,0xa1e22223,NtOpenFile
0x3c3fad15,0x3c3fad15,NtOpenIoCompletion
0x385f2475,0x385f2475,NtOpenJobObject
0xfd25f6cc,0xfd25f6cc,NtOpenKey
0xde7ee749,0xde7ee749,NtOpenKeyEx
0x2b728cf5,0x2b728cf5,NtOpenKeyTransacted
0xd249abb2,0xd249abb2,NtOpenKeyTransactedEx
0xf7eecc37,0xf7eecc37,NtOpenKeyedEvent
0xb424d9fc,0xb424d9fc,NtOpenMutant
0x9195da7e,0x9195da7e,NtOpenObjectAuditAlarm
0xa89bb2ab,0xa89bb2ab,NtOpenPrivateNamespace
0x1855ce22,0x1855ce22,NtOpenProcess
0x73e7c083,0x73e7c083,NtOpenProcessToken
0xcd9fac0,0x0cd9fac0,NtOpenProcessTokenEx
0xf6bbb3a6,0xf6bbb3a6,NtOpenResourceManager
0xe021b118,0xe021b118,NtOpenSection
0x45419ae7,0x45419ae7,NtOpenSemaphore
0xe142acc7,0xe142acc7,NtOpenSession
0x85e90aca,0x85e90aca,NtOpenSymbolicLinkObject
0xc38cae5b,0xc38cae5b,NtOpenThread
0x9960ac5c,0x9960ac5c,NtOpenThreadToken
0x743d40d9,0x743d40d9,NtOpenThreadTokenEx
0xdf23c244,0xdf23c244,NtOpenTimer
0xb53f3449,0xb53f3449,NtOpenTransaction
0xe7302724,0xe7302724,NtOpenTransactionManager
0x55bc5060,0x55bc5060,NtPlugPlayControl
0x26555324,0x26555324,NtPowerInformation
0x88883540,0x88883540,NtPrePrepareComplete
0x69497c4a,0x69497c4a,NtPrePrepareEnlistment
0xdf25ba39,0xdf25ba39,NtPrepareComplete
0xdd5c2383,0xdd5c2383,NtPrepareEnlistment
0xeeb4df6,0x0eeb4df6,NtPrivilegeCheck
0x661dd253,0x661dd253,NtPrivilegeObjectAuditAlarm
0x20d15fb1,0x20d15fb1,NtPrivilegedServiceAuditAlarm
0xe9fd61ae,0xe9fd61ae,NtPropagationComplete
0x2a6a987a,0x2a6a987a,NtPropagationFailed
0xb6521bf2,0xb6521bf2,NtProtectVirtualMemory
0xe183febc,0xe183febc,NtPulseEvent
0xbd7be92e,0xbd7be92e,NtQueryAttributesFile
0x8fb38d09,0x8fb38d09,NtQueryBootEntryOrder
0x6fbb6ba7,0x6fbb6ba7,NtQueryBootOptions
0x1312875,0x01312875,NtQueryDebugFilterState
0x1552bfdc,0x1552bfdc,NtQueryDefaultLocale
0xbafc92ce,0xbafc92ce,NtQueryDefaultUILanguage
0xe8c42e1c,0xe8c42e1c,NtQueryDirectoryFile
0x3f06dbb3,0x3f06dbb3,NtQueryDirectoryObject
0xe9f27c41,0xe9f27c41,NtQueryDriverEntryOrder
0x7dc8d28d,0x7dc8d28d,NtQueryEaFile
0x516ead89,0x516ead89,NtQueryEvent
0x6ce180a1,0x6ce180a1,NtQueryFullAttributesFile
0x27c522de,0x27c522de,NtQueryInformationAtom
0x95da5a90,0x95da5a90,NtQueryInformationEnlistment
0x27c7b18d,0x27c7b18d,NtQueryInformationFile
0xbe58e61f,0xbe58e61f,NtQueryInformationJobObject
0x27cd47b2,0x27cd47b2,NtQueryInformationPort
0x5ebf1d4c,0x5ebf1d4c,NtQueryInformationProcess
0x196e8cd0,0x196e8cd0,NtQueryInformationResourceManager
0x5913c045,0x5913c045,NtQueryInformationThread
0x21be80ae,0x21be80ae,NtQueryInformationToken
0xa0b00873,0xa0b00873,NtQueryInformationTransaction
0xdbb7680e,0xdbb7680e,NtQueryInformationTransactionManager
0xc2e330ff,0xc2e330ff,NtQueryInformationWorkerFactory
0x592ec360,0x592ec360,NtQueryInstallUILanguage
0x79b23f9d,0x79b23f9d,NtQueryIntervalProfile
0x5b70c359,0x5b70c359,NtQueryIoCompletion
0xfb9bd090,0xfb9bd090,NtQueryKey
0x547e387,0x0547e387,NtQueryLicenseValue
0xaf9fded9,0xaf9fded9,NtQueryMultipleValueKey
0x91e38d40,0x91e38d40,NtQueryMutant
0x9530a0be,0x9530a0be,NtQueryObject
0x6161be7f,0x6161be7f,NtQueryOpenSubKeys
0x40cb67bc,0x40cb67bc,NtQueryOpenSubKeysEx
0x2e1acb79,0x2e1acb79,NtQueryPerformanceCounter
0xd16489d1,0xd16489d1,NtQueryPortInformationProcess
0xd3568d77,0xd3568d77,NtQueryQuotaInformationFile
0x75b6ccdc,0x75b6ccdc,NtQuerySection
0x1264d027,0x1264d027,NtQuerySecurityAttributesToken
0x8fe4f576,0x8fe4f576,NtQuerySecurityObject
0x948cb7ab,0x948cb7ab,NtQuerySemaphore
0x798ac40e,0x798ac40e,NtQuerySymbolicLinkObject
0xc260ccde,0xc260ccde,NtQuerySystemEnvironmentValue
0xddc789db,0xddc789db,NtQuerySystemEnvironmentValueEx
0xdf35b352,0xdf35b352,NtQuerySystemInformation
0x836fdd4f,0x836fdd4f,NtQuerySystemInformationEx
0x66ae555b,0x66ae555b,NtQuerySystemTime
0x52771d08,0x52771d08,NtQueryTimer
0x6f8f61c,0x06f8f61c,NtQueryTimerResolution
0xd27b36ed,0xd27b36ed,NtQueryValueKey
0x6df00507,0x6df00507,NtQueryVirtualMemory
0x65bf1f05,0x65bf1f05,NtQueryVolumeInformationFile
0xf3e3e3e2,0xf3e3e3e2,NtQueueApcThread
0x7c6c71df,0x7c6c71df,NtQueueApcThreadEx
0xc66063b4,0xc66063b4,NtRaiseException
0x6977fd2e,0x6977fd2e,NtRaiseHardError
0xddd6ced,0x0ddd6ced,NtReadFile
0x3472e103,0x3472e103,NtReadFileScatter
0x5f81ff52,0x5f81ff52,NtReadOnlyEnlistment
0x601e92b0,0x601e92b0,NtReadRequestData
0xbd41344d,0xbd41344d,NtReadVirtualMemory
0xaeb323ea,0xaeb323ea,NtRecoverEnlistment
0x281d3e6a,0x281d3e6a,NtRecoverResourceManager
0xf508eb68,0xf508eb68,NtRecoverTransactionManager
0xd544dff4,0xd544dff4,NtRegisterProtocolAddressInformation
0xd48cacfc,0xd48cacfc,NtRegisterThreadTerminatePort
0x27c84766,0x27c84766,NtReleaseKeyedEvent
0x97a15ab,0x097a15ab,NtReleaseMutant
0x3730ec36,0x3730ec36,NtReleaseSemaphore
0x37adb0be,0x37adb0be,NtReleaseWorkerFactoryWorker
0x6423b711,0x6423b711,NtRemoveIoCompletion
0xfbedccce,0xfbedccce,NtRemoveIoCompletionEx
0x9aa4a265,0x9aa4a265,NtRemoveProcessDebug
0xabbd1cb2,0xabbd1cb2,NtRenameKey
0xd320b44a,0xd320b44a,NtRenameTransactionManager
0x2e7fad96,0x2e7fad96,NtReplaceKey
0xced39347,0xced39347,NtReplacePartitionUnit
0x60399602,0x60399602,NtReplyPort
0x7f235fda,0x7f235fda,NtReplyWaitReceivePort
0xd57acbd7,0xd57acbd7,NtReplyWaitReceivePortEx
0x7f172e83,0x7f172e83,NtReplyWaitReplyPort
0x1b9021df,0x1b9021df,NtRequestPort
0x95196300,0x95196300,NtRequestWaitReplyPort
0x4ecf1f6,0x04ecf1f6,NtResetEvent
0x3cd4f9f6,0x3cd4f9f6,NtResetWriteWatch
0x7cceba9e,0x7cceba9e,NtRestoreKey
0xd3dc57e1,0xd3dc57e1,NtResumeProcess
0xc1797c3a,0xc1797c3a,NtResumeThread
0xc57b2b54,0xc57b2b54,NtRollbackComplete
0xaed2475e,0xaed2475e,NtRollbackEnlistment
0xd8a58f01,0xd8a58f01,NtRollbackTransaction
0xa820f1a0,0xa820f1a0,NtRollforwardTransactionManager
0xf403989,0x0f403989,NtSaveKey
0xe034cd46,0xe034cd46,NtSaveKeyEx
0xfcbecb50,0xfcbecb50,NtSaveMergedKeys
0x3ed74307,0x3ed74307,NtSecureConnectPort
0x6473a90d,0x6473a90d,NtSerializeBoot
0x42c2bdf,0x042c2bdf,NtSetBootEntryOrder
0x384e8a3d,0x384e8a3d,NtSetBootOptions
0x3e7ab4fa,0x3e7ab4fa,NtSetContextThread
0x764cd4cb,0x764cd4cb,NtSetDebugFilterState
0x98fc67f0,0x98fc67f0,NtSetDefaultHardErrorPort
0x4f27dbf2,0x4f27dbf2,NtSetDefaultLocale
0xd38dc9e4,0xd38dc9e4,NtSetDefaultUILanguage
0x5f0e2897,0x5f0e2897,NtSetDriverEntryOrder
0xf692fb63,0xf692fb63,NtSetEaFile
0x268c139f,0x268c139f,NtSetEvent
0xa4b5a788,0xa4b5a788,NtSetEventBoostPriority
0x6745c26b,0x6745c26b,NtSetHighEventPair
0x5d614972,0x5d614972,NtSetHighWaitLowEventPair
0x1fb766a1,0x1fb766a1,NtSetInformationDebugObject
0x73bd2ca6,0x73bd2ca6,NtSetInformationEnlistment
0x2b542b23,0x2b542b23,NtSetInformationFile
0x777ecd75,0x777ecd75,NtSetInformationJobObject
0xabfadfcc,0xabfadfcc,NtSetInformationKey
0x658a367a,0x658a367a,NtSetInformationObject
0x89773722,0x89773722,NtSetInformationProcess
0x3361ca6,0x03361ca6,NtSetInformationResourceManager
0x71a4f75b,0x71a4f75b,NtSetInformationThread
0x96da2d04,0x96da2d04,NtSetInformationToken
0x3aed1d49,0x3aed1d49,NtSetInformationTransaction
0x92fdf024,0x92fdf024,NtSetInformationTransactionManager
0xe0b8d355,0xe0b8d355,NtSetInformationWorkerFactory
0x7d3eb933,0x7d3eb933,NtSetIntervalProfile
0x3667b4af,0x3667b4af,NtSetIoCompletion
0x6f27a9ec,0x6f27a9ec,NtSetIoCompletionEx
0xec02013b,0xec02013b,NtSetLdtEntries
0x9280057d,0x9280057d,NtSetLowEventPair
0x15dcba12,0x15dcba12,NtSetLowWaitHighEventPair
0x8c7c74cd,0x8c7c74cd,NtSetQuotaInformationFile
0x45d944c,0x045d944c,NtSetSecurityObject
0x5c9de1b4,0x5c9de1b4,NtSetSystemEnvironmentValue
0xfb9d2c31,0xfb9d2c31,NtSetSystemEnvironmentValueEx
0xf7c6ea68,0xf7c6ea68,NtSetSystemInformation
0x110a6dd0,0x110a6dd0,NtSetSystemPowerState
0x176cf931,0x176cf931,NtSetSystemTime
0x2517432a,0x2517432a,NtSetThreadExecutionState
0x2794831e,0x2794831e,NtSetTimer
0x5ec1d01b,0x5ec1d01b,NtSetTimerEx
0xa856fb2,0x0a856fb2,NtSetTimerResolution
0xb59250b5,0xb59250b5,NtSetUuidSeed
0xa672ed43,0xa672ed43,NtSetValueKey
0x43a1f11b,0x43a1f11b,NtSetVolumeInformationFile
0xa9a4c72,0x0a9a4c72,NtShutdownSystem
0x769f087f,0x769f087f,NtShutdownWorkerFactory
0x95476957,0x95476957,NtSignalAndWaitForSingleObject
0xd84d54e1,0xd84d54e1,NtSinglePhaseReject
0xdd0337b0,0xdd0337b0,NtStartProfile
0xa354b0a8,0xa354b0a8,NtStopProfile
0x38a0e372,0x38a0e372,NtSuspendProcess
0x312259ab,0x312259ab,NtSuspendThread
0xf27a98be,0xf27a98be,NtSystemDebugControl
0x7d52cb4c,0x7d52cb4c,NtTerminateJobObject
0x8db3d339,0x8db3d339,NtTerminateProcess
0xe622ec92,0xe622ec92,NtTerminateThread
0x4115cb29,0x4115cb29,NtTestAlert
0xd2ba039e,0xd2ba039e,NtThawRegistry
0x5d4a7c3e,0x5d4a7c3e,NtThawTransactions
0x68583e21,0x68583e21,NtTraceControl
0x9dc0fe82,0x9dc0fe82,NtTraceEvent
0x7feba8c,0x07feba8c,NtTranslateFilePath
0x7155a235,0x7155a235,NtUmsThreadYield
0xa8aee2e0,0xa8aee2e0,NtUnloadDriver
0xdd5cf87d,0xdd5cf87d,NtUnloadKey
0x88fc084f,0x88fc084f,NtUnloadKey2
0xa87d193a,0xa87d193a,NtUnloadKeyEx
0x8e2256bd,0x8e2256bd,NtUnlockFile
0xb0b2281d,0xb0b2281d,NtUnlockVirtualMemory
0xc7d32f77,0xc7d32f77,NtUnmapViewOfSection
0x72137eb9,0x72137eb9,NtVdmControl
0x73544d36,0x73544d36,NtWaitForDebugEvent
0xf2e51f61,0xf2e51f61,NtWaitForKeyedEvent
0xf2525103,0xf2525103,NtWaitForMultipleObjects
0xd02aa488,0xd02aa488,NtWaitForMultipleObjects32
0xebbebe46,0xebbebe46,NtWaitForSingleObject
0x77a2fae2,0x77a2fae2,NtWaitForWorkViaWorkerFactory
0xf86db034,0xf86db034,NtWaitHighEventPair
0x320cde26,0x320cde26,NtWaitLowEventPair
0xf3a04d52,0xf3a04d52,NtWorkerFactoryWorkerReady
0xd65cc304,0xd65cc304,NtWow64CallFunction64
0x64632293,0x64632293,NtWow64CsrAllocateCaptureBuffer
0x6202566b,0x6202566b,NtWow64CsrAllocateMessagePointer
0x8e0cd933,0x8e0cd933,NtWow64CsrCaptureMessageBuffer
0xb5a915d0,0xb5a915d0,NtWow64CsrCaptureMessageString
0xbc46f2d2,0xbc46f2d2,NtWow64CsrClientCallServer
0xc93f60c3,0xc93f60c3,NtWow64CsrClientConnectToServer
0x269672b0,0x269672b0,NtWow64CsrFreeCaptureBuffer
0x5bcc5bcc,0x5bcc5bcc,NtWow64CsrGetProcessId
0xac60d600,0xac60d600,NtWow64CsrIdentifyAlertableThread
0x1439a359,0x1439a359,NtWow64CsrVerifyRegion
0xf55e8cd9,0xf55e8cd9,NtWow64DebuggerCall
0x2d1cff41,0x2d1cff41,NtWow64GetCurrentProcessorNumberEx
0x584bc68a,0x584bc68a,NtWow64GetNativeSystemInformation
0x34c6c73c,0x34c6c73c,NtWow64InterlockedPopEntrySList
0x7bd6135d,0x7bd6135d,NtWow64QueryInformationProcess64
0x91fc0978,0x91fc0978,NtWow64QueryVirtualMemory64
0x30accd5e,0x30accd5e,NtWow64ReadVirtualMemory64
0x323d43ed,0x323d43ed,NtWow64WriteVirtualMemory64
0x9c61b5fc,0x9c61b5fc,NtWriteFile
0x4bc94877,0x4bc94877,NtWriteFileGather
0x8fb234df,0x8fb234df,NtWriteRequestData
0x20461e3c,0x20461e3c,NtWriteVirtualMemory
0x85dea7c,0x085dea7c,NtYieldExecution
0x688df7a8,0x688df7a8,NtdllDefWindowProc_A
0x688df7be,0x688df7be,NtdllDefWindowProc_W
0xb488fefa,0xb488fefa,NtdllDialogWndProc_A
0xb488ff10,0xb488ff10,NtdllDialogWndProc_W
0x44032dbf,0x44032dbf,NvOptimusEnablement
0x958b3c88,0x958b3c88,OCSP_InitGlobal
0xc77347b0,0xc77347b0,OCSP_ShutdownGlobal
0x6eef9581,0x6eef9581,ObjectCloseAuditAlarmA
0x6eef9597,0x6eef9597,ObjectCloseAuditAlarmW
0xd728679e,0xd728679e,ObjectDeleteAuditAlarmA
0xd72867b4,0xd72867b4,ObjectDeleteAuditAlarmW
0x6b993b65,0x6b993b65,ObjectFromLresult
0x5c3a58fd,0x5c3a58fd,ObjectOpenAuditAlarmA
0x5c3a5913,0x5c3a5913,ObjectOpenAuditAlarmW
0xda3928d2,0xda3928d2,ObjectPrivilegeAuditAlarmA
0xda3928e8,0xda3928e8,ObjectPrivilegeAuditAlarmW
0xc2d3d0fb,0xc2d3d0fb,ObjectStublessClient10
0xc2d3d0fc,0xc2d3d0fc,ObjectStublessClient11
0xc2d3d0fd,0xc2d3d0fd,ObjectStublessClient12
0xc2d3d0fe,0xc2d3d0fe,ObjectStublessClient13
0xc2d3d0ff,0xc2d3d0ff,ObjectStublessClient14
0xc2d3d100,0xc2d3d100,ObjectStublessClient15
0xc2d3d101,0xc2d3d101,ObjectStublessClient16
0xc2d3d102,0xc2d3d102,ObjectStublessClient17
0xc2d3d103,0xc2d3d103,ObjectStublessClient18
0xc2d3d104,0xc2d3d104,ObjectStublessClient19
0xc2d3d11c,0xc2d3d11c,ObjectStublessClient20
0xc2d3d11d,0xc2d3d11d,ObjectStublessClient21
0xc2d3d11e,0xc2d3d11e,ObjectStublessClient22
0xc2d3d11f,0xc2d3d11f,ObjectStublessClient23
0xc2d3d120,0xc2d3d120,ObjectStublessClient24
0xc2d3d121,0xc2d3d121,ObjectStublessClient25
0xc2d3d122,0xc2d3d122,ObjectStublessClient26
0xc2d3d123,0xc2d3d123,ObjectStublessClient27
0xc2d3d124,0xc2d3d124,ObjectStublessClient28
0xc2d3d125,0xc2d3d125,ObjectStublessClient29
0x5e7636d,0x05e7636d,ObjectStublessClient3
0xc2d3d13d,0xc2d3d13d,ObjectStublessClient30
0xc2d3d13e,0xc2d3d13e,ObjectStublessClient31
0xc2d3d13f,0xc2d3d13f,ObjectStublessClient32
0x5e7636e,0x05e7636e,ObjectStublessClient4
0x5e7636f,0x05e7636f,ObjectStublessClient5
0x5e76370,0x05e76370,ObjectStublessClient6
0x5e76371,0x05e76371,ObjectStublessClient7
0x5e76372,0x05e76372,ObjectStublessClient8
0x5e76373,0x05e76373,ObjectStublessClient9
0x7a094e3e,0x7a094e3e,OemKeyScan
0x4494ddb2,0x4494ddb2,OemToCharA
0x1aa466f5,0x1aa466f5,OemToCharBuffA
0x1aa4670b,0x1aa4670b,OemToCharBuffW
0x4494ddc8,0x4494ddc8,OemToCharW
0x56fb7fd3,0x56fb7fd3,OfficeCleanupPolicy
0x5da33f1d,0x5da33f1d,OfficeInitializePolicy
0xa8b4c7c5,0xa8b4c7c5,OffsetClipRgn
0xe02fd504,0xe02fd504,OffsetRect
0xd83f82dd,0xd83f82dd,OffsetRgn
0x3d378e9b,0x3d378e9b,OffsetViewportOrgEx
0xd2da0593,0xd2da0593,OffsetWindowOrgEx
0x38c5d1d,0x038c5d1d,Ole32DllGetClassObject
0x2bba3865,0x2bba3865,OleBuildVersion
0x838aa73d,0x838aa73d,OleConvertIStorageToOLESTREAM
0x90d177fa,0x90d177fa,OleConvertIStorageToOLESTREAMEx
0x70f5f09d,0x70f5f09d,OleConvertOLESTREAMToIStorage
0x8634995a,0x8634995a,OleConvertOLESTREAMToIStorageEx
0xf0607783,0xf0607783,OleCreate
0x93b3c5e6,0x93b3c5e6,OleCreateDefaultHandler
0x5a6d5ba2,0x5a6d5ba2,OleCreateEmbeddingHelper
0x8a5c71c0,0x8a5c71c0,OleCreateEx
0x320f279d,0x320f279d,OleCreateFontIndirectExt
0x3918b8b1,0x3918b8b1,OleCreateFromData
0xe229b66e,0xe229b66e,OleCreateFromDataEx
0x3919f277,0x3919f277,OleCreateFromFile
0xe76079b4,0xe76079b4,OleCreateFromFileEx
0x93438731,0x93438731,OleCreateLink
0x724224ee,0x724224ee,OleCreateLinkEx
0x862f965f,0x862f965f,OleCreateLinkFromData
0xd06eb79c,0xd06eb79c,OleCreateLinkFromDataEx
0x821b2c74,0x821b2c74,OleCreateLinkToFile
0x759826f1,0x759826f1,OleCreateLinkToFileEx
0xe1e311d7,0xe1e311d7,OleCreateMenuDescriptor
0x35c90742,0x35c90742,OleCreatePictureIndirectExt
0x16cb79f6,0x16cb79f6,OleCreatePropertyFrameIndirectExt
0x920d3dd9,0x920d3dd9,OleCreateStaticFromData
0xebe780cd,0xebe780cd,OleDestroyMenuDescriptor
0x46375f3c,0x46375f3c,OleDoAutoConvert
0xa1f4e19d,0xa1f4e19d,OleDraw
0x7494c404,0x7494c404,OleDuplicateData
0x3b350f21,0x3b350f21,OleFlushClipboard
0x9fa0c149,0x9fa0c149,OleGetAutoConvert
0x70a26f7f,0x70a26f7f,OleGetClipboard
0xd507fe43,0xd507fe43,OleGetIconOfClass
0x92191d8d,0x92191d8d,OleGetIconOfFile
0x68446196,0x68446196,OleGetPackageClipboardOwner
0xd2a2c26a,0xd2a2c26a,OleIconToCursorExt
0x2739e061,0x2739e061,OleInitialize
0x83a519be,0x83a519be,OleInitializeWOW
0x76e26d9e,0x76e26d9e,OleIsCurrentClipboard
0x940bd38c,0x940bd38c,OleIsRunning
0xa1f937cf,0xa1f937cf,OleLoad
0xb58c706f,0xb58c706f,OleLoadFromStream
0xd1d6d3bc,0xd1d6d3bc,OleLoadPictureExt
0xedf788dc,0xedf788dc,OleLoadPictureFileExt
0xdda70c89,0xdda70c89,OleLoadPicturePathExt
0x7cf572f9,0x7cf572f9,OleLockRunning
0x69121996,0x69121996,OleMetafilePictFromIconAndLabel
0xdad996a,0x0dad996a,OleNoteObjectVisible
0x27840ea7,0x27840ea7,OleQueryCreateFromData
0xb4b89ba1,0xb4b89ba1,OleQueryLinkFromData
0x6f107507,0x6f107507,OleRegEnumFormatEtc
0xae2ab384,0xae2ab384,OleRegEnumVerbs
0x6b033bbd,0x6b033bbd,OleRegGetMiscStatus
0xd0ad7bce,0xd0ad7bce,OleRegGetUserType
0x28f95928,0x28f95928,OleReleaseEnumVerbCache
0xcaa9064,0x0caa9064,OleRun
0xa1fcd59e,0xa1fcd59e,OleSave
0xc4ba4eb,0x0c4ba4eb,OleSavePictureFileExt
0xcfd8f9cd,0xcfd8f9cd,OleSaveToStream
0x66a374d5,0x66a374d5,OleSetAutoConvert
0xbc0ad00b,0xbc0ad00b,OleSetClipboard
0x15846a07,0x15846a07,OleSetContainedObject
0x8ef2b6ef,0x8ef2b6ef,OleSetMenuDescriptor
0x122cf9c2,0x122cf9c2,OleTranslateAccelerator
0x7235514d,0x7235514d,OleTranslateColorExt
0x1cabef64,0x1cabef64,OleUninitialize
0x187d4b46,0x187d4b46,OnCompletion
0xd2b6f7c3,0xd2b6f7c3,OpenAdapter10
0x5c5400f4,0x5c5400f4,OpenAdapter10_2
0x155f1ce5,0x155f1ce5,OpenAs_RunDLL
0xc142b9e6,0xc142b9e6,OpenAs_RunDLLA
0xc142b9fc,0xc142b9fc,OpenAs_RunDLLW
0xa008569c,0xa008569c,OpenBackupEventLogA
0xa00856b2,0xa00856b2,OpenBackupEventLogW
0x844fe9d1,0x844fe9d1,OpenClipboard
0x34e7cf6b,0x34e7cf6b,OpenConsoleW
0x2a7f17dc,0x2a7f17dc,OpenDesktopA
0x2a7f17f2,0x2a7f17f2,OpenDesktopW
0xfd6939ed,0xfd6939ed,OpenDriver
0x5cb7239a,0x5cb7239a,OpenEncryptedFileRawA
0x5cb723b0,0x5cb723b0,OpenEncryptedFileRawW
0xd15189c4,0xd15189c4,OpenEnlistment
0x472e4,0x000472e4,OpenEventA
0x708c2666,0x708c2666,OpenEventLogA
0x708c267c,0x708c267c,OpenEventLogW
0x472fa,0x000472fa,OpenEventW
0x152889c1,0x152889c1,OpenFile
0x26215009,0x26215009,OpenFileById
0xf7b357ee,0xf7b357ee,OpenFileMappingA
0xf7b35804,0xf7b35804,OpenFileMappingW
0x152a15ca,0x152a15ca,OpenIcon
0xc098954b,0xc098954b,OpenInputDesktop
0xc4ecd994,0xc4ecd994,OpenJobObjectA
0xc4ecd9aa,0xc4ecd9aa,OpenJobObjectW
0x12a3b355,0x12a3b355,OpenMutexA
0x12a3b36b,0x12a3b36b,OpenMutexW
0xf861d122,0xf861d122,OpenOrCreateStream
0x502762fd,0x502762fd,OpenPersonalTrustDBDialog
0xf4c2d038,0xf4c2d038,OpenPrinter2A
0xf4c2d04e,0xf4c2d04e,OpenPrinter2W
0xf2cb126,0x0f2cb126,OpenPrinterA
0xf2cb13c,0x0f2cb13c,OpenPrinterW
0x39eb60ca,0x39eb60ca,OpenPrivateNamespaceA
0x39eb60e0,0x39eb60e0,OpenPrivateNamespaceW
0x46ad7900,0x46ad7900,OpenProcess
0xc372e621,0xc372e621,OpenProcessToken
0x4520485d,0x4520485d,OpenProfileUserMapping
0x5020242b,0x5020242b,OpenRegStream
0x33075c84,0x33075c84,OpenResourceManager
0x7ff7a6d3,0x7ff7a6d3,OpenSCManagerA
0x7ff7a6e9,0x7ff7a6e9,OpenSCManagerW
0x6e1e1e46,0x6e1e1e46,OpenSemaphoreA
0x6e1e1e5c,0x6e1e1e5c,OpenSemaphoreW
0xc63953,0x00c63953,OpenServiceA
0xc63969,0x00c63969,OpenServiceW
0x220b7579,0x220b7579,OpenThread
0xcec9e0f3,0xcec9e0f3,OpenThreadDesktop
0x2f2e963a,0x2f2e963a,OpenThreadToken
0x1bfe2a55,0x1bfe2a55,OpenThreadWaitChainSession
0x22b71011,0x22b71011,OpenTraceA
0x22b71027,0x22b71027,OpenTraceW
0x4b0d1e27,0x4b0d1e27,OpenTransaction
0x20348b42,0x20348b42,OpenTransactionManager
0xf2642a0a,0xf2642a0a,OpenTransactionManagerById
0xc1507c2c,0xc1507c2c,OpenWaitableTimerA
0xc1507c42,0xc1507c42,OpenWaitableTimerW
0x6ef0df7c,0x6ef0df7c,OpenWindowStationA
0x6ef0df92,0x6ef0df92,OpenWindowStationW
0xaef20dcb,0xaef20dcb,Options_RunDLL
0x8d33c78c,0x8d33c78c,Options_RunDLLA
0x8d33c7a2,0x8d33c7a2,Options_RunDLLW
0x87e9b7bf,0x87e9b7bf,OutputDebugStringA
0x87e9b7d5,0x87e9b7d5,OutputDebugStringW
0x67cca35e,0x67cca35e,PBE_CreateContext
0x60a395d4,0x60a395d4,PBE_DestroyContext
0x38d76c82,0x38d76c82,PBE_GenerateBits
0xa8c1b517,0xa8c1b517,PBE_PK11ParamToAlgid
0x4f05bc7a,0x4f05bc7a,PFXExportCertStore
0x2766d077,0x2766d077,PFXExportCertStoreEx
0x5060f993,0x5060f993,PFXImportCertStore
0x35584946,0x35584946,PFXIsPFXBlob
0xaf181865,0xaf181865,PFXVerifyPassword
0xa9e9deef,0xa9e9deef,PK11SDR_Decrypt
0xbe28959,0x0be28959,PK11SDR_Encrypt
0x2c9e602,0x02c9e602,PK11Slot_GetNSSToken
0x4322650e,0x4322650e,PK11Slot_SetNSSToken
0x646fdb9f,0x646fdb9f,PK11URI_CreateURI
0xaa5d2dd5,0xaa5d2dd5,PK11URI_DestroyURI
0x831574,0x00831574,PK11URI_FormatURI
0x9c71073c,0x9c71073c,PK11URI_GetPathAttribute
0xf015d3eb,0xf015d3eb,PK11URI_GetPathAttributeItem
0x5bc3e865,0x5bc3e865,PK11URI_GetQueryAttribute
0xf2d72194,0xf2d72194,PK11URI_GetQueryAttributeItem
0x71f0e646,0x71f0e646,PK11URI_ParseURI
0x7de2dcb5,0x7de2dcb5,PK11_AEADOp
0xc3d8b55f,0xc3d8b55f,PK11_AEADRawOp
0x2df47dbb,0x2df47dbb,PK11_AddMechanismEntry
0xb33891b5,0xb33891b5,PK11_AddSlotToList
0x16595b53,0x16595b53,PK11_AlgtagToMechanism
0xebe4f0a,0x0ebe4f0a,PK11_Authenticate
0xe0febf10,0xe0febf10,PK11_BlockData
0x422fb018,0x422fb018,PK11_ChangePW
0x11d4e2b1,0x11d4e2b1,PK11_CheckSSOPassword
0xdce6545b,0xdce6545b,PK11_CheckUserPassword
0xb1b9d9a5,0xb1b9d9a5,PK11_CipherOp
0x99e81033,0x99e81033,PK11_CleanKeyList
0xf00d390,0x0f00d390,PK11_ClearSlotList
0xd11f201,0x0d11f201,PK11_CloneContext
0xbbdcb878,0xbbdcb878,PK11_ConcatSymKeys
0xc6879820,0xc6879820,PK11_ConfigurePKCS11
0x4a6faa86,0x4a6faa86,PK11_ContextGetFIPSStatus
0xc9105088,0xc9105088,PK11_ConvertSessionPrivKeyToTokenPrivKey
0x4f68f378,0x4f68f378,PK11_ConvertSessionSymKeyToTokenSymKey
0xeca164af,0xeca164af,PK11_CopyKey
0x7cd61de,0x07cd61de,PK11_CopySymKeyForSigning
0x48461ce2,0x48461ce2,PK11_CopyTokenPrivKeyToSessionPrivKey
0x27907209,0x27907209,PK11_CreateContextByPrivKey
0x37b2c2ef,0x37b2c2ef,PK11_CreateContextByPubKey
0x3afeae12,0x3afeae12,PK11_CreateContextByRawKey
0x3f00a701,0x3f00a701,PK11_CreateContextBySymKey
0x5e2ecd64,0x5e2ecd64,PK11_CreateDigestContext
0x91d82df3,0x91d82df3,PK11_CreateGenericObject
0x6e5ae920,0x6e5ae920,PK11_CreateManagedGenericObject
0x5a10ccd1,0x5a10ccd1,PK11_CreateMergeLog
0xa3fbbfe0,0xa3fbbfe0,PK11_CreateNewObject
0x2fd9012a,0x2fd9012a,PK11_CreatePBEAlgorithmID
0x60de411a,0x60de411a,PK11_CreatePBEParams
0xba8bc512,0xba8bc512,PK11_CreatePBEV2AlgorithmID
0x7b080fbc,0x7b080fbc,PK11_DEREncodePublicKey
0x61076776,0x61076776,PK11_Decapsulate
0x215932e6,0x215932e6,PK11_Decrypt
0xd729c6f,0x0d729c6f,PK11_DefaultArray
0x1c2c3f90,0x1c2c3f90,PK11_DeleteSlotFromList
0x6c4b6e09,0x6c4b6e09,PK11_DeleteTokenCertAndKey
0xd737a6c3,0xd737a6c3,PK11_DeleteTokenPrivateKey
0xdf78ce87,0xdf78ce87,PK11_DeleteTokenPublicKey
0x345df601,0x345df601,PK11_DeleteTokenSymKey
0x84ebbf2a,0x84ebbf2a,PK11_Derive
0x406d23d8,0x406d23d8,PK11_DerivePubKeyFromPrivKey
0xb195f5b3,0xb195f5b3,PK11_DeriveWithFlags
0xd26ebe67,0xd26ebe67,PK11_DeriveWithFlagsPerm
0x39909142,0x39909142,PK11_DeriveWithTemplate
0x181e319a,0x181e319a,PK11_DestroyContext
0x821191a9,0x821191a9,PK11_DestroyGenericObject
0xc443c73c,0xc443c73c,PK11_DestroyGenericObjects
0x5d1986c7,0x5d1986c7,PK11_DestroyMergeLog
0xd5f9dbcc,0xd5f9dbcc,PK11_DestroyObject
0xc4fe39d0,0xc4fe39d0,PK11_DestroyPBEParams
0xc29d8217,0xc29d8217,PK11_DestroySlot
0x68e34b46,0x68e34b46,PK11_DestroySlotLists
0xbd4c82cd,0xbd4c82cd,PK11_DestroyTokenObject
0xdc131250,0xdc131250,PK11_DigestBegin
0xdc5dc295,0xdc5dc295,PK11_DigestFinal
0xa2a44074,0xa2a44074,PK11_DigestKey
0x88cead2a,0x88cead2a,PK11_DigestOp
0xcc7323f1,0xcc7323f1,PK11_DoPassword
0x4179582b,0x4179582b,PK11_DoesMechanism
0x91a93ca5,0x91a93ca5,PK11_DoesMechanismFlag
0xac336e0,0x0ac336e0,PK11_Encapsulate
0x8351dd50,0x8351dd50,PK11_Encrypt
0x2bfa457a,0x2bfa457a,PK11_EndAuthTransaction
0x81ced2f6,0x81ced2f6,PK11_EnterContextMonitor
0x92d64153,0x92d64153,PK11_EnterSlotMonitor
0xd1e4b5d2,0xd1e4b5d2,PK11_ExitContextMonitor
0xfefb1af,0x0fefb1af,PK11_ExitSlotMonitor
0xe947f338,0xe947f338,PK11_ExportDERPrivateKeyInfo
0xe26eb4d1,0xe26eb4d1,PK11_ExportEncryptedPrivKeyInfo
0x38ef3c79,0x38ef3c79,PK11_ExportEncryptedPrivKeyInfoV2
0x12dd960b,0x12dd960b,PK11_ExportEncryptedPrivateKeyInfo
0x409b5433,0x409b5433,PK11_ExportEncryptedPrivateKeyInfoV2
0x82c81043,0x82c81043,PK11_ExportPrivKeyInfo
0xb2bb943d,0xb2bb943d,PK11_ExportPrivateKeyInfo
0x3a662fcc,0x3a662fcc,PK11_ExtractKeyValue
0x90744b4e,0x90744b4e,PK11_ExtractPublicKey
0x715a0d3d,0x715a0d3d,PK11_Finalize
0xed553498,0xed553498,PK11_FindBestKEAMatch
0x839712d0,0x839712d0,PK11_FindCertAndKeyByRecipientList
0x7a89c23a,0x7a89c23a,PK11_FindCertAndKeyByRecipientListNew
0x4a0c78a4,0x4a0c78a4,PK11_FindCertByIssuerAndSN
0xa40b7222,0xa40b7222,PK11_FindCertByIssuerAndSNOnToken
0x977c3797,0x977c3797,PK11_FindCertFromDERCert
0xe3a7b9c6,0xe3a7b9c6,PK11_FindCertFromDERCertItem
0xd3167774,0xd3167774,PK11_FindCertFromNickname
0x8fb53ebe,0x8fb53ebe,PK11_FindCertFromURI
0x25362d5,0x025362d5,PK11_FindCertHandlesForKeyHandle
0x50e58c13,0x50e58c13,PK11_FindCertInSlot
0x5be95baf,0x5be95baf,PK11_FindCertsFromEmailAddress
0x6e4d47a7,0x6e4d47a7,PK11_FindCertsFromNickname
0xf1196311,0xf1196311,PK11_FindCertsFromURI
0x4921d6e9,0x4921d6e9,PK11_FindCrlByName
0x5f75c125,0x5f75c125,PK11_FindEncodedCertInSlot
0x4d6112c5,0x4d6112c5,PK11_FindFixedKey
0x5cdb8eb3,0x5cdb8eb3,PK11_FindGenericObjects
0x6440b426,0x6440b426,PK11_FindKeyByAnyCert
0x35b25139,0x35b25139,PK11_FindKeyByDERCert
0xa2836b66,0xa2836b66,PK11_FindKeyByKeyID
0xdac41558,0xdac41558,PK11_FindObjectForCert
0xed614130,0xed614130,PK11_FindObjectsFromNickname
0xdfe2c332,0xdfe2c332,PK11_FindPrivateKeyFromCert
0x5dd429a3,0x5dd429a3,PK11_FindRawCertsWithSubject
0xed9762b8,0xed9762b8,PK11_FindSMimeProfile
0xeca03aaa,0xeca03aaa,PK11_FindSlotByName
0xa18e9629,0xa18e9629,PK11_FindSlotBySerial
0x48a6cd98,0x48a6cd98,PK11_FindSlotElement
0x760ad330,0x760ad330,PK11_FindSlotsByNames
0x853eaded,0x853eaded,PK11_FortezzaHasKEA
0x90e6f681,0x90e6f681,PK11_FortezzaMapSig
0x1174066f,0x1174066f,PK11_FreeSlot
0x201caccb,0x201caccb,PK11_FreeSlotList
0x5ddf42f5,0x5ddf42f5,PK11_FreeSlotListElement
0x3f796b2f,0x3f796b2f,PK11_FreeSymKey
0x826cc29e,0x826cc29e,PK11_GenDES3TokenKey
0x223182a,0x0223182a,PK11_GenerateFortezzaIV
0xab974a0b,0xab974a0b,PK11_GenerateKeyPair
0xc8264db4,0xc8264db4,PK11_GenerateKeyPairWithFlags
0x296e4993,0x296e4993,PK11_GenerateKeyPairWithOpFlags
0xde9bdd51,0xde9bdd51,PK11_GenerateNewParam
0xa89d7b77,0xa89d7b77,PK11_GenerateRandom
0xf8d407b6,0xf8d407b6,PK11_GenerateRandomOnSlot
0x708403ce,0x708403ce,PK11_GetAllSlotsForCert
0x8b897338,0x8b897338,PK11_GetAllTokens
0x5a1c9db2,0x5a1c9db2,PK11_GetAttributes
0x8de72c84,0x8de72c84,PK11_GetBestKeyLength
0x4ad42d3b,0x4ad42d3b,PK11_GetBestSlot
0x62205d27,0x62205d27,PK11_GetBestSlotMultiple
0x836b5c0a,0x836b5c0a,PK11_GetBestSlotMultipleWithAttributes
0xf41fbf1e,0xf41fbf1e,PK11_GetBestSlotWithAttributes
0x18a6ea88,0x18a6ea88,PK11_GetBestWrapMechanism
0xbf08fb51,0xbf08fb51,PK11_GetBlockSize
0xf3705ed1,0xf3705ed1,PK11_GetCertFromPrivateKey
0x5434587b,0x5434587b,PK11_GetCertsMatchingPrivateKey
0x3a2f12a0,0x3a2f12a0,PK11_GetCurrentWrapIndex
0x3285642f,0x3285642f,PK11_GetDefaultArray
0x32dc4cdd,0x32dc4cdd,PK11_GetDefaultFlags
0x64a63e2b,0x64a63e2b,PK11_GetDisabledReason
0x2d5dd730,0x2d5dd730,PK11_GetFirstRef
0xd91938f2,0xd91938f2,PK11_GetFirstSafe
0xcbd8a9ac,0xcbd8a9ac,PK11_GetIVLength
0x3a18b773,0x3a18b773,PK11_GetInternalKeySlot
0x8bb2c34a,0x8bb2c34a,PK11_GetInternalSlot
0xb2336b53,0xb2336b53,PK11_GetKEAMatchedCerts
0xde3dd40e,0xde3dd40e,PK11_GetKeyData
0x44cb9f4e,0x44cb9f4e,PK11_GetKeyGen
0x235328c5,0x235328c5,PK11_GetKeyGenWithSize
0x77f19536,0x77f19536,PK11_GetKeyLength
0xb6e15569,0xb6e15569,PK11_GetKeyMechanism
0x3c4f4e83,0x3c4f4e83,PK11_GetKeyStrength
0xde46ffb6,0xde46ffb6,PK11_GetKeyType
0xda5b3600,0xda5b3600,PK11_GetLowLevelKeyIDForCert
0x109b85b6,0x109b85b6,PK11_GetLowLevelKeyIDForPrivateKey
0xbd6ffcbc,0xbd6ffcbc,PK11_GetMaxKeyLength
0xb9cc4280,0xb9cc4280,PK11_GetMechanism
0xb19ee5f4,0xb19ee5f4,PK11_GetMinimumPwdLength
0x8e0cd4b7,0x8e0cd4b7,PK11_GetModInfo
0x4a1f9e11,0x4a1f9e11,PK11_GetModule
0x507f743e,0x507f743e,PK11_GetModuleID
0x606e3141,0x606e3141,PK11_GetModuleURI
0x5a10c21e,0x5a10c21e,PK11_GetNextGenericObject
0xc5237e47,0xc5237e47,PK11_GetNextRef
0x6993c2e9,0x6993c2e9,PK11_GetNextSafe
0x1f466aec,0x1f466aec,PK11_GetNextSymKey
0x4e30eb0e,0x4e30eb0e,PK11_GetObjectHandle
0x764bcca8,0x764bcca8,PK11_GetObjectNickname
0x1981df8,0x01981df8,PK11_GetPBECryptoMechanism
0x38bbc381,0x38bbc381,PK11_GetPBEIV
0xede236ef,0xede236ef,PK11_GetPQGParamsFromPrivateKey
0x41516b95,0x41516b95,PK11_GetPadMechanism
0x76aac07c,0x76aac07c,PK11_GetPrevGenericObject
0x96262575,0x96262575,PK11_GetPrivateKeyNickname
0x30e4aa3,0x030e4aa3,PK11_GetPrivateKeyTokens
0xdf1a102e,0xdf1a102e,PK11_GetPrivateModulusLen
0x76bfd740,0x76bfd740,PK11_GetPubIndexKeyID
0x8ce7a3b9,0x8ce7a3b9,PK11_GetPublicKeyNickname
0x66c837f8,0x66c837f8,PK11_GetRWSession
0xade9808a,0xade9808a,PK11_GetSlotFromKey
0xb4283d45,0xb4283d45,PK11_GetSlotFromPrivateKey
0x57ee4bda,0x57ee4bda,PK11_GetSlotID
0xcb0e279,0x0cb0e279,PK11_GetSlotInfo
0xcb27409,0x0cb27409,PK11_GetSlotList
0xcb369ee,0x0cb369ee,PK11_GetSlotName
0x360ad704,0x360ad704,PK11_GetSlotPWValues
0x132aa6f8,0x132aa6f8,PK11_GetSlotSeries
0x2dc3dc59,0x2dc3dc59,PK11_GetSymKeyHandle
0x86603cb3,0x86603cb3,PK11_GetSymKeyNickname
0x50efa6ef,0x50efa6ef,PK11_GetSymKeyType
0x316f046,0x0316f046,PK11_GetSymKeyUserData
0x8580aab8,0x8580aab8,PK11_GetTokenInfo
0x8583322d,0x8583322d,PK11_GetTokenName
0xd58038bc,0xd58038bc,PK11_GetTokenURI
0x610bd543,0x610bd543,PK11_GetWindow
0x96a02e6e,0x96a02e6e,PK11_GetWrapKey
0xc60ac2e3,0xc60ac2e3,PK11_HPKE_Deserialize
0xf690d821,0xf690d821,PK11_HPKE_DestroyContext
0xc5a8e419,0xc5a8e419,PK11_HPKE_ExportContext
0x9730075a,0x9730075a,PK11_HPKE_ExportSecret
0x4829e029,0x4829e029,PK11_HPKE_GetEncapPubKey
0xe8b006f2,0xe8b006f2,PK11_HPKE_ImportContext
0xb33f4001,0xb33f4001,PK11_HPKE_NewContext
0x1cdf36e4,0x1cdf36e4,PK11_HPKE_Open
0x1ce13917,0x1ce13917,PK11_HPKE_Seal
0x99ea5efa,0x99ea5efa,PK11_HPKE_Serialize
0xda1e7b35,0xda1e7b35,PK11_HPKE_SetupR
0xda1e7b36,0xda1e7b36,PK11_HPKE_SetupS
0x924b6bd0,0x924b6bd0,PK11_HPKE_ValidateParameters
0x7da93b28,0x7da93b28,PK11_HandlePasswordCheck
0xbaa25d67,0xbaa25d67,PK11_HasAttributeSet
0xa1ae82c,0x0a1ae82c,PK11_HasRootCerts
0x4d092e6c,0x4d092e6c,PK11_HashBuf
0x8df886e9,0x8df886e9,PK11_HashOK
0xf3059d8f,0xf3059d8f,PK11_IVFromParam
0xa99941fd,0xa99941fd,PK11_ImportAndReturnPrivateKey
0x66274927,0x66274927,PK11_ImportCRL
0x2b1037f4,0x2b1037f4,PK11_ImportCert
0x4ea686e4,0x4ea686e4,PK11_ImportCertForKey
0xd4811489,0xd4811489,PK11_ImportCertForKeyToSlot
0x7cb14a8f,0x7cb14a8f,PK11_ImportDERCert
0xc8cfe1bf,0xc8cfe1bf,PK11_ImportDERCertForKey
0x1cb73951,0x1cb73951,PK11_ImportDERPrivateKeyInfo
0xab93276d,0xab93276d,PK11_ImportDERPrivateKeyInfoAndReturnKey
0x737fd829,0x737fd829,PK11_ImportDataKey
0xce994ae4,0xce994ae4,PK11_ImportEncryptedPrivateKeyInfo
0x23a92d80,0x23a92d80,PK11_ImportEncryptedPrivateKeyInfoAndReturnKey
0x49f5e8f6,0x49f5e8f6,PK11_ImportPrivateKeyInfo
0xc5917692,0xc5917692,PK11_ImportPrivateKeyInfoAndReturnKey
0xedbb758e,0xedbb758e,PK11_ImportPublicKey
0x56b7a268,0x56b7a268,PK11_ImportSymKey
0x11005eb1,0x11005eb1,PK11_ImportSymKeyWithFlags
0xb7a854e6,0xb7a854e6,PK11_InitPin
0xacb4a421,0xacb4a421,PK11_InitSlot
0xa0134390,0xa0134390,PK11_InitSlotLists
0x435cd360,0x435cd360,PK11_InitToken
0x6045d9f,0x06045d9f,PK11_IsDisabled
0x918c4c19,0x918c4c19,PK11_IsFIPS
0x7c4f6964,0x7c4f6964,PK11_IsFriendly
0x5fcf7806,0x5fcf7806,PK11_IsHW
0x26d70e84,0x26d70e84,PK11_IsInternal
0xbb8bfcef,0xbb8bfcef,PK11_IsInternalKeySlot
0x1a60a050,0x1a60a050,PK11_IsLoggedIn
0xc4393992,0xc4393992,PK11_IsPermObject
0xf5c5fd68,0xf5c5fd68,PK11_IsPresent
0x93f5a785,0x93f5a785,PK11_IsReadOnly
0xc8858ee4,0xc8858ee4,PK11_IsRemovable
0x98b5b834,0x98b5b834,PK11_IsUserCert
0xf8757b89,0xf8757b89,PK11_KeyForCertExists
0x13906644,0x13906644,PK11_KeyForDERCertExists
0x9543a78e,0x9543a78e,PK11_KeyGen
0xa6242fa6,0xa6242fa6,PK11_KeyGenWithTemplate
0xdc5fa5ad,0xdc5fa5ad,PK11_LinkGenericObject
0x41660e8,0x041660e8,PK11_ListCerts
0xd31a8a21,0xd31a8a21,PK11_ListCertsInSlot
0x1df236ac,0x1df236ac,PK11_ListFixedKeysInSlot
0xa57815d,0x0a57815d,PK11_ListPrivKeysInSlot
0x4cb264d7,0x4cb264d7,PK11_ListPrivateKeysInSlot
0x596c971b,0x596c971b,PK11_ListPublicKeysInSlot
0x8cfaaf35,0x8cfaaf35,PK11_LoadPrivKey
0x311407c9,0x311407c9,PK11_LoadSlotList
0x98440a85,0x98440a85,PK11_Logout
0xe78a635e,0xe78a635e,PK11_LogoutAll
0x6b553d9,0x06b553d9,PK11_LookupCrls
0xdcee4dd7,0xdcee4dd7,PK11_MakeCertFromHandle
0xb65c897a,0xb65c897a,PK11_MakeIDFromPubKey
0xd73927ea,0xd73927ea,PK11_MakeKEAPubKey
0x52e1b393,0x52e1b393,PK11_MakePrivKey
0x28b31b40,0x28b31b40,PK11_MakeString
0x844b1bd3,0x844b1bd3,PK11_MapError
0x64d29ace,0x64d29ace,PK11_MapPBEMechanismToCryptoMechanism
0x39dc2e45,0x39dc2e45,PK11_MapSignKeyType
0x3c336787,0x3c336787,PK11_MatchItem
0x5ed72133,0x5ed72133,PK11_MechanismToAlgtag
0x2146e04f,0x2146e04f,PK11_MergeTokens
0xaead3304,0xaead3304,PK11_MoveSymKey
0xe1ae3ae0,0xe1ae3ae0,PK11_NeedLogin
0x215c2b42,0x215c2b42,PK11_NeedPWInit
0x308752eb,0x308752eb,PK11_NeedPWInitForSlot
0x4967ed1a,0x4967ed1a,PK11_NeedUserInit
0xfaf2a43,0x0faf2a43,PK11_NewSlotInfo
0xfb0bbd3,0x0fb0bbd3,PK11_NewSlotList
0x194d3efa,0x194d3efa,PK11_NumberCertsForCertSubject
0x4cef1ea5,0x4cef1ea5,PK11_NumberObjectsFor
0x6ab1338,0x06ab1338,PK11_ObjectGetFIPSStatus
0x15bc8a65,0x15bc8a65,PK11_PBEKeyGen
0x5e1e30e0,0x5e1e30e0,PK11_PQG_DestroyParams
0x6c65a7d1,0x6c65a7d1,PK11_PQG_DestroyVerify
0x66e57185,0x66e57185,PK11_PQG_GetBaseFromParams
0xe356ac7b,0xe356ac7b,PK11_PQG_GetCounterFromVerify
0xffcfad63,0xffcfad63,PK11_PQG_GetHFromVerify
0x49a5a607,0x49a5a607,PK11_PQG_GetPrimeFromParams
0x6f41119c,0x6f41119c,PK11_PQG_GetSeedFromVerify
0xb54ce431,0xb54ce431,PK11_PQG_GetSubPrimeFromParams
0xa06f1cc0,0xa06f1cc0,PK11_PQG_NewParams
0xaeb693b1,0xaeb693b1,PK11_PQG_NewVerify
0xc38e28fd,0xc38e28fd,PK11_PQG_ParamGen
0xc57f363d,0xc57f363d,PK11_PQG_ParamGenSeedLen
0xdfbc6ba5,0xdfbc6ba5,PK11_PQG_ParamGenV2
0xac180eeb,0xac180eeb,PK11_PQG_VerifyParams
0x7e8f39d1,0x7e8f39d1,PK11_ParamFromAlgid
0x5f0a07ef,0x5f0a07ef,PK11_ParamFromIV
0x6dfcf140,0x6dfcf140,PK11_ParamToAlgid
0x349546a7,0x349546a7,PK11_PrivDecrypt
0x3085a029,0x3085a029,PK11_PrivDecryptPKCS1
0x25dc50a2,0x25dc50a2,PK11_ProtectedAuthenticationPath
0x81ea47d7,0x81ea47d7,PK11_PubDecryptRaw
0xa758b871,0xa758b871,PK11_PubDerive
0x54168d62,0x54168d62,PK11_PubDeriveWithKDF
0xf35dff77,0xf35dff77,PK11_PubEncrypt
0x86b25af9,0x86b25af9,PK11_PubEncryptPKCS1
0x9e54d201,0x9e54d201,PK11_PubEncryptRaw
0xbede7fb1,0xbede7fb1,PK11_PubUnwrapSymKey
0x4a333e1a,0x4a333e1a,PK11_PubUnwrapSymKeyWithFlags
0x8fb7e24e,0x8fb7e24e,PK11_PubUnwrapSymKeyWithFlagsPerm
0xe45508a2,0xe45508a2,PK11_PubUnwrapSymKeyWithMechanism
0x392c9bee,0x392c9bee,PK11_PubWrapSymKey
0x51fe5fff,0x51fe5fff,PK11_PubWrapSymKeyWithMechanism
0xa20c2d85,0xa20c2d85,PK11_PutCrl
0xade51cdd,0xade51cdd,PK11_RWSessionHasLock
0xe9e4a32f,0xe9e4a32f,PK11_RandomUpdate
0x4e04baf,0x04e04baf,PK11_RawPBEKeyGen
0xf39b105b,0xf39b105b,PK11_ReadAttribute
0xd8cffbef,0xd8cffbef,PK11_ReadDistrustAfterAttribute
0x19a24658,0x19a24658,PK11_ReadMechanismList
0x4d7d2825,0x4d7d2825,PK11_ReadRawAttribute
0xfd222d38,0xfd222d38,PK11_ReadRawAttributes
0x6c468100,0x6c468100,PK11_ReadULongAttribute
0x85c32f3c,0x85c32f3c,PK11_ReferenceSlot
0x435fb3c,0x0435fb3c,PK11_ReferenceSymKey
0x733be6cf,0x733be6cf,PK11_ResetToken
0x31d25674,0x31d25674,PK11_RestoreContext
0x21eca9f4,0x21eca9f4,PK11_RestoreROSession
0x850b891f,0x850b891f,PK11_SaveContext
0x4611706a,0x4611706a,PK11_SaveContextAlloc
0x9b6fb7a6,0x9b6fb7a6,PK11_SaveSMimeProfile
0x38afcb2d,0x38afcb2d,PK11_SeedRandom
0xc6aabd83,0xc6aabd83,PK11_SetFortezzaHack
0x36ac8708,0x36ac8708,PK11_SetIsLoggedInFunc
0x588264b4,0x588264b4,PK11_SetObjectNickname
0x30153796,0x30153796,PK11_SetPasswordFunc
0x62c1e381,0x62c1e381,PK11_SetPrivateKeyNickname
0x1ebdd045,0x1ebdd045,PK11_SetPublicKeyNickname
0xdd63fc10,0xdd63fc10,PK11_SetSlotPWValues
0x6896d4bf,0x6896d4bf,PK11_SetSymKeyNickname
0xe54d8852,0xe54d8852,PK11_SetSymKeyUserData
0xfbb810eb,0xfbb810eb,PK11_SetVerifyPasswordFunc
0xc71efbfa,0xc71efbfa,PK11_SetWrapKey
0x5fd4c91c,0x5fd4c91c,PK11_Sign
0xf95207ed,0xf95207ed,PK11_SignWithMechanism
0xa9c53f7a,0xa9c53f7a,PK11_SignWithSymKey
0xe5b30bfc,0xe5b30bfc,PK11_SignatureLen
0xac10a996,0xac10a996,PK11_SlotDBUpdate
0x36eaea37,0x36eaea37,PK11_SlotGetLastFIPSStatus
0xaee494d1,0xaee494d1,PK11_StartAuthTransaction
0xb9c9146d,0xb9c9146d,PK11_SymKeyFromHandle
0x4acc930b,0x4acc930b,PK11_SymKeysToSameSlot
0x79bf810c,0x79bf810c,PK11_TokenExists
0x866f344f,0x866f344f,PK11_TokenKeyGen
0x80540478,0x80540478,PK11_TokenKeyGenWithFlags
0x6ddb9f1b,0x6ddb9f1b,PK11_TokenRefresh
0xc73468be,0xc73468be,PK11_TraverseCertsForNicknameInSlot
0x5342edcf,0x5342edcf,PK11_TraverseCertsForSubject
0x224ce848,0x224ce848,PK11_TraverseCertsForSubjectInSlot
0x5d30e591,0x5d30e591,PK11_TraverseCertsInSlot
0x305b9447,0x305b9447,PK11_TraversePrivateKeysInSlot
0x6411e2b9,0x6411e2b9,PK11_TraverseSlot
0x7b524eda,0x7b524eda,PK11_TraverseSlotCerts
0x3e826803,0x3e826803,PK11_UnconfigurePKCS11
0x3e4dfa50,0x3e4dfa50,PK11_UnlinkGenericObject
0x63ec7d52,0x63ec7d52,PK11_UnwrapPrivKey
0xbcf3ed2a,0xbcf3ed2a,PK11_UnwrapSymKey
0x58b1e3b3,0x58b1e3b3,PK11_UnwrapSymKeyWithFlags
0x61d1ac67,0x61d1ac67,PK11_UnwrapSymKeyWithFlagsPerm
0xf1ed2424,0xf1ed2424,PK11_UpdateSlotAttribute
0x92e59900,0x92e59900,PK11_UserDisableSlot
0x82bd3cd3,0x82bd3cd3,PK11_UserEnableSlot
0xaee89880,0xaee89880,PK11_Verify
0x2659a23,0x02659a23,PK11_VerifyKeyOK
0xb70c767,0x0b70c767,PK11_VerifyPW
0x4b7e7956,0x4b7e7956,PK11_VerifyRecover
0x2f4b9d1,0x02f4b9d1,PK11_VerifyWithMechanism
0xae0e87ea,0xae0e87ea,PK11_WaitForTokenEvent
0x672c26ef,0x672c26ef,PK11_WrapPrivKey
0x21e65727,0x21e65727,PK11_WrapSymKey
0x6dc6f374,0x6dc6f374,PK11_WriteRawAttribute
0xd222e27e,0xd222e27e,PKIX_ALLOC_ERROR
0x82ee4973,0x82ee4973,PKIX_AddLogger
0x245e0c1d,0x245e0c1d,PKIX_BuildChain
0x8be3afc9,0x8be3afc9,PKIX_BuildResult_GetCertChain
0xff54cd21,0xff54cd21,PKIX_BuildResult_GetValidateResult
0x4eaa5bdf,0x4eaa5bdf,PKIX_CRLSelector_Create
0xff489852,0xff489852,PKIX_CRLSelector_GetCRLSelectorContext
0x2dd2043a,0x2dd2043a,PKIX_CRLSelector_GetCommonCRLSelectorParams
0xffd5c805,0xffd5c805,PKIX_CRLSelector_GetMatchCallback
0x637269c6,0x637269c6,PKIX_CRLSelector_SetCommonCRLSelectorParams
0xd2834983,0xd2834983,PKIX_CertChainChecker_Create
0xb4d60d76,0xb4d60d76,PKIX_CertChainChecker_GetCertChainCheckerState
0x3ed6f57a,0x3ed6f57a,PKIX_CertChainChecker_GetCheckCallback
0x9cb68225,0x9cb68225,PKIX_CertChainChecker_GetSupportedExtensions
0xee788fe2,0xee788fe2,PKIX_CertChainChecker_IsForwardCheckingSupported
0xd03387f3,0xd03387f3,PKIX_CertChainChecker_IsForwardDirectionExpected
0x67c7a002,0x67c7a002,PKIX_CertChainChecker_SetCertChainCheckerState
0x754e0b8c,0x754e0b8c,PKIX_CertSelector_Create
0x803ac5cc,0x803ac5cc,PKIX_CertSelector_GetCertSelectorContext
0x7b852954,0x7b852954,PKIX_CertSelector_GetCommonCertSelectorParams
0x8dc6b3f2,0x8dc6b3f2,PKIX_CertSelector_GetMatchCallback
0x65324060,0x65324060,PKIX_CertSelector_SetCommonCertSelectorParams
0x5ecc9b57,0x5ecc9b57,PKIX_CertStore_CertContinue
0x9b865078,0x9b865078,PKIX_CertStore_Create
0x1857ebca,0x1857ebca,PKIX_CertStore_CrlContinue
0xc0b3c4d2,0xc0b3c4d2,PKIX_CertStore_GetCRLCallback
0x7072985f,0x7072985f,PKIX_CertStore_GetCertCallback
0x9cb1c2cd,0x9cb1c2cd,PKIX_CertStore_GetCertStoreCacheFlag
0x5606d5e4,0x5606d5e4,PKIX_CertStore_GetCertStoreContext
0x1dc867ee,0x1dc867ee,PKIX_CertStore_GetCrlCheckerFn
0xdf992fad,0xdf992fad,PKIX_CertStore_GetImportCrlCallback
0xdf414829,0xdf414829,PKIX_CertStore_GetLocalFlag
0x13389933,0x13389933,PKIX_CertStore_GetTrustCallback
0x6e6cb136,0x6e6cb136,PKIX_ComCRLSelParams_AddIssuerName
0xddc7a225,0xddc7a225,PKIX_ComCRLSelParams_Create
0xad1ce5b0,0xad1ce5b0,PKIX_ComCRLSelParams_GetCertificateChecking
0x8d0246b1,0x8d0246b1,PKIX_ComCRLSelParams_GetDateAndTime
0xfe1911c0,0xfe1911c0,PKIX_ComCRLSelParams_GetIssuerNames
0x3add2321,0x3add2321,PKIX_ComCRLSelParams_GetMaxCRLNumber
0x3d5921df,0x3d5921df,PKIX_ComCRLSelParams_GetMinCRLNumber
0x9596bf4a,0x9596bf4a,PKIX_ComCRLSelParams_GetNISTPolicyEnabled
0xd30653c,0x0d30653c,PKIX_ComCRLSelParams_SetCertificateChecking
0x6cc19c72,0x6cc19c72,PKIX_ComCRLSelParams_SetCrlDp
0x5404fa3d,0x5404fa3d,PKIX_ComCRLSelParams_SetDateAndTime
0xc51bc54c,0xc51bc54c,PKIX_ComCRLSelParams_SetIssuerNames
0xe236482d,0xe236482d,PKIX_ComCRLSelParams_SetMaxCRLNumber
0xe4b246eb,0xe4b246eb,PKIX_ComCRLSelParams_SetMinCRLNumber
0x276cebd6,0x276cebd6,PKIX_ComCRLSelParams_SetNISTPolicyEnabled
0x9b45a698,0x9b45a698,PKIX_ComCertSelParams_AddPathToName
0xcf892dbd,0xcf892dbd,PKIX_ComCertSelParams_AddSubjAltName
0x7f48ef52,0x7f48ef52,PKIX_ComCertSelParams_Create
0xdb3e9853,0xdb3e9853,PKIX_ComCertSelParams_GetAuthorityKeyIdentifier
0x68199dd8,0x68199dd8,PKIX_ComCertSelParams_GetBasicConstraints
0xd68a3f41,0xd68a3f41,PKIX_ComCertSelParams_GetCertificate
0x11f74571,0x11f74571,PKIX_ComCertSelParams_GetCertificateValid
0x4d7eb56d,0x4d7eb56d,PKIX_ComCertSelParams_GetExtendedKeyUsage
0x8567e2f9,0x8567e2f9,PKIX_ComCertSelParams_GetIssuer
0x2fc742dc,0x2fc742dc,PKIX_ComCertSelParams_GetKeyUsage
0xfc8e0e7e,0xfc8e0e7e,PKIX_ComCertSelParams_GetLeafCertFlag
0x3e77cf2d,0x3e77cf2d,PKIX_ComCertSelParams_GetMatchAllSubjAltNames
0xf0b6c437,0xf0b6c437,PKIX_ComCertSelParams_GetNameConstraints
0xc610b362,0xc610b362,PKIX_ComCertSelParams_GetPathToNames
0x956f936e,0x956f936e,PKIX_ComCertSelParams_GetPolicy
0x2e73b487,0x2e73b487,PKIX_ComCertSelParams_GetSerialNumber
0xc58c4a07,0xc58c4a07,PKIX_ComCertSelParams_GetSubjAltNames
0xcef5eb7e,0xcef5eb7e,PKIX_ComCertSelParams_GetSubjKeyIdentifier
0x109afc6e,0x109afc6e,PKIX_ComCertSelParams_GetSubjPKAlgId
0x187c1fc2,0x187c1fc2,PKIX_ComCertSelParams_GetSubjPubKey
0x379b48ae,0x379b48ae,PKIX_ComCertSelParams_GetSubject
0xfa5dfee4,0xfa5dfee4,PKIX_ComCertSelParams_GetVersion
0xec627c5f,0xec627c5f,PKIX_ComCertSelParams_SetAuthorityKeyIdentifier
0xb25668e4,0xb25668e4,PKIX_ComCertSelParams_SetBasicConstraints
0x9d8cf2cd,0x9d8cf2cd,PKIX_ComCertSelParams_SetCertificate
0x5c34107d,0x5c34107d,PKIX_ComCertSelParams_SetCertificateValid
0x97bb8079,0x97bb8079,PKIX_ComCertSelParams_SetExtendedKeyUsage
0xfb3d2f05,0xfb3d2f05,PKIX_ComCertSelParams_SetIssuer
0x701fc1e8,0x701fc1e8,PKIX_ComCertSelParams_SetKeyUsage
0xa3e7338a,0xa3e7338a,PKIX_ComCertSelParams_SetLeafCertFlag
0xa0fb4039,0xa0fb4039,PKIX_ComCertSelParams_SetMatchAllSubjAltNames
0x19c05dc3,0x19c05dc3,PKIX_ComCertSelParams_SetNameConstraints
0x8d1366ee,0x8d1366ee,PKIX_ComCertSelParams_SetPathToNames
0xb44df7a,0x0b44df7a,PKIX_ComCertSelParams_SetPolicy
0xd5ccd993,0xd5ccd993,PKIX_ComCertSelParams_SetSerialNumber
0x6ce56f13,0x6ce56f13,PKIX_ComCertSelParams_SetSubjAltNames
0x60cc180a,0x60cc180a,PKIX_ComCertSelParams_SetSubjKeyIdentifier
0xd79daffa,0xd79daffa,PKIX_ComCertSelParams_SetSubjPKAlgId
0xd0f091ce,0xd0f091ce,PKIX_ComCertSelParams_SetSubjPubKey
0x681a163a,0x681a163a,PKIX_ComCertSelParams_SetSubject
0x2adccc70,0x2adccc70,PKIX_ComCertSelParams_SetVersion
0xa7d1f130,0xa7d1f130,PKIX_DoAddError
0xbb8b4ffd,0xbb8b4ffd,PKIX_DoReturn
0x6aade691,0x6aade691,PKIX_DoThrow
0x98639dde,0x98639dde,PKIX_ERRORCLASSNAMES
0x4c4bdf7,0x04c4bdf7,PKIX_EkuChecker_Create
0xe5e21a27,0xe5e21a27,PKIX_Error_Create
0xd23af824,0xd23af824,PKIX_Error_GetCause
0x22052e77,0x22052e77,PKIX_Error_GetDescription
0xb094f33,0x0b094f33,PKIX_Error_GetErrorClass
0x93ba83d8,0x93ba83d8,PKIX_Error_GetErrorCode
0xa8804618,0xa8804618,PKIX_Error_GetSupplementaryInfo
0x31909e1d,0x31909e1d,PKIX_GetLoggers
0x849ac2dc,0x849ac2dc,PKIX_Initialize
0xb802890c,0xb802890c,PKIX_List_AppendItem
0x23febdb9,0x23febdb9,PKIX_List_Create
0x1fd31a27,0x1fd31a27,PKIX_List_DeleteItem
0xba802ab4,0xba802ab4,PKIX_List_GetItem
0x612a9747,0x612a9747,PKIX_List_GetLength
0xbe99d949,0xbe99d949,PKIX_List_InsertItem
0x740f8ff0,0x740f8ff0,PKIX_List_IsEmpty
0xfd6aa3c1,0xfd6aa3c1,PKIX_List_IsImmutable
0x788bbf1d,0x788bbf1d,PKIX_List_ReverseList
0x3f8baf11,0x3f8baf11,PKIX_List_SetImmutable
0x563b03c0,0x563b03c0,PKIX_List_SetItem
0xa82c135d,0xa82c135d,PKIX_Logger_Create
0x81011398,0x81011398,PKIX_Logger_GetLogCallback
0x9bb6d42e,0x9bb6d42e,PKIX_Logger_GetLoggerContext
0x2f6da663,0x2f6da663,PKIX_Logger_GetLoggingComponent
0x3844380e,0x3844380e,PKIX_Logger_GetMaxLoggingLevel
0x79aa716f,0x79aa716f,PKIX_Logger_SetLoggingComponent
0x614dd19a,0x614dd19a,PKIX_Logger_SetMaxLoggingLevel
0xfb1a1d68,0xfb1a1d68,PKIX_PLErrorIndex
0x8de1fa29,0x8de1fa29,PKIX_PL_AIAMgr_Create
0x4f2962e1,0x4f2962e1,PKIX_PL_AIAMgr_GetAIACerts
0x2fb8210b,0x2fb8210b,PKIX_PL_AcquireReaderLock
0x5ff126d5,0x5ff126d5,PKIX_PL_AcquireWriterLock
0x509bf75c,0x509bf75c,PKIX_PL_BasicConstraints_GetCAFlag
0x4cdf7caf,0x4cdf7caf,PKIX_PL_BasicConstraints_GetPathLenConstraint
0xf52dbf75,0xf52dbf75,PKIX_PL_BigInt_Create
0x6d79176b,0x6d79176b,PKIX_PL_ByteArray_Create
0x2193ebb9,0x2193ebb9,PKIX_PL_ByteArray_GetLength
0x9ef74858,0x9ef74858,PKIX_PL_ByteArray_GetPointer
0x6a5c900d,0x6a5c900d,PKIX_PL_CRLEntry_GetCRLEntryReasonCode
0x83bcb08e,0x83bcb08e,PKIX_PL_CRLEntry_GetCriticalExtensionOIDs
0x2c25a8b9,0x2c25a8b9,PKIX_PL_CRL_AdoptDerCrl
0x7884f279,0x7884f279,PKIX_PL_CRL_Create
0x2a56e8af,0x2a56e8af,PKIX_PL_CRL_GetCRLNumber
0x9c1dab5c,0x9c1dab5c,PKIX_PL_CRL_GetCriticalExtensionOIDs
0xc6de68c0,0xc6de68c0,PKIX_PL_CRL_GetIssuer
0x980654e2,0x980654e2,PKIX_PL_CRL_ReleaseDerCrl
0x1fb7b68c,0x1fb7b68c,PKIX_PL_CRL_VerifySignature
0xcbf2100c,0xcbf2100c,PKIX_PL_CRL_VerifyUpdateTime
0x216b6f73,0x216b6f73,PKIX_PL_Calloc
0x8ee5ff41,0x8ee5ff41,PKIX_PL_CertNameConstraints_CheckNamesInNameSpace
0xc6313b0e,0xc6313b0e,PKIX_PL_CertPolicyInfo_GetPolQualifiers
0xb326e8cb,0xb326e8cb,PKIX_PL_CertPolicyInfo_GetPolicyId
0x19a7e0c3,0x19a7e0c3,PKIX_PL_CertPolicyMap_GetIssuerDomainPolicy
0x91f40a38,0x91f40a38,PKIX_PL_CertPolicyMap_GetSubjectDomainPolicy
0xea8cb2bb,0xea8cb2bb,PKIX_PL_Cert_AreCertPoliciesCritical
0xe00bd8a9,0xe00bd8a9,PKIX_PL_Cert_CheckNameConstraints
0x46df3a16,0x46df3a16,PKIX_PL_Cert_CheckValidity
0x1af1cc86,0x1af1cc86,PKIX_PL_Cert_Create
0xa0ca9c6b,0xa0ca9c6b,PKIX_PL_Cert_CreateFromCERTCertificate
0x69561daf,0x69561daf,PKIX_PL_Cert_GetAllSubjectNames
0x92864b59,0x92864b59,PKIX_PL_Cert_GetAuthorityInfoAccess
0x50e5c107,0x50e5c107,PKIX_PL_Cert_GetAuthorityKeyIdentifier
0x2f8d4f8c,0x2f8d4f8c,PKIX_PL_Cert_GetBasicConstraints
0xf2869303,0xf2869303,PKIX_PL_Cert_GetCERTCertificate
0x79e4ea40,0x79e4ea40,PKIX_PL_Cert_GetCacheFlag
0xd7b436a9,0xd7b436a9,PKIX_PL_Cert_GetCriticalExtensionOIDs
0x8a09e887,0x8a09e887,PKIX_PL_Cert_GetCrlDp
0x14f26721,0x14f26721,PKIX_PL_Cert_GetExtendedKeyUsage
0x3cea0731,0x3cea0731,PKIX_PL_Cert_GetInhibitAnyPolicy
0xd95c23ad,0xd95c23ad,PKIX_PL_Cert_GetIssuer
0x72e10f6b,0x72e10f6b,PKIX_PL_Cert_GetNameConstraints
0x5a8cf68,0x05a8cf68,PKIX_PL_Cert_GetPolicyInformation
0x84d59b7e,0x84d59b7e,PKIX_PL_Cert_GetPolicyMappingInhibited
0xf2bf7361,0xf2bf7361,PKIX_PL_Cert_GetPolicyMappings
0xaacea9a1,0xaacea9a1,PKIX_PL_Cert_GetRequireExplicitPolicy
0x588aac3b,0x588aac3b,PKIX_PL_Cert_GetSerialNumber
0xa179fe2,0x0a179fe2,PKIX_PL_Cert_GetSubject
0x6639aad7,0x6639aad7,PKIX_PL_Cert_GetSubjectAltNames
0x45478600,0x45478600,PKIX_PL_Cert_GetSubjectInfoAccess
0xb8304e4e,0xb8304e4e,PKIX_PL_Cert_GetSubjectKeyIdentifier
0xe152ea4a,0xe152ea4a,PKIX_PL_Cert_GetSubjectPublicKey
0xf6b2e6b,0x0f6b2e6b,PKIX_PL_Cert_GetSubjectPublicKeyAlgId
0xc22d1c0f,0xc22d1c0f,PKIX_PL_Cert_GetTrustCertStore
0xd21c6adb,0xd21c6adb,PKIX_PL_Cert_GetValidityNotAfter
0xccda5618,0xccda5618,PKIX_PL_Cert_GetVersion
0x57409de7,0x57409de7,PKIX_PL_Cert_IsCertTrusted
0x8a622d5f,0x8a622d5f,PKIX_PL_Cert_IsLeafCertTrusted
0xe04cd61b,0xe04cd61b,PKIX_PL_Cert_MergeNameConstraints
0x72e586ef,0x72e586ef,PKIX_PL_Cert_SetAsTrustAnchor
0xc54d4acc,0xc54d4acc,PKIX_PL_Cert_SetCacheFlag
0xa463b41b,0xa463b41b,PKIX_PL_Cert_SetTrustCertStore
0xb4ddedb3,0xb4ddedb3,PKIX_PL_Cert_VerifyCertAndKeyType
0xc67c1d45,0xc67c1d45,PKIX_PL_Cert_VerifyKeyUsage
0x6fc32f39,0x6fc32f39,PKIX_PL_Cert_VerifySignature
0xec4a697f,0xec4a697f,PKIX_PL_CollectionCertStore_Create
0x3a4a23db,0x3a4a23db,PKIX_PL_Date_CreateFromPRTime
0x83a15cfd,0x83a15cfd,PKIX_PL_Date_Create_CurrentOffBySeconds
0xf6dc6bb0,0xf6dc6bb0,PKIX_PL_Date_Create_UTCTime
0xfdec2907,0xfdec2907,PKIX_PL_Free
0xd1a8be06,0xd1a8be06,PKIX_PL_GetPLErrorCode
0x662bb9fc,0x662bb9fc,PKIX_PL_GetString
0xb3216db9,0xb3216db9,PKIX_PL_HashTable_Add
0x2d559fc4,0x2d559fc4,PKIX_PL_HashTable_Create
0x42236a6a,0x42236a6a,PKIX_PL_HashTable_Lookup
0x4f6c617e,0x4f6c617e,PKIX_PL_HashTable_Remove
0xba85abb3,0xba85abb3,PKIX_PL_HttpCertStore_Create
0xb12e619b,0xb12e619b,PKIX_PL_InfoAccess_GetLocation
0x7ead649d,0x7ead649d,PKIX_PL_InfoAccess_GetLocationType
0xeac9a683,0xeac9a683,PKIX_PL_InfoAccess_GetMethod
0x57635f17,0x57635f17,PKIX_PL_Initialize
0x853759da,0x853759da,PKIX_PL_IsReaderLockHeld
0x92b234a4,0x92b234a4,PKIX_PL_IsWriterLockHeld
0x6f275be6,0x6f275be6,PKIX_PL_LDAPCrossCertPairTemplate
0x96f16107,0x96f16107,PKIX_PL_LDAPMessageTemplate
0x31d778b4,0x31d778b4,PKIX_PL_LdapCertStore_Create
0x42113844,0x42113844,PKIX_PL_LdapClient_InitiateRequest
0x213690de,0x213690de,PKIX_PL_LdapClient_ResumeRequest
0x434a87c5,0x434a87c5,PKIX_PL_LdapDefaultClient_AbandonRequest
0xe42a8afd,0xe42a8afd,PKIX_PL_LdapDefaultClient_Create
0xc11d3419,0xc11d3419,PKIX_PL_LdapDefaultClient_CreateByName
0x38bf05bd,0x38bf05bd,PKIX_PL_Malloc
0xf6945ae9,0xf6945ae9,PKIX_PL_MonitorLock_Create
0xe89359d3,0xe89359d3,PKIX_PL_MonitorLock_Enter
0x8aed5a6f,0x8aed5a6f,PKIX_PL_MonitorLock_Exit
0xa9b7716b,0xa9b7716b,PKIX_PL_Mutex_Create
0x5df89800,0x5df89800,PKIX_PL_Mutex_Lock
0xd36ffac3,0xd36ffac3,PKIX_PL_Mutex_Unlock
0xe10569b1,0xe10569b1,PKIX_PL_NssContext_Create
0x316187e7,0x316187e7,PKIX_PL_NssContext_Destroy
0x3c00e72,0x03c00e72,PKIX_PL_NssContext_SetBadDerCrlReloadDelay
0xb7d88cf0,0xb7d88cf0,PKIX_PL_NssContext_SetCrlReloadDelay
0x782ed0fd,0x782ed0fd,PKIX_PL_NssContext_SetMaxResponseLen
0x1ffb79d0,0x1ffb79d0,PKIX_PL_NssContext_SetTimeout
0x2e951ff4,0x2e951ff4,PKIX_PL_OID_Create
0x51d88df9,0x51d88df9,PKIX_PL_OID_CreateBySECItem
0xe1ef5426,0xe1ef5426,PKIX_PL_Object_Alloc
0xbc1b9482,0xbc1b9482,PKIX_PL_Object_Compare
0x2655c544,0x2655c544,PKIX_PL_Object_DecRef
0xd7cc7b6,0x0d7cc7b6,PKIX_PL_Object_Duplicate
0x298dab66,0x298dab66,PKIX_PL_Object_Equals
0xd932341d,0xd932341d,PKIX_PL_Object_GetType
0xb497369a,0xb497369a,PKIX_PL_Object_Hashcode
0x32a26cf2,0x32a26cf2,PKIX_PL_Object_IncRef
0xbf6700b0,0xbf6700b0,PKIX_PL_Object_InvalidateCache
0xeb31c387,0xeb31c387,PKIX_PL_Object_IsTypeRegistered
0x2da87b24,0x2da87b24,PKIX_PL_Object_Lock
0xfe3dcb35,0xfe3dcb35,PKIX_PL_Object_ToString
0x4ea536e7,0x4ea536e7,PKIX_PL_Object_Unlock
0xdc4a49a8,0xdc4a49a8,PKIX_PL_OcspCertID_Create
0x9455b164,0x9455b164,PKIX_PL_OcspCertID_GetFreshCacheStatus
0xec6d805d,0xec6d805d,PKIX_PL_OcspCertID_RememberOCSPProcessingFailure
0xf9193f08,0xf9193f08,PKIX_PL_OcspResponse_UseBuildChain
0x70a7f990,0x70a7f990,PKIX_PL_Pk11CertStore_Create
0x4bb7b95,0x04bb7b95,PKIX_PL_PolicyQualifier_GetPolicyQualifierId
0x60e781f8,0x60e781f8,PKIX_PL_PolicyQualifier_GetQualifier
0x6f2eff86,0x6f2eff86,PKIX_PL_PublicKey_MakeInheritedDSAPublicKey
0x322c3547,0x322c3547,PKIX_PL_PublicKey_NeedsDSAParameters
0xfbd30cea,0xfbd30cea,PKIX_PL_RWLock_Create
0xda107747,0xda107747,PKIX_PL_Realloc
0xda2cc162,0xda2cc162,PKIX_PL_ReleaseReaderLock
0xa65c72c,0x0a65c72c,PKIX_PL_ReleaseWriterLock
0x1e837be1,0x1e837be1,PKIX_PL_Shutdown
0x41e5778b,0x41e5778b,PKIX_PL_Sprintf
0x10965e8f,0x10965e8f,PKIX_PL_String_Create
0x3e6971cd,0x3e6971cd,PKIX_PL_String_GetEncoded
0x32a782a9,0x32a782a9,PKIX_PL_X500Name_CreateFromCERTName
0x11bfc35f,0x11bfc35f,PKIX_PL_X500Name_Match
0x8cdc3aa8,0x8cdc3aa8,PKIX_PolicyNode_GetChildren
0x89570954,0x89570954,PKIX_PolicyNode_GetDepth
0x19f23f09,0x19f23f09,PKIX_PolicyNode_GetExpectedPolicies
0xcfee9389,0xcfee9389,PKIX_PolicyNode_GetParent
0xf4c86464,0xf4c86464,PKIX_PolicyNode_GetPolicyQualifiers
0x2dd8c0df,0x2dd8c0df,PKIX_PolicyNode_GetValidPolicy
0x31092246,0x31092246,PKIX_PolicyNode_IsCritical
0xb5abe619,0xb5abe619,PKIX_ProcessingParams_AddCertChainChecker
0x72cad2ce,0x72cad2ce,PKIX_ProcessingParams_AddCertStore
0x1a8b54fe,0x1a8b54fe,PKIX_ProcessingParams_Create
0xc6504843,0xc6504843,PKIX_ProcessingParams_GetCertChainCheckers
0x2f1e1778,0x2f1e1778,PKIX_ProcessingParams_GetCertStores
0x829c9dc8,0x829c9dc8,PKIX_ProcessingParams_GetDate
0x20e7ab3e,0x20e7ab3e,PKIX_ProcessingParams_GetHintCerts
0x6fbc550c,0x6fbc550c,PKIX_ProcessingParams_GetInitialPolicies
0x58f21515,0x58f21515,PKIX_ProcessingParams_GetPolicyQualifiersRejected
0x78e231a4,0x78e231a4,PKIX_ProcessingParams_GetResourceLimits
0x76b7c9f9,0x76b7c9f9,PKIX_ProcessingParams_GetRevocationChecker
0xa616a897,0xa616a897,PKIX_ProcessingParams_GetTargetCertConstraints
0x3ecfdd3a,0x3ecfdd3a,PKIX_ProcessingParams_GetTrustAnchors
0x747e3b3f,0x747e3b3f,PKIX_ProcessingParams_GetUseAIAForCertFetching
0x7eb17049,0x7eb17049,PKIX_ProcessingParams_GetUseOnlyTrustAnchors
0x48a2f3e9,0x48a2f3e9,PKIX_ProcessingParams_GetValidateTargetCert
0x63f4338e,0x63f4338e,PKIX_ProcessingParams_IsAnyPolicyInhibited
0x334976b9,0x334976b9,PKIX_ProcessingParams_IsExplicitPolicyRequired
0x626a0712,0x626a0712,PKIX_ProcessingParams_IsPolicyMappingInhibited
0x43ec797e,0x43ec797e,PKIX_ProcessingParams_SetAnyPolicyInhibited
0x582674cf,0x582674cf,PKIX_ProcessingParams_SetCertChainCheckers
0xe7928984,0xe7928984,PKIX_ProcessingParams_SetCertStores
0x1e5776d4,0x1e5776d4,PKIX_ProcessingParams_SetDate
0x40d334a9,0x40d334a9,PKIX_ProcessingParams_SetExplicitPolicyRequired
0x6c500bca,0x6c500bca,PKIX_ProcessingParams_SetHintCerts
0x98c5ee98,0x98c5ee98,PKIX_ProcessingParams_SetInitialPolicies
0x6ff3c502,0x6ff3c502,PKIX_ProcessingParams_SetPolicyMappingInhibited
0x429f2c21,0x429f2c21,PKIX_ProcessingParams_SetPolicyQualifiersRejected
0x3ada8dc6,0x3ada8dc6,PKIX_ProcessingParams_SetQualifyTargetCert
0x5b18c9b0,0x5b18c9b0,PKIX_ProcessingParams_SetResourceLimits
0x88df685,0x088df685,PKIX_ProcessingParams_SetRevocationChecker
0x59083b23,0x59083b23,PKIX_ProcessingParams_SetTargetCertConstraints
0xe6290246,0xe6290246,PKIX_ProcessingParams_SetTrustAnchors
0x276fcdcb,0x276fcdcb,PKIX_ProcessingParams_SetUseAIAForCertFetching
0xdec4efd5,0xdec4efd5,PKIX_ProcessingParams_SetUseOnlyTrustAnchors
0xeb1c4ed7,0xeb1c4ed7,PKIX_ResourceLimits_Create
0x68d69f3e,0x68d69f3e,PKIX_ResourceLimits_GetMaxDepth
0x880b4a56,0x880b4a56,PKIX_ResourceLimits_GetMaxFanout
0x6b0cf3b,0x06b0cf3b,PKIX_ResourceLimits_GetMaxNumberOfCRLs
0xdcc3afc8,0xdcc3afc8,PKIX_ResourceLimits_GetMaxNumberOfCerts
0x1a7bf2b8,0x1a7bf2b8,PKIX_ResourceLimits_GetMaxTime
0xa92f1e4a,0xa92f1e4a,PKIX_ResourceLimits_SetMaxDepth
0xd373aae2,0xd373aae2,PKIX_ResourceLimits_SetMaxFanout
0x2fba68c7,0x2fba68c7,PKIX_ResourceLimits_SetMaxNumberOfCRLs
0x27007ad4,0x27007ad4,PKIX_ResourceLimits_SetMaxNumberOfCerts
0x4afac044,0x4afac044,PKIX_ResourceLimits_SetMaxTime
0xbfd91cb6,0xbfd91cb6,PKIX_RevocationChecker_Check
0xbbb1a18c,0xbbb1a18c,PKIX_RevocationChecker_Create
0xec965949,0xec965949,PKIX_RevocationChecker_CreateAndAddMethod
0x620f6ba9,0x620f6ba9,PKIX_SetLoggers
0x80952a66,0x80952a66,PKIX_Shutdown
0x3104c524,0x3104c524,PKIX_TrustAnchor_CreateWithCert
0xf41c01ec,0xf41c01ec,PKIX_TrustAnchor_CreateWithNameKeyPair
0x47ba38b,0x047ba38b,PKIX_TrustAnchor_GetCAName
0xadcbc132,0xadcbc132,PKIX_TrustAnchor_GetCAPublicKey
0xb7bc189f,0xb7bc189f,PKIX_TrustAnchor_GetNameConstraints
0x947b8fbf,0x947b8fbf,PKIX_TrustAnchor_GetTrustedCert
0xe6bff0f7,0xe6bff0f7,PKIX_ValidateChain
0x66830446,0x66830446,PKIX_ValidateChain_NB
0xdce9cfcb,0xdce9cfcb,PKIX_ValidateParams_Create
0xd39111a8,0xd39111a8,PKIX_ValidateParams_GetCertChain
0xcdb73d98,0xcdb73d98,PKIX_ValidateParams_GetProcessingParams
0x89f1aef2,0x89f1aef2,PKIX_ValidateResult_GetPolicyTree
0xd924035a,0xd924035a,PKIX_ValidateResult_GetPublicKey
0x20d9daef,0x20d9daef,PKIX_ValidateResult_GetTrustAnchor
0xa9cf4216,0xa9cf4216,PL_ArenaAllocate
0x516de272,0x516de272,PL_ArenaFinish
0x22a24c50,0x22a24c50,PL_ArenaGrow
0x1169b9f2,0x1169b9f2,PL_ArenaRelease
0x30ead8f3,0x30ead8f3,PL_Base64Decode
0x33e2de1d,0x33e2de1d,PL_Base64Encode
0x693e4e72,0x693e4e72,PL_ClearArenaPool
0xfc723332,0xfc723332,PL_CompactArenaPool
0x6c7b0e3b,0x6c7b0e3b,PL_CompareStrings
0x949104c1,0x949104c1,PL_CompareValues
0xc0d3cd82,0xc0d3cd82,PL_CreateLongOptState
0xb8c12ed2,0xb8c12ed2,PL_CreateOptState
0xf7dd0ca8,0xf7dd0ca8,PL_DestroyOptState
0x3a482307,0x3a482307,PL_FPrintError
0x6843002c,0x6843002c,PL_FinishArenaPool
0xab87272d,0xab87272d,PL_FreeArenaPool
0x873e549c,0x873e549c,PL_GetNextOpt
0x1f968485,0x1f968485,PL_HashString
0x6fd7d01f,0x6fd7d01f,PL_HashTableAdd
0x2405a5c0,0x2405a5c0,PL_HashTableDestroy
0x6ad3c30c,0x6ad3c30c,PL_HashTableDump
0x7e991f36,0x7e991f36,PL_HashTableEnumerateEntries
0x810e7b10,0x810e7b10,PL_HashTableLookup
0x70e42037,0x70e42037,PL_HashTableLookupConst
0x8e144e09,0x8e144e09,PL_HashTableRawAdd
0xad628ba,0x0ad628ba,PL_HashTableRawLookup
0x480ce821,0x480ce821,PL_HashTableRawLookupConst
0x181f1fce,0x181f1fce,PL_HashTableRawRemove
0x8e577224,0x8e577224,PL_HashTableRemove
0x27e8241f,0x27e8241f,PL_InitArenaPool
0xaa6c1e60,0xaa6c1e60,PL_NewHashTable
0x90bf89e1,0x90bf89e1,PL_PrintError
0x5a0bf0ff,0x5a0bf0ff,PL_strcasecmp
0x9b92650a,0x9b92650a,PL_strcaserstr
0x5a0c35f8,0x5a0c35f8,PL_strcasestr
0xbc7d5e1b,0xbc7d5e1b,PL_strcat
0x4c2921e9,0x4c2921e9,PL_strcatn
0xbc7d5f00,0xbc7d5f00,PL_strchr
0xbc7d5fa3,0xbc7d5fa3,PL_strcmp
0xbc7d600f,0xbc7d600f,PL_strcpy
0xbc7d64ec,0xbc7d64ec,PL_strdup
0x4c2b0d65,0x4c2b0d65,PL_strfree
0xbc7d84e2,0xbc7d84e2,PL_strlen
0x33541a0d,0x33541a0d,PL_strncasecmp
0x9ddfafd8,0x9ddfafd8,PL_strncaserstr
0x33545f06,0x33545f06,PL_strncasestr
0x4c2f3029,0x4c2f3029,PL_strncat
0x4c2f310e,0x4c2f310e,PL_strnchr
0x4c2f31b1,0x4c2f31b1,PL_strncmp
0x4c2f321d,0x4c2f321d,PL_strncpy
0xd2157637,0xd2157637,PL_strncpyz
0x4c2f36fa,0x4c2f36fa,PL_strndup
0x4c2f56f0,0x4c2f56f0,PL_strnlen
0xd21c5aa0,0xd21c5aa0,PL_strnpbrk
0x15b031f2,0x15b031f2,PL_strnprbrk
0xd21d7660,0xd21d7660,PL_strnrchr
0xd21dbbfc,0xd21dbbfc,PL_strnrstr
0x4c2f76aa,0x4c2f76aa,PL_strnstr
0x4c3046d2,0x4c3046d2,PL_strpbrk
0xd241a464,0xd241a464,PL_strprbrk
0x4c316292,0x4c316292,PL_strrchr
0x4c31a82e,0x4c31a82e,PL_strrstr
0xbc7da49c,0xbc7da49c,PL_strstr
0xd2888522,0xd2888522,PL_strtok_r
0x4d50a61e,0x4d50a61e,PORT_Alloc
0xa49c647b,0xa49c647b,PORT_Alloc_Util
0x9834caa5,0x9834caa5,PORT_ArenaAlloc
0x929f7562,0x929f7562,PORT_ArenaAlloc_Util
0x9fc6ee39,0x9fc6ee39,PORT_ArenaGrow
0x233af576,0x233af576,PORT_ArenaGrow_Util
0x9fc9f085,0x9fc9f085,PORT_ArenaMark
0xf8b74742,0xf8b74742,PORT_ArenaMark_Util
0x84d67f3b,0x84d67f3b,PORT_ArenaRelease
0xca5777b8,0xca5777b8,PORT_ArenaRelease_Util
0xc95edcdc,0xc95edcdc,PORT_ArenaStrdup
0x8b3081f9,0x8b3081f9,PORT_ArenaStrdup_Util
0xcd99d008,0xcd99d008,PORT_ArenaUnmark
0x7fde50a5,0x7fde50a5,PORT_ArenaUnmark_Util
0xd857fe9f,0xd857fe9f,PORT_ArenaZAlloc
0x9ee4359c,0x9ee4359c,PORT_ArenaZAlloc_Util
0x5a9699b5,0x5a9699b5,PORT_ArenaZRelease
0xed9f9085,0xed9f9085,PORT_DestroyCheapArena
0x38a830d5,0x38a830d5,PORT_Free
0xd13c863c,0xd13c863c,PORT_FreeArena
0x1cef0759,0x1cef0759,PORT_FreeArena_Util
0xd11a3992,0xd11a3992,PORT_Free_Util
0xe7192abd,0xe7192abd,PORT_GetError
0xf73ba47a,0xf73ba47a,PORT_GetError_Util
0x48ab3239,0x48ab3239,PORT_ISO88591_UTF8Conversion
0xdb12f30f,0xdb12f30f,PORT_InitCheapArena
0x2c9cc8c4,0x2c9cc8c4,PORT_LoadLibraryFromOrigin
0x639cdd44,0x639cdd44,PORT_NewArena
0x2ec70361,0x2ec70361,PORT_NewArena_Util
0xef941455,0xef941455,PORT_Realloc
0x40804d12,0x40804d12,PORT_Realloc_Util
0xa0a969b0,0xa0a969b0,PORT_RegExpCaseSearch
0xaf1cf054,0xaf1cf054,PORT_RegExpSearch
0xee3ce80e,0xee3ce80e,PORT_RegExpValid
0xfa2f2549,0xfa2f2549,PORT_SetError
0xafb01686,0xafb01686,PORT_SetError_Util
0xf1685c70,0xf1685c70,PORT_SetUCS2_ASCIIConversionFunction
0xb93cde0d,0xb93cde0d,PORT_SetUCS2_ASCIIConversionFunction_Util
0x67fe882e,0x67fe882e,PORT_SetUCS2_UTF8ConversionFunction
0xc69a108b,0xc69a108b,PORT_SetUCS2_UTF8ConversionFunction_Util
0x5d175f0,0x05d175f0,PORT_SetUCS4_UTF8ConversionFunction
0x72d1e78d,0x72d1e78d,PORT_SetUCS4_UTF8ConversionFunction_Util
0x21f62775,0x21f62775,PORT_Strdup
0xdccb5432,0xdccb5432,PORT_Strdup_Util
0x71700c5e,0x71700c5e,PORT_UCS2_ASCIIConversion
0xb795b2bb,0xb795b2bb,PORT_UCS2_ASCIIConversion_Util
0x8b8f239c,0x8b8f239c,PORT_UCS2_UTF8Conversion
0x345b00b9,0x345b00b9,PORT_UCS2_UTF8Conversion_Util
0xa3f96f5e,0xa3f96f5e,PORT_UCS4_UTF8Conversion
0x30ef4938,0x30ef4938,PORT_ZAlloc
0x908e4c8c,0x908e4c8c,PORT_ZAllocAligned
0xb04ccc13,0xb04ccc13,PORT_ZAllocAlignedOffset
0xcf778b90,0xcf778b90,PORT_ZAllocAlignedOffset_Util
0xaee93fa9,0xaee93fa9,PORT_ZAllocAligned_Util
0xf07f07d5,0xf07f07d5,PORT_ZAlloc_Util
0x4f11d8af,0x4f11d8af,PORT_ZFree
0xdb28d9ac,0xdb28d9ac,PORT_ZFree_Util
0x1387537a,0x1387537a,PRP_DestroyNakedCondVar
0xb128af16,0xb128af16,PRP_NakedBroadcast
0x65d6a03c,0x65d6a03c,PRP_NakedNotify
0xeebf9d8,0x0eebf9d8,PRP_NakedWait
0x6bcb405a,0x6bcb405a,PRP_NewNakedCondVar
0x323fb248,0x323fb248,PRP_TryLock
0x8c728ea8,0x8c728ea8,PR_Abort
0x1acfb040,0x1acfb040,PR_Accept
0x5fee0dfc,0x5fee0dfc,PR_AcceptRead
0x1acfb0a2,0x1acfb0a2,PR_Access
0x61a5055c,0x61a5055c,PR_AddToCounter
0x797d43cd,0x797d43cd,PR_AddWaitFileDesc
0x9ffa269a,0x9ffa269a,PR_AllocFileDesc
0x1bf9fea2,0x1bf9fea2,PR_Assert
0x38b9367c,0x38b9367c,PR_AssertCurrentThreadInMonitor
0x78f9460d,0x78f9460d,PR_AssertCurrentThreadOwnsLock
0x1b51b536,0x1b51b536,PR_AtomicAdd
0xcbd87504,0xcbd87504,PR_AtomicDecrement
0x609725f2,0x609725f2,PR_AtomicIncrement
0x1b5201f9,0x1b5201f9,PR_AtomicSet
0x1f88c135,0x1f88c135,PR_AttachSharedMemory
0xcb6abb5d,0xcb6abb5d,PR_AttachThread
0xebacbfbb,0xebacbfbb,PR_AttachThreadGCAble
0xb5069ff1,0xb5069ff1,PR_Available
0x112e675b,0x112e675b,PR_Available64
0xfc8041ad,0xfc8041ad,PR_Bind
0x82859b27,0x82859b27,PR_BlockClockInterrupts
0xb0ea39a8,0xb0ea39a8,PR_BlockInterrupt
0x3e9c0f59,0x3e9c0f59,PR_CEnterMonitor
0x36f110b5,0x36f110b5,PR_CExitMonitor
0x2944314c,0x2944314c,PR_CNotify
0xedcde8c5,0xedcde8c5,PR_CNotifyAll
0xa9e3f60b,0xa9e3f60b,PR_CSetOnMonitorRecycle
0x8ca206e8,0x8ca206e8,PR_CWait
0x618870f1,0x618870f1,PR_CallOnce
0x55518d27,0x55518d27,PR_CallOnceWithArg
0x1f5add7e,0x1f5add7e,PR_Calloc
0x16d6ac91,0x16d6ac91,PR_CancelJob
0x59327eca,0x59327eca,PR_CancelWaitFileDesc
0x49928718,0x49928718,PR_CancelWaitGroup
0x779c3a9f,0x779c3a9f,PR_CeilingLog2
0x64172968,0x64172968,PR_ChangeFileDescNativeHandle
0x23da96f8,0x23da96f8,PR_Cleanup
0x14395ae4,0x14395ae4,PR_ClearInterrupt
0xf1f918ed,0xf1f918ed,PR_ClearThreadGCAble
0x8c9c3b86,0x8c9c3b86,PR_Close
0xb7c18d25,0xb7c18d25,PR_CloseDir
0x441ebd04,0x441ebd04,PR_CloseFileMap
0x43ec3cca,0x43ec3cca,PR_CloseSemaphore
0xa94ff5b6,0xa94ff5b6,PR_CloseSharedMemory
0x2b83e5ba,0x2b83e5ba,PR_Connect
0xb8feb13f,0xb8feb13f,PR_ConnectContinue
0xa2003417,0xa2003417,PR_ConvertIPv4AddrToIPv6
0xecb51151,0xecb51151,PR_CreateAlarm
0x909a80c4,0x909a80c4,PR_CreateCounter
0x68e25902,0x68e25902,PR_CreateFileMap
0x5dce0519,0x5dce0519,PR_CreateIOLayer
0xf14df617,0xf14df617,PR_CreateIOLayerStub
0xe78f0d48,0xe78f0d48,PR_CreateMWaitEnumerator
0xee4c5f2,0x0ee4c5f2,PR_CreateOrderedLock
0xe82cb332,0xe82cb332,PR_CreatePipe
0x7fdc3743,0x7fdc3743,PR_CreateProcess
0x92cfad75,0x92cfad75,PR_CreateProcessDetached
0x759960ae,0x759960ae,PR_CreateSocketPollFd
0xedff2b7a,0xedff2b7a,PR_CreateStack
0xaf69f75c,0xaf69f75c,PR_CreateThread
0xec2ebefa,0xec2ebefa,PR_CreateThreadGCAble
0xb84d96b6,0xb84d96b6,PR_CreateThreadPool
0xee102b33,0xee102b33,PR_CreateTrace
0xc0bcf166,0xc0bcf166,PR_CreateWaitGroup
0x740ab367,0x740ab367,PR_DecrementCounter
0x21f84b03,0x21f84b03,PR_Delete
0x387208e7,0x387208e7,PR_DeleteSemaphore
0x7ba228b3,0x7ba228b3,PR_DeleteSharedMemory
0x2ce2efa7,0x2ce2efa7,PR_DestroyAlarm
0x93352d47,0x93352d47,PR_DestroyCondVar
0x93b94c9a,0x93b94c9a,PR_DestroyCounter
0xa44b0523,0xa44b0523,PR_DestroyLock
0x364f4f1e,0x364f4f1e,PR_DestroyMWaitEnumerator
0x94fe4402,0x94fe4402,PR_DestroyMonitor
0xd9918cc8,0xd9918cc8,PR_DestroyOrderedLock
0x5da6a747,0x5da6a747,PR_DestroyPollableEvent
0xc0c01534,0xc0c01534,PR_DestroyProcessAttr
0xf1b59f4c,0xf1b59f4c,PR_DestroyRWLock
0xa0216a3f,0xa0216a3f,PR_DestroySem
0x95df0244,0x95df0244,PR_DestroySocketPollFd
0x2e2d09d0,0x2e2d09d0,PR_DestroyStack
0x2e3e0989,0x2e3e0989,PR_DestroyTrace
0x6be0abc,0x06be0abc,PR_DestroyWaitGroup
0x2bd01f38,0x2bd01f38,PR_DetachProcess
0x4f06e989,0x4f06e989,PR_DetachSharedMemory
0x8dd634b1,0x8dd634b1,PR_DetachThread
0x3b5a97b0,0x3b5a97b0,PR_DisableClockInterrupts
0x75668c0,0x075668c0,PR_DuplicateEnvironment
0x1cc264c9,0x1cc264c9,PR_EmulateAcceptRead
0x6fe97b47,0x6fe97b47,PR_EmulateSendFile
0x5c0d74e3,0x5c0d74e3,PR_EnableClockInterrupts
0x8e7a7876,0x8e7a7876,PR_EnterMonitor
0x1e773a7d,0x1e773a7d,PR_EnumerateAddrInfo
0xc9e20fdb,0xc9e20fdb,PR_EnumerateHostEnt
0x552e6801,0x552e6801,PR_EnumerateThreads
0xb0b66a98,0xb0b66a98,PR_EnumerateWaitGroup
0xd0a2657e,0xd0a2657e,PR_ErrorInstallCallback
0x3acb3819,0x3acb3819,PR_ErrorInstallTable
0xc378d111,0xc378d111,PR_ErrorLanguages
0x5761343e,0x5761343e,PR_ErrorToName
0xc183b5f4,0xc183b5f4,PR_ErrorToString
0x67e84a32,0x67e84a32,PR_ExitMonitor
0xb4ef7150,0xb4ef7150,PR_ExplodeTime
0x203a9c3b,0x203a9c3b,PR_ExportFileMapAsString
0x2689595a,0x2689595a,PR_FD_CLR
0xeeb59341,0xeeb59341,PR_FD_ISSET
0xf7ba6628,0xf7ba6628,PR_FD_NCLR
0xd05d0b8f,0xd05d0b8f,PR_FD_NISSET
0xf7baa953,0xf7baa953,PR_FD_NSET
0x26899c85,0x26899c85,PR_FD_SET
0xf7c103f9,0xf7c103f9,PR_FD_ZERO
0x3d903274,0x3d903274,PR_FileDesc2NativeHandle
0xc16009ed,0xc16009ed,PR_FindFunctionSymbol
0x770a5d5,0x0770a5d5,PR_FindFunctionSymbolAndLibrary
0x4a3e84a2,0x4a3e84a2,PR_FindNextCounterQname
0x4a509d23,0x4a509d23,PR_FindNextCounterRname
0x26e83171,0x26e83171,PR_FindNextTraceQname
0x26fa49f2,0x26fa49f2,PR_FindNextTraceRname
0x103e9e27,0x103e9e27,PR_FindSymbol
0xd3994a8f,0xd3994a8f,PR_FindSymbolAndLibrary
0x5039c26,0x05039c26,PR_FloorLog2
0x6a958c8,0x06a958c8,PR_FormatTime
0x2436505a,0x2436505a,PR_FormatTimeUSEnglish
0xfc829852,0xfc829852,PR_Free
0x19b66c99,0x19b66c99,PR_FreeAddrInfo
0x499de8b1,0x499de8b1,PR_FreeFileDesc
0xa963c28,0x0a963c28,PR_FreeLibraryName
0xa0c1194c,0xa0c1194c,PR_GMTParameters
0x1e48cfd3,0x1e48cfd3,PR_GetAddrInfoByName
0xb24cd11b,0xb24cd11b,PR_GetCanonNameFromAddrInfo
0xd1b4375e,0xd1b4375e,PR_GetConnectStatus
0x754bfef0,0x754bfef0,PR_GetCounter
0xb2610bb1,0xb2610bb1,PR_GetCounterHandleFromName
0xf89e29f1,0xf89e29f1,PR_GetCounterNameFromHandle
0x455eb96b,0x455eb96b,PR_GetCurrentThread
0xdb1fd5c1,0xdb1fd5c1,PR_GetDefaultIOMethods
0x3d648b1,0x03d648b1,PR_GetDescType
0x38b113f6,0x38b113f6,PR_GetDirectorySeparator
0x8d5b0335,0x8d5b0335,PR_GetDirectorySepartor
0x28fc2739,0x28fc2739,PR_GetEnv
0x4c922380,0x4c922380,PR_GetEnvSecure
0x58a508ba,0x58a508ba,PR_GetError
0xc1502f3f,0xc1502f3f,PR_GetErrorText
0x635b4881,0x635b4881,PR_GetErrorTextLength
0xcc1dc,0x000cc1dc,PR_GetFileInfo
0x3644b006,0x3644b006,PR_GetFileInfo64
0x1ebfafa4,0x1ebfafa4,PR_GetFileMethods
0x82332d72,0x82332d72,PR_GetGCRegisters
0xe22ae464,0xe22ae464,PR_GetHostByAddr
0xe231f9aa,0xe231f9aa,PR_GetHostByName
0x4cefed2b,0x4cefed2b,PR_GetIPNodeByName
0xe205b61f,0xe205b61f,PR_GetIdentitiesLayer
0x7b4edf96,0x7b4edf96,PR_GetInheritedFD
0x5bdd6dca,0x5bdd6dca,PR_GetInheritedFileMap
0xe13dad0a,0xe13dad0a,PR_GetLayersIdentity
0xeb0a6b93,0xeb0a6b93,PR_GetLibraryFilePathname
0x345d1606,0x345d1606,PR_GetLibraryName
0x345e2fb2,0x345e2fb2,PR_GetLibraryPath
0x626fb22c,0x626fb22c,PR_GetMemMapAlignment
0xf500a513,0xf500a513,PR_GetMonitorEntryCount
0x99d4b162,0x99d4b162,PR_GetNameForIdentity
0x9ac110a1,0x9ac110a1,PR_GetNumberOfProcessors
0x193c1cbc,0x193c1cbc,PR_GetOSError
0xfc1c53ce,0xfc1c53ce,PR_GetOpenFileInfo
0x74808678,0x74808678,PR_GetOpenFileInfo64
0xac41476b,0xac41476b,PR_GetPageShift
0xc728ca88,0xc728ca88,PR_GetPageSize
0xd6d480e,0x0d6d480e,PR_GetPathSeparator
0xf74fc93d,0xf74fc93d,PR_GetPeerName
0x10eab0e1,0x10eab0e1,PR_GetPhysicalMemorySize
0x26508832,0x26508832,PR_GetPipeMethods
0x41613480,0x41613480,PR_GetProtoByName
0x1fea3f48,0x1fea3f48,PR_GetProtoByNumber
0xe7af9d4f,0xe7af9d4f,PR_GetRandomNoise
0x8ce0dc33,0x8ce0dc33,PR_GetSP
0xb8b2aaa1,0xb8b2aaa1,PR_GetSockName
0x3f4de1b2,0x3f4de1b2,PR_GetSocketOption
0x423a89db,0x423a89db,PR_GetSpecialFD
0x2fc549bd,0x2fc549bd,PR_GetStackSpaceLeft
0x88bb4087,0x88bb4087,PR_GetSysfdTableMax
0xa1a66c81,0xa1a66c81,PR_GetSystemInfo
0xc3e042cb,0xc3e042cb,PR_GetTCPMethods
0xb3cb452e,0xb3cb452e,PR_GetThreadAffinityMask
0xaca68ff5,0xaca68ff5,PR_GetThreadID
0x708d20c9,0x708d20c9,PR_GetThreadName
0x2d14b3aa,0x2d14b3aa,PR_GetThreadPriority
0x94c620c3,0x94c620c3,PR_GetThreadPrivate
0x828cd782,0x828cd782,PR_GetThreadScope
0x8295eee9,0x8295eee9,PR_GetThreadState
0x7090d18a,0x7090d18a,PR_GetThreadType
0xcfa74499,0xcfa74499,PR_GetTraceEntries
0x15e81160,0x15e81160,PR_GetTraceHandleFromName
0x5c252fa0,0x5c252fa0,PR_GetTraceNameFromHandle
0x6393f938,0x6393f938,PR_GetTraceOption
0x3c6744ed,0x3c6744ed,PR_GetUDPMethods
0xdcc75d91,0xdcc75d91,PR_GetUniqueIdentity
0x5d779592,0x5d779592,PR_GetValueSem
0x145731d6,0x145731d6,PR_GetVersion
0x9dee09e9,0x9dee09e9,PR_ImplodeTime
0x12e0ff2b,0x12e0ff2b,PR_ImportFile
0x23b9c3b4,0x23b9c3b4,PR_ImportFileMapFromString
0x12e67b79,0x12e67b79,PR_ImportPipe
0x488b4cbb,0x488b4cbb,PR_ImportTCPSocket
0xa949929d,0xa949929d,PR_ImportUDPSocket
0x6e974c95,0x6e974c95,PR_IncrementCounter
0xfc842d04,0xfc842d04,PR_Init
0x7c20daa2,0x7c20daa2,PR_Initialize
0x309974c4,0x309974c4,PR_InitializeNetAddr
0x3c2f46,0x003c2f46,PR_Initialized
0xa48f979d,0xa48f979d,PR_Interrupt
0xebc6f09,0x0ebc6f09,PR_IntervalNow
0xb399ae41,0xb399ae41,PR_IntervalToMicroseconds
0x9383251e,0x9383251e,PR_IntervalToMilliseconds
0xdab8c587,0xdab8c587,PR_IntervalToSeconds
0xe04bfcb0,0xe04bfcb0,PR_IsNetAddrType
0x46012b3b,0x46012b3b,PR_JoinJob
0x40f510b8,0x40f510b8,PR_JoinThread
0xe23dfe12,0xe23dfe12,PR_JoinThreadPool
0x34d973db,0x34d973db,PR_KillProcess
0x34ee069f,0x34ee069f,PR_Listen
0x25439725,0x25439725,PR_LoadLibrary
0x7a0bf80e,0x7a0bf80e,PR_LoadLibraryWithFlags
0x2db8850d,0x2db8850d,PR_LoadStaticLibrary
0x4012643e,0x4012643e,PR_LocalTimeParameters
0xfc85d599,0xfc85d599,PR_Lock
0xd072b5b9,0xd072b5b9,PR_LockFile
0x4e5ca327,0x4e5ca327,PR_LockOrderedLock
0xd9705bf4,0xd9705bf4,PR_LogFlush
0xda28679f,0xda28679f,PR_LogPrint
0xc66d00d,0x0c66d00d,PR_MakeDir
0x36ae73c8,0x36ae73c8,PR_Malloc
0x36f764ad,0x36f764ad,PR_MemMap
0xd2fb2910,0xd2fb2910,PR_MemUnmap
0x4b6cdf41,0x4b6cdf41,PR_MicrosecondsToInterval
0xbf2a4e5e,0xbf2a4e5e,PR_MillisecondsToInterval
0x8d507427,0x8d507427,PR_MkDir
0x1e2f648c,0x1e2f648c,PR_NetAddrToString
0x55d75627,0x55d75627,PR_NewCondVar
0x6392da03,0x6392da03,PR_NewLock
0x3b0f4e02,0x3b0f4e02,PR_NewLogModule
0x57a06ce2,0x57a06ce2,PR_NewMonitor
0xcac7bec7,0xcac7bec7,PR_NewNamedMonitor
0x863bf827,0x863bf827,PR_NewPollableEvent
0xe80bae14,0xe80bae14,PR_NewProcessAttr
0xa2462c2c,0xa2462c2c,PR_NewRWLock
0x3952231f,0x3952231f,PR_NewSem
0x8ea73a4a,0x8ea73a4a,PR_NewTCPSocket
0xa92e6456,0xa92e6456,PR_NewTCPSocketPair
0x3e0c3465,0x3e0c3465,PR_NewThreadPrivateIndex
0xef65802c,0xef65802c,PR_NewUDPSocket
0x140201f0,0x140201f0,PR_NormalizeTime
0x3a0548a9,0x3a0548a9,PR_Notify
0xdfbe9f02,0xdfbe9f02,PR_NotifyAll
0x896ae56f,0x896ae56f,PR_NotifyAllCondVar
0x6d6b4d36,0x6d6b4d36,PR_NotifyCondVar
0xf68f004,0x0f68f004,PR_Now
0xfc877f42,0xfc877f42,PR_Open
0x79f282c,0x079f282c,PR_OpenAnonFileMap
0xc8f10761,0xc8f10761,PR_OpenDir
0xe7130be2,0xe7130be2,PR_OpenFile
0x87f57406,0x87f57406,PR_OpenSemaphore
0x7b02b372,0x7b02b372,PR_OpenSharedMemory
0x34c4e3d2,0x34c4e3d2,PR_OpenTCPSocket
0x958329b4,0x958329b4,PR_OpenUDPSocket
0x802e73f1,0x802e73f1,PR_ParseTimeString
0x7a584618,0x7a584618,PR_ParseTimeStringToExplodedTime
0xfc880847,0xfc880847,PR_Poll
0x42b3b3f4,0x42b3b3f4,PR_PopIOLayer
0x1496fc1b,0x1496fc1b,PR_PostSem
0x9b2707a,0x09b2707a,PR_PostSemaphore
0x442c6f2e,0x442c6f2e,PR_ProcessAttrSetCurrentDirectory
0xf980d5c7,0xf980d5c7,PR_ProcessAttrSetInheritableFD
0xa805ea9b,0xa805ea9b,PR_ProcessAttrSetInheritableFileMap
0xa955dd8b,0xa955dd8b,PR_ProcessAttrSetStdioRedirect
0xb70b4609,0xb70b4609,PR_ProcessExit
0x5c795d05,0x5c795d05,PR_PushIOLayer
0x40f80930,0x40f80930,PR_QueueJob
0x912443bf,0x912443bf,PR_QueueJob_Accept
0x6c6ae919,0x6c6ae919,PR_QueueJob_Connect
0x11549ccb,0x11549ccb,PR_QueueJob_Read
0x3c0ecc50,0x3c0ecc50,PR_QueueJob_Timer
0x3c49f61a,0x3c49f61a,PR_QueueJob_Write
0x90c7ea3c,0x90c7ea3c,PR_RWLock_Rlock
0xb0e769ed,0xb0e769ed,PR_RWLock_Unlock
0x912264c1,0x912264c1,PR_RWLock_Wlock
0xfc88f50c,0xfc88f50c,PR_Read
0x95e920eb,0x95e920eb,PR_ReadDir
0x95eda6b2,0x95eda6b2,PR_Realloc
0x918dc8d8,0x918dc8d8,PR_RecordTraceEntries
0xfc88f560,0xfc88f560,PR_Recv
0x58fe87b4,0x58fe87b4,PR_RecvFrom
0x42a18aa8,0x42a18aa8,PR_Rename
0x59b15920,0x59b15920,PR_ResetAlarm
0xd53ff56d,0xd53ff56d,PR_ResetProcessAttr
0x469570fa,0x469570fa,PR_ResumeAll
0x8dac076e,0x8dac076e,PR_RmDir
0x7b18411f,0x7b18411f,PR_ScanStackPointers
0x46a8c307,0x46a8c307,PR_SecondsToInterval
0xfc8981f8,0xfc8981f8,PR_Seek
0x44f1e722,0x44f1e722,PR_Seek64
0x44f5aa50,0x44f5aa50,PR_Select
0xfc89831a,0xfc89831a,PR_Send
0x5da33bba,0x5da33bba,PR_SendFile
0x44f6c0fd,0x44f6c0fd,PR_SendTo
0x6b6f0f09,0x6b6f0f09,PR_SetAlarm
0xf3e885aa,0xf3e885aa,PR_SetCPUAffinityMask
0x45ffe27,0x045ffe27,PR_SetConcurrency
0xa5cacc7c,0xa5cacc7c,PR_SetCounter
0x71b7a038,0x71b7a038,PR_SetCurrentThreadName
0x44fa0ec5,0x44fa0ec5,PR_SetEnv
0x6bbb0346,0x6bbb0346,PR_SetError
0xcb88fcb,0x0cb88fcb,PR_SetErrorText
0xc55dd35,0x0c55dd35,PR_SetFDCacheSize
0x21bb2c2d,0x21bb2c2d,PR_SetFDInheritable
0xfb60e33e,0xfb60e33e,PR_SetLibraryPath
0x712bf6,0x00712bf6,PR_SetLogBuffering
0x5995073e,0x5995073e,PR_SetLogFile
0xdd1e54de,0xdd1e54de,PR_SetNetAddr
0x118508a9,0x118508a9,PR_SetPollableEvent
0xe6a706be,0xe6a706be,PR_SetSocketOption
0xc36273f1,0xc36273f1,PR_SetStdioRedirect
0x825d5668,0x825d5668,PR_SetSysfdTableSize
0x8067033a,0x8067033a,PR_SetThreadAffinityMask
0xec89cf3e,0xec89cf3e,PR_SetThreadDumpProc
0x5f7b1db2,0x5f7b1db2,PR_SetThreadGCAble
0xf4b4bb6,0x0f4b4bb6,PR_SetThreadPriority
0x2743e74f,0x2743e74f,PR_SetThreadPrivate
0xd208ba80,0xd208ba80,PR_SetThreadRecycleMode
0x2a96acc4,0x2a96acc4,PR_SetTraceOption
0x72bf2155,0x72bf2155,PR_ShowStatus
0x560698ac,0x560698ac,PR_Shutdown
0x6066181e,0x6066181e,PR_ShutdownThreadPool
0x8dbd9749,0x8dbd9749,PR_Sleep
0x45a5c9b9,0x45a5c9b9,PR_Socket
0xc1ea7e75,0xc1ea7e75,PR_StackPop
0xff3a6766,0xff3a6766,PR_StackPush
0xfc89c14c,0xfc89c14c,PR_Stat
0xcff764cc,0xcff764cc,PR_StringToNetAddr
0xd6b1ae8c,0xd6b1ae8c,PR_SubtractFromCounter
0xd22d0feb,0xd22d0feb,PR_SuspendAll
0xfc89d82d,0xfc89d82d,PR_Sync
0x302c1f4a,0x302c1f4a,PR_SyncMemMap
0x4751d42d,0x4751d42d,PR_TLockFile
0x46efab09,0x46efab09,PR_TestAndEnterMonitor
0xd9a7252c,0xd9a7252c,PR_TestAndLock
0xa7272b37,0xa7272b37,PR_ThreadScanStackPointers
0x53f9c551,0x53f9c551,PR_TicksPerSecond
0x8dd2e8bf,0x8dd2e8bf,PR_Trace
0x2c749982,0x2c749982,PR_TransmitFile
0x8b7602a,0x08b7602a,PR_USPacificTimeParameters
0xaf8a6e2a,0xaf8a6e2a,PR_UnblockClockInterrupts
0xead9c66b,0xead9c66b,PR_UnblockInterrupt
0x5391a2c8,0x5391a2c8,PR_UnloadLibrary
0x4a43029c,0x4a43029c,PR_Unlock
0xe334ac3c,0xe334ac3c,PR_UnlockFile
0xc63dc84a,0xc63dc84a,PR_UnlockOrderedLock
0xbda15214,0xbda15214,PR_VersionCheck
0xfc8ba305,0xfc8ba305,PR_Wait
0x69b0e812,0x69b0e812,PR_WaitCondVar
0x4308d039,0x4308d039,PR_WaitForPollableEvent
0x5976bde4,0x5976bde4,PR_WaitProcess
0xd39566a,0x0d39566a,PR_WaitRecvReady
0xe11778a,0x0e11778a,PR_WaitSem
0x525d8329,0x525d8329,PR_WaitSemaphore
0x8e09567b,0x8e09567b,PR_Write
0x4f342651,0x4f342651,PR_Writev
0x8e288607,0x8e288607,PR_Yield
0x8c9d7231,0x8c9d7231,PR_cnvtf
0xfc818958,0xfc818958,PR_dtoa
0x150d9129,0x150d9129,PR_fprintf
0x8cfb1875,0x8cfb1875,PR_htonl
0x2c5e2781,0x2c5e2781,PR_htonll
0x8cfb187c,0x8cfb187c,PR_htons
0x8d67aab5,0x8d67aab5,PR_ntohl
0x3a5d01c1,0x3a5d01c1,PR_ntohll
0x8d67aabc,0x8d67aabc,PR_ntohs
0xcb1e8583,0xcb1e8583,PR_smprintf
0xe47e6844,0xe47e6844,PR_smprintf_free
0x1818c244,0x1818c244,PR_snprintf
0xe21945ed,0xe21945ed,PR_sprintf_append
0x45ee024e,0x45ee024e,PR_sscanf
0x4608a570,0x4608a570,PR_strtod
0x19df21ce,0x19df21ce,PR_sxprintf
0x750c5adf,0x750c5adf,PR_vfprintf
0x2af685f9,0x2af685f9,PR_vsmprintf
0x77f0c2ba,0x77f0c2ba,PR_vsnprintf
0x3f4946e3,0x3f4946e3,PR_vsprintf_append
0x79b72244,0x79b72244,PR_vsxprintf
0x925dbe4b,0x925dbe4b,PSCoerceToCanonicalValue
0x32ab270d,0x32ab270d,PSCreateAdapterFromPropertyStore
0xcaeee534,0xcaeee534,PSCreateDelayedMultiplexPropertyStore
0xd59360d1,0xd59360d1,PSCreateMemoryPropertyStore
0x3da3abbc,0x3da3abbc,PSCreateMultiplexPropertyStore
0xdfa39d70,0xdfa39d70,PSCreatePropertyChangeArray
0xbfbe3923,0xbfbe3923,PSCreatePropertyStoreFromObject
0x3a48d6b2,0x3a48d6b2,PSCreatePropertyStoreFromPropertySetStorage
0x7627281b,0x7627281b,PSCreateSimplePropertyChange
0xeaf48754,0xeaf48754,PSEnumeratePropertyDescriptions
0x422e88f8,0x422e88f8,PSFormatForDisplay
0x561b3fe3,0x561b3fe3,PSFormatForDisplayAlloc
0x68fbc99d,0x68fbc99d,PSFormatPropertyValue
0x920d6e73,0x920d6e73,PSGPError
0xec8e88dc,0xec8e88dc,PSGPSampleTexture
0xa7b56328,0xa7b56328,PSGetImageReferenceForValue
0x6a7fa804,0x6a7fa804,PSGetItemPropertyHandler
0x1049f84b,0x1049f84b,PSGetItemPropertyHandlerWithCreateObject
0xdc0ec635,0xdc0ec635,PSGetNameFromPropertyKey
0x8a085d0a,0x8a085d0a,PSGetNamedPropertyFromPropertyStorage
0x1f57f5bb,0x1f57f5bb,PSGetPropertyDescription
0xa8eb3557,0xa8eb3557,PSGetPropertyDescriptionByName
0xca22762,0x0ca22762,PSGetPropertyDescriptionListFromString
0x20384ba5,0x20384ba5,PSGetPropertyFromPropertyStorage
0x52564cd5,0x52564cd5,PSGetPropertyKeyFromName
0x8b41eb7c,0x8b41eb7c,PSGetPropertySystem
0x884247f4,0x884247f4,PSGetPropertyValue
0x83bc3fe,0x083bc3fe,PSLookupPropertyHandlerCLSID
0xed21deb3,0xed21deb3,PSPropertyBag_Delete
0x8ee97ec8,0x8ee97ec8,PSPropertyBag_ReadBOOL
0x8ee99077,0x8ee99077,PSPropertyBag_ReadBSTR
0x6c41ecfc,0x6c41ecfc,PSPropertyBag_ReadDWORD
0x8eec5565,0x8eec5565,PSPropertyBag_ReadGUID
0xc6454087,0xc6454087,PSPropertyBag_ReadInt
0x8eeefa6c,0x8eeefa6c,PSPropertyBag_ReadLONG
0xfe95732,0x0fe95732,PSPropertyBag_ReadPOINTL
0xfe95739,0x0fe95739,PSPropertyBag_ReadPOINTS
0x254570a,0x0254570a,PSPropertyBag_ReadPropertyKey
0x6d353276,0x6d353276,PSPropertyBag_ReadRECTL
0x6d4922ec,0x6d4922ec,PSPropertyBag_ReadSHORT
0xc6456bd5,0xc6456bd5,PSPropertyBag_ReadStr
0x95374e0,0x095374e0,PSPropertyBag_ReadStrAlloc
0x17481248,0x17481248,PSPropertyBag_ReadStream
0x8ef3883e,0x8ef3883e,PSPropertyBag_ReadType
0xf1b62d11,0xf1b62d11,PSPropertyBag_ReadULONGLONG
0x8bc6622c,0x8bc6622c,PSPropertyBag_ReadUnknown
0x3f32f5b7,0x3f32f5b7,PSPropertyBag_WriteBOOL
0x3f330766,0x3f330766,PSPropertyBag_WriteBSTR
0x25ba41cb,0x25ba41cb,PSPropertyBag_WriteDWORD
0x3f35cc54,0x3f35cc54,PSPropertyBag_WriteGUID
0x28b41596,0x28b41596,PSPropertyBag_WriteInt
0x3f38715b,0x3f38715b,PSPropertyBag_WriteLONG
0xf86c45e1,0xf86c45e1,PSPropertyBag_WritePOINTL
0xf86c45e8,0xf86c45e8,PSPropertyBag_WritePOINTS
0x5012cb19,0x5012cb19,PSPropertyBag_WritePropertyKey
0x26ad8745,0x26ad8745,PSPropertyBag_WriteRECTL
0x26c177bb,0x26c177bb,PSPropertyBag_WriteSHORT
0x28b440e4,0x28b440e4,PSPropertyBag_WriteStr
0xffcb00f7,0xffcb00f7,PSPropertyBag_WriteStream
0xa5da5160,0xa5da5160,PSPropertyBag_WriteULONGLONG
0x84a726bb,0x84a726bb,PSPropertyBag_WriteUnknown
0x719ea9eb,0x719ea9eb,PSPropertyKeyFromString
0x426cb5f7,0x426cb5f7,PSRefreshPropertySchema
0x182ce24d,0x182ce24d,PSRegisterPropertySchema
0x1ac00e80,0x1ac00e80,PSSetPropertyValue
0xdbbc80b,0x0dbbc80b,PSStringFromPropertyKey
0x602f4a90,0x602f4a90,PSUnregisterPropertySchema
0xb63e9734,0xb63e9734,PT_FPrintStats
0xb4b98118,0xb4b98118,PackDDElParam
0xf234dd45,0xf234dd45,PaintDesktop
0xa6abb2f5,0xa6abb2f5,PaintMenuBar
0xbdf90313,0xbdf90313,PaintMonitor
0x881d44d2,0x881d44d2,PaintRgn
0x4b2e317e,0x4b2e317e,ParseURLA
0x4b2e3194,0x4b2e3194,ParseURLW
0x224b6c33,0x224b6c33,ParseX509EncodedCertificateForListBoxEntry
0xe409ff6,0x0e409ff6,PatBlt
0x27e1b8f2,0x27e1b8f2,PathAddBackslashA
0x27e1b908,0x27e1b908,PathAddBackslashW
0x828a7d03,0x828a7d03,PathAddExtensionA
0x828a7d19,0x828a7d19,PathAddExtensionW
0x51eac415,0x51eac415,PathAppendA
0x51eac42b,0x51eac42b,PathAppendW
0x4666bad1,0x4666bad1,PathBuildRootA
0x4666bae7,0x4666bae7,PathBuildRootW
0x8000a06d,0x8000a06d,PathCanonicalizeA
0x8000a083,0x8000a083,PathCanonicalizeW
0x844fd9af,0x844fd9af,PathCleanupSpec
0x13945dda,0x13945dda,PathCombineA
0x13945df0,0x13945df0,PathCombineW
0xc17faf94,0xc17faf94,PathCommonPrefixA
0xc17fafaa,0xc17fafaa,PathCommonPrefixW
0x3226a291,0x3226a291,PathCompactPathA
0x5659abae,0x5659abae,PathCompactPathExA
0x5659abc4,0x5659abc4,PathCompactPathExW
0x3226a2a7,0x3226a2a7,PathCompactPathW
0xf0ba9ef8,0xf0ba9ef8,PathCreateFromUrlA
0xfa9e6e02,0xfa9e6e02,PathCreateFromUrlAlloc
0xf0ba9f0e,0xf0ba9f0e,PathCreateFromUrlW
0x3a696efd,0x3a696efd,PathFileExistsA
0x3a696f13,0x3a696f13,PathFileExistsW
0x8a5b987b,0x8a5b987b,PathFindExtensionA
0x8a5b9891,0x8a5b9891,PathFindExtensionW
0xe3a13f7f,0xe3a13f7f,PathFindFileNameA
0xe3a13f95,0xe3a13f95,PathFindFileNameW
0xcf9f00f0,0xcf9f00f0,PathFindNextComponentA
0xcf9f0106,0xcf9f0106,PathFindNextComponentW
0x220810a8,0x220810a8,PathFindOnPathA
0x220810be,0x220810be,PathFindOnPathW
0xb9ee6d52,0xb9ee6d52,PathFindSuffixArrayA
0xb9ee6d68,0xb9ee6d68,PathFindSuffixArrayW
0xd31c292a,0xd31c292a,PathGetArgsA
0xd31c2940,0xd31c2940,PathGetArgsW
0xc9d0bf7d,0xc9d0bf7d,PathGetCharTypeA
0xc9d0bf93,0xc9d0bf93,PathGetCharTypeW
0xdf4a6c20,0xdf4a6c20,PathGetDriveNumberA
0xdf4a6c36,0xdf4a6c36,PathGetDriveNumberW
0x4741f4d9,0x4741f4d9,PathGetShortPath
0x33d14036,0x33d14036,PathIsContentTypeA
0x33d1404c,0x33d1404c,PathIsContentTypeW
0x3c83696e,0x3c83696e,PathIsDirectoryA
0x85ecf77d,0x85ecf77d,PathIsDirectoryEmptyA
0x85ecf793,0x85ecf793,PathIsDirectoryEmptyW
0x3c836984,0x3c836984,PathIsDirectoryW
0xcbc0ff9a,0xcbc0ff9a,PathIsExe
0xd83e9ae4,0xd83e9ae4,PathIsFileSpecA
0xd83e9afa,0xd83e9afa,PathIsFileSpecW
0xd14d3ce4,0xd14d3ce4,PathIsLFNFileSpecA
0xd14d3cfa,0xd14d3cfa,PathIsLFNFileSpecW
0xe7834510,0xe7834510,PathIsNetworkPathA
0xe7834526,0xe7834526,PathIsNetworkPathW
0xfe06a247,0xfe06a247,PathIsPrefixA
0xfe06a25d,0xfe06a25d,PathIsPrefixW
0x93c67b55,0x93c67b55,PathIsRelativeA
0x93c67b6b,0x93c67b6b,PathIsRelativeW
0xc0e5d71d,0xc0e5d71d,PathIsRootA
0xc0e5d733,0xc0e5d733,PathIsRootW
0xad697583,0xad697583,PathIsSameRootA
0xad697599,0xad697599,PathIsSameRootW
0xc0f64ade,0xc0f64ade,PathIsSlowA
0xc0f64af4,0xc0f64af4,PathIsSlowW
0xf9ae4bfa,0xf9ae4bfa,PathIsSystemFolderA
0xf9ae4c10,0xf9ae4c10,PathIsSystemFolderW
0x43e98e7f,0x43e98e7f,PathIsUNCA
0x2a02d9b6,0x2a02d9b6,PathIsUNCServerA
0xc4cb4e49,0xc4cb4e49,PathIsUNCServerShareA
0xc4cb4e5f,0xc4cb4e5f,PathIsUNCServerShareW
0x2a02d9cc,0x2a02d9cc,PathIsUNCServerW
0x43e98e95,0x43e98e95,PathIsUNCW
0x43e9a0ac,0x43e9a0ac,PathIsURLA
0x43e9a0c2,0x43e9a0c2,PathIsURLW
0x8b9b3d63,0x8b9b3d63,PathMakePrettyA
0x8b9b3d79,0x8b9b3d79,PathMakePrettyW
0x2e3b2c5c,0x2e3b2c5c,PathMakeSystemFolderA
0x2e3b2c72,0x2e3b2c72,PathMakeSystemFolderW
0xd8b41ff2,0xd8b41ff2,PathMakeUniqueName
0xd49140b5,0xd49140b5,PathMatchSpecA
0x3de462d2,0x3de462d2,PathMatchSpecExA
0x3de462e8,0x3de462e8,PathMatchSpecExW
0xd49140cb,0xd49140cb,PathMatchSpecW
0x6fb944ba,0x6fb944ba,PathParseIconLocationA
0x6fb944d0,0x6fb944d0,PathParseIconLocationW
0x2c2cad77,0x2c2cad77,PathQualify
0x4ff0cb8a,0x4ff0cb8a,PathQuoteSpacesA
0x4ff0cba0,0x4ff0cba0,PathQuoteSpacesW
0x4c12abe9,0x4c12abe9,PathRelativePathToA
0x4c12abff,0x4c12abff,PathRelativePathToW
0x960e878,0x0960e878,PathRemoveArgsA
0x960e88e,0x0960e88e,PathRemoveArgsW
0x8ae12377,0x8ae12377,PathRemoveBackslashA
0x8ae1238d,0x8ae1238d,PathRemoveBackslashW
0x23c91846,0x23c91846,PathRemoveBlanksA
0x23c9185c,0x23c9185c,PathRemoveBlanksW
0xe589e788,0xe589e788,PathRemoveExtensionA
0xe589e79e,0xe589e79e,PathRemoveExtensionW
0x81edf2d6,0x81edf2d6,PathRemoveFileSpecA
0x81edf2ec,0x81edf2ec,PathRemoveFileSpecW
0x110953b2,0x110953b2,PathRenameExtensionA
0x110953c8,0x110953c8,PathRenameExtensionW
0x551bcd1c,0x551bcd1c,PathResolve
0x6154bec1,0x6154bec1,PathSearchAndQualifyA
0x6154bed7,0x6154bed7,PathSearchAndQualifyW
0x84ac7f5c,0x84ac7f5c,PathSetDlgItemPathA
0x84ac7f72,0x84ac7f72,PathSetDlgItemPathW
0xa42b1b8,0x0a42b1b8,PathSkipRootA
0xa42b1ce,0x0a42b1ce,PathSkipRootW
0x99d1cf9c,0x99d1cf9c,PathStripPathA
0x99d1cfb2,0x99d1cfb2,PathStripPathW
0xa9f542f6,0xa9f542f6,PathStripToRootA
0xa9f5430c,0xa9f5430c,PathStripToRootW
0xcfd268c3,0xcfd268c3,PathToRegion
0x302ddb93,0x302ddb93,PathUnExpandEnvStringsA
0x302ddba9,0x302ddba9,PathUnExpandEnvStringsW
0xcccf7027,0xcccf7027,PathUndecorateA
0xcccf703d,0xcccf703d,PathUndecorateW
0xdca8e93f,0xdca8e93f,PathUnmakeSystemFolderA
0xdca8e955,0xdca8e955,PathUnmakeSystemFolderW
0xb5a92e8d,0xb5a92e8d,PathUnquoteSpacesA
0xb5a92ea3,0xb5a92ea3,PathUnquoteSpacesW
0x24361e35,0x24361e35,PathYetAnotherMakeUniqueName
0x74e778d8,0x74e778d8,PeekConsoleInputA
0x74e778ee,0x74e778ee,PeekConsoleInputW
0x91d809ba,0x91d809ba,PeekMessageA
0x91d809d0,0x91d809d0,PeekMessageW
0xa2040567,0xa2040567,PeekNamedPipe
0x58a344dc,0x58a344dc,Perf
0xf67ba2b8,0xf67ba2b8,PerfAddCounters
0xddb94892,0xddb94892,PerfClose
0xd249cb94,0xd249cb94,PerfCloseQueryHandle
0x37f31c02,0x37f31c02,PerfCollect
0x77cdcfa5,0x77cdcfa5,PerfCreateInstance
0x944c6053,0x944c6053,PerfDecrement
0x4f3955f5,0x4f3955f5,PerfDecrementULongCounterValue
0xc0d929a5,0xc0d929a5,PerfDecrementULongLongCounterValue
0xdf0c3502,0xdf0c3502,PerfDeleteCounters
0x1754f064,0x1754f064,PerfDeleteInstance
0xffe9826e,0xffe9826e,PerfEnumerateCounterSet
0x5b2f116,0x05b2f116,PerfEnumerateCounterSetInstances
0x290b1141,0x290b1141,PerfIncrement
0x47c1c0a3,0x47c1c0a3,PerfIncrementULongCounterValue
0x47d33b53,0x47d33b53,PerfIncrementULongLongCounterValue
0xd0711ace,0xd0711ace,PerfOpen
0x60444050,0x60444050,PerfOpenQueryHandle
0x1a90970c,0x1a90970c,PerfQueryCounterData
0x1a938a7e,0x1a938a7e,PerfQueryCounterInfo
0xcfa86c65,0xcfa86c65,PerfQueryCounterSetRegistrationInfo
0xf47b8e47,0xf47b8e47,PerfQueryInstance
0x72d1b4a2,0x72d1b4a2,PerfSetCounterRefValue
0xdd0e4a00,0xdd0e4a00,PerfSetCounterSetInfo
0xeb14144a,0xeb14144a,PerfSetULongCounterValue
0x2de50a7a,0x2de50a7a,PerfSetULongLongCounterValue
0xa6eec655,0xa6eec655,PerfStartProvider
0x1db9bd12,0x1db9bd12,PerfStartProviderEx
0xab6c44ed,0xab6c44ed,PerfStopProvider
0xc36178cc,0xc36178cc,PfxFindPrefix
0x36c62d6f,0x36c62d6f,PfxInitialize
0x64f55d00,0x64f55d00,PfxInsertPrefix
0x103c0d99,0x103c0d99,PfxRemovePrefix
0x99fd6c74,0x99fd6c74,PhysicalToLogicalPoint
0xc432cdf6,0xc432cdf6,PickIconDlg
0xa718e2d,0x0a718e2d,Pie
0x91067cf6,0x91067cf6,PifMgr_CloseProperties
0xef810220,0xef810220,PifMgr_GetProperties
0xd32a6752,0xd32a6752,PifMgr_OpenProperties
0xa7f5742c,0xa7f5742c,PifMgr_SetProperties
0x374fb407,0x374fb407,PlayEnhMetaFile
0x556650a6,0x556650a6,PlayEnhMetaFileRecord
0xa48e46bb,0xa48e46bb,PlayGdiScriptOnPrinterIC
0x87171eec,0x87171eec,PlayMetaFile
0x976d934b,0x976d934b,PlayMetaFileRecord
0x645d5bee,0x645d5bee,PlaySound
0xf008da0f,0xf008da0f,PlaySoundA
0xf008da25,0xf008da25,PlaySoundW
0xf008c94,0x0f008c94,PlgBlt
0xacde76af,0xacde76af,PnPGetServiceName
0xc28e506e,0xc28e506e,PnPService
0xf63c7f10,0xf63c7f10,Pointer
0x4bf853d4,0x4bf853d4,PolyBezier
0x2b5ca837,0x2b5ca837,PolyBezierTo
0xc58a5801,0xc58a5801,PolyDraw
0x17112ebb,0x17112ebb,PolyPolygon
0xf939aadf,0xf939aadf,PolyPolyline
0xc41fe4d1,0xc41fe4d1,PolyTextOutA
0xc41fe4e7,0xc41fe4e7,PolyTextOutW
0xf6789ab7,0xf6789ab7,Polygon
0xc58e965b,0xc58e965b,Polyline
0x638da87e,0x638da87e,PolylineTo
0x67bc75bf,0x67bc75bf,PopEntrySList
0x186b071b,0x186b071b,PostMessageA
0x186b0731,0x186b0731,PostMessageW
0x794a2e5c,0x794a2e5c,PostQueuedCompletionStatus
0x160b2f1d,0x160b2f1d,PostQuitMessage
0xd0ad95f3,0xd0ad95f3,PostThreadMessageA
0xd0ad9609,0xd0ad9609,PostThreadMessageW
0x28b12aec,0x28b12aec,PowerClearRequest
0x1aa32259,0x1aa32259,PowerCreateRequest
0xa15ad591,0xa15ad591,PowerSetRequest
0x44d5242a,0x44d5242a,PreAllocator_Create
0xf289180,0x0f289180,PreAllocator_Destroy
0xe7733a5e,0xe7733a5e,PrePrepareComplete
0x2f0a40e8,0x2f0a40e8,PrePrepareEnlistment
0x5f2e37c2,0x5f2e37c2,PrepareBitStringForEncoding
0x74f3a417,0x74f3a417,PrepareComplete
0xbcd83407,0xbcd83407,PrepareDiscForBurnRunDllW
0x1e4bfce1,0x1e4bfce1,PrepareEnlistment
0x294db6e8,0x294db6e8,PrepareTape
0xe53d4314,0xe53d4314,PrintWindow
0x94601c42,0x94601c42,PrinterMessageBoxA
0x94601c58,0x94601c58,PrinterMessageBoxW
0x1f8b10a0,0x1f8b10a0,PrinterProperties
0x8de9e2d5,0x8de9e2d5,PrintersGetCommand_RunDLL
0x4b263dd6,0x4b263dd6,PrintersGetCommand_RunDLLA
0x4b263dec,0x4b263dec,PrintersGetCommand_RunDLLW
0x6751da7f,0x6751da7f,PrivCopyFileExW
0x566629aa,0x566629aa,PrivCreateTransaction
0x432f8209,0x432f8209,PrivIsLogWritableTransactionManager
0x13576188,0x13576188,PrivMoveFileIdentityW
0x1a4429cd,0x1a4429cd,PrivPropagationComplete
0x5fd2ccd9,0x5fd2ccd9,PrivPropagationFailed
0x60d23e33,0x60d23e33,PrivRegisterProtocolAddressInformation
0xeabe8e7f,0xeabe8e7f,PrivacyGetZonePreferenceW
0x13c8280b,0x13c8280b,PrivacySetZonePreferenceW
0xa541ae7b,0xa541ae7b,Private1
0x78acc5cc,0x78acc5cc,PrivateExtractIconExA
0x78acc5e2,0x78acc5e2,PrivateExtractIconExW
0xf42445c2,0xf42445c2,PrivateExtractIconsA
0xf42445d8,0xf42445d8,PrivateExtractIconsW
0x853e3622,0x853e3622,PrivateRegisterICSProc
0x8f947414,0x8f947414,PrivilegeCheck
0xec0fd8d0,0xec0fd8d0,PrivilegedServiceAuditAlarmA
0xec0fd8e6,0xec0fd8e6,PrivilegedServiceAuditAlarmW
0xc0a9475b,0xc0a9475b,Process32First
0xd5d23332,0xd5d23332,Process32FirstW
0xd9cd8d2,0x0d9cd8d2,Process32Next
0xc137f389,0xc137f389,Process32NextW
0x9ff04b2f,0x9ff04b2f,ProcessIdToSessionId
0xbd71a72,0x0bd71a72,ProcessIdleTasks
0x86ba6929,0x86ba6929,ProcessIdleTasksW
0xafcf5dfd,0xafcf5dfd,ProcessTrace
0xdc84bbf2,0xdc84bbf2,ProcessorInformationEx
0x874eab18,0x874eab18,ProcessorNumber
0x95a5de95,0x95a5de95,ProcessorNumberEx
0x13da5ab7,0x13da5ab7,ProgIDFromCLSID
0xd0c4e96,0x0d0c4e96,PropStgNameToFmtId
0xffdb4711,0xffdb4711,PropSysAllocString
0xe1c7c788,0xe1c7c788,PropSysFreeString
0x7777f80d,0x7777f80d,PropVariantChangeType
0xe64300cc,0xe64300cc,PropVariantClear
0xaccfeaa9,0xaccfeaa9,PropVariantCompareEx
0x7b576b60,0x7b576b60,PropVariantCopy
0x69aeb2e8,0x69aeb2e8,PropVariantGetBooleanElem
0x27863b03,0x27863b03,PropVariantGetDoubleElem
0xe4ed9058,0xe4ed9058,PropVariantGetElementCount
0x44f3f897,0x44f3f897,PropVariantGetFileTimeElem
0xc6d28e1a,0xc6d28e1a,PropVariantGetInt16Elem
0xcb347d58,0xcb347d58,PropVariantGetInt32Elem
0xd258283d,0xd258283d,PropVariantGetInt64Elem
0x5739ddf,0x05739ddf,PropVariantGetStringElem
0x1827cecf,0x1827cecf,PropVariantGetUInt16Elem
0x1c89be0d,0x1c89be0d,PropVariantGetUInt32Elem
0x23ad68f2,0x23ad68f2,PropVariantGetUInt64Elem
0xd67fbea3,0xd67fbea3,PropVariantToBSTR
0x18f7b308,0x18f7b308,PropVariantToBoolean
0x312083db,0x312083db,PropVariantToBooleanVector
0x7edc80a6,0x7edc80a6,PropVariantToBooleanVectorAlloc
0x50d1ecc9,0x50d1ecc9,PropVariantToBooleanWithDefault
0x75865182,0x75865182,PropVariantToBuffer
0x79cc3943,0x79cc3943,PropVariantToDouble
0x9a6d8a56,0x9a6d8a56,PropVariantToDoubleVector
0xde27cc01,0xde27cc01,PropVariantToDoubleVectorAlloc
0xb01d3824,0xb01d3824,PropVariantToDoubleWithDefault
0x13a23197,0x13a23197,PropVariantToFileTime
0x2cf971aa,0x2cf971aa,PropVariantToFileTimeVector
0x5b2d67d5,0x5b2d67d5,PropVariantToFileTimeVectorAlloc
0xd6828391,0xd6828391,PropVariantToGUID
0xa6f3787a,0xa6f3787a,PropVariantToInt16
0xe78b16cd,0xe78b16cd,PropVariantToInt16Vector
0x8d32bad8,0x8d32bad8,PropVariantToInt16VectorAlloc
0x5f2826fb,0x5f2826fb,PropVariantToInt16WithDefault
0xa6f378b8,0xa6f378b8,PropVariantToInt32
0x8c25cd8b,0x8c25cd8b,PropVariantToInt32Vector
0x68235856,0x68235856,PropVariantToInt32VectorAlloc
0x3a18c479,0x3a18c479,PropVariantToInt32WithDefault
0xa6f3791d,0xa6f3791d,PropVariantToInt64
0xeadfc5b0,0xeadfc5b0,PropVariantToInt64Vector
0xb8272f9b,0xb8272f9b,PropVariantToInt64VectorAlloc
0x8a1c9bbe,0x8a1c9bbe,PropVariantToInt64WithDefault
0x9d22b34c,0x9d22b34c,PropVariantToStrRet
0x9d228e1f,0x9d228e1f,PropVariantToString
0xae53956a,0xae53956a,PropVariantToStringAlloc
0xa93f1432,0xa93f1432,PropVariantToStringVector
0x6b85df5d,0x6b85df5d,PropVariantToStringVectorAlloc
0x3d7b4b80,0x3d7b4b80,PropVariantToStringWithDefault
0xa103c70f,0xa103c70f,PropVariantToUInt16
0x39c34122,0x39c34122,PropVariantToUInt16Vector
0xc15ba24d,0xc15ba24d,PropVariantToUInt16VectorAlloc
0x93510e70,0x93510e70,PropVariantToUInt16WithDefault
0xa103c74d,0xa103c74d,PropVariantToUInt32
0xde5df7e0,0xde5df7e0,PropVariantToUInt32Vector
0x9c4c3fcb,0x9c4c3fcb,PropVariantToUInt32VectorAlloc
0x6e41abee,0x6e41abee,PropVariantToUInt32WithDefault
0xa103c7b2,0xa103c7b2,PropVariantToUInt64
0x3d17f005,0x3d17f005,PropVariantToUInt64Vector
0xec501710,0xec501710,PropVariantToUInt64VectorAlloc
0xbe458333,0xbe458333,PropVariantToUInt64WithDefault
0xfc10ce5d,0xfc10ce5d,PropVariantToVariant
0x6a3999be,0x6a3999be,PropVariantToWinRTPropertyValue
0x4abca76d,0x4abca76d,PropertySheet
0xa251956e,0xa251956e,PropertySheetA
0xa2519584,0xa2519584,PropertySheetW
0x7e056065,0x7e056065,ProviderEnabled
0x3eae7698,0x3eae7698,PtInRect
0xa4288e0e,0xa4288e0e,PtInRegion
0xf19cd961,0xf19cd961,PtVisible
0x4002c5da,0x4002c5da,PulseEvent
0xa44b001e,0xa44b001e,PurgeComm
0x4b56f910,0x4b56f910,PushEntrySList
0x5b29e31a,0x5b29e31a,PushListSList
0xf2d74dbf,0xf2d74dbf,QISearch
0x3d7b1af4,0x3d7b1af4,QueryActCtxSettingsW
0x1ebbac3,0x01ebbac3,QueryActCtxW
0x71100321,0x71100321,QueryAllTracesA
0x71100337,0x71100337,QueryAllTracesW
0x4700ea15,0x4700ea15,QueryColorProfile
0x4fe9daf2,0x4fe9daf2,QueryContextAttributesA
0x4fe9db08,0x4fe9db08,QueryContextAttributesW
0xdb36451b,0xdb36451b,QueryCredentialsAttributesA
0xdb364531,0xdb364531,QueryCredentialsAttributesW
0xe8c71649,0xe8c71649,QueryDepthSList
0x6715b031,0x6715b031,QueryDisplayConfig
0x63fa41fc,0x63fa41fc,QueryDosDeviceA
0x63fa4212,0x63fa4212,QueryDosDeviceW
0xb23be6bc,0xb23be6bc,QueryFullProcessImageNameA
0xb23be6d2,0xb23be6d2,QueryFullProcessImageNameW
0x35909fa2,0x35909fa2,QueryIdleProcessorCycleTime
0xdc371d9f,0xdc371d9f,QueryIdleProcessorCycleTimeEx
0xbfc33d7d,0xbfc33d7d,QueryInformationJobObject
0xa9fd640d,0xa9fd640d,QueryMemoryResourceNotification
0x87abb357,0x87abb357,QueryPerformanceCounter
0x7b0e7949,0x7b0e7949,QueryPerformanceFrequency
0x728e1526,0x728e1526,QueryProcessAffinityUpdateMode
0x31edcd43,0x31edcd43,QueryProcessCycleTime
0x8f5100a1,0x8f5100a1,QueryRecoveryAgentsOnEncryptedFile
0xcca6903b,0xcca6903b,QueryRemoteFonts
0x80d93a1b,0x80d93a1b,QuerySecurityAccessMask
0x65019783,0x65019783,QuerySecurityContextToken
0x600ccab6,0x600ccab6,QuerySecurityPackageInfoA
0x600ccacc,0x600ccacc,QuerySecurityPackageInfoW
0x85c11e94,0x85c11e94,QuerySendMessage
0x70145a36,0x70145a36,QueryService
0x5c0c643f,0x5c0c643f,QueryServiceConfig2A
0x5c0c6455,0x5c0c6455,QueryServiceConfig2W
0xdc00604d,0xdc00604d,QueryServiceConfigA
0xdc006063,0xdc006063,QueryServiceConfigW
0x172f7804,0x172f7804,QueryServiceLockStatusA
0x172f781a,0x172f781a,QueryServiceLockStatusW
0x4e87f5a5,0x4e87f5a5,QueryServiceObjectSecurity
0x79e4333a,0x79e4333a,QueryServiceStatus
0x83bdf737,0x83bdf737,QueryServiceStatusEx
0xf6610fd7,0xf6610fd7,QuerySpoolMode
0xe4e715c,0x0e4e715c,QueryThreadCycleTime
0x10d340a7,0x10d340a7,QueryThreadProfiling
0xd71d80d3,0xd71d80d3,QueryThreadpoolStackInformation
0xd04ea715,0xd04ea715,QueryTraceA
0xd04ea72b,0xd04ea72b,QueryTraceW
0x7a92de2c,0x7a92de2c,QueryUnbiasedInterruptTime
0x15501a62,0x15501a62,QueryUsersOnEncryptedFile
0x12142d87,0x12142d87,QueueUserAPC
0xdd17f685,0xdd17f685,QueueUserWorkItem
0x5d3f0aee,0x5d3f0aee,RIOCloseCompletionQueue
0xa66e820c,0xa66e820c,RIOCreateCompletionQueue
0x135a6a9b,0x135a6a9b,RIOCreateRequestQueue
0x5db08241,0x5db08241,RIODequeueCompletion
0xe1ef34a1,0xe1ef34a1,RIODeregisterBuffer
0xa4517ad2,0xa4517ad2,RIONotify
0x49e06c7c,0x49e06c7c,RIOReceive
0x43ad88f9,0x43ad88f9,RIOReceiveEx
0xf0ca9958,0xf0ca9958,RIORegisterBuffer
0x95f1c94a,0x95f1c94a,RIOResizeCompletionQueue
0xba3aca99,0xba3aca99,RIOResizeRequestQueue
0x82a11703,0x82a11703,RIOSend
0xaf42f140,0xaf42f140,RIOSendEx
0x658dfa8,0x0658dfa8,RSA_FormatBlock
0x470989d2,0x470989d2,RaiseException
0x402cf1dc,0x402cf1dc,RaiseFailFastException
0x8911f0c3,0x8911f0c3,RangeMapAddPeImageSections
0x4991dfee,0x4991dfee,RangeMapCreate
0xc4c4c7c,0x0c4c4c7c,RangeMapFree
0xc52a936,0x0c52a936,RangeMapRead
0x6ba8a1a8,0x6ba8a1a8,RangeMapRemove
0x97098fe5,0x97098fe5,RangeMapWrite
0xdec1c798,0xdec1c798,ReOpenFile
0x270da9c2,0x270da9c2,ReadCabinetState
0x6a7ff9ef,0x6a7ff9ef,ReadClassStg
0x6a7ff9f5,0x6a7ff9f5,ReadClassStm
0x6fbf6f1f,0x6fbf6f1f,ReadConsoleA
0x6ebbf26f,0x6ebbf26f,ReadConsoleInputA
0xd826b0c,0x0d826b0c,ReadConsoleInputExA
0xd826b22,0x0d826b22,ReadConsoleInputExW
0x6ebbf285,0x6ebbf285,ReadConsoleInputW
0x24b17470,0x24b17470,ReadConsoleOutputA
0xa01ec4a3,0xa01ec4a3,ReadConsoleOutputAttribute
0x9abc6bdd,0x9abc6bdd,ReadConsoleOutputCharacterA
0x9abc6bf3,0x9abc6bf3,ReadConsoleOutputCharacterW
0x24b17486,0x24b17486,ReadConsoleOutputW
0x6fbf6f35,0x6fbf6f35,ReadConsoleW
0x27b730f0,0x27b730f0,ReadDirectoryChangesW
0x688ae9e3,0x688ae9e3,ReadEncryptedFileRaw
0x657bf70,0x0657bf70,ReadEventLogA
0x657bf86,0x0657bf86,ReadEventLogW
0x8123d48b,0x8123d48b,ReadFile
0x596b30c8,0x596b30c8,ReadFileEx
0xca40cae1,0xca40cae1,ReadFileScatter
0xd22605a1,0xd22605a1,ReadFmtUserTypeStg
0x6e9c4eb9,0x6e9c4eb9,ReadOleStg
0xbe6d0470,0xbe6d0470,ReadOnlyEnlistment
0x9d64faaf,0x9d64faaf,ReadPrinter
0x756ceb23,0x756ceb23,ReadProcessMemory
0x5d87aa0d,0x5d87aa0d,ReadStorageProperties
0xf47e64ee,0xf47e64ee,ReadStringStream
0x6801ce07,0x6801ce07,ReadThreadProfilingData
0xfb798cb0,0xfb798cb0,ReadUrlCacheEntryStream
0xc00f862d,0xc00f862d,ReadUrlCacheEntryStreamEx
0x2b871fed,0x2b871fed,RealChildWindowFromPoint
0x46afdb2f,0x46afdb2f,RealDriveType
0x354a3fa1,0x354a3fa1,RealGetWindowClass
0xde923422,0xde923422,RealGetWindowClassA
0xde923438,0xde923438,RealGetWindowClassW
0xf4b1d77f,0xf4b1d77f,RealShellExecuteA
0xe885d41c,0xe885d41c,RealShellExecuteExA
0xe885d432,0xe885d432,RealShellExecuteExW
0xf4b1d795,0xf4b1d795,RealShellExecuteW
0x4bee93ea,0x4bee93ea,RealizePalette
0x2108418c,0x2108418c,ReasonCodeNeedsBugID
0xc388f4f4,0xc388f4f4,ReasonCodeNeedsComment
0xf54c2f2,0x0f54c2f2,RecordShutdownReason
0xefa2fd48,0xefa2fd48,RecoverEnlistment
0x6121a288,0x6121a288,RecoverResourceManager
0xf67342c6,0xf67342c6,RecoverTransactionManager
0x47f3ef8,0x047f3ef8,RectInRegion
0x40c150b,0x040c150b,RectVisible
0x648d98e4,0x648d98e4,Rectangle
0x7e44586c,0x7e44586c,RedrawWindow
0x31d53e4c,0x31d53e4c,RegCloseKey
0x1f291591,0x1f291591,RegConnectRegistryA
0x8dc4deae,0x8dc4deae,RegConnectRegistryExA
0x8dc4dec4,0x8dc4dec4,RegConnectRegistryExW
0x1f2915a7,0x1f2915a7,RegConnectRegistryW
0x8d4efaf9,0x8d4efaf9,RegCopyTreeA
0x8d4efb0f,0x8d4efb0f,RegCopyTreeW
0xd5db04c7,0xd5db04c7,RegCreateHKCUKeyExU
0x3571e48b,0x3571e48b,RegCreateKeyA
0x597d5428,0x597d5428,RegCreateKeyExA
0x597d543c,0x597d543c,RegCreateKeyExU
0x597d543e,0x597d543e,RegCreateKeyExW
0x496a2d54,0x496a2d54,RegCreateKeyTransactedA
0x496a2d6a,0x496a2d6a,RegCreateKeyTransactedW
0x3571e4a1,0x3571e4a1,RegCreateKeyW
0xf8e07dca,0xf8e07dca,RegDeleteKeyA
0xb2f73927,0xb2f73927,RegDeleteKeyExA
0xb2f7393d,0xb2f7393d,RegDeleteKeyExW
0xe87ca153,0xe87ca153,RegDeleteKeyTransactedA
0xe87ca169,0xe87ca169,RegDeleteKeyTransactedW
0x28fd8227,0x28fd8227,RegDeleteKeyValueA
0x28fd823d,0x28fd823d,RegDeleteKeyValueW
0xf8e07de0,0xf8e07de0,RegDeleteKeyW
0x1599e051,0x1599e051,RegDeleteTreeA
0x1599e067,0x1599e067,RegDeleteTreeW
0xcc50b6be,0xcc50b6be,RegDeleteValueA
0xcc50b6d2,0xcc50b6d2,RegDeleteValueU
0xcc50b6d4,0xcc50b6d4,RegDeleteValueW
0xfab4172b,0xfab4172b,RegDisablePredefinedCache
0x78169b68,0x78169b68,RegDisablePredefinedCacheEx
0xf7e59335,0xf7e59335,RegDisableReflectionKey
0x729f9008,0x729f9008,RegEnableReflectionKey
0xb1e2f58c,0xb1e2f58c,RegEnumKeyA
0xb676a969,0xb676a969,RegEnumKeyExA
0xb676a97f,0xb676a97f,RegEnumKeyExW
0xb1e2f5a2,0xb1e2f5a2,RegEnumKeyW
0xcfd02700,0xcfd02700,RegEnumValueA
0xcfd02714,0xcfd02714,RegEnumValueU
0xcfd02716,0xcfd02716,RegEnumValueW
0x49b55d8,0x049b55d8,RegFlushKey
0xb427e1ee,0xb427e1ee,RegGetKeySecurity
0x503d0f8b,0x503d0f8b,RegGetValueA
0x503d0fa1,0x503d0fa1,RegGetValueW
0xfa892a8a,0xfa892a8a,RegKrnGetGlobalState
0x8745ceaa,0x8745ceaa,RegKrnInitialize
0xde188c38,0xde188c38,RegLoadAppKeyA
0xde188c4e,0xde188c4e,RegLoadAppKeyW
0x455ffb57,0x455ffb57,RegLoadKeyA
0x455ffb6d,0x455ffb6d,RegLoadKeyW
0x1f72d230,0x1f72d230,RegLoadMUIStringA
0x1f72d246,0x1f72d246,RegLoadMUIStringW
0xdec1e432,0xdec1e432,RegNotifyChangeKeyValue
0xc52d5ce1,0xc52d5ce1,RegOpenCurrentUser
0x73764505,0x73764505,RegOpenHKCUKeyExU
0x61294e49,0x61294e49,RegOpenKeyA
0x50b62566,0x50b62566,RegOpenKeyExA
0x50b6257a,0x50b6257a,RegOpenKeyExU
0x50b6257c,0x50b6257c,RegOpenKeyExW
0xc7075c92,0xc7075c92,RegOpenKeyTransactedA
0xc7075ca8,0xc7075ca8,RegOpenKeyTransactedW
0x61294e5f,0x61294e5f,RegOpenKeyW
0x90d89730,0x90d89730,RegOpenUserClassesRoot
0xded7da4c,0xded7da4c,RegOverridePredefKey
0x97ef88d9,0x97ef88d9,RegQueryInfoKeyA
0x97ef88ed,0x97ef88ed,RegQueryInfoKeyU
0x97ef88ef,0x97ef88ef,RegQueryInfoKeyW
0xfcbf5b00,0xfcbf5b00,RegQueryMultipleValuesA
0xfcbf5b16,0xfcbf5b16,RegQueryMultipleValuesW
0x292bddf7,0x292bddf7,RegQueryReflectionKey
0x9318e9c1,0x9318e9c1,RegQueryValueA
0xbcfa7ede,0xbcfa7ede,RegQueryValueExA
0xbcfa7ef2,0xbcfa7ef2,RegQueryValueExU
0xbcfa7ef4,0xbcfa7ef4,RegQueryValueExW
0x9318e9d7,0x9318e9d7,RegQueryValueW
0x53914dce,0x53914dce,RegRenameKey
0xec1a48d3,0xec1a48d3,RegReplaceKeyA
0xec1a48e9,0xec1a48e9,RegReplaceKeyW
0x44af6db,0x044af6db,RegRestoreKeyA
0x44af6f1,0x044af6f1,RegRestoreKeyW
0xb68be8a6,0xb68be8a6,RegSaveKeyA
0x8928cb03,0x8928cb03,RegSaveKeyExA
0x8928cb19,0x8928cb19,RegSaveKeyExW
0xb68be8bc,0xb68be8bc,RegSaveKeyW
0x7b2a957a,0x7b2a957a,RegSetKeySecurity
0xb183a460,0xb183a460,RegSetKeyValueA
0xb183a476,0xb183a476,RegSetKeyValueW
0xc6125b97,0xc6125b97,RegSetValueA
0x9417be34,0x9417be34,RegSetValueExA
0x9417be48,0x9417be48,RegSetValueExU
0x9417be4a,0x9417be4a,RegSetValueExW
0xc6125bad,0xc6125bad,RegSetValueW
0x2b565d1a,0x2b565d1a,RegUnLoadKeyA
0x2b565d30,0x2b565d30,RegUnLoadKeyW
0xc9338cc5,0xc9338cc5,RegenerateUserEnvironment
0x9025dc38,0x9025dc38,RegisterActiveObjectExt
0xf4db4cc4,0xf4db4cc4,RegisterApplicationRecoveryCallback
0xa866966d,0xa866966d,RegisterApplicationRestart
0xeda83e8b,0xeda83e8b,RegisterClassA
0xf8b22e28,0xf8b22e28,RegisterClassExA
0xf8b22e3e,0xf8b22e3e,RegisterClassExW
0xee8cd882,0xee8cd882,RegisterClassNameW
0xeda83ea1,0xeda83ea1,RegisterClassW
0x5bc1342e,0x5bc1342e,RegisterClipboardFormatA
0x5bc13444,0x5bc13444,RegisterClipboardFormatW
0x41e348e2,0x41e348e2,RegisterConsoleIME
0x41e362fb,0x41e362fb,RegisterConsoleOS2
0x41e37f0e,0x41e37f0e,RegisterConsoleVDM
0x7bd2e34c,0x7bd2e34c,RegisterDeviceNotificationA
0x7bd2e362,0x7bd2e362,RegisterDeviceNotificationW
0xb1f04607,0xb1f04607,RegisterDragDrop
0x75780e88,0x75780e88,RegisterErrorReportingDialog
0xb4cbba88,0xb4cbba88,RegisterEventSourceA
0xb4cbba9e,0xb4cbba9e,RegisterEventSourceW
0x51230200,0x51230200,RegisterForPrintAsyncNotifications
0x29d5935a,0x29d5935a,RegisterFrostWindow
0x86c89d51,0x86c89d51,RegisterGhostWindow
0xf9929aa8,0xf9929aa8,RegisterHotKey
0x33172805,0x33172805,RegisterIdleTask
0x788ceab2,0x788ceab2,RegisterLogonProcess
0x20a843ac,0x20a843ac,RegisterMessagePumpHook
0x95f87e26,0x95f87e26,RegisterPowerSettingNotification
0x6c0f5171,0x6c0f5171,RegisterRawInputDevices
0xe99d23b9,0xe99d23b9,RegisterServiceCtrlHandlerA
0xc57516d6,0xc57516d6,RegisterServiceCtrlHandlerExA
0xc57516ec,0xc57516ec,RegisterServiceCtrlHandlerExW
0xe99d23cf,0xe99d23cf,RegisterServiceCtrlHandlerW
0xa20263f7,0xa20263f7,RegisterServicesProcess
0x2be50e1d,0x2be50e1d,RegisterSessionPort
0x6cee0735,0x6cee0735,RegisterShellHookWindow
0x149a0831,0x149a0831,RegisterSpecialCase
0x4ab53a51,0x4ab53a51,RegisterSystemThread
0x83b905e3,0x83b905e3,RegisterTasklist
0xc3da486f,0xc3da486f,RegisterTouchWindow
0xaad65000,0xaad65000,RegisterTraceGuidsA
0xaad65016,0xaad65016,RegisterTraceGuidsW
0x1d24a902,0x1d24a902,RegisterUrlCacheNotification
0xbe46ca1e,0xbe46ca1e,RegisterUserApiHook
0x3b3a5db8,0x3b3a5db8,RegisterWaitChainCOMCallback
0xc3ed677e,0xc3ed677e,RegisterWaitForInputIdle
0x7c5c9289,0x7c5c9289,RegisterWaitForSingleObject
0x5cb6646,0x05cb6646,RegisterWaitForSingleObjectEx
0xd54e60d2,0xd54e60d2,RegisterWindowMessageA
0xd54e60e8,0xd54e60e8,RegisterWindowMessageW
0x9ba9317d,0x9ba9317d,RegisterWowBaseHandlers
0xaec2ccd6,0xaec2ccd6,RegisterWowExec
0x6268344,0x06268344,RelaunchChromeBrowserWithNewCommandLineIfNeeded
0xf2458b7,0x0f2458b7,ReleaseActCtx
0x88ba8c24,0x88ba8c24,ReleaseCapture
0xf65f0e97,0xf65f0e97,ReleaseDC
0x9f09b1f9,0x9f09b1f9,ReleaseDDThreadLock
0xf7bc32b8,0xf7bc32b8,ReleaseDPCache
0x56add183,0x56add183,ReleaseMutex
0xd71ecbf5,0xd71ecbf5,ReleaseMutexWhenCallbackReturns
0xb0f80dcd,0xb0f80dcd,ReleaseSRWLockExclusive
0x62dbf38c,0x62dbf38c,ReleaseSRWLockShared
0x86bc11d4,0x86bc11d4,ReleaseSemaphore
0xf46ab8a6,0xf46ab8a6,ReleaseSemaphoreWhenCallbackReturns
0xabeeaddf,0xabeeaddf,ReleaseStgMedium
0x6e2528fc,0x6e2528fc,RemoveClipboardFormatListener
0xa02cefb3,0xa02cefb3,RemoveDirectoryA
0x6c2b4a7c,0x6c2b4a7c,RemoveDirectoryTransactedA
0x6c2b4a92,0x6c2b4a92,RemoveDirectoryTransactedW
0xa02cefc9,0xa02cefc9,RemoveDirectoryW
0x39b2fb2e,0x39b2fb2e,RemoveDllDirectory
0x665faff8,0x665faff8,RemoveFontMemResourceEx
0x57d5e7fd,0x57d5e7fd,RemoveFontResourceA
0xa4effc1a,0xa4effc1a,RemoveFontResourceExA
0xa4effc30,0xa4effc30,RemoveFontResourceExW
0x342d9caf,0x342d9caf,RemoveFontResourceTracking
0x57d5e813,0x57d5e813,RemoveFontResourceW
0xe42041a6,0xe42041a6,RemoveInvalidModuleList
0x7b5f23b9,0x7b5f23b9,RemoveLocalAlternateComputerNameA
0x7b5f23cf,0x7b5f23cf,RemoveLocalAlternateComputerNameW
0xe04c7d32,0xe04c7d32,RemoveMenu
0xea1991df,0xea1991df,RemovePropA
0xea1991f5,0xea1991f5,RemovePropW
0x5a59d99e,0x5a59d99e,RemoveSecureMemoryCacheCallback
0x360dc19,0x0360dc19,RemoveTraceCallback
0x134d4a91,0x134d4a91,RemoveUsersFromEncryptedFile
0x276017c,0x0276017c,RemoveVectoredContinueHandler
0x4ec0fea6,0x4ec0fea6,RemoveVectoredExceptionHandler
0xd4f24715,0xd4f24715,RemoveWindowSubclass
0x5ece97e8,0x5ece97e8,RenameTransactionManager
0x2cca5d0b,0x2cca5d0b,ReplaceFile
0xc615fecc,0xc615fecc,ReplaceFileA
0xc615fee2,0xc615fee2,ReplaceFileW
0x949457e5,0x949457e5,ReplacePartitionUnit
0xeef8df40,0xeef8df40,ReplyMessage
0xf1a7de8e,0xf1a7de8e,ReportEventA
0xf1a7dea4,0xf1a7dea4,ReportEventW
0xd8689b98,0xd8689b98,ReportJobProcessingProgress
0x98715fef,0x98715fef,ReportSymbolLoadSummary
0xd17a0eb5,0xd17a0eb5,RequestDeviceWakeup
0x5f4c4f15,0x5f4c4f15,RequestWakeupLatency
0xab3a5f3a,0xab3a5f3a,ResetDCA
0xab3a5f50,0xab3a5f50,ResetDCW
0x636bb914,0x636bb914,ResetEvent
0x9149a277,0x9149a277,ResetPrinterA
0x9149a28d,0x9149a28d,ResetPrinterW
0xd2a2e3d4,0xd2a2e3d4,ResetWriteWatch
0x88c07e30,0x88c07e30,ResizePalette
0x924a518d,0x924a518d,ResolveDesktopForWOW
0x4e186fa0,0x4e186fa0,ResolveLocaleName
0x8f155024,0x8f155024,RestartDialog
0xa9a9f6a1,0xa9a9f6a1,RestartDialogEx
0x3530e3fa,0x3530e3fa,RestoreDC
0xd011a71,0x0d011a71,RestoreLastError
0xf0780563,0xf0780563,ResumeSuspendedDownload
0xbac682d8,0xbac682d8,ResumeThread
0x3d11f7af,0x3d11f7af,RetrieveUrlCacheEntryFileA
0x3d11f7c5,0x3d11f7c5,RetrieveUrlCacheEntryFileW
0xcc39159b,0xcc39159b,RetrieveUrlCacheEntryStreamA
0xcc3915b1,0xcc3915b1,RetrieveUrlCacheEntryStreamW
0x908b4cfd,0x908b4cfd,ReuseDDElParam
0xce2c4c4,0x0ce2c4c4,RevertSecurityContext
0x1c61dbcf,0x1c61dbcf,RevertToOldImplementation
0x9f911734,0x9f911734,RevertToSelf
0x2ebc0abf,0x2ebc0abf,RevokeActiveObjectExt
0x732ce6e,0x0732ce6e,RevokeDragDrop
0x6801ba41,0x6801ba41,RoGetAgileReference
0x150650f2,0x150650f2,RollbackComplete
0xdbd4c7c,0x0dbd4c7c,RollbackEnlistment
0x14f137df,0x14f137df,RollbackTransaction
0x2e9664fd,0x2e9664fd,RollbackTransactionAsync
0x7b83c7fe,0x7b83c7fe,RollforwardTransactionManager
0xfaf1ace5,0xfaf1ace5,RoundRect
0xa66557e6,0xa66557e6,RpcAsyncAbortCall
0x75640734,0x75640734,RpcAsyncCancelCall
0x12bbe767,0x12bbe767,RpcAsyncCompleteCall
0x5db0f8b2,0x5db0f8b2,RpcAsyncGetCallStatus
0xb757b250,0xb757b250,RpcAsyncInitializeHandle
0x4a208d23,0x4a208d23,RpcAsyncRegisterInfo
0x8253996c,0x8253996c,RpcBindingBind
0x82543faa,0x82543faa,RpcBindingCopy
0x7aea5584,0x7aea5584,RpcBindingCreateA
0x7aea559a,0x7aea559a,RpcBindingCreateW
0x8255f011,0x8255f011,RpcBindingFree
0x90adfb16,0x90adfb16,RpcBindingFromStringBindingA
0x90adfb2c,0x90adfb2c,RpcBindingFromStringBindingW
0x43204a9,0x043204a9,RpcBindingInqAuthClientA
0xd8c5f3c6,0xd8c5f3c6,RpcBindingInqAuthClientExA
0xd8c5f3dc,0xd8c5f3dc,RpcBindingInqAuthClientExW
0x43204bf,0x043204bf,RpcBindingInqAuthClientW
0x1f3a3096,0x1f3a3096,RpcBindingInqAuthInfoA
0xd688cef3,0xd688cef3,RpcBindingInqAuthInfoExA
0xd688cf09,0xd688cf09,RpcBindingInqAuthInfoExW
0x1f3a30ac,0x1f3a30ac,RpcBindingInqAuthInfoW
0xa3d94dee,0xa3d94dee,RpcBindingInqObject
0xa4dc3350,0xa4dc3350,RpcBindingInqOption
0xcde63352,0xcde63352,RpcBindingReset
0xf882b639,0xf882b639,RpcBindingServerFromClient
0x64992a7a,0x64992a7a,RpcBindingSetAuthInfoA
0xef8dd1d7,0xef8dd1d7,RpcBindingSetAuthInfoExA
0xef8dd1ed,0xef8dd1ed,RpcBindingSetAuthInfoExW
0x64992a90,0x64992a90,RpcBindingSetAuthInfoW
0xc953f252,0xc953f252,RpcBindingSetObject
0xca56d7b4,0xca56d7b4,RpcBindingSetOption
0xd2f0b6a5,0xd2f0b6a5,RpcBindingToStringBindingA
0xd2f0b6bb,0xd2f0b6bb,RpcBindingToStringBindingW
0x9245b22f,0x9245b22f,RpcBindingUnbind
0xef5a9ba4,0xef5a9ba4,RpcBindingVectorFree
0x3220a892,0x3220a892,RpcCancelThread
0x3ced228f,0x3ced228f,RpcCancelThreadEx
0x3b8b1511,0x3b8b1511,RpcCertGeneratePrincipalNameA
0x3b8b1527,0x3b8b1527,RpcCertGeneratePrincipalNameW
0x9f083d92,0x9f083d92,RpcCertMatchPrincipalName
0x482bf9af,0x482bf9af,RpcEpRegisterA
0xa917128,0x0a917128,RpcEpRegisterNoReplaceA
0xa91713e,0x0a91713e,RpcEpRegisterNoReplaceW
0x482bf9c5,0x482bf9c5,RpcEpRegisterW
0xb0e8cc4,0x0b0e8cc4,RpcEpResolveBinding
0x4858d051,0x4858d051,RpcEpUnregister
0x380eb7a6,0x380eb7a6,RpcErrorAddRecord
0xdd0b856b,0xdd0b856b,RpcErrorClearInformation
0xd0beb85c,0xd0beb85c,RpcErrorEndEnumeration
0xbfb0b01c,0xbfb0b01c,RpcErrorGetNextRecord
0x54ad2fae,0x54ad2fae,RpcErrorGetNumberOfRecords
0xfe31f8b4,0xfe31f8b4,RpcErrorLoadErrorInfo
0x2639a88,0x02639a88,RpcErrorResetEnumeration
0x71218f63,0x71218f63,RpcErrorSaveErrorInfo
0x7d179cf3,0x7d179cf3,RpcErrorStartEnumeration
0x8b7cb409,0x8b7cb409,RpcExceptionFilter
0xa8ac75ac,0xa8ac75ac,RpcFreeAuthorizationContext
0xa54a12b0,0xa54a12b0,RpcGetAuthorizationContextForClient
0xb87c8e85,0xb87c8e85,RpcIfIdVectorFree
0xb42c3198,0xb42c3198,RpcIfInqId
0xaef783da,0xaef783da,RpcImpersonateClient
0xed3c7296,0xed3c7296,RpcMgmtEnableIdleCleanup
0xbad0ef90,0xbad0ef90,RpcMgmtEpEltInqBegin
0x5affd711,0x5affd711,RpcMgmtEpEltInqDone
0xbbaa5f4b,0xbbaa5f4b,RpcMgmtEpEltInqNextA
0xbbaa5f61,0xbbaa5f61,RpcMgmtEpEltInqNextW
0x67589bc6,0x67589bc6,RpcMgmtEpUnregister
0xd8f436d7,0xd8f436d7,RpcMgmtInqComTimeout
0xbbeda2cf,0xbbeda2cf,RpcMgmtInqDefaultProtectLevel
0x380f6660,0x380f6660,RpcMgmtInqIfIds
0xc7598c66,0xc7598c66,RpcMgmtInqServerPrincNameA
0xc7598c7c,0xc7598c7c,RpcMgmtInqServerPrincNameW
0x38cbe8c0,0x38cbe8c0,RpcMgmtInqStats
0x75541309,0x75541309,RpcMgmtIsServerListening
0xf3c7569a,0xf3c7569a,RpcMgmtSetAuthorizationFn
0x7a118ac2,0x7a118ac2,RpcMgmtSetCancelTimeout
0xca326d3b,0xca326d3b,RpcMgmtSetComTimeout
0x6f8b71bd,0x6f8b71bd,RpcMgmtSetServerStackSize
0x4b72e6d,0x04b72e6d,RpcMgmtStatsVectorFree
0x17c9a1d3,0x17c9a1d3,RpcMgmtStopServerListening
0x880f5324,0x880f5324,RpcMgmtWaitServerListen
0xb2a53b08,0xb2a53b08,RpcNetworkInqProtseqsA
0xb2a53b1e,0xb2a53b1e,RpcNetworkInqProtseqsW
0x11dbef39,0x11dbef39,RpcNetworkIsProtseqValidA
0x11dbef4f,0x11dbef4f,RpcNetworkIsProtseqValidW
0x99d6e30c,0x99d6e30c,RpcNsBindingInqEntryNameA
0x99d6e322,0x99d6e322,RpcNsBindingInqEntryNameW
0x8a8a7d35,0x8a8a7d35,RpcObjectInqType
0x67d2bad3,0x67d2bad3,RpcObjectSetInqFn
0x7788b899,0x7788b899,RpcObjectSetType
0xb9e572d8,0xb9e572d8,RpcProtseqVectorFreeA
0xb9e572ee,0xb9e572ee,RpcProtseqVectorFreeW
0xf9f68ff7,0xf9f68ff7,RpcRaiseException
0x96cc5019,0x96cc5019,RpcRevertToSelf
0x7b20c7d6,0x7b20c7d6,RpcRevertToSelfEx
0x69de1629,0x69de1629,RpcServerCompleteSecurityCallback
0x23ed9b1a,0x23ed9b1a,RpcServerInqBindingHandle
0xded7eb21,0xded7eb21,RpcServerInqBindings
0xe72d1e37,0xe72d1e37,RpcServerInqCallAttributesA
0xe72d1e4d,0xe72d1e4d,RpcServerInqCallAttributesW
0xbb305336,0xbb305336,RpcServerInqDefaultPrincNameA
0xbb30534c,0xbb30534c,RpcServerInqDefaultPrincNameW
0x917ab082,0x917ab082,RpcServerInqIf
0xc77707fa,0xc77707fa,RpcServerListen
0x318b0a2f,0x318b0a2f,RpcServerRegisterAuthInfoA
0x318b0a45,0x318b0a45,RpcServerRegisterAuthInfoW
0x4113a1df,0x4113a1df,RpcServerRegisterIf
0x6387ddf1,0x6387ddf1,RpcServerRegisterIf2
0xd483a31c,0xd483a31c,RpcServerRegisterIfEx
0xe665021b,0xe665021b,RpcServerSubscribeForNotification
0x8459ae71,0x8459ae71,RpcServerTestCancel
0x311667e2,0x311667e2,RpcServerUnregisterIf
0xd04ff5df,0xd04ff5df,RpcServerUnregisterIfEx
0xdaa0915e,0xdaa0915e,RpcServerUnsubscribeForNotification
0xf5ca0352,0xf5ca0352,RpcServerUseAllProtseqs
0x90582d4f,0x90582d4f,RpcServerUseAllProtseqsEx
0x90582dc1,0x90582dc1,RpcServerUseAllProtseqsIf
0x71aaf7e,0x071aaf7e,RpcServerUseAllProtseqsIfEx
0x6171c247,0x6171c247,RpcServerUseProtseqA
0x84eb8fdc,0x84eb8fdc,RpcServerUseProtseqEpA
0x6e0f17b9,0x6e0f17b9,RpcServerUseProtseqEpExA
0x6e0f17cf,0x6e0f17cf,RpcServerUseProtseqEpExW
0x84eb8ff2,0x84eb8ff2,RpcServerUseProtseqEpW
0x84eb90e4,0x84eb90e4,RpcServerUseProtseqExA
0x84eb90fa,0x84eb90fa,RpcServerUseProtseqExW
0x84eb9f96,0x84eb9f96,RpcServerUseProtseqIfA
0x6e51fdf3,0x6e51fdf3,RpcServerUseProtseqIfExA
0x6e51fe09,0x6e51fe09,RpcServerUseProtseqIfExW
0x84eb9fac,0x84eb9fac,RpcServerUseProtseqIfW
0x6171c25d,0x6171c25d,RpcServerUseProtseqW
0x92994802,0x92994802,RpcServerYield
0xc06f73d9,0xc06f73d9,RpcSmAllocate
0xf69e3a15,0xf69e3a15,RpcSmClientFree
0xd2885fe2,0xd2885fe2,RpcSmDestroyClientContext
0x3ab238ad,0x3ab238ad,RpcSmDisableAllocate
0xf8ef68c0,0xf8ef68c0,RpcSmEnableAllocate
0x89e186d6,0x89e186d6,RpcSmFree
0xef446db8,0xef446db8,RpcSmGetThreadHandle
0x5c2500c,0x05c2500c,RpcSmSetClientAllocFree
0x969d92c4,0x969d92c4,RpcSmSetThreadHandle
0xd63c2bb,0x0d63c2bb,RpcSmSwapClientAllocFree
0x7b5a19df,0x7b5a19df,RpcSsAllocate
0xcc1d900,0x0cc1d900,RpcSsContextLockExclusive
0x67d7539f,0x67d7539f,RpcSsContextLockShared
0xb8d63ee8,0xb8d63ee8,RpcSsDestroyClientContext
0x83f11bf3,0x83f11bf3,RpcSsDisableAllocate
0x79848bc,0x079848bc,RpcSsDontSerializeContext
0xcc9bfb46,0xcc9bfb46,RpcSsEnableAllocate
0x8a4e19dc,0x8a4e19dc,RpcSsFree
0x2e8c56fa,0x2e8c56fa,RpcSsGetContextBinding
0x388350fe,0x388350fe,RpcSsGetThreadHandle
0x2ae0b592,0x2ae0b592,RpcSsSetClientAllocFree
0xdfdc760a,0xdfdc760a,RpcSsSetThreadHandle
0xd64ed901,0xd64ed901,RpcSsSwapClientAllocFree
0x9737703d,0x9737703d,RpcStringBindingComposeA
0x97377053,0x97377053,RpcStringBindingComposeW
0xc8db4382,0xc8db4382,RpcStringBindingParseA
0xc8db4398,0xc8db4398,RpcStringBindingParseW
0x69b07a4e,0x69b07a4e,RpcStringFreeA
0x69b07a64,0x69b07a64,RpcStringFreeW
0xf13a4da,0x0f13a4da,RpcTestCancel
0x2c6b5315,0x2c6b5315,RpcUserFree
0xb6ca5a7b,0xb6ca5a7b,RtlAbortRXact
0x81e020c0,0x81e020c0,RtlAbsoluteToSelfRelativeSD
0x836940ab,0x836940ab,RtlAcquirePebLock
0x33d776f2,0x33d776f2,RtlAcquirePrivilege
0xe23c3789,0xe23c3789,RtlAcquireReleaseSRWLockExclusive
0x3108690b,0x3108690b,RtlAcquireResourceExclusive
0xfb41e78a,0xfb41e78a,RtlAcquireResourceShared
0x899201e8,0x899201e8,RtlAcquireSRWLockExclusive
0x1765e587,0x1765e587,RtlAcquireSRWLockShared
0x81890569,0x81890569,RtlActivateActivationContext
0x7e01126,0x07e01126,RtlActivateActivationContextEx
0x6b559af9,0x6b559af9,RtlActivateActivationContextUnsafeFast
0xf2b3002d,0xf2b3002d,RtlAddAccessAllowedAce
0x6b73ccea,0x6b73ccea,RtlAddAccessAllowedAceEx
0x5b38fe04,0x5b38fe04,RtlAddAccessAllowedObjectAce
0xc745db6e,0xc745db6e,RtlAddAccessDeniedAce
0xb02a7c6b,0xb02a7c6b,RtlAddAccessDeniedAceEx
0x72cd8605,0x72cd8605,RtlAddAccessDeniedObjectAce
0xc513e3f3,0xc513e3f3,RtlAddAce
0xb030d32d,0xb030d32d,RtlAddActionToRXact
0x3d8e5237,0x3d8e5237,RtlAddAtomToAtomTable
0x90c19481,0x90c19481,RtlAddAttributeActionToRXact
0xfae9743c,0xfae9743c,RtlAddAuditAccessAce
0x5b1780b9,0x5b1780b9,RtlAddAuditAccessAceEx
0x1a200153,0x1a200153,RtlAddAuditAccessObjectAce
0xc7b9f9d8,0xc7b9f9d8,RtlAddCompoundAce
0xaaed4e6f,0xaaed4e6f,RtlAddIntegrityLabelToBoundaryDescriptor
0xb669f582,0xb669f582,RtlAddMandatoryAce
0x204432fe,0x204432fe,RtlAddRefActivationContext
0x8fc75a6c,0x8fc75a6c,RtlAddRefMemoryStream
0xd9b4b30,0x0d9b4b30,RtlAddSIDToBoundaryDescriptor
0x199bc829,0x199bc829,RtlAddVectoredContinueHandler
0x4a9f9af3,0x4a9f9af3,RtlAddVectoredExceptionHandler
0x50f6793b,0x50f6793b,RtlAddressInSectionTable
0x7a214213,0x7a214213,RtlAdjustPrivilege
0xeda2a353,0xeda2a353,RtlAllocateActivationContextStack
0x47c3346b,0x47c3346b,RtlAllocateAndInitializeSid
0xf459c552,0xf459c552,RtlAllocateHandle
0x88ce1224,0x88ce1224,RtlAllocateHeap
0x2a6ef965,0x2a6ef965,RtlAllocateMemoryBlockLookaside
0xc3d32a3b,0xc3d32a3b,RtlAllocateMemoryZone
0x2e29a4d2,0x2e29a4d2,RtlAnsiCharToUnicodeChar
0xe5e50848,0xe5e50848,RtlAnsiStringToUnicodeSize
0xf40b0464,0xf40b0464,RtlAnsiStringToUnicodeString
0x9f8d9b6,0x09f8d9b6,RtlAppendAsciizToString
0x3ab5c5b0,0x3ab5c5b0,RtlAppendPathElement
0xd116dbca,0xd116dbca,RtlAppendStringToString
0x26fd5731,0x26fd5731,RtlAppendUnicodeStringToString
0xf41accfa,0xf41accfa,RtlAppendUnicodeToString
0x22ee2917,0x22ee2917,RtlApplicationVerifierStop
0x3fa6bc09,0x3fa6bc09,RtlApplyRXact
0x2d716de8,0x2d716de8,RtlApplyRXactNoFlush
0xa947b921,0xa947b921,RtlAreAllAccessesGranted
0x6dae6990,0x6dae6990,RtlAreAnyAccessesGranted
0xe004f432,0xe004f432,RtlAreBitsClear
0xdad44eb7,0xdad44eb7,RtlAreBitsSet
0xc62ba033,0xc62ba033,RtlAssert
0xae91e8a8,0xae91e8a8,RtlBarrier
0xee5a0742,0xee5a0742,RtlBarrierForDelete
0xb9804008,0xb9804008,RtlCancelTimer
0x4d63d9a,0x04d63d9a,RtlCaptureContext
0x8440540b,0x8440540b,RtlCaptureStackBackTrace
0x1b1965b0,0x1b1965b0,RtlCaptureStackContext
0x3d991310,0x3d991310,RtlCharToInteger
0x2b22c06a,0x2b22c06a,RtlCheckForOrphanedCriticalSections
0x19f1f3c1,0x19f1f3c1,RtlCheckRegistryKey
0x40eabd95,0x40eabd95,RtlCleanUpTEBLangLists
0x354a4fd3,0x354a4fd3,RtlClearAllBits
0x2643a15a,0x2643a15a,RtlClearBits
0xe60a4b7,0x0e60a4b7,RtlCloneMemoryStream
0x7d1953b0,0x7d1953b0,RtlCloneUserProcess
0x8c860214,0x8c860214,RtlCmDecodeMemIoResource
0x9c279b7e,0x9c279b7e,RtlCmEncodeMemIoResource
0xead6171d,0xead6171d,RtlCommitDebugInfo
0x3cfcf06f,0x3cfcf06f,RtlCommitMemoryStream
0x34077ea6,0x34077ea6,RtlCompactHeap
0xc687cef7,0xc687cef7,RtlCompareAltitudes
0xb4c414a1,0xb4c414a1,RtlCompareMemory
0x768173e6,0x768173e6,RtlCompareMemoryUlong
0xc3d51bbf,0xc3d51bbf,RtlCompareString
0x8c744146,0x8c744146,RtlCompareUnicodeString
0x1afc6a79,0x1afc6a79,RtlCompareUnicodeStrings
0x5aabc547,0x5aabc547,RtlCompressBuffer
0x2369439b,0x2369439b,RtlComputeCrc32
0x5de646e5,0x5de646e5,RtlComputeImportTableHash
0x27c20d91,0x27c20d91,RtlComputePrivatizedDllName_U
0x3effa4e,0x03effa4e,RtlConnectToSm
0x4d6780eb,0x4d6780eb,RtlConsoleMultiByteToUnicodeN
0xf9dfe78b,0xf9dfe78b,RtlContractHashTable
0x9a5de54,0x09a5de54,RtlConvertExclusiveToShared
0xdbed6238,0xdbed6238,RtlConvertLCIDToString
0x33e89a8e,0x33e89a8e,RtlConvertLongToLargeInteger
0x3b9c7314,0x3b9c7314,RtlConvertSharedToExclusive
0xa9860803,0xa9860803,RtlConvertSidToUnicodeString
0x683b9880,0x683b9880,RtlConvertToAutoInheritSecurityObject
0x83f68a15,0x83f68a15,RtlConvertUiListToApiList
0xe851b283,0xe851b283,RtlConvertUlongToLargeInteger
0x9559b321,0x9559b321,RtlCopyContext
0xe4c57592,0xe4c57592,RtlCopyExtendedContext
0x9e9667ca,0x9e9667ca,RtlCopyLuid
0xfecb3c03,0xfecb3c03,RtlCopyLuidAndAttributesArray
0x756f664c,0x756f664c,RtlCopyMappedMemory
0x8e061244,0x8e061244,RtlCopyMemoryStreamTo
0x77629b90,0x77629b90,RtlCopyOutOfProcessMemoryStreamTo
0x8cecf333,0x8cecf333,RtlCopySecurityDescriptor
0x1c142edc,0x1c142edc,RtlCopySid
0xde5ff395,0xde5ff395,RtlCopySidAndAttributesArray
0xae169973,0xae169973,RtlCopyString
0x86d0cc7a,0x86d0cc7a,RtlCopyUnicodeString
0xaff45085,0xaff45085,RtlCreateAcl
0x2744470c,0x2744470c,RtlCreateActivationContext
0xdfd623cb,0xdfd623cb,RtlCreateAndSetSD
0xa5ec006e,0xa5ec006e,RtlCreateAtomTable
0x14424c27,0x14424c27,RtlCreateBootStatusDataFile
0xd23684d8,0xd23684d8,RtlCreateBoundaryDescriptor
0xd40e860a,0xd40e860a,RtlCreateEnvironment
0x11c83e07,0x11c83e07,RtlCreateEnvironmentEx
0x74af72a1,0x74af72a1,RtlCreateHashTable
0xae823f53,0xae823f53,RtlCreateHeap
0x7adda494,0x7adda494,RtlCreateMemoryBlockLookaside
0x7f263eaa,0x7f263eaa,RtlCreateMemoryZone
0x5af0ee08,0x5af0ee08,RtlCreateProcessParameters
0xdae49d85,0xdae49d85,RtlCreateProcessParametersEx
0x5dd5109f,0x5dd5109f,RtlCreateProcessReflection
0x19a69e0c,0x19a69e0c,RtlCreateQueryDebugBuffer
0xfb0d17f7,0xfb0d17f7,RtlCreateRegistryKey
0x9ac5790c,0x9ac5790c,RtlCreateSecurityDescriptor
0x38ee7ac6,0x38ee7ac6,RtlCreateServiceSid
0x7c8d1c34,0x7c8d1c34,RtlCreateSystemVolumeInformationFolder
0xeccb838f,0xeccb838f,RtlCreateTagHeap
0x7fa5b356,0x7fa5b356,RtlCreateTimer
0x6b07ef7b,0x6b07ef7b,RtlCreateTimerQueue
0xffbf06b3,0xffbf06b3,RtlCreateUnicodeString
0x3e610ea,0x03e610ea,RtlCreateUnicodeStringFromAsciiz
0x3d334853,0x3d334853,RtlCreateUserProcess
0xe25f3743,0xe25f3743,RtlCreateUserSecurityObject
0xdd3eb88a,0xdd3eb88a,RtlCreateUserStack
0x869b266c,0x869b266c,RtlCreateUserThread
0x340daae9,0x340daae9,RtlCreateVirtualAccountSid
0xe6f94d05,0xe6f94d05,RtlCultureNameToLCID
0xf17355c7,0xf17355c7,RtlCustomCPToUnicodeN
0x5d8c492f,0x5d8c492f,RtlCutoverTimeToSystemTime
0xa4f0d586,0xa4f0d586,RtlDeCommitDebugInfo
0xbc794b3e,0xbc794b3e,RtlDeNormalizeProcessParams
0xa5af9b12,0xa5af9b12,RtlDeactivateActivationContext
0x76ae17e2,0x76ae17e2,RtlDeactivateActivationContextUnsafeFast
0xeb638437,0xeb638437,RtlDebugPrintTimes
0x92c945c6,0x92c945c6,RtlDecodePointer
0xe657c5ab,0xe657c5ab,RtlDecodeSystemPointer
0x31c3da90,0x31c3da90,RtlDecompressBuffer
0x70a9e38a,0x70a9e38a,RtlDecompressFragment
0xeb1a6394,0xeb1a6394,RtlDefaultNpAcl
0xcc29ec94,0xcc29ec94,RtlDelete
0x49453ddd,0x49453ddd,RtlDeleteAce
0x9297ba72,0x9297ba72,RtlDeleteAtomFromAtomTable
0xcb65dbb,0x0cb65dbb,RtlDeleteBarrier
0xdd50e057,0xdd50e057,RtlDeleteBoundaryDescriptor
0x4774f074,0x4774f074,RtlDeleteCriticalSection
0xc94e11e3,0xc94e11e3,RtlDeleteElementGenericTable
0xf85e9746,0xf85e9746,RtlDeleteElementGenericTableAvl
0x51aab40,0x051aab40,RtlDeleteHashTable
0xc92a7b9a,0xc92a7b9a,RtlDeleteNoSplay
0xc1fc160a,0xc1fc160a,RtlDeleteRegistryValue
0x9dadff9c,0x9dadff9c,RtlDeleteResource
0x7c26f783,0x7c26f783,RtlDeleteSecurityObject
0xb0e77475,0xb0e77475,RtlDeleteTimer
0x8da3bfa,0x08da3bfa,RtlDeleteTimerQueue
0xa8592ff7,0xa8592ff7,RtlDeleteTimerQueueEx
0xbbca8cf0,0xbbca8cf0,RtlDeregisterSecureMemoryCacheCallback
0xaf44db64,0xaf44db64,RtlDeregisterWait
0x93e951e1,0x93e951e1,RtlDeregisterWaitEx
0xfe4bafe4,0xfe4bafe4,RtlDestroyAtomTable
0xc317eb00,0xc317eb00,RtlDestroyEnvironment
0xf8acea3f,0xf8acea3f,RtlDestroyHandleTable
0x35e2ed09,0x35e2ed09,RtlDestroyHeap
0x66defe4a,0x66defe4a,RtlDestroyMemoryBlockLookaside
0xe37bdce0,0xe37bdce0,RtlDestroyMemoryZone
0x64ebb37e,0x64ebb37e,RtlDestroyProcessParameters
0x58038cc2,0x58038cc2,RtlDestroyQueryDebugBuffer
0x3b132b08,0x3b132b08,RtlDetectHeapLeaks
0xca38d2a8,0xca38d2a8,RtlDetermineDosPathNameType_U
0x429a5157,0x429a5157,RtlDisableThreadProfiling
0xe530e105,0xe530e105,RtlDllShutdownInProgress
0xc14d40f8,0xc14d40f8,RtlDnsHostNameToComputerName
0xd79c2ee0,0xd79c2ee0,RtlDoesFileExists_U
0x8459f464,0x8459f464,RtlDosApplyFileIsolationRedirection_Ustr
0xb2b500fc,0xb2b500fc,RtlDosPathNameToNtPathName_U
0x34a8ab3b,0x34a8ab3b,RtlDosPathNameToNtPathName_U_WithStatus
0x9ffbfe58,0x9ffbfe58,RtlDosPathNameToRelativeNtPathName_U
0xa4ed1717,0xa4ed1717,RtlDosPathNameToRelativeNtPathName_U_WithStatus
0x75e7d41e,0x75e7d41e,RtlDosSearchPath_U
0x74d9bff7,0x74d9bff7,RtlDosSearchPath_Ustr
0x5fa1dada,0x5fa1dada,RtlDowncaseUnicodeChar
0xf5b8e433,0xf5b8e433,RtlDowncaseUnicodeString
0x4e9d1cbf,0x4e9d1cbf,RtlDumpResource
0x4547127a,0x4547127a,RtlDuplicateUnicodeString
0xf70000c9,0xf70000c9,RtlEmptyAtomTable
0xd6dff43c,0xd6dff43c,RtlEnableEarlyCriticalSectionEventCreation
0x438e806a,0x438e806a,RtlEnableThreadProfiling
0x9ab697b0,0x9ab697b0,RtlEncodePointer
0xf5f95f15,0xf5f95f15,RtlEncodeSystemPointer
0x561716eb,0x561716eb,RtlEndEnumerationHashTable
0x7df79293,0x7df79293,RtlEndWeakEnumerationHashTable
0x3dffadb1,0x3dffadb1,RtlEnlargedIntegerMultiply
0xf1843335,0xf1843335,RtlEnlargedUnsignedDivide
0x36df9bc0,0x36df9bc0,RtlEnlargedUnsignedMultiply
0x6c163cbf,0x6c163cbf,RtlEnterCriticalSection
0x6adef366,0x6adef366,RtlEnumProcessHeaps
0x89494805,0x89494805,RtlEnumerateEntryHashTable
0x558026ec,0x558026ec,RtlEnumerateGenericTable
0x7ad97baf,0x7ad97baf,RtlEnumerateGenericTableAvl
0xdfe918c7,0xdfe918c7,RtlEnumerateGenericTableLikeADirectory
0x1e1c2027,0x1e1c2027,RtlEnumerateGenericTableWithoutSplaying
0xca3f2f0a,0xca3f2f0a,RtlEnumerateGenericTableWithoutSplayingAvl
0x51ce91c9,0x51ce91c9,RtlEqualComputerName
0x21d2efd2,0x21d2efd2,RtlEqualDomainName
0x7bc29227,0x7bc29227,RtlEqualLuid
0xf6c477a7,0xf6c477a7,RtlEqualPrefixSid
0x1b060199,0x1b060199,RtlEqualSid
0x86f6cf10,0x86f6cf10,RtlEqualString
0x2922ef77,0x2922ef77,RtlEqualUnicodeString
0xa41a000f,0xa41a000f,RtlEraseUnicodeString
0x6c35c001,0x6c35c001,RtlEthernetAddressToStringA
0x6c35c017,0x6c35c017,RtlEthernetAddressToStringW
0x91cf6441,0x91cf6441,RtlEthernetStringToAddressA
0x91cf6457,0x91cf6457,RtlEthernetStringToAddressW
0x3f31bd19,0x3f31bd19,RtlExitUserProcess
0x489b1a72,0x489b1a72,RtlExitUserThread
0x164e8800,0x164e8800,RtlExpandEnvironmentStrings
0xe41094b4,0xe41094b4,RtlExpandEnvironmentStrings_U
0x639e3fcd,0x639e3fcd,RtlExpandHashTable
0x2122b4c8,0x2122b4c8,RtlExtendMemoryBlockLookaside
0x766bbdde,0x766bbdde,RtlExtendMemoryZone
0xe4132620,0xe4132620,RtlExtendedIntegerMultiply
0x49cdf880,0x49cdf880,RtlExtendedLargeIntegerDivide
0x1c3f0668,0x1c3f0668,RtlExtendedMagicDivide
0x567e3661,0x567e3661,RtlFillMemory
0xf696ada6,0xf696ada6,RtlFillMemoryUlong
0x981e3056,0x981e3056,RtlFillMemoryUlonglong
0xb653101d,0xb653101d,RtlFinalReleaseOutOfProcessMemoryStream
0xe1f49b68,0xe1f49b68,RtlFindAceByType
0xc5d1b157,0xc5d1b157,RtlFindActivationContextSectionGuid
0x9cf44565,0x9cf44565,RtlFindActivationContextSectionString
0x5fb2f375,0x5fb2f375,RtlFindCharInUnicodeString
0x166002db,0x166002db,RtlFindClearBits
0x172f341a,0x172f341a,RtlFindClearBitsAndSet
0x1668fb31,0x1668fb31,RtlFindClearRuns
0xb2c7cbfe,0xb2c7cbfe,RtlFindClosestEncodableLength
0x10fa6491,0x10fa6491,RtlFindLastBackwardRunClear
0x6a2555e9,0x6a2555e9,RtlFindLeastSignificantBit
0xd5d685da,0xd5d685da,RtlFindLongestRunClear
0xad9db7c7,0xad9db7c7,RtlFindMessage
0x57307f53,0x57307f53,RtlFindMostSignificantBit
0x53684b92,0x53684b92,RtlFindNextForwardRunClear
0x7b840e20,0x7b840e20,RtlFindSetBits
0xa6383e9a,0xa6383e9a,RtlFindSetBitsAndClear
0xe0a2b8aa,0xe0a2b8aa,RtlFirstEntrySList
0x4403b94,0x04403b94,RtlFirstFreeAce
0x81ba3871,0x81ba3871,RtlFlsAlloc
0xfc2f44c8,0xfc2f44c8,RtlFlsFree
0x1ab844d7,0x1ab844d7,RtlFlushSecureMemoryCache
0xadc52a42,0xadc52a42,RtlFormatCurrentUserKeyPath
0x603db70f,0x603db70f,RtlFormatMessage
0x6687c44c,0x6687c44c,RtlFormatMessageEx
0x6df79b90,0x6df79b90,RtlFreeActivationContextStack
0xb1750cc5,0xb1750cc5,RtlFreeAnsiString
0xd247e38f,0xd247e38f,RtlFreeHandle
0x2f357d21,0x2f357d21,RtlFreeHeap
0x17bebe62,0x17bebe62,RtlFreeMemoryBlockLookaside
0xb4baae9b,0xb4baae9b,RtlFreeOemString
0x93059e3,0x093059e3,RtlFreeSid
0x4d34f6e8,0x4d34f6e8,RtlFreeThreadActivationContextStack
0xbee7ac41,0xbee7ac41,RtlFreeUnicodeString
0xf106c718,0xf106c718,RtlFreeUserStack
0x824b5c55,0x824b5c55,RtlGUIDFromString
0xc1ee43bf,0xc1ee43bf,RtlGenerate8dot3Name
0xd32db64a,0xd32db64a,RtlGetAce
0xa7e6f334,0xa7e6f334,RtlGetActiveActivationContext
0xadde456d,0xadde456d,RtlGetCallersAddress
0x5a9a845d,0x5a9a845d,RtlGetCompressionWorkSpaceSize
0x22384ff9,0x22384ff9,RtlGetControlSecurityDescriptor
0x239a4084,0x239a4084,RtlGetCriticalSectionRecursionCount
0x4aafbced,0x4aafbced,RtlGetCurrentDirectory_U
0x6a29857b,0x6a29857b,RtlGetCurrentPeb
0xedc40a6d,0xedc40a6d,RtlGetCurrentProcessorNumber
0x6ef0672a,0x6ef0672a,RtlGetCurrentProcessorNumberEx
0xf9609eca,0xf9609eca,RtlGetCurrentTransaction
0x9708da8c,0x9708da8c,RtlGetDaclSecurityDescriptor
0xcbebc450,0xcbebc450,RtlGetElementGenericTable
0x33b2ce93,0x33b2ce93,RtlGetElementGenericTableAvl
0x5d481bc,0x05d481bc,RtlGetEnabledExtendedFeatures
0x54664519,0x54664519,RtlGetExtendedContextLength
0x63def05d,0x63def05d,RtlGetExtendedFeaturesMask
0xcc0df839,0xcc0df839,RtlGetFileMUIPath
0x55d7226c,0x55d7226c,RtlGetFrame
0x21707636,0x21707636,RtlGetFullPathName_U
0x3f66e933,0x3f66e933,RtlGetFullPathName_UEx
0x4e83584c,0x4e83584c,RtlGetFullPathName_UstrEx
0x29c5ba05,0x29c5ba05,RtlGetGroupSecurityDescriptor
0x21a77220,0x21a77220,RtlGetIntegerAtom
0xef13af1b,0xef13af1b,RtlGetLastNtStatus
0x8e3c0bd2,0x8e3c0bd2,RtlGetLastWin32Error
0x2fdab25e,0x2fdab25e,RtlGetLengthWithoutLastFullDosOrNtPathElement
0xd82e7e6,0x0d82e7e6,RtlGetLengthWithoutTrailingPathSeperators
0xbd72363,0x0bd72363,RtlGetLocaleFileMappingAddress
0x718b526e,0x718b526e,RtlGetLongestNtPathLength
0xe5ed5553,0xe5ed5553,RtlGetNativeSystemInformation
0xe9a0bd7e,0xe9a0bd7e,RtlGetNextEntryHashTable
0xd9a3b81,0x0d9a3b81,RtlGetNtGlobalFlags
0x9e301e06,0x9e301e06,RtlGetNtProductType
0xe4007dc5,0xe4007dc5,RtlGetNtVersionNumbers
0xf7051123,0xf7051123,RtlGetOwnerSecurityDescriptor
0x99b9c67c,0x99b9c67c,RtlGetParentLocaleName
0x257969b1,0x257969b1,RtlGetProcessHeaps
0x3042d174,0x3042d174,RtlGetProcessPreferredUILanguages
0xd5d81c2e,0xd5d81c2e,RtlGetProductInfo
0x4f2139fb,0x4f2139fb,RtlGetSaclSecurityDescriptor
0x59031a18,0x59031a18,RtlGetSecurityDescriptorRMControl
0x2e95075f,0x2e95075f,RtlGetSetBootStatusData
0x34f1f19a,0x34f1f19a,RtlGetSystemPreferredUILanguages
0xb8a00da8,0xb8a00da8,RtlGetThreadErrorMode
0x978487bb,0x978487bb,RtlGetThreadLangIdByIndex
0xc843646d,0xc843646d,RtlGetThreadPreferredUILanguages
0x9af5856f,0x9af5856f,RtlGetUILanguageInfo
0xed82cd75,0xed82cd75,RtlGetUnloadEventTrace
0x596c0c32,0x596c0c32,RtlGetUnloadEventTraceEx
0x5cc958ea,0x5cc958ea,RtlGetUserInfoHeap
0x67d42594,0x67d42594,RtlGetUserPreferredUILanguages
0xdab133e7,0xdab133e7,RtlGetVersion
0xb4bc99c3,0xb4bc99c3,RtlHashUnicodeString
0x6ebc1a22,0x6ebc1a22,RtlHeapTrkInitialize
0x853a536d,0x853a536d,RtlIdentifierAuthoritySid
0x60ea49c8,0x60ea49c8,RtlIdnToAscii
0x1e49555e,0x1e49555e,RtlIdnToNameprepUnicode
0x3cf03f46,0x3cf03f46,RtlIdnToUnicode
0xa31aa4e8,0xa31aa4e8,RtlImageDirectoryEntryToData
0x6243694f,0x6243694f,RtlImageNtHeader
0xc3068c,0x00c3068c,RtlImageNtHeaderEx
0x30622d65,0x30622d65,RtlImageRvaToSection
0xbef85187,0xbef85187,RtlImageRvaToVa
0x5af74cd2,0x5af74cd2,RtlImpersonateSelf
0xf5fdd6cf,0xf5fdd6cf,RtlImpersonateSelfEx
0xb9f5a7f7,0xb9f5a7f7,RtlInitAnsiString
0xdff8f34,0x0dff8f34,RtlInitAnsiStringEx
0x7770045c,0x7770045c,RtlInitBarrier
0x7f05df15,0x7f05df15,RtlInitCodePageTable
0xd10b0108,0xd10b0108,RtlInitEnumerationHashTable
0xe390893a,0xe390893a,RtlInitMemoryStream
0x13e15dd,0x013e15dd,RtlInitNlsTables
0xecc9fd06,0xecc9fd06,RtlInitOutOfProcessMemoryStream
0x5b298d4c,0x5b298d4c,RtlInitString
0x4c81d233,0x4c81d233,RtlInitUnicodeString
0x743f3870,0x743f3870,RtlInitUnicodeStringEx
0xc6dd4330,0xc6dd4330,RtlInitWeakEnumerationHashTable
0xee8584d0,0xee8584d0,RtlInitializeAtomPackage
0x816f6a10,0x816f6a10,RtlInitializeBitMap
0x7aaea80,0x07aaea80,RtlInitializeConditionVariable
0x9ed32b8,0x09ed32b8,RtlInitializeContext
0x21b776b3,0x21b776b3,RtlInitializeCriticalSection
0x7365ae49,0x7365ae49,RtlInitializeCriticalSectionAndSpinCount
0x6d6ffcf0,0x6d6ffcf0,RtlInitializeCriticalSectionEx
0x9a266605,0x9a266605,RtlInitializeExceptionChain
0xadce9c29,0xadce9c29,RtlInitializeExtendedContext
0xad85ef78,0xad85ef78,RtlInitializeGenericTable
0xfeb708bb,0xfeb708bb,RtlInitializeGenericTableAvl
0x5b12a067,0x5b12a067,RtlInitializeHandleTable
0xf125f718,0xf125f718,RtlInitializeNtUserPfn
0xb7822555,0xb7822555,RtlInitializeRXact
0x29009ebb,0x29009ebb,RtlInitializeResource
0x3ad47054,0x3ad47054,RtlInitializeSListHead
0xe12f19f8,0xe12f19f8,RtlInitializeSRWLock
0x61417af3,0x61417af3,RtlInitializeSid
0x39a5f8c5,0x39a5f8c5,RtlInsertElementGenericTable
0x9bf0aae8,0x9bf0aae8,RtlInsertElementGenericTableAvl
0x1a08c1f8,0x1a08c1f8,RtlInsertElementGenericTableFull
0xa766cb3b,0xa766cb3b,RtlInsertElementGenericTableFullAvl
0x2ad9bad4,0x2ad9bad4,RtlInsertEntryHashTable
0x537c1f37,0x537c1f37,RtlInt64ToUnicodeString
0x8e6b0ab0,0x8e6b0ab0,RtlIntegerToChar
0xf7edfd0,0x0f7edfd0,RtlIntegerToUnicodeString
0xf86f2cf0,0xf86f2cf0,RtlInterlockedClearBitRun
0xe6dd9d89,0xe6dd9d89,RtlInterlockedCompareExchange64
0x78d16c06,0x78d16c06,RtlInterlockedFlushSList
0xc1f40fc5,0xc1f40fc5,RtlInterlockedPopEntrySList
0xec81d3d6,0xec81d3d6,RtlInterlockedPushEntrySList
0xb5617d20,0xb5617d20,RtlInterlockedPushListSList
0x39efcb5,0x039efcb5,RtlInterlockedSetBitRun
0xb223ddc,0x0b223ddc,RtlIoDecodeMemIoResource
0x1ac3d746,0x1ac3d746,RtlIoEncodeMemIoResource
0x45824a05,0x45824a05,RtlIpv4AddressToStringA
0xaf3d0022,0xaf3d0022,RtlIpv4AddressToStringExA
0xaf3d0038,0xaf3d0038,RtlIpv4AddressToStringExW
0x45824a1b,0x45824a1b,RtlIpv4AddressToStringW
0x6b1bee45,0x6b1bee45,RtlIpv4StringToAddressA
0xa1d0b462,0xa1d0b462,RtlIpv4StringToAddressExA
0xa1d0b478,0xa1d0b478,RtlIpv4StringToAddressExW
0x6b1bee5b,0x6b1bee5b,RtlIpv4StringToAddressW
0x6b360e07,0x6b360e07,RtlIpv6AddressToStringA
0x10f1cca4,0x10f1cca4,RtlIpv6AddressToStringExA
0x10f1ccba,0x10f1ccba,RtlIpv6AddressToStringExW
0x6b360e1d,0x6b360e1d,RtlIpv6AddressToStringW
0x90cfb247,0x90cfb247,RtlIpv6StringToAddressA
0x38580e4,0x038580e4,RtlIpv6StringToAddressExA
0x38580fa,0x038580fa,RtlIpv6StringToAddressExW
0x90cfb25d,0x90cfb25d,RtlIpv6StringToAddressW
0x530f07b0,0x530f07b0,RtlIsActivationContextActive
0x5bfc56cf,0x5bfc56cf,RtlIsCriticalSectionLocked
0x803c8642,0x803c8642,RtlIsCriticalSectionLockedByThread
0xb2ded5c0,0xb2ded5c0,RtlIsCurrentThreadAttachExempt
0x2bca99e8,0x2bca99e8,RtlIsDosDeviceName_U
0x99445571,0x99445571,RtlIsGenericTableEmpty
0x719fd814,0x719fd814,RtlIsGenericTableEmptyAvl
0x989ff2a5,0x989ff2a5,RtlIsNameInExpression
0xd000107b,0xd000107b,RtlIsNameLegalDOS8Dot3
0x54c67ce9,0x54c67ce9,RtlIsNormalizedString
0xefce2569,0xefce2569,RtlIsTextUnicode
0x7dc24e53,0x7dc24e53,RtlIsThreadWithinLoaderCallout
0x228bf379,0x228bf379,RtlIsValidHandle
0x245b2b11,0x245b2b11,RtlIsValidIndexHandle
0x74e9b5e,0x074e9b5e,RtlIsValidLocaleName
0x75636d83,0x75636d83,RtlKnownExceptionFilter
0x7ce6165,0x07ce6165,RtlLCIDToCultureName
0xbaf4a163,0xbaf4a163,RtlLargeIntegerAdd
0xa3576402,0xa3576402,RtlLargeIntegerArithmeticShift
0xa658e9af,0xa658e9af,RtlLargeIntegerDivide
0xbd5bc44e,0xbd5bc44e,RtlLargeIntegerNegate
0x9ff793c3,0x9ff793c3,RtlLargeIntegerShiftLeft
0x9f58d3d6,0x9f58d3d6,RtlLargeIntegerShiftRight
0xe5f7ee22,0xe5f7ee22,RtlLargeIntegerSubtract
0xcc0d96fb,0xcc0d96fb,RtlLargeIntegerToChar
0x75b2c451,0x75b2c451,RtlLcidToLocaleName
0x3f9b764e,0x3f9b764e,RtlLeaveCriticalSection
0xd26c7f04,0xd26c7f04,RtlLengthRequiredSid
0xb72d489a,0xb72d489a,RtlLengthSecurityDescriptor
0x8bc98323,0x8bc98323,RtlLengthSid
0xaa133e98,0xaa133e98,RtlLoadString
0x7797d552,0x7797d552,RtlLocalTimeToSystemTime
0x3952d4d1,0x3952d4d1,RtlLocaleNameToLcid
0x3425bd96,0x3425bd96,RtlLocateExtendedFeature
0xf99ece53,0xf99ece53,RtlLocateLegacyContext
0x13d629dc,0x13d629dc,RtlLockBootStatusData
0x90b2da5,0x090b2da5,RtlLockCurrentThread
0xcd9405e8,0xcd9405e8,RtlLockHeap
0x998bf529,0x998bf529,RtlLockMemoryBlockLookaside
0x64884393,0x64884393,RtlLockMemoryStreamRegion
0x3f99e0ff,0x3f99e0ff,RtlLockMemoryZone
0x2ee0d445,0x2ee0d445,RtlLockModuleSection
0x682ded59,0x682ded59,RtlLogStackBackTrace
0xad8ba63c,0xad8ba63c,RtlLookupAtomInAtomTable
0x5e95e36a,0x5e95e36a,RtlLookupElementGenericTable
0xcf2acf6d,0xcf2acf6d,RtlLookupElementGenericTableAvl
0xb487771d,0xb487771d,RtlLookupElementGenericTableFull
0x7c79aa40,0x7c79aa40,RtlLookupElementGenericTableFullAvl
0x906e2a59,0x906e2a59,RtlLookupEntryHashTable
0x158c449c,0x158c449c,RtlMakeSelfRelativeSD
0xf0e81928,0xf0e81928,RtlMapGenericMask
0x2368b04a,0x2368b04a,RtlMapSecurityErrorToNtStatus
0x4d6d7bd1,0x4d6d7bd1,RtlMoveMemory
0xe57fe03c,0xe57fe03c,RtlMultiAppendUnicodeStringBuffer
0xc7b17cf8,0xc7b17cf8,RtlMultiByteToUnicodeN
0xba9c86a5,0xba9c86a5,RtlMultiByteToUnicodeSize
0xe5860a10,0xe5860a10,RtlMultipleAllocateHeap
0x53b65f0d,0x53b65f0d,RtlMultipleFreeHeap
0xb5330caf,0xb5330caf,RtlNewInstanceSecurityObject
0x8b4155a,0x08b4155a,RtlNewSecurityGrantedAccess
0xde3ea91a,0xde3ea91a,RtlNewSecurityObject
0x688d6517,0x688d6517,RtlNewSecurityObjectEx
0x558d942c,0x558d942c,RtlNewSecurityObjectWithMultipleInheritance
0xe09ffcf5,0xe09ffcf5,RtlNormalizeProcessParams
0xbb91f509,0xbb91f509,RtlNormalizeString
0xd22d0aa8,0xd22d0aa8,RtlNtPathNameToDosPathName
0x3cea7a9a,0x3cea7a9a,RtlNtStatusToDosError
0xe3c68b32,0xe3c68b32,RtlNtStatusToDosErrorNoTeb
0x88691f2c,0x88691f2c,RtlNumberGenericTableElements
0x2ce28bef,0x2ce28bef,RtlNumberGenericTableElementsAvl
0x9f0948d8,0x9f0948d8,RtlNumberOfClearBits
0x39b0dd,0x0039b0dd,RtlNumberOfSetBits
0xc4ecb638,0xc4ecb638,RtlNumberOfSetBitsUlongPtr
0xf285561e,0xf285561e,RtlOemStringToUnicodeSize
0xa9f61fba,0xa9f61fba,RtlOemStringToUnicodeString
0x62c9099a,0x62c9099a,RtlOemToUnicodeN
0x9cfb5855,0x9cfb5855,RtlOpenCurrentUser
0xca1b6a69,0xca1b6a69,RtlOwnerAcesPresent
0x78968fe0,0x78968fe0,RtlPcToFileHeader
0xca28dc09,0xca28dc09,RtlPinAtomInAtomTable
0x9c995b5b,0x9c995b5b,RtlPopFrame
0xc5592166,0xc5592166,RtlPrefixString
0x9992850d,0x9992850d,RtlPrefixUnicodeString
0x3ffb481f,0x3ffb481f,RtlProcessFlsData
0xd3c58ee0,0xd3c58ee0,RtlProtectHeap
0xa418c64c,0xa418c64c,RtlPushFrame
0xbc3361b3,0xbc3361b3,RtlQueryActivationContextApplicationSettings
0xcf0e4818,0xcf0e4818,RtlQueryAtomInAtomTable
0x2d7d4922,0x2d7d4922,RtlQueryCriticalSectionOwner
0xb29abdfb,0xb29abdfb,RtlQueryDepthSList
0xf76d43ed,0xf76d43ed,RtlQueryDynamicTimeZoneInformation
0x896d4f0b,0x896d4f0b,RtlQueryElevationFlags
0x5beee632,0x5beee632,RtlQueryEnvironmentVariable
0x13414766,0x13414766,RtlQueryEnvironmentVariable_U
0x97acf5bb,0x97acf5bb,RtlQueryHeapInformation
0xc9b1efad,0xc9b1efad,RtlQueryInformationAcl
0xe8154c34,0xe8154c34,RtlQueryInformationActivationContext
0xccdbb290,0xccdbb290,RtlQueryInformationActiveActivationContext
0x685d770d,0x685d770d,RtlQueryInterfaceMemoryStream
0xd1323ee3,0xd1323ee3,RtlQueryModuleInformation
0xa0bced09,0xa0bced09,RtlQueryPerformanceCounter
0x1d54e77b,0x1d54e77b,RtlQueryPerformanceFrequency
0xdaf9fdfc,0xdaf9fdfc,RtlQueryProcessBackTraceInformation
0x9fc3b8a3,0x9fc3b8a3,RtlQueryProcessDebugInformation
0x2032167a,0x2032167a,RtlQueryProcessHeapInformation
0xa7cf4de5,0xa7cf4de5,RtlQueryProcessLockInformation
0xa76caf40,0xa76caf40,RtlQueryRegistryValues
0x2214cf06,0x2214cf06,RtlQuerySecurityObject
0x617e9d51,0x617e9d51,RtlQueryTagHeap
0x233d8799,0x233d8799,RtlQueryThreadProfiling
0x9bb50aa8,0x9bb50aa8,RtlQueryTimeZoneInformation
0x35cfc059,0x35cfc059,RtlQueueApcWow64Thread
0x980f81b8,0x980f81b8,RtlQueueWorkItem
0xe84e0344,0xe84e0344,RtlRaiseException
0x17edd119,0x17edd119,RtlRaiseStatus
0xec8ad742,0xec8ad742,RtlRandom
0x3a9dbd3f,0x3a9dbd3f,RtlRandomEx
0xc8a167fb,0xc8a167fb,RtlReAllocateHeap
0xc3f99d42,0xc3f99d42,RtlReadMemoryStream
0x9a695d0e,0x9a695d0e,RtlReadOutOfProcessMemoryStream
0x811307b9,0x811307b9,RtlReadThreadProfilingData
0x249d2084,0x249d2084,RtlRealPredecessor
0x6591f59f,0x6591f59f,RtlRealSuccessor
0x7db85e47,0x7db85e47,RtlRegisterSecureMemoryCacheCallback
0xbb0a4148,0xbb0a4148,RtlRegisterThreadWithCsrss
0xacf4ac5b,0xacf4ac5b,RtlRegisterWait
0x3a9faed9,0x3a9faed9,RtlReleaseActivationContext
0x74a44167,0x74a44167,RtlReleaseMemoryStream
0x1b06e862,0x1b06e862,RtlReleasePebLock
0x297de869,0x297de869,RtlReleasePrivilege
0x1559fc1f,0x1559fc1f,RtlReleaseRelativeName
0x7c49240a,0x7c49240a,RtlReleaseResource
0xca09477f,0xca09477f,RtlReleaseSRWLockExclusive
0x75463a7e,0x75463a7e,RtlReleaseSRWLockShared
0x988a2f49,0x988a2f49,RtlRemoteCall
0xe82ff46d,0xe82ff46d,RtlRemoveEntryHashTable
0xc90a63c9,0xc90a63c9,RtlRemovePrivileges
0x21cc38ae,0x21cc38ae,RtlRemoveVectoredContinueHandler
0x58de1c18,0x58de1c18,RtlRemoveVectoredExceptionHandler
0x2cfc250b,0x2cfc250b,RtlReplaceSidInSd
0x51793cac,0x51793cac,RtlReportException
0x8f132aa5,0x8f132aa5,RtlReportSilentProcessExit
0x23a4b991,0x23a4b991,RtlReportSqmEscalation
0x2f2bee63,0x2f2bee63,RtlResetMemoryBlockLookaside
0xd86429b9,0xd86429b9,RtlResetMemoryZone
0x97d45958,0x97d45958,RtlResetRtlTranslations
0x49d61256,0x49d61256,RtlRestoreLastWin32Error
0x10daa5cc,0x10daa5cc,RtlRetrieveNtUserPfn
0xdcab09de,0xdcab09de,RtlRevertMemoryStream
0x29aa4638,0x29aa4638,RtlRunDecodeUnicodeString
0x394bdfa2,0x394bdfa2,RtlRunEncodeUnicodeString
0x5b14b712,0x5b14b712,RtlRunOnceBeginInitialize
0x59917fb4,0x59917fb4,RtlRunOnceComplete
0xe49671f3,0xe49671f3,RtlRunOnceExecuteOnce
0x2348b42d,0x2348b42d,RtlRunOnceInitialize
0xd2a9cec5,0xd2a9cec5,RtlSecondsSince1970ToTime
0xbeeba3a6,0xbeeba3a6,RtlSecondsSince1980ToTime
0xe8c8ec2e,0xe8c8ec2e,RtlSeekMemoryStream
0x775ff480,0x775ff480,RtlSelfRelativeToAbsoluteSD
0x635e84b2,0x635e84b2,RtlSelfRelativeToAbsoluteSD2
0x82f883d5,0x82f883d5,RtlSendMsgToSm
0xca873d38,0xca873d38,RtlSetAllBits
0xccb927eb,0xccb927eb,RtlSetAttributesSecurityDescriptor
0xd4a000df,0xd4a000df,RtlSetBits
0x41884885,0x41884885,RtlSetControlSecurityDescriptor
0x3ce5a710,0x3ce5a710,RtlSetCriticalSectionSpinCount
0x174b7af9,0x174b7af9,RtlSetCurrentDirectory_U
0xaac0b805,0xaac0b805,RtlSetCurrentEnvironment
0xc5fc5cd6,0xc5fc5cd6,RtlSetCurrentTransaction
0xa82cbe98,0xa82cbe98,RtlSetDaclSecurityDescriptor
0x4ebb2fc3,0x4ebb2fc3,RtlSetDynamicTimeZoneInformation
0x498dbac,0x0498dbac,RtlSetEnvironmentStrings
0x40658b0b,0x40658b0b,RtlSetEnvironmentVar
0xa5e016c8,0xa5e016c8,RtlSetEnvironmentVariable
0xc6626169,0xc6626169,RtlSetExtendedFeaturesMask
0x5f661f91,0x5f661f91,RtlSetGroupSecurityDescriptor
0x5ae14b51,0x5ae14b51,RtlSetHeapInformation
0x7a46ea83,0x7a46ea83,RtlSetInformationAcl
0xcc9c4eac,0xcc9c4eac,RtlSetIoCompletionCallback
0x7072a3de,0x7072a3de,RtlSetLastWin32Error
0xabf19d71,0xabf19d71,RtlSetLastWin32ErrorAndNtStatusFromNtStatus
0xf1ee956d,0xf1ee956d,RtlSetMemoryStreamSize
0x2ca576af,0x2ca576af,RtlSetOwnerSecurityDescriptor
0xe9674439,0xe9674439,RtlSetProcessDebugInformation
0x5be5f953,0x5be5f953,RtlSetProcessIsCritical
0x63731d00,0x63731d00,RtlSetProcessPreferredUILanguages
0x60451e07,0x60451e07,RtlSetSaclSecurityDescriptor
0x8c3365a4,0x8c3365a4,RtlSetSecurityDescriptorRMControl
0xd2a9c9dc,0xd2a9c9dc,RtlSetSecurityObject
0x2443be59,0x2443be59,RtlSetSecurityObjectEx
0xe1a9a734,0xe1a9a734,RtlSetThreadErrorMode
0x96156f8c,0x96156f8c,RtlSetThreadIsCritical
0x70632659,0x70632659,RtlSetThreadPoolStartFunc
0xd1926e79,0xd1926e79,RtlSetThreadPreferredUILanguages
0xe5a63b3e,0xe5a63b3e,RtlSetTimeZoneInformation
0x69e5b6ae,0x69e5b6ae,RtlSetTimer
0xc5a05875,0xc5a05875,RtlSetUnhandledExceptionFilter
0xe49743ee,0xe49743ee,RtlSetUserCallbackExceptionFilter
0xbfb58d57,0xbfb58d57,RtlSetUserFlagsHeap
0x4f13f5c7,0x4f13f5c7,RtlSetUserValueHeap
0xddee7a05,0xddee7a05,RtlSidDominates
0x7f12b851,0x7f12b851,RtlSidEqualLevel
0xbb916cf7,0xbb916cf7,RtlSidHashInitialize
0x85faf3bf,0x85faf3bf,RtlSidHashLookup
0x5c99056c,0x5c99056c,RtlSidIsHigherLevel
0xaabd7efa,0xaabd7efa,RtlSizeHeap
0x572d0a5d,0x572d0a5d,RtlSleepConditionVariableCS
0x3cce9a63,0x3cce9a63,RtlSleepConditionVariableSRW
0x1e8b198a,0x1e8b198a,RtlSplay
0x44aedc91,0x44aedc91,RtlStartRXact
0x574ec982,0x574ec982,RtlStatMemoryStream
0x95021715,0x95021715,RtlStringFromGUID
0x5dab2a9d,0x5dab2a9d,RtlSubAuthorityCountSid
0xcfc71674,0xcfc71674,RtlSubAuthoritySid
0x9407ed5a,0x9407ed5a,RtlSubtreePredecessor
0xdd1794f5,0xdd1794f5,RtlSubtreeSuccessor
0x856a4972,0x856a4972,RtlSystemTimeToLocalTime
0x2191e4c0,0x2191e4c0,RtlTestBit
0x96990f9,0x096990f9,RtlTimeFieldsToTime
0x34219957,0x34219957,RtlTimeToElapsedTimeFields
0x21586b85,0x21586b85,RtlTimeToSecondsSince1970
0x21586ba6,0x21586ba6,RtlTimeToSecondsSince1980
0xad924939,0xad924939,RtlTimeToTimeFields
0x1bac7bce,0x1bac7bce,RtlTraceDatabaseAdd
0xd5b971b9,0xd5b971b9,RtlTraceDatabaseCreate
0xbc9690ef,0xbc9690ef,RtlTraceDatabaseDestroy
0x8801e28b,0x8801e28b,RtlTraceDatabaseEnumerate
0x913eca66,0x913eca66,RtlTraceDatabaseFind
0x91422cce,0x91422cce,RtlTraceDatabaseLock
0xff71fb11,0xff71fb11,RtlTraceDatabaseUnlock
0xa6fda08f,0xa6fda08f,RtlTraceDatabaseValidate
0x68afa7ea,0x68afa7ea,RtlTryAcquirePebLock
0xfc960007,0xfc960007,RtlTryAcquireSRWLockExclusive
0xf9328006,0xf9328006,RtlTryAcquireSRWLockShared
0x4de2d73e,0x4de2d73e,RtlTryEnterCriticalSection
0x8ac11ec0,0x8ac11ec0,RtlUTF8ToUnicodeN
0xc3ee8d55,0xc3ee8d55,RtlUlongByteSwap
0xa26ca005,0xa26ca005,RtlUlonglongByteSwap
0xc6d26569,0xc6d26569,RtlUnhandledExceptionFilter
0xa11f12bb,0xa11f12bb,RtlUnhandledExceptionFilter2
0x42261c68,0x42261c68,RtlUnicodeStringToAnsiSize
0x64e1a084,0x64e1a084,RtlUnicodeStringToAnsiString
0x16cb606c,0x16cb606c,RtlUnicodeStringToCountedOemString
0x69e2c110,0x69e2c110,RtlUnicodeStringToInteger
0x224accde,0x224accde,RtlUnicodeStringToOemSize
0xe0f4467a,0xe0f4467a,RtlUnicodeStringToOemString
0x1796db27,0x1796db27,RtlUnicodeToCustomCPN
0xae553878,0xae553878,RtlUnicodeToMultiByteN
0xa9309225,0xa9309225,RtlUnicodeToMultiByteSize
0x52c1b75a,0x52c1b75a,RtlUnicodeToOemN
0xab6d4b00,0xab6d4b00,RtlUnicodeToUTF8N
0x82ce2541,0x82ce2541,RtlUniform
0xfe61685f,0xfe61685f,RtlUnlockBootStatusData
0xd21727c8,0xd21727c8,RtlUnlockCurrentThread
0xa98fb4ab,0xa98fb4ab,RtlUnlockHeap
0xff1ac9ec,0xff1ac9ec,RtlUnlockMemoryBlockLookaside
0x7c50b96,0x07c50b96,RtlUnlockMemoryStreamRegion
0xa3bc5602,0xa3bc5602,RtlUnlockMemoryZone
0xf7ecce68,0xf7ecce68,RtlUnlockModuleSection
0xf47a9436,0xf47a9436,RtlUnwind
0x59b710a7,0x59b710a7,RtlUpcaseUnicodeChar
0xc9f2c140,0xc9f2c140,RtlUpcaseUnicodeString
0x22bb4bc5,0x22bb4bc5,RtlUpcaseUnicodeStringToAnsiString
0xc582b86d,0xc582b86d,RtlUpcaseUnicodeStringToCountedOemString
0xe6b50d9b,0xe6b50d9b,RtlUpcaseUnicodeStringToOemString
0xf25d1d88,0xf25d1d88,RtlUpcaseUnicodeToCustomCPN
0xe1e3c6f9,0xe1e3c6f9,RtlUpcaseUnicodeToMultiByteN
0xcbebb91b,0xcbebb91b,RtlUpcaseUnicodeToOemN
0x1b916119,0x1b916119,RtlUpdateClonedCriticalSection
0xfccffe5e,0xfccffe5e,RtlUpdateClonedSRWLock
0x6398dea5,0x6398dea5,RtlUpdateTimer
0x6020ab6b,0x6020ab6b,RtlUpperChar
0x112e1d04,0x112e1d04,RtlUpperString
0x422d6f66,0x422d6f66,RtlUserThreadStart
0x623a1515,0x623a1515,RtlUshortByteSwap
0xe74efe81,0xe74efe81,RtlValidAcl
0x7683eae4,0x7683eae4,RtlValidRelativeSecurityDescriptor
0x31c9cf88,0x31c9cf88,RtlValidSecurityDescriptor
0xe74f4bd1,0xe74f4bd1,RtlValidSid
0x3202029,0x03202029,RtlValidateHeap
0xd2f7153b,0xd2f7153b,RtlValidateProcessHeaps
0x74ce3849,0x74ce3849,RtlValidateUnicodeString
0x2695d2e8,0x2695d2e8,RtlVerifyVersionInfo
0x6c4a888f,0x6c4a888f,RtlWakeAllConditionVariable
0xf49e2116,0xf49e2116,RtlWakeConditionVariable
0x2dca291e,0x2dca291e,RtlWalkFrameChain
0xd3b746ae,0xd3b746ae,RtlWalkHeap
0x1c0ce232,0x1c0ce232,RtlWeaklyEnumerateEntryHashTable
0x65c08b4a,0x65c08b4a,RtlWerpReportException
0x688c9c94,0x688c9c94,RtlWow64CallFunction64
0xc02a7c0,0x0c02a7c0,RtlWow64EnableFsRedirection
0x174ba53d,0x174ba53d,RtlWow64EnableFsRedirectionEx
0x1d460168,0x1d460168,RtlWow64LogMessageInEventLogger
0x6079f751,0x6079f751,RtlWriteMemoryStream
0x5a51a262,0x5a51a262,RtlWriteRegistryValue
0xdaad0e1f,0xdaad0e1f,RtlZeroHeap
0x45d97c7a,0x45d97c7a,RtlZeroMemory
0x365e0d8,0x0365e0d8,RtlZombifyActivationContext
0x54ae4bff,0x54ae4bff,RtlpApplyLengthFunction
0x205ff685,0x205ff685,RtlpCheckDynamicTimeZoneInformation
0x58ed5fae,0x58ed5fae,RtlpCleanupRegistryKeys
0xaf63d11c,0xaf63d11c,RtlpConvertCultureNamesToLCIDs
0x3eb2ecfc,0x3eb2ecfc,RtlpConvertLCIDsToCultureNames
0x9e80e049,0x9e80e049,RtlpCreateProcessRegistryInfo
0x41aa5678,0x41aa5678,RtlpEnsureBufferSize
0xabdade15,0xabdade15,RtlpGetLCIDFromLangInfoNode
0x2da6d8da,0x2da6d8da,RtlpGetNameFromLangInfoNode
0xda26b09d,0xda26b09d,RtlpGetSystemDefaultUILanguage
0xcb8e6049,0xcb8e6049,RtlpGetUserOrMachineUILanguage4NLS
0x7bb4426a,0x7bb4426a,RtlpInitializeLangRegistryInfo
0x901b3b45,0x901b3b45,RtlpIsQualifiedLanguage
0x3a0ad94f,0x3a0ad94f,RtlpLoadMachineUIByPolicy
0xacd664b9,0xacd664b9,RtlpLoadUserUIByPolicy
0x1b0ac65,0x01b0ac65,RtlpMuiFreeLangRegistryInfo
0xf8da2193,0xf8da2193,RtlpMuiRegCreateRegistryInfo
0xb0322b21,0xb0322b21,RtlpMuiRegFreeRegistryInfo
0xd33ad51f,0xd33ad51f,RtlpMuiRegLoadRegistryInfo
0x920d582d,0x920d582d,RtlpNotOwnerCriticalSection
0xfcc97f10,0xfcc97f10,RtlpNtCreateKey
0xfe828dac,0xfe828dac,RtlpNtEnumerateSubKey
0x5196d53d,0x5196d53d,RtlpNtMakeTemporaryKey
0x1553678e,0x1553678e,RtlpNtOpenKey
0x689eb12f,0x689eb12f,RtlpNtQueryValueKey
0x58eef05,0x058eef05,RtlpNtSetValueKey
0x2d3012ee,0x2d3012ee,RtlpQueryDefaultUILanguage
0xac547edf,0xac547edf,RtlpQueryProcessDebugInformationRemote
0x76fa103a,0x76fa103a,RtlpRefreshCachedUILanguage
0x269ae018,0x269ae018,RtlpSetInstallLanguage
0xea3dec31,0xea3dec31,RtlpSetPreferredUILanguages
0xa7916730,0xa7916730,RtlpSetUserPreferredUILanguages
0x3da41169,0x3da41169,RtlpUnWaitCriticalSection
0xd5183535,0xd5183535,RtlpVerifyAndCommitUILanguageSettings
0xde3a6a8d,0xde3a6a8d,RtlpWaitForCriticalSection
0xa33221e0,0xa33221e0,RtlxAnsiStringToUnicodeSize
0x17499cb6,0x17499cb6,RtlxOemStringToUnicodeSize
0xff733600,0xff733600,RtlxUnicodeStringToAnsiSize
0x470f1376,0x470f1376,RtlxUnicodeStringToOemSize
0x179623c8,0x179623c8,RunAsNewUser_RunDLLW
0x10070cb0,0x10070cb0,RunOnceUrlCache
0xfde30478,0xfde30478,SECHashObjects
0xa6d83462,0xa6d83462,SECITEM_AllocArray
0xbf4144b2,0xbf4144b2,SECITEM_AllocItem
0xb4db3f8f,0xb4db3f8f,SECITEM_AllocItem_Util
0x62675c17,0x62675c17,SECITEM_ArenaDupItem
0xd200be14,0xd200be14,SECITEM_ArenaDupItem_Util
0x86397e4e,0x86397e4e,SECITEM_CompareItem
0xf8c3daab,0xf8c3daab,SECITEM_CompareItem_Util
0xfdd6be62,0xfdd6be62,SECITEM_CopyItem
0x3350473f,0x3350473f,SECITEM_CopyItem_Util
0xb6489a20,0xb6489a20,SECITEM_DupArray
0xcf3ceab0,0xcf3ceab0,SECITEM_DupItem
0x2d64544d,0x2d64544d,SECITEM_DupItem_Util
0x5cefecd9,0x5cefecd9,SECITEM_FreeArray
0x8e784a49,0x8e784a49,SECITEM_FreeItem
0xa8785b86,0xa8785b86,SECITEM_FreeItem_Util
0x9a0bd0dc,0x9a0bd0dc,SECITEM_Hash
0xd4da62e3,0xd4da62e3,SECITEM_HashCompare
0xf3408eaa,0xf3408eaa,SECITEM_ItemsAreEqual
0xcb4f8487,0xcb4f8487,SECITEM_ItemsAreEqual_Util
0xf5a60765,0xf5a60765,SECITEM_MakeItem
0x4efec3a9,0x4efec3a9,SECITEM_ReallocItem
0x9be6151,0x09be6151,SECITEM_ReallocItemV2
0xdd64a993,0xdd64a993,SECITEM_ZfreeArray
0x4c8b57c3,0x4c8b57c3,SECITEM_ZfreeItem
0x9a10e540,0x9a10e540,SECITEM_ZfreeItem_Util
0x33546908,0x33546908,SECKEY_AddPrivateKeyToListTail
0xe1df6e4c,0xe1df6e4c,SECKEY_AddPublicKeyToListTail
0xbf991d62,0xbf991d62,SECKEY_AttributeTemplate
0xa38753b3,0xa38753b3,SECKEY_BigIntegerBitLength
0x9b61053b,0x9b61053b,SECKEY_CacheStaticFlags
0xcd0e7f68,0xcd0e7f68,SECKEY_ConvertAndDecodePublicKeyAndChallenge
0x4d43336e,0x4d43336e,SECKEY_ConvertAndDecodeSubjectPublicKeyInfo
0x8ecd6bbe,0x8ecd6bbe,SECKEY_ConvertToPublicKey
0xccfcff8b,0xccfcff8b,SECKEY_CopyEncryptedPrivateKeyInfo
0xd0e247f1,0xd0e247f1,SECKEY_CopyPrivateKey
0x87f24dbd,0x87f24dbd,SECKEY_CopyPrivateKeyInfo
0x349d01f5,0x349d01f5,SECKEY_CopyPublicKey
0x94a5a7d1,0x94a5a7d1,SECKEY_CopySubjectPublicKeyInfo
0x5a9bead6,0x5a9bead6,SECKEY_CreateDHPrivateKey
0xf0bfbdf2,0xf0bfbdf2,SECKEY_CreateECPrivateKey
0x761c7333,0x761c7333,SECKEY_CreateEDPrivateKey
0x85866af0,0x85866af0,SECKEY_CreateRSAPrivateKey
0xc555e82a,0xc555e82a,SECKEY_CreateSubjectPublicKeyInfo
0xd001d374,0xd001d374,SECKEY_DHParamKeyTemplate
0x1a819ca0,0x1a819ca0,SECKEY_DHPrivateKeyExportTemplate
0xd5b71742,0xd5b71742,SECKEY_DHPublicKeyTemplate
0x92626e2c,0x92626e2c,SECKEY_DSAPrivateKeyExportTemplate
0x6115ce4e,0x6115ce4e,SECKEY_DSAPublicKeyTemplate
0x96d51595,0x96d51595,SECKEY_DecodeDERSubjectPublicKeyInfo
0x4a5cf55a,0x4a5cf55a,SECKEY_DestroyEncryptedPrivateKeyInfo
0xa4a0a160,0xa4a0a160,SECKEY_DestroyPrivateKey
0x5d0dc6ac,0x5d0dc6ac,SECKEY_DestroyPrivateKeyInfo
0x5d0f583c,0x5d0f583c,SECKEY_DestroyPrivateKeyList
0xd62e6984,0xd62e6984,SECKEY_DestroyPublicKey
0xb2cc9260,0xb2cc9260,SECKEY_DestroyPublicKeyList
0xbc19d800,0xbc19d800,SECKEY_DestroySubjectPublicKeyInfo
0xd744da1,0x0d744da1,SECKEY_ECParamsToBasePointOrderLen
0x1b67c7e5,0x1b67c7e5,SECKEY_ECParamsToKeySize
0xed2ab0bc,0xed2ab0bc,SECKEY_ECPrivateKeyExportTemplate
0x994303bd,0x994303bd,SECKEY_EDPrivateKeyExportTemplate
0x46cfb7f,0x046cfb7f,SECKEY_EncodeDERSubjectPublicKeyInfo
0xaf89244c,0xaf89244c,SECKEY_EncryptedPrivateKeyInfoTemplate
0x179c4f38,0x179c4f38,SECKEY_EnforceKeySize
0x87c5335,0x087c5335,SECKEY_ExtractPublicKey
0xd30cba79,0xd30cba79,SECKEY_GetECCOid
0x13f48378,0x13f48378,SECKEY_GetPrivateKeyType
0x6ac882dc,0x6ac882dc,SECKEY_GetPublicKeyType
0xd2315e09,0xd2315e09,SECKEY_HashPassword
0x6c90feb0,0x6c90feb0,SECKEY_ImportDERPublicKey
0x1bb541c,0x01bb541c,SECKEY_NewPrivateKeyList
0x71f89240,0x71f89240,SECKEY_NewPublicKeyList
0xe0207ada,0xe0207ada,SECKEY_PQGParamsTemplate
0x9b134370,0x9b134370,SECKEY_PointerToEncryptedPrivateKeyInfoTemplate
0x9bef182,0x09bef182,SECKEY_PointerToPrivateKeyInfoTemplate
0x930c8ade,0x930c8ade,SECKEY_PrivateKeyInfoTemplate
0xa376ed4e,0xa376ed4e,SECKEY_PrivateKeyStrengthInBits
0x1c5b649,0x01c5b649,SECKEY_PublicKeyStrength
0x58fd45b2,0x58fd45b2,SECKEY_PublicKeyStrengthInBits
0xcaa4374e,0xcaa4374e,SECKEY_RSAPSSParamsTemplate
0xa301b3ba,0xa301b3ba,SECKEY_RSAPrivateKeyExportTemplate
0x8b3a579c,0x8b3a579c,SECKEY_RSAPublicKeyTemplate
0x1a989746,0x1a989746,SECKEY_RemovePrivateKeyListNode
0xb53a96ea,0xb53a96ea,SECKEY_RemovePublicKeyListNode
0xf8ed1f23,0xf8ed1f23,SECKEY_SetOfAttributeTemplate
0x2c051e9a,0x2c051e9a,SECKEY_SetPublicValue
0x853d3863,0x853d3863,SECKEY_SignatureLen
0xa40fcc4b,0xa40fcc4b,SECKEY_UpdateCertPQG
0x35d0373,0x035d0373,SECMIME_CreateEncrypted
0xb007bc7f,0xb007bc7f,SECMIME_CreateSigned
0xd28a4fba,0xd28a4fba,SECMIME_DecryptionAllowed
0xd9717393,0xd9717393,SECMIME_EnableCipher
0xaf2505d,0x0af2505d,SECMIME_EncryptionPossible
0xc5d6ce6d,0xc5d6ce6d,SECMIME_SetPolicy
0x7e3dbf4e,0x7e3dbf4e,SECMOD_AddList
0x7645f58,0x07645f58,SECMOD_AddModule
0x809c25ff,0x809c25ff,SECMOD_AddModuleToDBOnlyList
0x6ba09117,0x6ba09117,SECMOD_AddModuleToList
0xa83511da,0xa83511da,SECMOD_AddModuleToUnloadList
0x8f375b02,0x8f375b02,SECMOD_AddNewModule
0x3a7a30ff,0x3a7a30ff,SECMOD_AddNewModuleEx
0xdb66e6c,0x0db66e6c,SECMOD_AddPermDB
0xcd73c751,0xcd73c751,SECMOD_CanDeleteInternalModule
0xc09a2384,0xc09a2384,SECMOD_CancelWait
0x4da4f144,0x4da4f144,SECMOD_CloseUserDB
0xc42c0703,0xc42c0703,SECMOD_CreateModule
0x7f49e140,0x7f49e140,SECMOD_CreateModuleEx
0x464bccdf,0x464bccdf,SECMOD_DeleteInternalModule
0x1da5ec02,0x1da5ec02,SECMOD_DeleteModule
0x1ed101ff,0x1ed101ff,SECMOD_DeleteModuleEx
0x23f7fb16,0x23f7fb16,SECMOD_DeletePermDB
0x4e5aacb8,0x4e5aacb8,SECMOD_DestroyListLock
0x9df2bb39,0x9df2bb39,SECMOD_DestroyModule
0x831cb695,0x831cb695,SECMOD_DestroyModuleList
0x1d4d257f,0x1d4d257f,SECMOD_DestroyModuleListElement
0xd06d1470,0xd06d1470,SECMOD_FindModule
0xb0f99a38,0xb0f99a38,SECMOD_FindModuleByID
0x7aea314c,0x7aea314c,SECMOD_FindSlot
0x5c31c514,0x5c31c514,SECMOD_FindSlotByID
0xbda74d18,0xbda74d18,SECMOD_FreeModuleSpecList
0xb5e5d7b1,0xb5e5d7b1,SECMOD_GetDBModuleList
0x8530bb19,0x8530bb19,SECMOD_GetDeadModuleList
0xc756598e,0xc756598e,SECMOD_GetDefaultModDBFlag
0xe60135f0,0xe60135f0,SECMOD_GetDefaultModuleList
0xcec7cc39,0xcec7cc39,SECMOD_GetDefaultModuleListLock
0xc862842c,0xc862842c,SECMOD_GetInternalModule
0xd7c44316,0xd7c44316,SECMOD_GetModuleSpecList
0x71475c2e,0x71475c2e,SECMOD_GetReadLock
0x854fecc2,0x854fecc2,SECMOD_GetSkipFirstFlag
0x8628770b,0x8628770b,SECMOD_GetSystemFIPSEnabled
0x6c9d383d,0x6c9d383d,SECMOD_GetWriteLock
0xb0c05cd7,0xb0c05cd7,SECMOD_HasRemovableSlots
0x4694efaa,0x4694efaa,SECMOD_HasRootCerts
0xebb0cc5d,0xebb0cc5d,SECMOD_Init
0x8c7b8178,0x8c7b8178,SECMOD_InternaltoPubCipherFlags
0x61e255a,0x061e255a,SECMOD_InternaltoPubMechFlags
0x6fcd990c,0x6fcd990c,SECMOD_IsModulePresent
0xa43f51cf,0xa43f51cf,SECMOD_LoadModule
0x6efe008e,0x6efe008e,SECMOD_LoadUserModule
0x30804f2f,0x30804f2f,SECMOD_LockedModuleHasRemovableSlots
0xbd7410c5,0xbd7410c5,SECMOD_LookupSlot
0x49c1fd18,0x49c1fd18,SECMOD_NewListLock
0xade4e1df,0xade4e1df,SECMOD_NewModuleListElement
0x3cbb267,0x03cbb267,SECMOD_OpenNewSlot
0xea9b4ee0,0xea9b4ee0,SECMOD_OpenUserDB
0x60eaa7f8,0x60eaa7f8,SECMOD_PubCipherFlagstoInternal
0x7e4e5a,0x007e4e5a,SECMOD_PubMechFlagstoInternal
0x9bd30d1e,0x9bd30d1e,SECMOD_ReferenceModule
0x7834000f,0x7834000f,SECMOD_ReleaseReadLock
0x511e583e,0x511e583e,SECMOD_ReleaseWriteLock
0xa5c68ef3,0xa5c68ef3,SECMOD_RemoveList
0x1545d107,0x1545d107,SECMOD_RestartModules
0x7a8758fa,0x7a8758fa,SECMOD_SetRootCerts
0x3eb53c85,0x3eb53c85,SECMOD_Shutdown
0x5cd92cbb,0x5cd92cbb,SECMOD_SlotDestroyModule
0xc510df52,0xc510df52,SECMOD_UnloadModule
0x91109791,0x91109791,SECMOD_UnloadUserModule
0x26849c32,0x26849c32,SECMOD_UpdateModule
0x964f7e6a,0x964f7e6a,SECMOD_UpdateSlotList
0x211d4150,0x211d4150,SECMOD_WaitForAnyTokenEvent
0x87343b20,0x87343b20,SECOID_AddEntry
0x19af6abd,0x19af6abd,SECOID_AddEntry_Util
0xbb4a8535,0xbb4a8535,SECOID_AlgorithmIDTemplate
0x1a4049f2,0x1a4049f2,SECOID_AlgorithmIDTemplate_Util
0x68d8a3c0,0x68d8a3c0,SECOID_CompareAlgorithmID
0xaf8e375d,0xaf8e375d,SECOID_CompareAlgorithmID_Util
0x199d5874,0x199d5874,SECOID_CopyAlgorithmID
0xff43fc91,0xff43fc91,SECOID_CopyAlgorithmID_Util
0x44f28ee3,0x44f28ee3,SECOID_DestroyAlgorithmID
0x81379060,0x81379060,SECOID_DestroyAlgorithmID_Util
0xfdf56822,0xfdf56822,SECOID_FindOID
0x1cff4d12,0x1cff4d12,SECOID_FindOIDByMechanism
0xee1782f9,0xee1782f9,SECOID_FindOIDByTag
0xdee68236,0xdee68236,SECOID_FindOIDByTag_Util
0x6ef1073e,0x6ef1073e,SECOID_FindOIDTag
0xbf164422,0xbf164422,SECOID_FindOIDTagDescription
0x91e964ff,0x91e964ff,SECOID_FindOIDTagDescription_Util
0x5946799b,0x5946799b,SECOID_FindOIDTag_Util
0xeddf08ff,0xeddf08ff,SECOID_FindOID_Util
0x705a7fa8,0x705a7fa8,SECOID_GetAlgorithmTag
0x869dc445,0x869dc445,SECOID_GetAlgorithmTag_Util
0xb2118bb8,0xb2118bb8,SECOID_GetTotalTags
0xf6570999,0xf6570999,SECOID_Init
0x3f1d6a40,0x3f1d6a40,SECOID_KnownCertExtenOID
0x879cd45,0x0879cd45,SECOID_SetAlgorithmID
0x158f1c02,0x158f1c02,SECOID_SetAlgorithmID_Util
0x806fb7c1,0x806fb7c1,SECOID_Shutdown
0x36dfdaa0,0x36dfdaa0,SEC_ASN1Decode
0x3a12474e,0x3a12474e,SEC_ASN1DecodeInteger
0xb08243ab,0xb08243ab,SEC_ASN1DecodeInteger_Util
0x2c7b94f,0x02c7b94f,SEC_ASN1DecodeItem
0x20c41e4c,0x20c41e4c,SEC_ASN1DecodeItem_Util
0x5b0aba3d,0x5b0aba3d,SEC_ASN1Decode_Util
0xe74057aa,0xe74057aa,SEC_ASN1DecoderAbort
0xf394ed87,0xf394ed87,SEC_ASN1DecoderAbort_Util
0x1f3264f3,0x1f3264f3,SEC_ASN1DecoderClearFilterProc
0xf01fb070,0xf01fb070,SEC_ASN1DecoderClearFilterProc_Util
0x109372e6,0x109372e6,SEC_ASN1DecoderClearNotifyProc
0x70066e43,0x70066e43,SEC_ASN1DecoderClearNotifyProc_Util
0xdb731133,0xdb731133,SEC_ASN1DecoderFinish
0x20f604b0,0x20f604b0,SEC_ASN1DecoderFinish_Util
0xdddbabf8,0xdddbabf8,SEC_ASN1DecoderSetFilterProc
0xea572295,0xea572295,SEC_ASN1DecoderSetFilterProc_Util
0x4751e7c1,0x4751e7c1,SEC_ASN1DecoderSetMaximumElementSize
0xcf3cb9eb,0xcf3cb9eb,SEC_ASN1DecoderSetNotifyProc
0x6a3de068,0x6a3de068,SEC_ASN1DecoderSetNotifyProc_Util
0xe88fb400,0xe88fb400,SEC_ASN1DecoderStart
0x81796f9d,0x81796f9d,SEC_ASN1DecoderStart_Util
0xfee98075,0xfee98075,SEC_ASN1DecoderUpdate
0x64be4d32,0x64be4d32,SEC_ASN1DecoderUpdate_Util
0x39d7dfca,0x39d7dfca,SEC_ASN1Encode
0x41ff9938,0x41ff9938,SEC_ASN1EncodeInteger
0xc84157d5,0xc84157d5,SEC_ASN1EncodeInteger_Util
0x1f324379,0x1f324379,SEC_ASN1EncodeItem
0xd94d92b6,0xd94d92b6,SEC_ASN1EncodeItem_Util
0xbac5f54c,0xbac5f54c,SEC_ASN1EncodeLength
0xe6f407f5,0xe6f407f5,SEC_ASN1EncodeUnsignedInteger
0xf60984b2,0xf60984b2,SEC_ASN1EncodeUnsignedInteger_Util
0x4c689a7,0x04c689a7,SEC_ASN1Encode_Util
0xc8761454,0xc8761454,SEC_ASN1EncoderAbort
0xf44d2471,0xf44d2471,SEC_ASN1EncoderAbort_Util
0x5cb48c10,0x5cb48c10,SEC_ASN1EncoderClearNotifyProc
0x2bb7d1ad,0x2bb7d1ad,SEC_ASN1EncoderClearNotifyProc_Util
0x33585e0d,0x33585e0d,SEC_ASN1EncoderClearStreaming
0x748f69ca,0x748f69ca,SEC_ASN1EncoderClearStreaming_Util
0x10de9d9,0x010de9d9,SEC_ASN1EncoderClearTakeFromBuf
0x34503516,0x34503516,SEC_ASN1EncoderClearTakeFromBuf_Util
0xe360631d,0xe360631d,SEC_ASN1EncoderFinish
0x38b518da,0x38b518da,SEC_ASN1EncoderFinish_Util
0xd3118095,0xd3118095,SEC_ASN1EncoderSetNotifyProc
0x5c8b6152,0x5c8b6152,SEC_ASN1EncoderSetNotifyProc_Util
0x55f655f2,0x55f655f2,SEC_ASN1EncoderSetStreaming
0x1ad18cf,0x01ad18cf,SEC_ASN1EncoderSetStreaming_Util
0x43096efe,0x43096efe,SEC_ASN1EncoderSetTakeFromBuf
0x7f95b95b,0x7f95b95b,SEC_ASN1EncoderSetTakeFromBuf_Util
0xc9c570aa,0xc9c570aa,SEC_ASN1EncoderStart
0x8231a687,0x8231a687,SEC_ASN1EncoderStart_Util
0x6d6d25f,0x06d6d25f,SEC_ASN1EncoderUpdate
0x7c7d615c,0x7c7d615c,SEC_ASN1EncoderUpdate_Util
0xcd73d822,0xcd73d822,SEC_ASN1GetSubtemplate
0xb2085e1e,0xb2085e1e,SEC_ASN1IsTemplateSimple
0x94c7dc60,0x94c7dc60,SEC_ASN1LengthLength
0xbef9d3fd,0xbef9d3fd,SEC_ASN1LengthLength_Util
0x35c6fbad,0x35c6fbad,SEC_AnyTemplate
0xdae18b6a,0xdae18b6a,SEC_AnyTemplate_Util
0x9e070efb,0x9e070efb,SEC_BMPStringTemplate
0x7317df78,0x7317df78,SEC_BMPStringTemplate_Util
0xfa502e7b,0xfa502e7b,SEC_BitStringTemplate
0x5f80aef8,0x5f80aef8,SEC_BitStringTemplate_Util
0x1d6d2805,0x1d6d2805,SEC_BooleanTemplate
0xea892ec2,0xea892ec2,SEC_BooleanTemplate_Util
0xeb614af0,0xeb614af0,SEC_CERTExtensionTemplate
0x3cd314ce,0x3cd314ce,SEC_CertIssuerTemplate
0xb013baf,0x0b013baf,SEC_CertNicknameConflict
0xa3dc786c,0xa3dc786c,SEC_CertSequenceTemplate
0x33b8131c,0x33b8131c,SEC_CertSerialNumberTemplate
0x7b757aa3,0x7b757aa3,SEC_CertSubjectTemplate
0x315fc4a8,0x315fc4a8,SEC_CheckCRL
0xa82b790a,0xa82b790a,SEC_CheckCrlTimes
0xd8e5638a,0xd8e5638a,SEC_CreateSignatureAlgorithmParameters
0xec53a547,0xec53a547,SEC_CrlIsNewer
0x58c765f1,0x58c765f1,SEC_DeletePermCRL
0xdeda1f3,0x0deda1f3,SEC_DeletePermCertificate
0xab96808f,0xab96808f,SEC_DerSignData
0xbeedf23f,0xbeedf23f,SEC_DerSignDataWithAlgorithmID
0xc8617bd4,0xc8617bd4,SEC_DestroyCrl
0xb1473b53,0xb1473b53,SEC_DupCrl
0x5eac584f,0x5eac584f,SEC_EnumeratedTemplate
0x598b102f,0x598b102f,SEC_FindCrlByDERCert
0xcaacd807,0xcaacd807,SEC_FindCrlByName
0xa564d0de,0xa564d0de,SEC_GeneralizedTimeTemplate
0xe1b9473b,0xe1b9473b,SEC_GeneralizedTimeTemplate_Util
0x216da44c,0x216da44c,SEC_GetCrlTimes
0xbea0418,0x0bea0418,SEC_GetMgfTypeByOidTag
0x45504336,0x45504336,SEC_GetRegisteredHttpClient
0x83f6487a,0x83f6487a,SEC_GetSignatureAlgorithmOidTag
0x6e082afb,0x6e082afb,SEC_IA5StringTemplate
0xbc2a7b78,0xbc2a7b78,SEC_IA5StringTemplate_Util
0x7c2a0393,0x7c2a0393,SEC_IntegerTemplate
0x3c37310,0x03c37310,SEC_IntegerTemplate_Util
0x16c4b9b7,0x16c4b9b7,SEC_LookupCrls
0xc77d2034,0xc77d2034,SEC_NewCrl
0xa1767240,0xa1767240,SEC_NullTemplate
0x839115dd,0x839115dd,SEC_NullTemplate_Util
0x5ca127e9,0x5ca127e9,SEC_ObjectIDTemplate
0x88ecbd26,0x88ecbd26,SEC_ObjectIDTemplate_Util
0xf8c2723b,0xf8c2723b,SEC_OctetStringTemplate
0x3eb34ab8,0x3eb34ab8,SEC_OctetStringTemplate_Util
0xab911a74,0xab911a74,SEC_PKCS12AddCert
0x8a23b870,0x8a23b870,SEC_PKCS12AddCertAndKey
0x3d00c34,0x03d00c34,SEC_PKCS12AddCertOrChainAndKey
0xb85b7a4,0x0b85b7a4,SEC_PKCS12AddKeyForCert
0x705d6bb8,0x705d6bb8,SEC_PKCS12AddPasswordIntegrity
0xd53f660d,0xd53f660d,SEC_PKCS12AddPublicKeyIntegrity
0xedcdcb5b,0xedcdcb5b,SEC_PKCS12AuthenticatedSafeTemplate
0x6c5fff59,0x6c5fff59,SEC_PKCS12AuthenticatedSafeTemplate_OLD
0x61940c06,0x61940c06,SEC_PKCS12BaggageItemTemplate
0x19a648d7,0x19a648d7,SEC_PKCS12BaggageTemplate
0xa2f2dad5,0xa2f2dad5,SEC_PKCS12BaggageTemplate_OLD
0x5b287265,0x5b287265,SEC_PKCS12CertAndCRLBagTemplate
0xc56b1b63,0xc56b1b63,SEC_PKCS12CertAndCRLBagTemplate_OLD
0x43b386fb,0x43b386fb,SEC_PKCS12CertAndCRLTemplate
0x6ffa8af9,0x6ffa8af9,SEC_PKCS12CertAndCRLTemplate_OLD
0xd52839c0,0xd52839c0,SEC_PKCS12CipherAllowed
0x445d56f7,0x445d56f7,SEC_PKCS5GetCryptoAlgorithm
0x3fc986d4,0x3fc986d4,SEC_PKCS5GetCryptoFromAlgTag
0x34a49c7a,0x34a49c7a,SEC_PKCS5GetHashAlgorithm
0x38f97cb7,0x38f97cb7,SEC_PKCS5GetHashFromAlgTag
0x13cd41ce,0x13cd41ce,SEC_PKCS5GetIV
0x9d62ca5a,0x9d62ca5a,SEC_PKCS5GetKeyLength
0x29132a2d,0x29132a2d,SEC_PKCS5GetPBEAlgorithm
0xc7e7b3bd,0xc7e7b3bd,SEC_PKCS5IsAlgorithmPBEAlg
0x751870f9,0x751870f9,SEC_PKCS5IsAlgorithmPBEAlgTag
0x21ddc463,0x21ddc463,SEC_PKCS5PBEParameterTemplate
0x3501678b,0x3501678b,SEC_PKCS5V2PBEParameterTemplate
0x587adc94,0x587adc94,SEC_PKCS5V2ParameterTemplate
0x7c8f2ab1,0x7c8f2ab1,SEC_PointerToAnyTemplate
0x4a73bcee,0x4a73bcee,SEC_PointerToAnyTemplate_Util
0xfb90fad3,0xfb90fad3,SEC_PointerToEnumeratedTemplate
0x867a5e2,0x0867a5e2,SEC_PointerToGeneralizedTimeTemplate
0x323b653f,0x323b653f,SEC_PointerToOctetStringTemplate
0x210c03c,0x0210c03c,SEC_PointerToOctetStringTemplate_Util
0x3daccd3d,0x3daccd3d,SEC_PrintableStringTemplate
0x9d83a94,0x09d83a94,SEC_QuickDERDecodeItem
0x9c4132b1,0x9c4132b1,SEC_QuickDERDecodeItem_Util
0xe741ddb2,0xe741ddb2,SEC_RegisterDefaultHttpClient
0x8d06d5bb,0x8d06d5bb,SEC_SequenceOfAnyTemplate
0xb8817ab7,0xb8817ab7,SEC_SequenceOfObjectIDTemplate
0x30e7670e,0x30e7670e,SEC_SetOfAnyTemplate
0x44413b6b,0x44413b6b,SEC_SetOfAnyTemplate_Util
0x9eb80c90,0x9eb80c90,SEC_SetOfEnumeratedTemplate
0x47e4cf54,0x47e4cf54,SEC_SignData
0xfbeca664,0xfbeca664,SEC_SignDataWithAlgorithmID
0x2ac4ec2,0x02ac4ec2,SEC_SignedCertificateTemplate
0x266a413c,0x266a413c,SEC_SkipTemplate
0xff67549f,0xff67549f,SEC_StringToOID
0x2359cd37,0x2359cd37,SEC_T61StringTemplate
0x60b39000,0x60b39000,SEC_UTCTimeTemplate
0xb666cb9d,0xb666cb9d,SEC_UTCTimeTemplate_Util
0xf85e5e3,0x0f85e5e3,SEC_UTF8StringTemplate
0xd0794760,0xd0794760,SEC_UTF8StringTemplate_Util
0xe110d795,0xe110d795,SEC_UniversalStringTemplate
0xc5f6c899,0xc5f6c899,SEC_V2PKCS12PBEParameterTemplate
0x6ef90a4a,0x6ef90a4a,SEC_VisibleStringTemplate
0xcf5f237b,0xcf5f237b,SGN_Begin
0xb561cc09,0xb561cc09,SGN_CompareDigestInfo
0x3258f546,0x3258f546,SGN_CompareDigestInfo_Util
0x71018fdd,0x71018fdd,SGN_CopyDigestInfo
0xd5d03d9a,0xd5d03d9a,SGN_CopyDigestInfo_Util
0xe66745f6,0xe66745f6,SGN_CreateDigestInfo
0x3788ab53,0x3788ab53,SGN_CreateDigestInfo_Util
0x797814c6,0x797814c6,SGN_DecodeDigestInfo
0x7705bb25,0x7705bb25,SGN_DestroyContext
0xac895ecc,0xac895ecc,SGN_DestroyDigestInfo
0x11e9b9e9,0x11e9b9e9,SGN_DestroyDigestInfo_Util
0xc0363636,0xc0363636,SGN_Digest
0x43301670,0x43301670,SGN_EncodeDigestInfo
0xcad3f26d,0xcad3f26d,SGN_End
0x37534105,0x37534105,SGN_NewContext
0x381227f5,0x381227f5,SGN_NewContextWithAlgorithmID
0xe85ade59,0xe85ade59,SGN_Update
0x6d153071,0x6d153071,SHAddDefaultPropertiesByExt
0x5baa74f1,0x5baa74f1,SHAddFromPropSheetExtArray
0x1c8a0ea0,0x1c8a0ea0,SHAddToRecentDocs
0xcc451b55,0xcc451b55,SHAlloc
0x3355deec,0x3355deec,SHAllocShared
0xc19426a3,0xc19426a3,SHAnsiToAnsi
0x611a2cff,0x611a2cff,SHAnsiToUnicode
0xba1717e5,0xba1717e5,SHAppBarMessage
0xc5db74c9,0xc5db74c9,SHAssocEnumHandlers
0x518f2bf1,0x518f2bf1,SHAssocEnumHandlersForProtocolByApplication
0x4775a49c,0x4775a49c,SHAutoComplete
0xbb8c06d9,0xbb8c06d9,SHBindToFolderIDListParent
0xcea92e96,0xcea92e96,SHBindToFolderIDListParentEx
0xd2834361,0xd2834361,SHBindToObject
0xd4cab7f4,0xd4cab7f4,SHBindToParent
0x3775907f,0x3775907f,SHBrowseForFolder
0x2627a0c0,0x2627a0c0,SHBrowseForFolderA
0x2627a0d6,0x2627a0d6,SHBrowseForFolderW
0x4ea7a924,0x4ea7a924,SHCLSIDFromString
0xe1549abf,0xe1549abf,SHChangeNotification_Lock
0x9dd7a942,0x9dd7a942,SHChangeNotification_Unlock
0xd3ea6b09,0xd3ea6b09,SHChangeNotify
0xc5a30517,0xc5a30517,SHChangeNotifyDeregister
0xc580988e,0xc580988e,SHChangeNotifyRegister
0x4290e626,0x4290e626,SHChangeNotifyRegisterThread
0x9e24ca5c,0x9e24ca5c,SHChangeNotifySuspendResume
0x1c6e8205,0x1c6e8205,SHCloneSpecialIDList
0x1037fa5,0x01037fa5,SHCoCreateInstance
0xfaa3ef6f,0xfaa3ef6f,SHCopyKeyA
0xfaa3ef85,0xfaa3ef85,SHCopyKeyW
0xbe6affb6,0xbe6affb6,SHCreateAssociationRegistration
0x30ae8faf,0x30ae8faf,SHCreateDataObject
0x21dc759d,0x21dc759d,SHCreateDefaultContextMenu
0xce747467,0xce747467,SHCreateDefaultExtractIcon
0xcdd01a6f,0xcdd01a6f,SHCreateDefaultPropertiesOp
0x9bcbb3b3,0x9bcbb3b3,SHCreateDirectory
0x6e76b851,0x6e76b851,SHCreateDirectoryExA
0x6e76b867,0x6e76b867,SHCreateDirectoryExW
0x3897b379,0x3897b379,SHCreateFileExtractIconW
0xa3bf212a,0xa3bf212a,SHCreateItemFromIDList
0xb5fb28f6,0xb5fb28f6,SHCreateItemFromParsingName
0x6c0ce8be,0x6c0ce8be,SHCreateItemFromRelativeName
0x80ed502d,0x80ed502d,SHCreateItemInKnownFolder
0xfc99cf73,0xfc99cf73,SHCreateItemWithParent
0xa4d64491,0xa4d64491,SHCreateLocalServerRunDll
0xa41bbd49,0xa41bbd49,SHCreateMemStream
0xf5ee8987,0xf5ee8987,SHCreateProcessAsUserW
0xf9bc01c8,0xf9bc01c8,SHCreatePropSheetExtArray
0x18e9e8be,0x18e9e8be,SHCreateQueryCancelAutoPlayMoniker
0x9c89ced,0x09c89ced,SHCreateShellFolderView
0x9e6399aa,0x9e6399aa,SHCreateShellFolderViewEx
0xab106c65,0xab106c65,SHCreateShellItem
0xf4e8b184,0xf4e8b184,SHCreateShellItemArray
0xee89bb69,0xee89bb69,SHCreateShellItemArrayFromDataObject
0x225a5fb4,0x225a5fb4,SHCreateShellItemArrayFromIDLists
0x4bf808df,0x4bf808df,SHCreateShellItemArrayFromShellItem
0xbb8238e5,0xbb8238e5,SHCreateShellPalette
0xea197f21,0xea197f21,SHCreateStdEnumFmtEtc
0x94e42b48,0x94e42b48,SHCreateStreamOnFileA
0x31699544,0x31699544,SHCreateStreamOnFileEx
0x94e42b5e,0x94e42b5e,SHCreateStreamOnFileW
0x5b4210b,0x05b4210b,SHCreateStreamWrapper
0x3c38f436,0x3c38f436,SHCreateThread
0xf72402d3,0xf72402d3,SHCreateThreadRef
0x3f84a25e,0x3f84a25e,SHDefExtractIconA
0x3f84a274,0x3f84a274,SHDefExtractIconW
0xdc4c9ab6,0xdc4c9ab6,SHDeleteEmptyKeyA
0xdc4c9acc,0xdc4c9acc,SHDeleteEmptyKeyW
0xaee7d07,0x0aee7d07,SHDeleteKeyA
0xaee7d1d,0x0aee7d1d,SHDeleteKeyW
0x13a6bcf,0x013a6bcf,SHDeleteOrphanKeyA
0x13a6be5,0x013a6be5,SHDeleteOrphanKeyW
0x99db793b,0x99db793b,SHDeleteValueA
0x99db7951,0x99db7951,SHDeleteValueW
0xe074245e,0xe074245e,SHDestroyPropSheetExtArray
0xf23fe250,0xf23fe250,SHDoDragDrop
0x606d805a,0x606d805a,SHEmptyRecycleBinA
0x606d8070,0x606d8070,SHEmptyRecycleBinW
0xb4dbd659,0xb4dbd659,SHEnableServiceObject
0xc884a8a6,0xc884a8a6,SHEnumKeyExA
0xc884a8bc,0xc884a8bc,SHEnumKeyExW
0xe1de263d,0xe1de263d,SHEnumValueA
0xe1de2653,0xe1de2653,SHEnumValueW
0x13e391e9,0x13e391e9,SHEnumerateUnreadMailAccountsW
0x74586341,0x74586341,SHEvaluateSystemCommandTemplate
0x207761f8,0x207761f8,SHExtractIconsW
0x227e3cfb,0x227e3cfb,SHFileOperation
0x7245dcbc,0x7245dcbc,SHFileOperationA
0x7245dcd2,0x7245dcd2,SHFileOperationW
0x57c2e4fe,0x57c2e4fe,SHFindFiles
0x75f23967,0x75f23967,SHFind_InitMenuPopup
0x21dd1b99,0x21dd1b99,SHFlushSFCache
0xb6ed99e1,0xb6ed99e1,SHFormatDateTimeA
0xb6ed99f7,0xb6ed99f7,SHFormatDateTimeW
0x24cd944d,0x24cd944d,SHFormatDrive
0x15b75b2c,0x15b75b2c,SHFree
0xdb79482c,0xdb79482c,SHFreeNameMappings
0x85646403,0x85646403,SHFreeShared
0x3059d636,0x3059d636,SHGetAttributesFromDataObject
0xcf1f9982,0xcf1f9982,SHGetDataFromIDListA
0xcf1f9998,0xcf1f9998,SHGetDataFromIDListW
0x7d6729c0,0x7d6729c0,SHGetDesktopFolder
0x2276de24,0x2276de24,SHGetDiskFreeSpaceA
0x9ba71801,0x9ba71801,SHGetDiskFreeSpaceExA
0x9ba71817,0x9ba71817,SHGetDiskFreeSpaceExW
0xbbaf39a4,0xbbaf39a4,SHGetDriveMedia
0x4a228b76,0x4a228b76,SHGetFileInfo
0x8e73fa97,0x8e73fa97,SHGetFileInfoA
0x8e73faad,0x8e73faad,SHGetFileInfoW
0xc63234ff,0xc63234ff,SHGetFolderLocation
0xfd73e414,0xfd73e414,SHGetFolderPathA
0x8c925230,0x8c925230,SHGetFolderPathAndSubDirA
0x8c925246,0x8c925246,SHGetFolderPathAndSubDirW
0xabf06790,0xabf06790,SHGetFolderPathEx
0xfd73e42a,0xfd73e42a,SHGetFolderPathW
0x68e0529e,0x68e0529e,SHGetIDListFromObject
0xcbb1d6ce,0xcbb1d6ce,SHGetIconOverlayIndexA
0xcbb1d6e4,0xcbb1d6e4,SHGetIconOverlayIndexW
0x5290e8a9,0x5290e8a9,SHGetImageList
0x6102b5f0,0x6102b5f0,SHGetInstanceExplorer
0xece1dca7,0xece1dca7,SHGetInverseCMAP
0xbdc186de,0xbdc186de,SHGetItemFromDataObject
0xa94eeb04,0xa94eeb04,SHGetItemFromObject
0x3d56b0fc,0x3d56b0fc,SHGetKnownFolderIDList
0x8068f3a2,0x8068f3a2,SHGetKnownFolderItem
0x806c7b60,0x806c7b60,SHGetKnownFolderPath
0x34e8cd42,0x34e8cd42,SHGetLocalizedName
0xfdbb0882,0xfdbb0882,SHGetMalloc
0x3c5e00a8,0x3c5e00a8,SHGetNameFromIDList
0x8d95842e,0x8d95842e,SHGetNewLinkInfo
0x40460a4f,0x40460a4f,SHGetNewLinkInfoA
0x40460a65,0x40460a65,SHGetNewLinkInfoW
0x999c2154,0x999c2154,SHGetPathFromIDList
0xcd204c35,0xcd204c35,SHGetPathFromIDListA
0x7129d3d1,0x7129d3d1,SHGetPathFromIDListEx
0xcd204c4b,0xcd204c4b,SHGetPathFromIDListW
0x62a2695b,0x62a2695b,SHGetPropertyStoreForWindow
0x4d285df9,0x4d285df9,SHGetPropertyStoreFromIDList
0x8165bf25,0x8165bf25,SHGetPropertyStoreFromParsingName
0x3e8cc487,0x3e8cc487,SHGetRealIDL
0x2e009cde,0x2e009cde,SHGetSetFolderCustomSettings
0x1b756b07,0x1b756b07,SHGetSetSettings
0x294a1c9b,0x294a1c9b,SHGetSettings
0x1b92fca0,0x1b92fca0,SHGetSpecialFolderLocation
0x380be755,0x380be755,SHGetSpecialFolderPathA
0x380be76b,0x380be76b,SHGetSpecialFolderPathW
0x56bea183,0x56bea183,SHGetStockIconInfo
0x93e4568,0x093e4568,SHGetTemporaryPropertyForItem
0xce47b23f,0xce47b23f,SHGetThreadRef
0x29ba760c,0x29ba760c,SHGetUnreadMailCountW
0x12b99b28,0x12b99b28,SHGetValueA
0x12b99b3e,0x12b99b3e,SHGetValueW
0xc7c47c95,0xc7c47c95,SHGetViewStatePropertyBag
0xa15a0cdc,0xa15a0cdc,SHHandleUpdateImage
0xc4f547b2,0xc4f547b2,SHHelpShortcuts_RunDLL
0x639e3e53,0x639e3e53,SHHelpShortcuts_RunDLLA
0x639e3e69,0x639e3e69,SHHelpShortcuts_RunDLLW
0xc5c44494,0xc5c44494,SHILCreateFromPath
0xf69a383a,0xf69a383a,SHInvokePrinterCommandA
0xf69a3850,0xf69a3850,SHInvokePrinterCommandW
0x9741a5f5,0x9741a5f5,SHIsChildOrSelf
0x5edb292a,0x5edb292a,SHIsFileAvailableOffline
0x3b925cc6,0x3b925cc6,SHIsLowMemoryMachine
0xe3fbf59f,0xe3fbf59f,SHLimitInputEdit
0x2b4e1f35,0x2b4e1f35,SHLoadInProc
0x15bbdf73,0x15bbdf73,SHLoadIndirectString
0xce88575f,0xce88575f,SHLoadNonloadedIconOverlayIdentifiers
0x35883a8a,0x35883a8a,SHLockShared
0xf45a2fd0,0xf45a2fd0,SHMapPIDLToSystemImageListIndex
0x4521faf7,0x4521faf7,SHMessageBoxCheckA
0x4521fb0d,0x4521fb0d,SHMessageBoxCheckW
0xfdd3e9c2,0xfdd3e9c2,SHMultiFileProperties
0x40ae600e,0x40ae600e,SHObjectProperties
0x80d4024d,0x80d4024d,SHOpenFolderAndSelectItems
0xc37e9c0d,0xc37e9c0d,SHOpenPropSheetW
0x8eaf9b59,0x8eaf9b59,SHOpenRegStream2A
0x8eaf9b6f,0x8eaf9b6f,SHOpenRegStream2W
0x692c1c27,0x692c1c27,SHOpenRegStreamA
0x692c1c3d,0x692c1c3d,SHOpenRegStreamW
0xd9f27fe8,0xd9f27fe8,SHOpenWithDialog
0xee9dc99c,0xee9dc99c,SHParseDisplayName
0x29754d79,0x29754d79,SHPathPrepareForWriteA
0x29754d8f,0x29754d8f,SHPathPrepareForWriteW
0xac68b5ad,0xac68b5ad,SHPropStgCreate
0x10828d21,0x10828d21,SHPropStgReadMultiple
0x328dd2b0,0x328dd2b0,SHPropStgWriteMultiple
0x31affd38,0x31affd38,SHPropertyBag_ReadStrAlloc
0x16d29af6,0x16d29af6,SHQueryInfoKeyA
0x16d29b0c,0x16d29b0c,SHQueryInfoKeyW
0xe2a62801,0xe2a62801,SHQueryRecycleBinA
0xe2a62817,0xe2a62817,SHQueryRecycleBinW
0x54e17127,0x54e17127,SHQueryUserNotificationState
0x3bdd90fb,0x3bdd90fb,SHQueryValueExA
0x3bdd9111,0x3bdd9111,SHQueryValueExW
0x434f0c6f,0x434f0c6f,SHRegCloseUSKey
0x27bc4dee,0x27bc4dee,SHRegCreateUSKeyA
0x27bc4e04,0x27bc4e04,SHRegCreateUSKeyW
0x64ff9b1c,0x64ff9b1c,SHRegDeleteEmptyUSKeyA
0x64ff9b32,0x64ff9b32,SHRegDeleteEmptyUSKeyW
0xc0e840a1,0xc0e840a1,SHRegDeleteUSValueA
0xc0e840b7,0xc0e840b7,SHRegDeleteUSValueW
0xd6fefd4,0x0d6fefd4,SHRegDuplicateHKey
0x1534806f,0x1534806f,SHRegEnumUSKeyA
0x15348085,0x15348085,SHRegEnumUSKeyW
0x4daff6a3,0x4daff6a3,SHRegEnumUSValueA
0x4daff6b9,0x4daff6b9,SHRegEnumUSValueW
0x46e48a9a,0x46e48a9a,SHRegGetBoolUSValueA
0x46e48ab0,0x46e48ab0,SHRegGetBoolUSValueW
0x1e3ed90a,0x1e3ed90a,SHRegGetIntW
0xe6918356,0xe6918356,SHRegGetPathA
0xe691836c,0xe691836c,SHRegGetPathW
0xfc0ae68e,0xfc0ae68e,SHRegGetUSValueA
0xfc0ae6a4,0xfc0ae6a4,SHRegGetUSValueW
0xc6bcb706,0xc6bcb706,SHRegGetValueA
0xc6bcb71c,0xc6bcb71c,SHRegGetValueW
0xaf73fc6c,0xaf73fc6c,SHRegOpenUSKeyA
0xaf73fc82,0xaf73fc82,SHRegOpenUSKeyW
0xbdda9bdc,0xbdda9bdc,SHRegQueryInfoUSKeyA
0xbdda9bf2,0xbdda9bf2,SHRegQueryInfoUSKeyW
0xc4eba104,0xc4eba104,SHRegQueryUSValueA
0xc4eba11a,0xc4eba11a,SHRegQueryUSValueW
0xf9a77de2,0xf9a77de2,SHRegSetPathA
0xf9a77df8,0xf9a77df8,SHRegSetPathW
0x3c63659a,0x3c63659a,SHRegSetUSValueA
0x3c6365b0,0x3c6365b0,SHRegSetUSValueW
0x121ae519,0x121ae519,SHRegWriteUSValueA
0x121ae52f,0x121ae52f,SHRegWriteUSValueW
0x444b35,0x00444b35,SHRegisterValidateTemplate
0xbdd12ac0,0xbdd12ac0,SHReleaseThreadRef
0xebd587d0,0xebd587d0,SHRemoveLocalizedName
0x2659ee84,0x2659ee84,SHReplaceFromPropSheetExtArray
0x7a68d2ff,0x7a68d2ff,SHResolveLibrary
0x3792b943,0x3792b943,SHRestricted
0x5a9f1e4d,0x5a9f1e4d,SHRunIndirectRegClientCommand
0x96442e0d,0x96442e0d,SHSendMessageBroadcastA
0x96442e23,0x96442e23,SHSendMessageBroadcastW
0x7bb1e7a8,0x7bb1e7a8,SHSetDefaultProperties
0xc47697a0,0xc47697a0,SHSetFolderPathA
0xc47697b6,0xc47697b6,SHSetFolderPathW
0xab3f80fc,0xab3f80fc,SHSetInstanceExplorer
0xa97614ec,0xa97614ec,SHSetKnownFolderPath
0xc76693ce,0xc76693ce,SHSetLocalizedName
0xf2eb5c74,0xf2eb5c74,SHSetTemporaryPropertyForItem
0x19b012cb,0x19b012cb,SHSetThreadRef
0x73f74118,0x73f74118,SHSetUnreadMailCountW
0x888ee734,0x888ee734,SHSetValueA
0x888ee74a,0x888ee74a,SHSetValueW
0x9a3537fd,0x9a3537fd,SHShellFolderView_Message
0x418143a7,0x418143a7,SHShowManageLibraryUI
0x824d83fe,0x824d83fe,SHSimpleIDListFromPath
0x1013f1ab,0x1013f1ab,SHSkipJunction
0xc6ac4a16,0xc6ac4a16,SHStartNetConnectionDialogW
0x6ea1b56d,0x6ea1b56d,SHStrDupA
0x6ea1b583,0x6ea1b583,SHStrDupW
0xb755efa8,0xb755efa8,SHStripMneumonicA
0xb755efbe,0xb755efbe,SHStripMneumonicW
0x3676737,0x03676737,SHTestTokenMembership
0x182cb4bf,0x182cb4bf,SHUnicodeToAnsi
0x9e9f559b,0x9e9f559b,SHUnicodeToUnicode
0x2e1adc4d,0x2e1adc4d,SHUnlockShared
0x8539fb91,0x8539fb91,SHUpdateImageA
0x8539fba7,0x8539fba7,SHUpdateImageW
0xac2da116,0xac2da116,SHUpdateRecycleBinIcon
0x91ca4a7a,0x91ca4a7a,SHValidateUNC
0x1bb39d50,0x1bb39d50,SListHead
0xca0616b2,0xca0616b2,SNB_UserFree
0x63e6925c,0x63e6925c,SNB_UserFree64
0xd4dc9b38,0xd4dc9b38,SNB_UserMarshal
0x7e705062,0x7e705062,SNB_UserMarshal64
0xca0d140b,0xca0d140b,SNB_UserSize
0x81a249f5,0x81a249f5,SNB_UserSize64
0x778a655b,0x778a655b,SNB_UserUnmarshal
0x83b92f45,0x83b92f45,SNB_UserUnmarshal64
0xe526d7f4,0xe526d7f4,SRWLock
0x5c5fa2b5,0x5c5fa2b5,STAN_AddModuleToDefaultTrustDomain
0x9590699a,0x9590699a,STAN_ChangeCertTrust
0xcd6c9914,0xcd6c9914,STAN_DeleteCertTrustMatchingSlot
0xfead4307,0xfead4307,STAN_ForceCERTCertificateUpdate
0x59dda715,0x59dda715,STAN_GetCERTCertificate
0xd0132656,0xd0132656,STAN_GetCERTCertificateName
0x21f21412,0x21f21412,STAN_GetCERTCertificateNameForInstance
0xee30b457,0xee30b457,STAN_GetCERTCertificateOrRelease
0xad0d6ee4,0xad0d6ee4,STAN_GetCertIdentifierFromDER
0x70a1eeaf,0x70a1eeaf,STAN_GetDefaultCryptoContext
0x8f302ba3,0x8f302ba3,STAN_GetDefaultTrustDomain
0x7a894fbb,0x7a894fbb,STAN_GetNSSCertificate
0x741e928e,0x741e928e,STAN_InitTokenForSlotInfo
0x41055a8a,0x41055a8a,STAN_LoadDefaultNSS3TrustDomain
0x82142d6b,0x82142d6b,STAN_RemoveModuleFromDefaultTrustDomain
0x70251f80,0x70251f80,STAN_ResetTokenInterator
0xd3f13a00,0xd3f13a00,STAN_Shutdown
0xb7d4523e,0xb7d4523e,STGMEDIUM_UserFree
0xfe31e0e8,0xfe31e0e8,STGMEDIUM_UserFree64
0xc46ecf0f,0xc46ecf0f,STGMEDIUM_UserFreeExt
0xb891bb44,0xb891bb44,STGMEDIUM_UserMarshal
0x23eda36e,0x23eda36e,STGMEDIUM_UserMarshal64
0xa1a2e255,0xa1a2e255,STGMEDIUM_UserMarshalExt
0xb7db4f97,0xb7db4f97,STGMEDIUM_UserSize
0x1bed9881,0x1bed9881,STGMEDIUM_UserSize64
0x99a179c8,0x99a179c8,STGMEDIUM_UserSizeExt
0x1d07b867,0x1d07b867,STGMEDIUM_UserUnmarshal
0x7dd77551,0x7dd77551,STGMEDIUM_UserUnmarshal64
0x38c6f098,0x38c6f098,STGMEDIUM_UserUnmarshalExt
0xa66a75ae,0xa66a75ae,SaferCloseLevel
0xa8eb146a,0xa8eb146a,SaferComputeTokenFromLevel
0xd546442c,0xd546442c,SaferCreateLevel
0x863fb6de,0x863fb6de,SaferGetLevelInformation
0x28b56ef6,0x28b56ef6,SaferGetPolicyInformation
0xb478d214,0xb478d214,SaferIdentifyLevel
0x1d552dd5,0x1d552dd5,SaferRecordEventLogEntry
0xd07c81ea,0xd07c81ea,SaferSetLevelInformation
0xba8b9b82,0xba8b9b82,SaferSetPolicyInformation
0xcb5b4682,0xcb5b4682,SaferiChangeRegistryScope
0xa7a272dc,0xa7a272dc,SaferiCompareTokenLevels
0x4d9319e9,0x4d9319e9,SaferiIsDllAllowed
0x598d7a89,0x598d7a89,SaferiIsExecutableFileType
0x775079b,0x0775079b,SaferiPopulateDefaultsInRegistry
0x9afb679e,0x9afb679e,SaferiRecordEventLogEntry
0x9e6775f9,0x9e6775f9,SaferiSearchMatchingHashRules
0x4a33bb6f,0x4a33bb6f,SaslAcceptSecurityContext
0x6647d06d,0x6647d06d,SaslEnumerateProfilesA
0x6647d083,0x6647d083,SaslEnumerateProfilesW
0x2e27f980,0x2e27f980,SaslGetContextOption
0x4a33f600,0x4a33f600,SaslGetProfilePackageA
0x4a33f616,0x4a33f616,SaslGetProfilePackageW
0x99af0c0b,0x99af0c0b,SaslIdentifyPackageA
0x99af0c21,0x99af0c21,SaslIdentifyPackageW
0x66ae3112,0x66ae3112,SaslInitializeSecurityContextA
0x66ae3128,0x66ae3128,SaslInitializeSecurityContextW
0xc0a5c00c,0xc0a5c00c,SaslSetContextOption
0x15413e45,0x15413e45,SaveDC
0x648067c0,0x648067c0,SbExecuteProcedure
0xae4633cd,0xae4633cd,SbSelectProcedure
0x79fd52c5,0x79fd52c5,ScaleViewportExtEx
0x6f7b6d7d,0x6f7b6d7d,ScaleWindowExtEx
0xa1cb4b37,0xa1cb4b37,ScheduleJob
0x8c9ee751,0x8c9ee751,ScreenToClient
0x6c2b2fd8,0x6c2b2fd8,ScriptApplyDigitSubstitution
0x2f269265,0x2f269265,ScriptApplyLogicalWidth
0x7866ce09,0x7866ce09,ScriptBreak
0x78780f72,0x78780f72,ScriptCPtoX
0x1069331,0x01069331,ScriptCacheGetHeight
0xa6ad30ba,0xa6ad30ba,ScriptFreeCache
0x90f331a5,0x90f331a5,ScriptGetCMap
0xefa45552,0xefa45552,ScriptGetFontAlternateGlyphs
0xac8afc76,0xac8afc76,ScriptGetFontFeatureTags
0x7f6ab18e,0x7f6ab18e,ScriptGetFontLanguageTags
0xe86ba2a8,0xe86ba2a8,ScriptGetFontProperties
0xe4fb5a7f,0xe4fb5a7f,ScriptGetFontScriptTags
0xbf01dc4e,0xbf01dc4e,ScriptGetGlyphABCWidth
0x4ae7f232,0x4ae7f232,ScriptGetLogicalWidths
0x1897aa71,0x1897aa71,ScriptGetProperties
0x6e80ca18,0x6e80ca18,ScriptIsComplex
0x4cdb0afb,0x4cdb0afb,ScriptItemize
0x1beef46f,0x1beef46f,ScriptItemizeOpenType
0x9d2b9b92,0x9d2b9b92,ScriptJustify
0x9b6bb9c2,0x9b6bb9c2,ScriptLayout
0x7960ca09,0x7960ca09,ScriptPlace
0x3491e17d,0x3491e17d,ScriptPlaceOpenType
0x4d3e9a7f,0x4d3e9a7f,ScriptPositionSingleGlyph
0x18652ab1,0x18652ab1,ScriptRecordDigitSubstitution
0x7994e3b5,0x7994e3b5,ScriptShape
0x936ae729,0x936ae729,ScriptShapeOpenType
0xe567e848,0xe567e848,ScriptStringAnalyse
0xcca3f009,0xcca3f009,ScriptStringCPtoX
0xe72d6d1d,0xe72d6d1d,ScriptStringFree
0x9f73e669,0x9f73e669,ScriptStringGetLogicalWidths
0x93a80337,0x93a80337,ScriptStringGetOrder
0x5c56dc73,0x5c56dc73,ScriptStringOut
0x247cf925,0x247cf925,ScriptStringValidate
0xce220d49,0xce220d49,ScriptStringXtoCP
0x22feaf87,0x22feaf87,ScriptString_pLogAttr
0x57cca965,0x57cca965,ScriptString_pSize
0x25cf9c76,0x25cf9c76,ScriptString_pcOutChars
0x101ecb66,0x101ecb66,ScriptSubstituteSingleGlyph
0x79fa0701,0x79fa0701,ScriptTextOut
0x79f62cb2,0x79f62cb2,ScriptXtoCP
0x3854b187,0x3854b187,ScrollChildren
0x99f17bec,0x99f17bec,ScrollConsoleScreenBufferA
0x99f17c02,0x99f17c02,ScrollConsoleScreenBufferW
0xfbe34625,0xfbe34625,ScrollDC
0x57b07176,0x57b07176,ScrollWindow
0x592b473,0x0592b473,ScrollWindowEx
0x8045f2d9,0x8045f2d9,SealMessage
0xeca3313,0x0eca3313,SearchPathA
0xeca3329,0x0eca3329,SearchPathW
0x5d25c27c,0x5d25c27c,SearchTreeForFile
0x1de1273,0x01de1273,SearchTreeForFileW
0x19d49dfc,0x19d49dfc,SecCacheSspiPackages
0xe01f7626,0xe01f7626,SecDeleteUserModeContext
0x61349f87,0x61349f87,SecInitUserModeContext
0x2bb20ca0,0x2bb20ca0,SeciAllocateAndSetCallFlags
0x5ced7656,0x5ced7656,SeciAllocateAndSetIPAddress
0x7ad641d6,0x7ad641d6,SeciFreeCallContext
0xcb1ee3c7,0xcb1ee3c7,SectionSpinCount
0xd196aee6,0xd196aee6,SecurityDescriptor
0x46c8c07,0x046c8c07,SecurityDescriptorA
0x46c8c1d,0x046c8c1d,SecurityDescriptorW
0x6a80461b,0x6a80461b,SeekPrinter
0x9ba299be,0x9ba299be,SelectBrushLocal
0x2f7b90c4,0x2f7b90c4,SelectClipPath
0xb3dcfe1e,0xb3dcfe1e,SelectClipRgn
0xcb1f4fb1,0xcb1f4fb1,SelectFontLocal
0xc3a555e6,0xc3a555e6,SelectObject
0x8319a07e,0x8319a07e,SelectPalette
0xfdc390aa,0xfdc390aa,SemaphoreOnCompletion
0x354e52c5,0x354e52c5,SendDlgItemMessageA
0x354e52db,0x354e52db,SendDlgItemMessageW
0xfb4751aa,0xfb4751aa,SendDriverMessage
0x9799dd7,0x09799dd7,SendIMEMessageExA
0x9799ded,0x09799ded,SendIMEMessageExW
0x30907a9,0x030907a9,SendInput
0x19aa24ff,0x19aa24ff,SendMessageA
0x96104a0c,0x96104a0c,SendMessageCallbackA
0x96104a22,0x96104a22,SendMessageCallbackW
0xf173e86,0x0f173e86,SendMessageTimeoutA
0xf173e9c,0x0f173e9c,SendMessageTimeoutW
0x19aa2515,0x19aa2515,SendMessageW
0x4ec82218,0x4ec82218,SendNotifyMessageA
0x4ec8222e,0x4ec8222e,SendNotifyMessageW
0xc8d9a58c,0xc8d9a58c,SendPnPMessage
0x7cb618a5,0x7cb618a5,SendTSMessage
0xad2bcc47,0xad2bcc47,SetAbortProc
0xc9c9d211,0xc9c9d211,SetAclInformation
0xa788d2af,0xa788d2af,SetActiveWindow
0xfaf68dbf,0xfaf68dbf,SetAddrInfoEx
0xecdfa3da,0xecdfa3da,SetAppCompatData
0x3569f518,0x3569f518,SetAppCompatStringPointer
0xabccd0d2,0xabccd0d2,SetArcDirection
0x7622150a,0x7622150a,SetBitmapBits
0xb4159c9b,0xb4159c9b,SetBitmapDimensionEx
0x57a31167,0x57a31167,SetBkColor
0xcc5fc10d,0xcc5fc10d,SetBkMode
0x718742f4,0x718742f4,SetBoundsRect
0x58ec0f04,0x58ec0f04,SetBrushOrgEx
0x816d44c2,0x816d44c2,SetCalendarInfoA
0x816d44d8,0x816d44d8,SetCalendarInfoW
0x8e37daef,0x8e37daef,SetCapture
0x8193ac49,0x8193ac49,SetCaretBlinkTime
0x58cd875c,0x58cd875c,SetCaretPos
0xdebbabdc,0xdebbabdc,SetCheckUserInterruptShared
0x465846c2,0x465846c2,SetClassLongA
0x465846d8,0x465846d8,SetClassLongW
0x9d4e86ed,0x9d4e86ed,SetClassWord
0xe352e6b,0x0e352e6b,SetClientTimeZoneInformation
0xe8df3345,0xe8df3345,SetClipboardData
0xc7fee93d,0xc7fee93d,SetClipboardViewer
0x65f11999,0x65f11999,SetColorAdjustment
0x94e2a3e6,0x94e2a3e6,SetColorSpace
0x53d89e85,0x53d89e85,SetComPlusPackageInstallStatus
0xee995fac,0xee995fac,SetCommBreak
0xc3e9391d,0xc3e9391d,SetCommConfig
0x835fbcd3,0x835fbcd3,SetCommMask
0xefce0a68,0xefce0a68,SetCommState
0x4339fee1,0x4339fee1,SetCommTimeouts
0x84e1fec,0x084e1fec,SetComputerNameA
0x5455ebc9,0x5455ebc9,SetComputerNameExA
0x5455ebdf,0x5455ebdf,SetComputerNameExW
0x84e2002,0x084e2002,SetComputerNameW
0x65156dc4,0x65156dc4,SetConsoleActiveScreenBuffer
0x4a7a84c1,0x4a7a84c1,SetConsoleCP
0xfdcd1d61,0xfdcd1d61,SetConsoleCtrlHandler
0x5a5bf2ec,0x5a5bf2ec,SetConsoleCursor
0x3beefe38,0x3beefe38,SetConsoleCursorInfo
0x3bf133b1,0x3bf133b1,SetConsoleCursorMode
0x5c224fa1,0x5c224fa1,SetConsoleCursorPosition
0xb0ee5749,0xb0ee5749,SetConsoleDisplayMode
0xd3306885,0xd3306885,SetConsoleFont
0x7a1018dd,0x7a1018dd,SetConsoleHardwareState
0x85fcb34c,0x85fcb34c,SetConsoleHistoryInfo
0xd331dab7,0xd331dab7,SetConsoleIcon
0xa0cfd162,0xa0cfd162,SetConsoleInputExeNameA
0xa0cfd178,0xa0cfd178,SetConsoleInputExeNameW
0xfa6ef726,0xfa6ef726,SetConsoleKeyShortcuts
0x67a3411a,0x67a3411a,SetConsoleLocalEUDC
0xcbca0ddf,0xcbca0ddf,SetConsoleMaximumWindowSize
0x1e560cb9,0x1e560cb9,SetConsoleMenuClose
0xd3343dd3,0xd3343dd3,SetConsoleMode
0xdfab4be0,0xdfab4be0,SetConsoleNlsMode
0x48130f1f,0x48130f1f,SetConsoleNumberOfCommandsA
0x48130f35,0x48130f35,SetConsoleNumberOfCommandsW
0x9d640d0c,0x9d640d0c,SetConsoleOS2OemFormat
0x78b1c032,0x78b1c032,SetConsoleOutputCP
0x5f740f3d,0x5f740f3d,SetConsolePalette
0x470bf1,0x00470bf1,SetConsoleScreenBufferInfoEx
0x59d23a83,0x59d23a83,SetConsoleScreenBufferSize
0x94e17387,0x94e17387,SetConsoleTextAttribute
0x812b7931,0x812b7931,SetConsoleTitleA
0x812b7947,0x812b7947,SetConsoleTitleW
0xe396a072,0xe396a072,SetConsoleWindowInfo
0x9eea6548,0x9eea6548,SetContextAttributesA
0x9eea655e,0x9eea655e,SetContextAttributesW
0x69db4e8a,0x69db4e8a,SetConvertStg
0xed3c74b5,0xed3c74b5,SetCounterRefValue
0xf047d3b3,0xf047d3b3,SetCounterSetInfo
0x71800a71,0x71800a71,SetCredentialsAttributesA
0x71800a87,0x71800a87,SetCredentialsAttributesW
0xef4ae45e,0xef4ae45e,SetCriticalSectionSpinCount
0xedd0d0e5,0xedd0d0e5,SetCurrentConsoleFontEx
0x2c59f314,0x2c59f314,SetCurrentDirectoryA
0x2c59f32a,0x2c59f32a,SetCurrentDirectoryW
0xd6d7033d,0xd6d7033d,SetCurrentProcessExplicitAppUserModelID
0xcf6caf19,0xcf6caf19,SetCursor
0xb3cc3807,0xb3cc3807,SetCursorContents
0x7f1efab,0x07f1efab,SetCursorPos
0x3008e725,0x3008e725,SetDCBrushColor
0xd07691d3,0xd07691d3,SetDCHook
0xc7e25664,0xc7e25664,SetDCPenColor
0x27ad4851,0x27ad4851,SetDIBColorTable
0xd0dfc1ba,0xd0dfc1ba,SetDIBits
0x1279b3ad,0x1279b3ad,SetDIBitsToDevice
0x9f7f304,0x09f7f304,SetDebugErrorLevel
0xc5da36c3,0xc5da36c3,SetDefaultCommConfigA
0xc5da36d9,0xc5da36d9,SetDefaultCommConfigW
0x1448ed79,0x1448ed79,SetDefaultDllDirectories
0xbe5e53c5,0xbe5e53c5,SetDefaultPrinterA
0xbe5e53db,0xbe5e53db,SetDefaultPrinterW
0xe735f62a,0xe735f62a,SetDeskWallpaper
0x8472f3fe,0x8472f3fe,SetDeviceGammaRamp
0x918aecc7,0x918aecc7,SetDisplayConfig
0xd3fcc5ac,0xd3fcc5ac,SetDlgItemInt
0xc7071f27,0xc7071f27,SetDlgItemTextA
0xc7071f3d,0xc7071f3d,SetDlgItemTextW
0x9e158f6d,0x9e158f6d,SetDllDirectoryA
0x9e158f83,0x9e158f83,SetDllDirectoryW
0xd7dcfa67,0xd7dcfa67,SetDocumentBitStg
0xe98d048b,0xe98d048b,SetDoubleClickTime
0x2f64f891,0x2f64f891,SetDynamicTimeZoneInformation
0x1e0af44a,0x1e0af44a,SetEncryptedFileMetadata
0x3b707b27,0x3b707b27,SetEndOfFile
0x9d4f69ef,0x9d4f69ef,SetEnhMetaFileBits
0x4b7c3f93,0x4b7c3f93,SetEnlistmentRecoveryInformation
0xd173f83b,0xd173f83b,SetEntriesInAccessListA
0xd173f851,0xd173f851,SetEntriesInAccessListW
0xf6b6e29d,0xf6b6e29d,SetEntriesInAclA
0xf6b6e2b3,0xf6b6e2b3,SetEntriesInAclW
0x13472120,0x13472120,SetEntriesInAuditListA
0x13472136,0x13472136,SetEntriesInAuditListW
0x419c861b,0x419c861b,SetEnvironmentStringsA
0x419c8631,0x419c8631,SetEnvironmentStringsW
0x48d1b677,0x48d1b677,SetEnvironmentVariableA
0x48d1b68d,0x48d1b68d,SetEnvironmentVariableW
0x230200f1,0x230200f1,SetErrorInfo
0x2304366a,0x2304366a,SetErrorMode
0x99d27b3d,0x99d27b3d,SetEvent
0xf1d8876f,0xf1d8876f,SetEventWhenCallbackReturns
0x1d52f564,0x1d52f564,SetExecutionEnvironment
0xe5dbbf16,0xe5dbbf16,SetFileApisToANSI
0x8ad8576c,0x8ad8576c,SetFileApisToOEM
0x5aee3a83,0x5aee3a83,SetFileAttributesA
0x73e4594c,0x73e4594c,SetFileAttributesTransactedA
0x73e45962,0x73e45962,SetFileAttributesTransactedW
0x5aee3a99,0x5aee3a99,SetFileAttributesW
0x48664d82,0x48664d82,SetFileBandwidthReservation
0xaf353a54,0xaf353a54,SetFileCompletionNotificationModes
0xce999348,0xce999348,SetFileInformationByHandle
0xb8549a92,0xb8549a92,SetFileIoOverlappedRange
0xcabb2afc,0xcabb2afc,SetFilePointer
0x6631e779,0x6631e779,SetFilePointerEx
0xcb69a514,0xcb69a514,SetFileSecurityA
0xcb69a52a,0xcb69a52a,SetFileSecurityW
0xc7350d4d,0xc7350d4d,SetFileShortNameA
0xc7350d63,0xc7350d63,SetFileShortNameW
0x7765da2a,0x7765da2a,SetFileTime
0xfa57965,0x0fa57965,SetFileValidData
0xf54a6234,0xf54a6234,SetFirmwareEnvironmentVariableA
0xf54a624a,0xf54a624a,SetFirmwareEnvironmentVariableW
0x99e0b57b,0x99e0b57b,SetFocus
0xffd69459,0xffd69459,SetFontEnumeration
0x8f4451ce,0x8f4451ce,SetForegroundWindow
0x99e0f430,0x99e0f430,SetFormA
0x99e0f446,0x99e0f446,SetFormW
0x91373530,0x91373530,SetGestureConfig
0x9aa6ab71,0x9aa6ab71,SetGraphicsMode
0xab9301ec,0xab9301ec,SetHandleContext
0x662e8f10,0x662e8f10,SetHandleCount
0x8c5048d,0x08c5048d,SetHandleInformation
0xca96c479,0xca96c479,SetHookFlags
0x60855d39,0x60855d39,SetICMMode
0x779dcaa6,0x779dcaa6,SetICMProfileA
0x779dcabc,0x779dcabc,SetICMProfileW
0x29898f37,0x29898f37,SetInformationCodeAuthzLevelW
0xa545164f,0xa545164f,SetInformationCodeAuthzPolicyW
0xd10fb553,0xd10fb553,SetInformationJobObject
0x95dc9162,0x95dc9162,SetInternalWindowPos
0xc69c6557,0xc69c6557,SetJobA
0x2d3f6d80,0x2d3f6d80,SetJobNamedProperty
0xc69c656d,0xc69c656d,SetJobW
0x7cb336b,0x07cb336b,SetKernelObjectSecurity
0x262d744d,0x262d744d,SetKeyboardState
0x9245d520,0x9245d520,SetLastConsoleEventActive
0xf9c7bff9,0xf9c7bff9,SetLastError
0x8ab7afb6,0x8ab7afb6,SetLastErrorEx
0xe5b47040,0xe5b47040,SetLayeredWindowAttributes
0xe304f919,0xe304f919,SetLayout
0xf3def1b,0x0f3def1b,SetLocalPrimaryComputerNameA
0xf3def31,0x0f3def31,SetLocalPrimaryComputerNameW
0xe9eb31f5,0xe9eb31f5,SetLocalTime
0xee82c118,0xee82c118,SetLocaleInfoA
0xee82c12e,0xee82c12e,SetLocaleInfoW
0xb6411e8e,0xb6411e8e,SetMagicColors
0xd29fb83a,0xd29fb83a,SetMagnificationDesktopColorEffect
0x7a8dbfa7,0x7a8dbfa7,SetMagnificationDesktopMagnification
0xb942537b,0xb942537b,SetMagnificationLensCtxInformation
0x5d663dec,0x5d663dec,SetMailslotInfo
0x8ffa487e,0x8ffa487e,SetMapMode
0xbcab2d,0x00bcab2d,SetMapperFlags
0xc69de190,0xc69de190,SetMenu
0x41baf04b,0x41baf04b,SetMenuContextHelpId
0x8a1617e4,0x8a1617e4,SetMenuDefaultItem
0xbf0f9edc,0xbf0f9edc,SetMenuInfo
0x428d928f,0x428d928f,SetMenuItemBitmaps
0x5041d6cc,0x5041d6cc,SetMenuItemInfoA
0x5041d6e2,0x5041d6e2,SetMenuItemInfoW
0xc37913d0,0xc37913d0,SetMessageExtraInfo
0x95a23e05,0x95a23e05,SetMessageQueue
0xa2281830,0xa2281830,SetMessageWaitingIndicator
0x2ce3d91,0x02ce3d91,SetMetaFileBitsEx
0x9990c5a9,0x9990c5a9,SetMetaRgn
0x98f3834,0x098f3834,SetMirrorRendering
0x6227a25b,0x6227a25b,SetMiterLimit
0x9e292de2,0x9e292de2,SetNamedPipeAttribute
0x6d3210db,0x6d3210db,SetNamedPipeHandleState
0xe9367e85,0xe9367e85,SetNamedSecurityInfoA
0x10d054a2,0x10d054a2,SetNamedSecurityInfoExA
0x10d054b8,0x10d054b8,SetNamedSecurityInfoExW
0xe9367e9b,0xe9367e9b,SetNamedSecurityInfoW
0x9920ce9d,0x9920ce9d,SetObjectOwner
0xa413c78b,0xa413c78b,SetOleautModule
0xe5ce58e4,0xe5ce58e4,SetPaletteEntries
0xec559985,0xec559985,SetParent
0x29ef8c08,0x29ef8c08,SetPhysicalCursorPos
0x9a92b77d,0x9a92b77d,SetPixel
0x2db6d126,0x2db6d126,SetPixelFormat
0xece9a793,0xece9a793,SetPixelV
0x43ef21eb,0x43ef21eb,SetPolyFillMode
0x9a95ea21,0x9a95ea21,SetPortA
0x9a95ea37,0x9a95ea37,SetPortW
0x6067a000,0x6067a000,SetPrinterA
0x8ba5149a,0x8ba5149a,SetPrinterDataA
0x93cc3f7,0x093cc3f7,SetPrinterDataExA
0x93cc40d,0x093cc40d,SetPrinterDataExW
0x8ba514b0,0x8ba514b0,SetPrinterDataW
0x6067a016,0x6067a016,SetPrinterW
0x977149f3,0x977149f3,SetPriorityClass
0xf544af45,0xf544af45,SetPrivateObjectSecurity
0x592da202,0x592da202,SetPrivateObjectSecurityEx
0xa76744c0,0xa76744c0,SetProcessAffinityMask
0xbc6ce2bc,0xbc6ce2bc,SetProcessAffinityUpdateMode
0x578de2a3,0x578de2a3,SetProcessDEPPolicy
0x38468aa7,0x38468aa7,SetProcessDPIAware
0x6328c1d,0x06328c1d,SetProcessDefaultLayout
0x5955ff8e,0x5955ff8e,SetProcessPreferredUILanguages
0xffd1a6a3,0xffd1a6a3,SetProcessPriorityBoost
0xb23e04ca,0xb23e04ca,SetProcessShutdownParameters
0xec35295d,0xec35295d,SetProcessUserModeExceptionPolicy
0x16a8c354,0x16a8c354,SetProcessWindowStation
0xa9fc40c2,0xa9fc40c2,SetProcessWorkingSetSize
0x1a0f86bf,0x1a0f86bf,SetProcessWorkingSetSizeEx
0x1cb21ea7,0x1cb21ea7,SetProgmanWindow
0x9a9781fd,0x9a9781fd,SetPropA
0x9a978213,0x9a978213,SetPropW
0xc6a0c9fe,0xc6a0c9fe,SetROP2
0xc6a09e09,0xc6a09e09,SetRect
0x961327b8,0x961327b8,SetRectEmpty
0x194ac010,0x194ac010,SetRectRgn
0xf144eff4,0xf144eff4,SetRelAbs
0xc0cb1fe8,0xc0cb1fe8,SetRequestExts
0xd6514cfd,0xd6514cfd,SetResourceManagerCompletionPort
0xdac028f6,0xdac028f6,SetScrollInfo
0xa989d19c,0xa989d19c,SetScrollPos
0x336124b7,0x336124b7,SetScrollRange
0xc5d0c983,0xc5d0c983,SetSearchPathMode
0xcfd9c471,0xcfd9c471,SetSecurityAccessMask
0xb8460d73,0xb8460d73,SetSecurityDescriptorControl
0x2de74ee6,0x2de74ee6,SetSecurityDescriptorDacl
0xeb10fc3f,0xeb10fc3f,SetSecurityDescriptorGroup
0xeba477dd,0xeba477dd,SetSecurityDescriptorOwner
0x82164832,0x82164832,SetSecurityDescriptorRMControl
0x2def8895,0x2def8895,SetSecurityDescriptorSacl
0xd1818fff,0xd1818fff,SetSecurityInfo
0x3cd8c11d,0x3cd8c11d,SetSecurityInfoExA
0x3cd8c133,0x3cd8c133,SetSecurityInfoExW
0x67555e4c,0x67555e4c,SetService
0x5201282d,0x5201282d,SetServiceA
0xb46b2f7e,0xb46b2f7e,SetServiceBits
0x8963683b,0x8963683b,SetServiceObjectSecurity
0xa4596fd0,0xa4596fd0,SetServiceStatus
0x52012843,0x52012843,SetServiceW
0xb18b988b,0xb18b988b,SetShellWindow
0x42d3f4c8,0x42d3f4c8,SetShellWindowEx
0x13e76209,0x13e76209,SetSingleReqExts
0x4fca2cb3,0x4fca2cb3,SetSocketMediaStreamingMode
0x7563a96,0x07563a96,SetSplwow64AppCompat
0x131f5d52,0x131f5d52,SetStdHandle
0x586c074f,0x586c074f,SetStdHandleEx
0xbe373c1f,0xbe373c1f,SetStretchBltMode
0xf97a941e,0xf97a941e,SetSymLoadError
0x2864b7cc,0x2864b7cc,SetSysColors
0xb89515e2,0xb89515e2,SetSysColorsTemp
0x15926ede,0x15926ede,SetSystemCursor
0xea63f00f,0xea63f00f,SetSystemFileCacheSize
0x3a56ec15,0x3a56ec15,SetSystemMenu
0xcc6847fc,0xcc6847fc,SetSystemPaletteUse
0x4d5616ae,0x4d5616ae,SetSystemPowerState
0x3a5ad38f,0x3a5ad38f,SetSystemTime
0x79f6b9ee,0x79f6b9ee,SetSystemTimeAdjustment
0xa9415af9,0xa9415af9,SetTapeParameters
0xcbad6d1a,0xcbad6d1a,SetTapePosition
0x3fa22ac2,0x3fa22ac2,SetTaskmanWindow
0xa087810b,0xa087810b,SetTermsrvAppInstallMode
0xcf49f7ab,0xcf49f7ab,SetTextAlign
0xb85c4371,0xb85c4371,SetTextCharacterExtra
0xcf6fdb9f,0xcf6fdb9f,SetTextColor
0x31f9741c,0x31f9741c,SetTextJustification
0x21b1d379,0x21b1d379,SetThreadAffinityMask
0xe691b7d8,0xe691b7d8,SetThreadContext
0x1c8e280d,0x1c8e280d,SetThreadDesktop
0xa8c1c4c2,0xa8c1c4c2,SetThreadErrorMode
0x7ea82b08,0x7ea82b08,SetThreadExecutionState
0x84f7837a,0x84f7837a,SetThreadGroupAffinity
0x6adc3052,0x6adc3052,SetThreadIdealProcessor
0x92a99a4f,0x92a99a4f,SetThreadIdealProcessorEx
0x42be7063,0x42be7063,SetThreadLocale
0xb23c3747,0xb23c3747,SetThreadPreferredUILanguages
0x9311d475,0x9311d475,SetThreadPriority
0xc36e0c7c,0xc36e0c7c,SetThreadPriorityBoost
0x8d98e405,0x8d98e405,SetThreadStackGuarantee
0x31224ed4,0x31224ed4,SetThreadToken
0x204b2ed5,0x204b2ed5,SetThreadUILanguage
0x5cd60129,0x5cd60129,SetThreadpoolStackInformation
0x5d243c83,0x5d243c83,SetThreadpoolThreadMaximum
0x6f188c81,0x6f188c81,SetThreadpoolThreadMinimum
0xf788e82e,0xf788e82e,SetThreadpoolTimer
0xb9ee62e2,0xb9ee62e2,SetThreadpoolWait
0x8f8e6fcc,0x8f8e6fcc,SetTimeZoneInformation
0x9adaeabc,0x9adaeabc,SetTimer
0x7f048ea2,0x7f048ea2,SetTimerQueueTimer
0x748afb82,0x748afb82,SetTokenInformation
0x31640a37,0x31640a37,SetTraceCallback
0x1b0790a7,0x1b0790a7,SetTransactionInformation
0x780595c3,0x780595c3,SetUnhandledExceptionFilter
0xd5e8eb25,0xd5e8eb25,SetUrlCacheConfigInfoA
0xd5e8eb3b,0xd5e8eb3b,SetUrlCacheConfigInfoW
0x498aa981,0x498aa981,SetUrlCacheEntryGroup
0x7adfda02,0x7adfda02,SetUrlCacheEntryGroupA
0x7adfda18,0x7adfda18,SetUrlCacheEntryGroupW
0x49ac81e1,0x49ac81e1,SetUrlCacheEntryInfoA
0x49ac81f7,0x49ac81f7,SetUrlCacheEntryInfoW
0x3bc16304,0x3bc16304,SetUrlCacheGroupAttributeA
0x3bc1631a,0x3bc1631a,SetUrlCacheGroupAttributeW
0x50d03c85,0x50d03c85,SetUrlCacheHeaderData
0x4f074dee,0x4f074dee,SetUserFileEncryptionKey
0x2e128eeb,0x2e128eeb,SetUserFileEncryptionKeyEx
0x748c0f82,0x748c0f82,SetUserGeoID
0x623763d8,0x623763d8,SetUserObjectInformationA
0x623763ee,0x623763ee,SetUserObjectInformationW
0x13b52169,0x13b52169,SetUserObjectSecurity
0x1179aba2,0x1179aba2,SetVDMCurrentDirectories
0xc11dd9c9,0xc11dd9c9,SetViewportExtEx
0xc1cf4d40,0xc1cf4d40,SetViewportOrgEx
0xaef512b6,0xaef512b6,SetVirtualResolution
0xd8c82e14,0xd8c82e14,SetVolumeLabelA
0xd8c82e2a,0xd8c82e2a,SetVolumeLabelW
0x561cfd11,0x561cfd11,SetVolumeMountPointA
0x561cfd27,0x561cfd27,SetVolumeMountPointW
0xcf7c8a49,0xcf7c8a49,SetWOWThunkGlobalPtr
0xcfbef585,0xcfbef585,SetWaitableTimer
0xbb527842,0xbb527842,SetWaitableTimerEx
0xfe33721c,0xfe33721c,SetWinEventHook
0xcc4e3a62,0xcc4e3a62,SetWinMetaFileBits
0xf396c77b,0xf396c77b,SetWindowCompositionAttribute
0x9a9077ee,0x9a9077ee,SetWindowContextHelpId
0xe118c723,0xe118c723,SetWindowDisplayAffinity
0x68066381,0x68066381,SetWindowExtEx
0x68800644,0x68800644,SetWindowLongA
0x6880065a,0x6880065a,SetWindowLongW
0x68b7d6f8,0x68b7d6f8,SetWindowOrgEx
0x3589f8ec,0x3589f8ec,SetWindowPlacement
0xb7b132a5,0xb7b132a5,SetWindowPos
0xb7b13a1a,0xb7b13a1a,SetWindowRgn
0x68e83617,0x68e83617,SetWindowRgnEx
0x59efb054,0x59efb054,SetWindowStationUser
0xc35b38f3,0xc35b38f3,SetWindowSubclass
0x690b7ab9,0x690b7ab9,SetWindowTextA
0x690b7acf,0x690b7acf,SetWindowTextW
0xaddb5e2f,0xaddb5e2f,SetWindowWord
0x8856efb8,0x8856efb8,SetWindowsHookA
0xf9d1de95,0xf9d1de95,SetWindowsHookExA
0xf9d1deab,0xf9d1deab,SetWindowsHookExW
0x8856efce,0x8856efce,SetWindowsHookW
0x31accedf,0x31accedf,SetWorldTransform
0xcd8e1abf,0xcd8e1abf,SetXStateFeaturesMask
0xf906c4ec,0xf906c4ec,SetupComm
0xda027b4c,0xda027b4c,SfmDxBindSwapChain
0xa5343d1e,0xa5343d1e,SfmDxGetSwapChainStats
0xb0a4d081,0xb0a4d081,SfmDxOpenSwapChain
0x727678a4,0x727678a4,SfmDxQuerySwapChainBindingStatus
0x695dddd0,0x695dddd0,SfmDxReleaseSwapChain
0x4bb9e2b,0x04bb9e2b,SfmDxReportPendingBindingsToDwm
0x21e8e57a,0x21e8e57a,SfmDxSetSwapChainBindingStatus
0x876ad52a,0x876ad52a,SfmDxSetSwapChainStats
0x996c1d35,0x996c1d35,SheChangeDirA
0xa4e85f68,0xa4e85f68,SheChangeDirExW
0x514eb32f,0x514eb32f,SheGetDirA
0xe30ad0df,0xe30ad0df,SheSetCurDrive
0x3585c7ee,0x3585c7ee,Shell32.DLL(Function Name)
0x6d30fa3,0x06d30fa3,ShellAboutA
0x6d30fb9,0x06d30fb9,ShellAboutW
0xe0cf2cbc,0xe0cf2cbc,ShellExec_RunDLL
0xfab4c49d,0xfab4c49d,ShellExec_RunDLLA
0xfab4c4b3,0xfab4c4b3,ShellExec_RunDLLW
0x3dc5abbb,0x3dc5abbb,ShellExecuteA
0xf67b2417,0xf67b2417,ShellExecuteEx
0xc5dfa758,0xc5dfa758,ShellExecuteExA
0xc5dfa76e,0xc5dfa76e,ShellExecuteExW
0x3dc5abd1,0x3dc5abd1,ShellExecuteW
0x65a09ccc,0x65a09ccc,ShellHookProc
0x60fb5bb6,0x60fb5bb6,ShellMessageBoxA
0x60fb5bcc,0x60fb5bcc,ShellMessageBoxW
0x9194be59,0x9194be59,Shell_GetCachedImageIndex
0xc42c89da,0xc42c89da,Shell_GetCachedImageIndexA
0xc42c89f0,0xc42c89f0,Shell_GetCachedImageIndexW
0x1a278b8,0x01a278b8,Shell_GetImageLists
0xb4f3781e,0xb4f3781e,Shell_MergeMenus
0xbb82e728,0xbb82e728,Shell_NotifyIcon
0x2bdfcc89,0x2bdfcc89,Shell_NotifyIconA
0xb35d1bd6,0xb35d1bd6,Shell_NotifyIconGetRect
0x2bdfcc9f,0x2bdfcc9f,Shell_NotifyIconW
0xadc39735,0xadc39735,ShipAssert
0x10ed51db,0x10ed51db,ShipAssertGetBufferInfo
0x87b3e5dd,0x87b3e5dd,ShipAssertMsgA
0x87b3e5f3,0x87b3e5f3,ShipAssertMsgW
0x40a7197f,0x40a7197f,ShowCaret
0x10d150b3,0x10d150b3,ShowCertificate
0x2292e1a2,0x2292e1a2,ShowClientAuthCerts
0x6c625501,0x6c625501,ShowConsoleCursor
0x56f46ece,0x56f46ece,ShowCursor
0xb719a482,0xb719a482,ShowHideMenuCtl
0x86ff35f4,0x86ff35f4,ShowOwnedPopups
0x40d033d4,0x40d033d4,ShowScrollBar
0xc2898374,0xc2898374,ShowSecurityInfo
0x5ffe0998,0x5ffe0998,ShowStartGlass
0x69a6253,0x069a6253,ShowSystemCursor
0x84c00408,0x84c00408,ShowWindow
0xeb2832c6,0xeb2832c6,ShowWindowAsync
0x1c13065b,0x1c13065b,ShowX509EncodedCertificate
0xe60ea552,0xe60ea552,ShutdownBlockReasonCreate
0xd79237a8,0xd79237a8,ShutdownBlockReasonDestroy
0xc22639b4,0xc22639b4,ShutdownBlockReasonQuery
0x796b5400,0x796b5400,ShutdownCRLCache
0x608f7f1f,0x608f7f1f,SignalFileOpen
0x10faba6c,0x10faba6c,SignalObjectAndWait
0xa2d47d18,0xa2d47d18,SignatureInFile
0x1fdb145a,0x1fdb145a,SimpleTypeAlignment
0x114c1470,0x114c1470,SimpleTypeBufferSize
0x3f63f16f,0x3f63f16f,SimpleTypeMemorySize
0x193d2e3f,0x193d2e3f,SinglePhaseReject
0xc03fc347,0xc03fc347,SizeofResource
0x6d45c988,0x6d45c988,Sleep
0x1bf49a6b,0x1bf49a6b,SleepConditionVariableCS
0x9a882c31,0x9a882c31,SleepConditionVariableSRW
0xd5de5905,0xd5de5905,SleepEx
0x8e2c3a46,0x8e2c3a46,SoftModalMessageBox
0x26bff26f,0x26bff26f,SoftpubAuthenticode
0x2d215cbe,0x2d215cbe,SoftpubCheckCert
0x214a07a,0x0214a07a,SoftpubCleanup
0x3ecf60a3,0x3ecf60a3,SoftpubDefCertInit
0x309d342a,0x309d342a,SoftpubDllRegisterServer
0x1690686d,0x1690686d,SoftpubDllUnregisterServer
0xd20c92b9,0xd20c92b9,SoftpubDumpStructure
0xe66d3e6e,0xe66d3e6e,SoftpubFreeDefUsageCallData
0x6d518ce4,0x6d518ce4,SoftpubInitialize
0x5196b76c,0x5196b76c,SoftpubLoadDefUsageCallData
0x81645757,0x81645757,SoftpubLoadMessage
0x306c5284,0x306c5284,SoftpubLoadSignature
0xad9f6699,0xad9f6699,SortCloseHandle
0x6f6fdc3,0x06f6fdc3,SortGetHandle
0x5c86f5d,0x05c86f5d,SoundSentry
0x96c22b06,0x96c22b06,SplDriverUnloadComplete
0x659813ac,0x659813ac,SpoolerDevQueryPrintW
0xb10e37d9,0xb10e37d9,SpoolerPrinterEvent
0xba8d04b9,0xba8d04b9,SspiCompareAuthIdentities
0xc68adae5,0xc68adae5,SspiCopyAuthIdentity
0xfb5c2125,0xfb5c2125,SspiDecryptAuthIdentity
0x2c7cc36,0x02c7cc36,SspiEncodeAuthIdentityAsStrings
0x4d8ad2b6,0x4d8ad2b6,SspiEncodeStringsAsAuthIdentity
0xafdba8f,0x0afdba8f,SspiEncryptAuthIdentity
0x14865a24,0x14865a24,SspiExcludePackage
0x15d15dcc,0x15d15dcc,SspiFreeAuthIdentity
0x7fcc0c36,0x7fcc0c36,SspiGetComputerNameForSPN
0x293aa0f4,0x293aa0f4,SspiGetTargetHostName
0xd52b33b4,0xd52b33b4,SspiIsAuthIdentityEncrypted
0xe868121b,0xe868121b,SspiLocalFree
0x56309e92,0x56309e92,SspiMarshalAuthIdentity
0xf88faede,0xf88faede,SspiPrepareForCredRead
0xae74a8d,0x0ae74a8d,SspiPrepareForCredWrite
0x48d8e4b5,0x48d8e4b5,SspiUnmarshalAuthIdentity
0xe1f9acd2,0xe1f9acd2,SspiUnmarshalAuthIdentityInternal
0x888c5754,0x888c5754,SspiValidateAuthIdentity
0xdb510cca,0xdb510cca,SspiZeroAuthIdentity
0xf00321d4,0xf00321d4,StackWalk
0xfd52edfe,0xfd52edfe,StackWalk64
0xfd52f451,0xfd52f451,StackWalkEx
0x13992ef4,0x13992ef4,StartDocA
0x32bbb8ab,0x32bbb8ab,StartDocDlgA
0x32bbb8c1,0x32bbb8c1,StartDocDlgW
0xcb865b8,0x0cb865b8,StartDocPrinterA
0xcb865ce,0x0cb865ce,StartDocPrinterW
0x13992f0a,0x13992f0a,StartDocW
0x139f887a,0x139f887a,StartPage
0x3a4700de,0x3a4700de,StartPagePrinter
0xa1796e88,0xa1796e88,StartProvider
0xe58f3e05,0xe58f3e05,StartProviderEx
0xcbacdc91,0xcbacdc91,StartScenario
0x84894cef,0x84894cef,StartServiceA
0xb51641eb,0xb51641eb,StartServiceCtrlDispatcherA
0xb5164201,0xb5164201,StartServiceCtrlDispatcherW
0x84894d05,0x84894d05,StartServiceW
0x1bca8ba7,0x1bca8ba7,StartThreadpoolIo
0x84288cad,0x84288cad,StartTraceA
0x84288cc3,0x84288cc3,StartTraceW
0x7dcc2a1c,0x7dcc2a1c,StdTypesGetClassObject
0x3fe1372b,0x3fe1372b,StdTypesRegisterServer
0x22ea123b,0x22ea123b,StgConvertPropertyToVariant
0x8c80eb3b,0x8c80eb3b,StgConvertVariantToProperty
0x217a8da7,0x217a8da7,StgCreateDocfile
0xd2004fbd,0xd2004fbd,StgCreateDocfileOnILockBytes
0x6e9697ec,0x6e9697ec,StgCreatePropSetStg
0xc513ae00,0xc513ae00,StgCreatePropStg
0x920da703,0x920da703,StgCreateStorageEx
0xe4aa9d24,0xe4aa9d24,StgDeserializePropVariant
0x7b248cda,0x7b248cda,StgGetIFillLockBytesOnFile
0x41a50553,0x41a50553,StgGetIFillLockBytesOnILockBytes
0x85f8a32e,0x85f8a32e,StgIsStorageFile
0xdecd8aa7,0xdecd8aa7,StgIsStorageILockBytes
0x14bb65f3,0x14bb65f3,StgMakeUniqueName
0xb893a020,0xb893a020,StgOpenAsyncDocfileOnIFillLockBytes
0xe7d3dafe,0xe7d3dafe,StgOpenPropStg
0xd36dad04,0xd36dad04,StgOpenStorage
0x658d0b81,0x658d0b81,StgOpenStorageEx
0x587fad2d,0x587fad2d,StgOpenStorageOnHandle
0x6020629a,0x6020629a,StgOpenStorageOnILockBytes
0xb88b878d,0xb88b878d,StgPropertyLengthAsVariant
0x1123f61b,0x1123f61b,StgSerializePropVariant
0xa8d436eb,0xa8d436eb,StgSetTimes
0x85932c0,0x085932c0,StopProvider
0xd959e2e5,0xd959e2e5,StopTraceA
0xd959e2fb,0xd959e2fb,StopTraceW
0x17ac11dd,0x17ac11dd,StrCSpnA
0xd2e4ee6,0x0d2e4ee6,StrCSpnIA
0xd2e4efc,0x0d2e4efc,StrCSpnIW
0x17ac11f3,0x17ac11f3,StrCSpnW
0xb0e78ea4,0xb0e78ea4,StrCatBuffA
0xb0e78eba,0xb0e78eba,StrCatBuffW
0xcf409e3a,0xcf409e3a,StrCatChainW
0xe97185f7,0xe97185f7,StrCatW
0xe971a366,0xe971a366,StrChrA
0x17a6118f,0x17a6118f,StrChrIA
0x17a611a5,0x17a611a5,StrChrIW
0xc685a33,0x0c685a33,StrChrNIW
0x17a6124a,0x17a6124a,StrChrNW
0xe971a37c,0xe971a37c,StrChrW
0x17a8c62c,0x17a8c62c,StrCmpCA
0x17a8c642,0x17a8c642,StrCmpCW
0xcc1a5d5,0x0cc1a5d5,StrCmpICA
0xcc1a5eb,0x0cc1a5eb,StrCmpICW
0x17a8c708,0x17a8c708,StrCmpIW
0x778edfda,0x778edfda,StrCmpLogicalW
0x17a8c797,0x17a8c797,StrCmpNA
0xcc1bb1a,0x0cc1bb1a,StrCmpNCA
0xcc1bb30,0x0cc1bb30,StrCmpNCW
0xcc1bbe0,0x0cc1bbe0,StrCmpNIA
0xa4f93883,0xa4f93883,StrCmpNICA
0xa4f93899,0xa4f93899,StrCmpNICW
0xcc1bbf6,0x0cc1bbf6,StrCmpNIW
0x17a8c7ad,0x17a8c7ad,StrCmpNW
0xe971b87f,0xe971b87f,StrCmpW
0x17aa9319,0x17aa9319,StrCpyNW
0xe971c66b,0xe971c66b,StrCpyW
0xe97266d2,0xe97266d2,StrDupA
0xe97266e8,0xe97266e8,StrDupW
0x16ade3ab,0x16ade3ab,StrFormatByteSize64A
0x3f41bf41,0x3f41bf41,StrFormatByteSizeA
0x2779a85d,0x2779a85d,StrFormatByteSizeEx
0x3f41bf57,0x3f41bf57,StrFormatByteSizeW
0x2efb319a,0x2efb319a,StrFormatKBSizeA
0x2efb31b0,0x2efb31b0,StrFormatKBSizeW
0x154eb851,0x154eb851,StrFromTimeIntervalA
0x154eb867,0x154eb867,StrFromTimeIntervalW
0x91da0974,0x91da0974,StrIsIntlEqualA
0x91da098a,0x91da098a,StrIsIntlEqualW
0x186a1a4f,0x186a1a4f,StrNCatA
0x186a1a65,0x186a1a65,StrNCatW
0x186a4cd7,0x186a4cd7,StrNCmpA
0x25b3e920,0x25b3e920,StrNCmpIA
0x25b3e936,0x25b3e936,StrNCmpIW
0x186a4ced,0x186a4ced,StrNCmpW
0x188e0618,0x188e0618,StrPBrkA
0x188e062e,0x188e062e,StrPBrkW
0x18b299d8,0x18b299d8,StrRChrA
0x2f05d641,0x2f05d641,StrRChrIA
0x2f05d657,0x2f05d657,StrRChrIW
0x18b299ee,0x18b299ee,StrRChrW
0x18bb92f4,0x18bb92f4,StrRStrA
0x302df2dd,0x302df2dd,StrRStrIA
0x302df2f3,0x302df2f3,StrRStrIW
0x18bb930a,0x18bb930a,StrRStrW
0x7bb9a6b1,0x7bb9a6b1,StrRetToBSTR
0x7bb9ad54,0x7bb9ad54,StrRetToBufA
0x7bb9ad6a,0x7bb9ad6a,StrRetToBufW
0x7bc2fd10,0x7bc2fd10,StrRetToStrA
0x7bc2fd26,0x7bc2fd26,StrRetToStrW
0xe97a8afa,0xe97a8afa,StrSpnA
0xe97a8b10,0xe97a8b10,StrSpnW
0xe97a9c82,0xe97a9c82,StrStrA
0x18ce2e2b,0x18ce2e2b,StrStrIA
0x18ce2e41,0x18ce2e41,StrStrIW
0x32940a4f,0x32940a4f,StrStrNIW
0x18ce2ee6,0x18ce2ee6,StrStrNW
0xe97a9c98,0xe97a9c98,StrStrW
0x9b99415e,0x9b99415e,StrToInt64ExA
0x9b994174,0x9b994174,StrToInt64ExW
0x3489ca57,0x3489ca57,StrToIntA
0x7e25dcf4,0x7e25dcf4,StrToIntExA
0x7e25dd0a,0x7e25dd0a,StrToIntExW
0x3489ca6d,0x3489ca6d,StrToIntW
0x18df0825,0x18df0825,StrTrimA
0x18df083b,0x18df083b,StrTrimW
0x47be57a0,0x47be57a0,Str_SetPtrW
0x4e53290e,0x4e53290e,StretchBlt
0x4e53311b,0x4e53311b,StretchDIB
0x2c622d4b,0x2c622d4b,StretchDIBits
0x6b242c29,0x6b242c29,StringFromCLSID
0x6b715235,0x6b715235,StringFromGUID2
0xb9cf7850,0xb9cf7850,StringFromIID
0x83a07b2e,0x83a07b2e,StrokeAndFillPath
0x3b43abb4,0x3b43abb4,StrokePath
0x37288698,0x37288698,SubmitThreadpoolWork
0xcae6c925,0xcae6c925,SubtractRect
0x54103409,0x54103409,SuspendThread
0x484a414e,0x484a414e,SvchostPushServiceGlobals
0x4fab1b77,0x4fab1b77,SwapBuffers
0x6e9c0f8f,0x6e9c0f8f,SwapMouseButton
0xfbc4569b,0xfbc4569b,SwitchDesktop
0x50799747,0x50799747,SwitchDesktopWithFade
0xe1cf13cc,0xe1cf13cc,SwitchToFiber
0xbf6d8b4,0x0bf6d8b4,SwitchToThisWindow
0x3c5071dc,0x3c5071dc,SwitchToThread
0xda240f6e,0xda240f6e,SymAddSourceStream
0x1ea5fd8f,0x1ea5fd8f,SymAddSourceStreamA
0x1ea5fda5,0x1ea5fda5,SymAddSourceStreamW
0x8890c4e7,0x8890c4e7,SymAddSymbol
0x9aa9623e,0x9aa9623e,SymAddSymbolW
0xa1a82955,0xa1a82955,SymAddrIncludeInlineTrace
0x4afb05b0,0x4afb05b0,SymCleanup
0x2372689d,0x2372689d,SymCompareInlineTrace
0xe789ed31,0xe789ed31,SymDeleteSymbol
0xd8c793c8,0xd8c793c8,SymDeleteSymbolW
0xa2c6b078,0xa2c6b078,SymEnumLines
0xfb9cbfef,0xfb9cbfef,SymEnumLinesW
0x76f00714,0x76f00714,SymEnumProcesses
0xbfcb3202,0xbfcb3202,SymEnumSourceFileTokens
0x4e44d801,0x4e44d801,SymEnumSourceFiles
0x16dfd898,0x16dfd898,SymEnumSourceFilesW
0x4eb17389,0x4eb17389,SymEnumSourceLines
0x24dfe520,0x24dfe520,SymEnumSourceLinesW
0xeac202d6,0xeac202d6,SymEnumSym
0xaf4b2186,0xaf4b2186,SymEnumSymbols
0xae99a883,0xae99a883,SymEnumSymbolsEx
0x81ceb95a,0x81ceb95a,SymEnumSymbolsExW
0xab81268,0x0ab81268,SymEnumSymbolsForAddr
0x61ba5fdf,0x61ba5fdf,SymEnumSymbolsForAddrW
0x98af52bd,0x98af52bd,SymEnumSymbolsW
0xa3604312,0xa3604312,SymEnumTypes
0x8043e7ee,0x8043e7ee,SymEnumTypesByName
0x88c0e625,0x88c0e625,SymEnumTypesByNameW
0xf68a5c9,0x0f68a5c9,SymEnumTypesW
0xe6caf6c7,0xe6caf6c7,SymEnumerateModules
0xc563cbb1,0xc563cbb1,SymEnumerateModules64
0x71de56c8,0x71de56c8,SymEnumerateModulesW64
0xcc947897,0xcc947897,SymEnumerateSymbols
0x43950181,0x43950181,SymEnumerateSymbols64
0x5f238bee,0x5f238bee,SymEnumerateSymbolsW
0xb6364698,0xb6364698,SymEnumerateSymbolsW64
0x36a2427c,0x36a2427c,SymFindDebugInfoFile
0xaea9273,0x0aea9273,SymFindDebugInfoFileW
0xe132d16e,0xe132d16e,SymFindExecutableImage
0x78cffa5,0x078cffa5,SymFindExecutableImageW
0x99c9cfad,0x99c9cfad,SymFindFileInPath
0xd303c5c4,0xd303c5c4,SymFindFileInPathW
0x4088d24f,0x4088d24f,SymFreeDiaString
0x5523f8d7,0x5523f8d7,SymFromAddr
0xf9a3142e,0xf9a3142e,SymFromAddrW
0xfa395254,0xfa395254,SymFromIndex
0x41639d4b,0x41639d4b,SymFromIndexW
0xec26e500,0xec26e500,SymFromInlineContext
0x71038577,0x71038577,SymFromInlineContextW
0x552b0e1d,0x552b0e1d,SymFromName
0xfa8cd234,0xfa8cd234,SymFromNameW
0xfb0109fd,0xfb0109fd,SymFromToken
0x5b224a14,0x5b224a14,SymFromTokenW
0x2e9b448,0x02e9b448,SymFunctionTableAccess
0x6427ed72,0x6427ed72,SymFunctionTableAccess64
0x7769e95d,0x7769e95d,SymFunctionTableAccess64AccessRoutines
0xd2e3a5a,0x0d2e3a5a,SymGetDiaSession
0x31e4e592,0x31e4e592,SymGetExtendedOption
0x8779f8f4,0x8779f8f4,SymGetFileLineOffsets64
0xab30a426,0xab30a426,SymGetHomeDirectory
0x1145295d,0x1145295d,SymGetHomeDirectoryW
0x52fe19f,0x052fe19f,SymGetLineFromAddr
0x10aecc89,0x10aecc89,SymGetLineFromAddr64
0x10aed2dc,0x10aed2dc,SymGetLineFromAddrEx
0x268972a0,0x268972a0,SymGetLineFromAddrW64
0x94592ec8,0x94592ec8,SymGetLineFromInlineContext
0x1f7f083f,0x1f7f083f,SymGetLineFromInlineContextW
0x536f6e5,0x0536f6e5,SymGetLineFromName
0x2ed04b4f,0x2ed04b4f,SymGetLineFromName64
0x2ed051a2,0x2ed051a2,SymGetLineFromNameEx
0x8daca26,0x08daca26,SymGetLineFromNameW64
0x18edb50f,0x18edb50f,SymGetLineNext
0xb2f3bf9,0x0b2f3bf9,SymGetLineNext64
0xb2f424c,0x0b2f424c,SymGetLineNextEx
0x7117d010,0x7117d010,SymGetLineNextW64
0x18ef02ad,0x18ef02ad,SymGetLinePrev
0x10ba6917,0x10ba6917,SymGetLinePrev64
0x10ba6f6a,0x10ba6f6a,SymGetLinePrevEx
0x2808a0ee,0x2808a0ee,SymGetLinePrevW64
0x5a7f4409,0x5a7f4409,SymGetModuleBase
0xf7607173,0xf7607173,SymGetModuleBase64
0x5a83505a,0x5a83505a,SymGetModuleInfo
0x898d604,0x0898d604,SymGetModuleInfo64
0xaaed5c11,0xaaed5c11,SymGetModuleInfoW
0x1bb4ab7b,0x1bb4ab7b,SymGetModuleInfoW64
0x51b9281b,0x51b9281b,SymGetOmapBlockBase
0x64853d68,0x64853d68,SymGetOmaps
0xa31da9d4,0xa31da9d4,SymGetOptions
0x64c85f22,0x64c85f22,SymGetScope
0xfdd443d9,0xfdd443d9,SymGetScopeW
0x256d952b,0x256d952b,SymGetSearchPath
0xd3203b02,0xd3203b02,SymGetSearchPathW
0x2732fc79,0x2732fc79,SymGetSourceFile
0x5d338d8c,0x5d338d8c,SymGetSourceFileChecksum
0x3a53f83,0x03a53f83,SymGetSourceFileChecksumW
0xb567588e,0xb567588e,SymGetSourceFileFromToken
0x62526ac5,0x62526ac5,SymGetSourceFileFromTokenW
0x6d227d3a,0x6d227d3a,SymGetSourceFileToken
0x117224f1,0x117224f1,SymGetSourceFileTokenW
0xd928c10,0x0d928c10,SymGetSourceFileW
0xd4d1a6d7,0xd4d1a6d7,SymGetSourceVarFromToken
0x6f06822e,0x6f06822e,SymGetSourceVarFromTokenW
0x197a00b0,0x197a00b0,SymGetSymFromAddr
0x5ffcf3da,0x5ffcf3da,SymGetSymFromAddr64
0x198115f6,0x198115f6,SymGetSymFromName
0x7e1e72a0,0x7e1e72a0,SymGetSymFromName64
0xeb88f3a0,0xeb88f3a0,SymGetSymNext
0xf19462ca,0xf19462ca,SymGetSymNext64
0xeb8a413e,0xeb8a413e,SymGetSymPrev
0xf71f8fe8,0xf71f8fe8,SymGetSymPrev64
0x9ed9867e,0x9ed9867e,SymGetSymbolFile
0x7a0a56b5,0x7a0a56b5,SymGetSymbolFileW
0xeab2583f,0xeab2583f,SymGetTypeFromName
0x40fd6096,0x40fd6096,SymGetTypeFromNameW
0x4f47df76,0x4f47df76,SymGetTypeInfo
0x40bda273,0x40bda273,SymGetTypeInfoEx
0xf81b94c9,0xf81b94c9,SymGetUnwindInfo
0xbf76e5a,0x0bf76e5a,SymInitialize
0x8ae53a11,0x8ae53a11,SymInitializeW
0x652ee76e,0x652ee76e,SymLoadModule
0x6c868218,0x6c868218,SymLoadModule64
0x6c86886b,0x6c86886b,SymLoadModuleEx
0xfd579642,0xfd579642,SymLoadModuleExW
0x57eaa9b6,0x57eaa9b6,SymMatchFileName
0x553fe0ed,0x553fe0ed,SymMatchFileNameW
0x9a60734c,0x9a60734c,SymMatchString
0xe66edd2d,0xe66edd2d,SymMatchStringA
0xe66edd43,0xe66edd43,SymMatchStringW
0xf4c6f047,0xf4c6f047,SymNext
0x8da4f99e,0x8da4f99e,SymNextW
0xf4c83de5,0xf4c83de5,SymPrev
0x8dcffafc,0x8dcffafc,SymPrevW
0x6448c3cc,0x6448c3cc,SymQueryInlineTrace
0x369129f9,0x369129f9,SymRefreshModuleList
0xb17dcffa,0xb17dcffa,SymRegisterCallback
0x831bda4,0x0831bda4,SymRegisterCallback64
0xe6a871b,0x0e6a871b,SymRegisterCallbackW64
0x65cdc852,0x65cdc852,SymRegisterFunctionEntryCallback
0x10612bfc,0x10612bfc,SymRegisterFunctionEntryCallback64
0x4de1511e,0x4de1511e,SymSearch
0xa0b7555,0x0a0b7555,SymSearchW
0x3525c199,0x3525c199,SymSetContext
0x141b7d9e,0x141b7d9e,SymSetExtendedOption
0x3dae6ab2,0x3dae6ab2,SymSetHomeDirectory
0xf37bc169,0xf37bc169,SymSetHomeDirectoryW
0xd39c7760,0xd39c7760,SymSetOptions
0x64063c96,0x64063c96,SymSetParentWindow
0x5a3dfb7d,0x5a3dfb7d,SymSetScopeFromAddr
0xa293a9ba,0xa293a9ba,SymSetScopeFromIndex
0x27d4266,0x027d4266,SymSetScopeFromInlineContext
0xdde20737,0xdde20737,SymSetSearchPath
0x9a22ee8e,0x9a22ee8e,SymSetSearchPathW
0x830e68ee,0x830e68ee,SymSrvDeltaName
0xe4db8725,0xe4db8725,SymSrvDeltaNameW
0xe1e63c67,0xe1e63c67,SymSrvGetFileIndexInfo
0x1eadc9be,0x1eadc9be,SymSrvGetFileIndexInfoW
0xc2da512,0x0c2da512,SymSrvGetFileIndexString
0x91e247c9,0x91e247c9,SymSrvGetFileIndexStringW
0x1e8851d3,0x1e8851d3,SymSrvGetFileIndexes
0xef928caa,0xef928caa,SymSrvGetFileIndexesW
0x4c9bcb70,0x4c9bcb70,SymSrvGetSupplement
0xe01539e7,0xe01539e7,SymSrvGetSupplementW
0xcf87dbac,0xcf87dbac,SymSrvIsStore
0xc08351a3,0xc08351a3,SymSrvIsStoreW
0x10bd0710,0x10bd0710,SymSrvStoreFile
0x285de987,0x285de987,SymSrvStoreFileW
0x3f3efdfd,0x3f3efdfd,SymSrvStoreSupplement
0x271ebe14,0x271ebe14,SymSrvStoreSupplementW
0xb9326c90,0xb9326c90,SymUnDName
0xcf7fd7ba,0xcf7fd7ba,SymUnDName64
0x803c58b1,0x803c58b1,SymUnloadModule
0x80b5501b,0x80b5501b,SymUnloadModule64
0xfeb95fcb,0xfeb95fcb,SystemFunction001
0xfeb95fcc,0xfeb95fcc,SystemFunction002
0xfeb95fcd,0xfeb95fcd,SystemFunction003
0xfeb95fce,0xfeb95fce,SystemFunction004
0xfeb95fcf,0xfeb95fcf,SystemFunction005
0xfeb95fd0,0xfeb95fd0,SystemFunction006
0xfeb95fd1,0xfeb95fd1,SystemFunction007
0xfeb95fd2,0xfeb95fd2,SystemFunction008
0xfeb95fd3,0xfeb95fd3,SystemFunction009
0xfeb95feb,0xfeb95feb,SystemFunction010
0xfeb95fec,0xfeb95fec,SystemFunction011
0xfeb95fed,0xfeb95fed,SystemFunction012
0xfeb95fee,0xfeb95fee,SystemFunction013
0xfeb95fef,0xfeb95fef,SystemFunction014
0xfeb95ff0,0xfeb95ff0,SystemFunction015
0xfeb95ff1,0xfeb95ff1,SystemFunction016
0xfeb95ff2,0xfeb95ff2,SystemFunction017
0xfeb95ff3,0xfeb95ff3,SystemFunction018
0xfeb95ff4,0xfeb95ff4,SystemFunction019
0xfeb9600c,0xfeb9600c,SystemFunction020
0xfeb9600d,0xfeb9600d,SystemFunction021
0xfeb9600e,0xfeb9600e,SystemFunction022
0xfeb9600f,0xfeb9600f,SystemFunction023
0xfeb96010,0xfeb96010,SystemFunction024
0xfeb96011,0xfeb96011,SystemFunction025
0xfeb96012,0xfeb96012,SystemFunction026
0xfeb96013,0xfeb96013,SystemFunction027
0xfeb96014,0xfeb96014,SystemFunction028
0xfeb96015,0xfeb96015,SystemFunction029
0xfeb9602d,0xfeb9602d,SystemFunction030
0xfeb9602e,0xfeb9602e,SystemFunction031
0xfeb9602f,0xfeb9602f,SystemFunction032
0xfeb96030,0xfeb96030,SystemFunction033
0xfeb96031,0xfeb96031,SystemFunction034
0xfeb96032,0xfeb96032,SystemFunction035
0xfeb96033,0xfeb96033,SystemFunction036
0xfeb9604e,0xfeb9604e,SystemFunction040
0xfeb9604f,0xfeb9604f,SystemFunction041
0xcf70bbb5,0xcf70bbb5,SystemParametersInfoA
0xcf70bbcb,0xcf70bbcb,SystemParametersInfoW
0xcbe74e75,0xcbe74e75,SystemPointer
0xbf072f15,0xbf072f15,SystemTimeToFileTime
0x2a45a634,0x2a45a634,SystemTimeToTzSpecificLocalTime
0xd24810b1,0xd24810b1,SystemTimeToTzSpecificLocalTimeEx
0x314b5938,0x314b5938,TMethodImplementationIntercept
0x2cc2f6cf,0x2cc2f6cf,TabbedTextOutA
0x2cc2f6e5,0x2cc2f6e5,TabbedTextOutW
0x4d2a1d1,0x04d2a1d1,TagInformation
0x14a493df,0x14a493df,TargetConfigureOPMProtectedOutput
0xd0190ec9,0xd0190ec9,TargetConfigureOPMProtectedOutput64
0x98763794,0x98763794,TargetCreateNamedPipeW
0x8ee273be,0x8ee273be,TargetCreateNamedPipeW64
0xe60c3fe4,0xe60c3fe4,TargetCreateOPMProtectedOutputs
0x9a1bd00e,0x9a1bd00e,TargetCreateOPMProtectedOutputs64
0xb1dd314a,0xb1dd314a,TargetCreateProcessA
0x9deeb2f4,0x9deeb2f4,TargetCreateProcessA64
0xb1dd3160,0xb1dd3160,TargetCreateProcessW
0x9def108a,0x9def108a,TargetCreateProcessW64
0x7b82ff22,0x7b82ff22,TargetCreateThread
0x683f56cc,0x683f56cc,TargetCreateThread64
0x514fa827,0x514fa827,TargetDestroyOPMProtectedOutput
0xe3da5511,0xe3da5511,TargetDestroyOPMProtectedOutput64
0xb83d5525,0xb83d5525,TargetEnumDisplayDevicesA
0xbce7398f,0xbce7398f,TargetEnumDisplayDevicesA64
0xf5b4687c,0xf5b4687c,TargetEnumDisplayMonitors
0x34707ea6,0x34707ea6,TargetEnumDisplayMonitors64
0x86c9e418,0x86c9e418,TargetGdiDllInitialize
0x60d35142,0x60d35142,TargetGdiDllInitialize64
0x1561ac79,0x1561ac79,TargetGetCertificate
0xf47eb5e3,0xf47eb5e3,TargetGetCertificate64
0x5e4b1e80,0x5e4b1e80,TargetGetCertificateByHandle
0x1d8cc5aa,0x1d8cc5aa,TargetGetCertificateByHandle64
0xf261f54,0x0f261f54,TargetGetCertificateSize
0x712b4b7e,0x712b4b7e,TargetGetCertificateSize64
0xecd63c5b,0xecd63c5b,TargetGetCertificateSizeByHandle
0x7b56c645,0x7b56c645,TargetGetCertificateSizeByHandle64
0xc047068b,0xc047068b,TargetGetMonitorInfoA
0xee22dc75,0xee22dc75,TargetGetMonitorInfoA64
0xc04706a1,0xc04706a1,TargetGetMonitorInfoW
0xee233a0b,0xee233a0b,TargetGetMonitorInfoW64
0x3fc98488,0x3fc98488,TargetGetOPMInformation
0x583ccdb2,0x583ccdb2,TargetGetOPMInformation64
0xa4707b2c,0xa4707b2c,TargetGetOPMRandomNumber
0x827bfd56,0x827bfd56,TargetGetOPMRandomNumber64
0x486f2cb1,0x486f2cb1,TargetGetStockObject
0x20ed241b,0x20ed241b,TargetGetStockObject64
0xe0e95222,0xe0e95222,TargetGetSuggestedOPMProtectedOutputArraySize
0xc08669cc,0xc08669cc,TargetGetSuggestedOPMProtectedOutputArraySize64
0x64a5f98e,0x64a5f98e,TargetNtCreateEvent
0x260a9c38,0x260a9c38,TargetNtCreateEvent64
0x48de93cc,0x48de93cc,TargetNtCreateFile
0xfad2bdf6,0xfad2bdf6,TargetNtCreateFile64
0x86165755,0x86165755,TargetNtCreateKey
0x650987bf,0x650987bf,TargetNtCreateKey64
0x33f12e21,0x33f12e21,TargetNtCreateSection
0xf4f5418b,0xf4f5418b,TargetNtCreateSection64
0x34b4355b,0x34b4355b,TargetNtMapViewOfSection
0x3296ff45,0x3296ff45,TargetNtMapViewOfSection64
0x40b4d44c,0x40b4d44c,TargetNtOpenEvent
0x413b1e76,0x413b1e76,TargetNtOpenEvent64
0x20fe0eca,0x20fe0eca,TargetNtOpenFile
0x58bcf074,0x58bcf074,TargetNtOpenFile64
0x4e936a93,0x4e936a93,TargetNtOpenKey
0x4118627d,0x4118627d,TargetNtOpenKey64
0x411868d0,0x411868d0,TargetNtOpenKeyEx
0xe8d5e3fa,0xe8d5e3fa,TargetNtOpenKeyEx64
0x8755cd69,0x8755cd69,TargetNtOpenProcess
0xb3fed2d3,0xb3fed2d3,TargetNtOpenProcess64
0x935d642a,0x935d642a,TargetNtOpenProcessToken
0xe0471dd4,0xe0471dd4,TargetNtOpenProcessToken64
0xe0472427,0xe0472427,TargetNtOpenProcessTokenEx
0xea0d111,0x0ea0d111,TargetNtOpenProcessTokenEx64
0x795660c2,0x795660c2,TargetNtOpenThread
0x2871a06c,0x2871a06c,TargetNtOpenThread64
0x7b4cf723,0x7b4cf723,TargetNtOpenThreadToken
0x8267530d,0x8267530d,TargetNtOpenThreadToken64
0x82675960,0x82675960,TargetNtOpenThreadTokenEx
0xb9a3388a,0xb9a3388a,TargetNtOpenThreadTokenEx64
0xfe8e3f75,0xfe8e3f75,TargetNtQueryAttributesFile
0xdb1bf7df,0xdb1bf7df,TargetNtQueryAttributesFile64
0x33a268,0x0033a268,TargetNtQueryFullAttributesFile
0xdba5e392,0xdba5e392,TargetNtQueryFullAttributesFile64
0xfec1548a,0xfec1548a,TargetNtSetInformationFile
0xb468a634,0xb468a634,TargetNtSetInformationFile64
0xd5021682,0xd5021682,TargetNtSetInformationThread
0x1de1c62c,0x1de1c62c,TargetNtSetInformationThread64
0x9b4058de,0x9b4058de,TargetNtUnmapViewOfSection
0x6cba0f88,0x6cba0f88,TargetNtUnmapViewOfSection64
0x3ca826c8,0x3ca826c8,TargetRegisterClassW
0x74cfff2,0x074cfff2,TargetRegisterClassW64
0x703d1e4e,0x703d1e4e,TargetSetOPMSigningKeyAndSequenceNumbers
0x73fdf0f8,0x73fdf0f8,TargetSetOPMSigningKeyAndSequenceNumbers64
0xdc3dd06a,0xdc3dd06a,TerminateJobObject
0xdd3ef8d7,0xdd3ef8d7,TerminateProcess
0x7bf0d670,0x7bf0d670,TerminateThread
0x97acdd3f,0x97acdd3f,TermsrvAppInstallMode
0x9074d04d,0x9074d04d,TextOutA
0x9074d063,0x9074d063,TextOutW
0x12bb77f4,0x12bb77f4,Thread32First
0x656eda4b,0x656eda4b,Thread32Next
0x8f2fa657,0x8f2fa657,ThreadAttributeList
0xdbf9a0ec,0xdbf9a0ec,TileChildWindows
0xac118108,0xac118108,TileWindows
0x9e4910cd,0x9e4910cd,TlsAlloc
0x23d681a4,0x23d681a4,TlsFree
0x70bb805f,0x70bb805f,TlsGetValue
0x83d17aeb,0x83d17aeb,TlsSetValue
0x2997241b,0x2997241b,ToAscii
0xebf0a458,0xebf0a458,ToAsciiEx
0xb1aada4a,0xb1aada4a,ToSecurityDescriptorA
0xb1aada60,0xb1aada60,ToSecurityDescriptorW
0xe43cfa59,0xe43cfa59,ToUnicode
0xe7650216,0xe7650216,ToUnicodeEx
0x7d37552f,0x7d37552f,Toolhelp32ReadProcessMemory
0xe3ea0485,0xe3ea0485,TowerConstruct
0xc1daf631,0xc1daf631,TowerExplode
0x1a369438,0x1a369438,TpAllocAlpcCompletion
0x822c8fb5,0x822c8fb5,TpAllocAlpcCompletionEx
0x89dc2b93,0x89dc2b93,TpAllocCleanupGroup
0x1fc2adb0,0x1fc2adb0,TpAllocIoCompletion
0xfb4d4d78,0xfb4d4d78,TpAllocPool
0x653c0b3f,0x653c0b3f,TpAllocTimer
0xfb50e7d3,0xfb50e7d3,TpAllocWait
0xfb512481,0xfb512481,TpAllocWork
0xde3016ce,0xde3016ce,TpAlpcRegisterCompletionList
0xc9d87351,0xc9d87351,TpAlpcUnregisterCompletionList
0x9377c44e,0x9377c44e,TpCallbackIndependent
0x841f3f84,0x841f3f84,TpCallbackLeaveCriticalSectionOnCompletion
0xa781832c,0xa781832c,TpCallbackMayRunLong
0xfdc7532b,0xfdc7532b,TpCallbackReleaseMutexOnCompletion
0x7332757c,0x7332757c,TpCallbackReleaseSemaphoreOnCompletion
0xdafc365,0x0dafc365,TpCallbackSetEventOnCompletion
0x3b0652b6,0x3b0652b6,TpCallbackUnloadDllOnCompletion
0x40097ce0,0x40097ce0,TpCancelAsyncIoOperation
0xec8d5cfa,0xec8d5cfa,TpCaptureCaller
0xa0b41cd4,0xa0b41cd4,TpCheckTerminateWorker
0xd984e749,0xd984e749,TpDbgDumpHeapUsage
0xaaa46dce,0xaaa46dce,TpDbgGetFreeInfo
0x2873a054,0x2873a054,TpDbgSetLogRoutine
0x98027b5f,0x98027b5f,TpDisablePoolCallbackChecks
0x62d83a3c,0x62d83a3c,TpDisassociateCallback
0x5f72157c,0x5f72157c,TpIsTimerSet
0xd8e3c91c,0xd8e3c91c,TpPoolFreeUnusedNodes
0xa895959c,0xa895959c,TpPostWork
0xdb5a099f,0xdb5a099f,TpQueryPoolStackInformation
0x59f3098e,0x59f3098e,TpReleaseAlpcCompletion
0xe82f5369,0xe82f5369,TpReleaseCleanupGroup
0xf66511d4,0xf66511d4,TpReleaseCleanupGroupMembers
0x7e15d586,0x7e15d586,TpReleaseIoCompletion
0xf478ff4e,0xf478ff4e,TpReleasePool
0x83ddf7d5,0x83ddf7d5,TpReleaseTimer
0xf47c99a9,0xf47c99a9,TpReleaseWait
0xf47cd657,0xf47cd657,TpReleaseWork
0x43823aaf,0x43823aaf,TpSetDefaultPoolMaxThreads
0xa9ea6b3a,0xa9ea6b3a,TpSetDefaultPoolStackInformation
0xdd1587aa,0xdd1587aa,TpSetPoolMaxThreads
0x4666bee8,0x4666bee8,TpSetPoolMinThreads
0xa9204875,0xa9204875,TpSetPoolStackInformation
0x6de225e0,0x6de225e0,TpSetTimer
0x225db254,0x225db254,TpSetWait
0x597c3042,0x597c3042,TpSimpleTryPost
0x9c2e6cc8,0x9c2e6cc8,TpStartAsyncIoOperation
0x97616709,0x97616709,TpWaitForAlpcCompletion
0x83c89841,0x83c89841,TpWaitForIoCompletion
0xb20a26f0,0xb20a26f0,TpWaitForTimer
0x7201d164,0x7201d164,TpWaitForWait
0x72020e12,0x72020e12,TpWaitForWork
0x2282fe32,0x2282fe32,TraceEnableFlags
0x22ec139d,0x22ec139d,TraceEnableLevel
0xfc3fc5a0,0xfc3fc5a0,TraceEvent
0x6b2d3d75,0x6b2d3d75,TraceEventInstance
0xfc6379fa,0xfc6379fa,TraceGuids
0x88d2b99b,0x88d2b99b,TraceGuidsA
0x88d2b9b1,0x88d2b9b1,TraceGuidsW
0x7a869f80,0x7a869f80,TraceInstanceId
0x24673e2a,0x24673e2a,TraceLoggerHandle
0x4c71b2c3,0x4c71b2c3,TraceMessage
0x2fa97f1a,0x2fa97f1a,TraceMessageVa
0x25bd8730,0x25bd8730,TraceSetInformation
0xb39f336f,0xb39f336f,TrackMouseEvent
0xfebedd8d,0xfebedd8d,TrackPopupMenu
0xa9ec824a,0xa9ec824a,TrackPopupMenuEx
0xd7ccab82,0xd7ccab82,TransactNamedPipe
0x2520bda2,0x2520bda2,TranslateAccelerator
0xc9387243,0xc9387243,TranslateAcceleratorA
0xc9387259,0xc9387259,TranslateAcceleratorW
0x756e0dd3,0x756e0dd3,TranslateCharsetInfo
0x1832954e,0x1832954e,TranslateMDISysAccel
0x61d24bc2,0x61d24bc2,TranslateMessage
0x1f9451bf,0x1f9451bf,TranslateMessageEx
0xdb2862cb,0xdb2862cb,TransmitCommChar
0x42c3eee1,0x42c3eee1,TransmitFile
0x615fd48c,0x615fd48c,TransmitPackets
0x62f71423,0x62f71423,TransparentBlt
0x6328458c,0x6328458c,TreeResetNamedSecurityInfoA
0x632845a2,0x632845a2,TreeResetNamedSecurityInfoW
0xba904e55,0xba904e55,TreeSetNamedSecurityInfoA
0xba904e6b,0xba904e6b,TreeSetNamedSecurityInfoW
0xe12e4bb5,0xe12e4bb5,TrustDecode
0xa83204f0,0xa83204f0,TrustFindIssuerCertificate
0xeb8376b7,0xeb8376b7,TrustFreeDecode
0xd384bb34,0xd384bb34,TrustIsCertificateSelfSigned
0xffc94423,0xffc94423,TrustOpenStores
0x65e7fb88,0x65e7fb88,TrusteeAccessToObjectA
0x65e7fb9e,0x65e7fb9e,TrusteeAccessToObjectW
0x1181cb95,0x1181cb95,TryAcquireSRWLockExclusive
0xe0214654,0xe0214654,TryAcquireSRWLockShared
0x34d19d8c,0x34d19d8c,TryEnterCriticalSection
0x17521961,0x17521961,TrySubmitThreadpoolCallback
0xec555754,0xec555754,TzSpecificLocalTimeToSystemTime
0x570889d1,0x570889d1,TzSpecificLocalTimeToSystemTimeEx
0x6d6a2634,0x6d6a2634,ULong
0x3dc68751,0x3dc68751,ULongCounterValue
0xc5f73fe4,0xc5f73fe4,ULongLong
0x46ded0ab,0x46ded0ab,UTIL_SetForkState
0x388821fd,0x388821fd,UTRegister
0x75c64280,0x75c64280,UTUnRegister
0xae780210,0xae780210,UnDecorateSymbolName
0x7d784487,0x7d784487,UnDecorateSymbolNameW
0xb52d8203,0xb52d8203,UnRegisterForPrintAsyncNotifications
0x8b99f577,0x8b99f577,UnhandledExceptionFilter
0x935fd093,0x935fd093,UnhookWinEvent
0x609795bf,0x609795bf,UnhookWindowsHook
0xe4d40efc,0xe4d40efc,UnhookWindowsHookEx
0x489bea40,0x489bea40,UninitializeFlatSB
0x3c5f95dd,0x3c5f95dd,UninstallApplication
0xd3746fa6,0xd3746fa6,UnionRect
0xf63dac81,0xf63dac81,UnloadKeyboardLayout
0x970c7fc6,0x970c7fc6,UnloadNetworkFonts
0xeca11ddb,0xeca11ddb,UnlockFile
0x99600e18,0x99600e18,UnlockFileEx
0xd42f4c61,0xd42f4c61,UnlockServiceDatabase
0x67494214,0x67494214,UnlockUrlCacheEntryFile
0x507184f5,0x507184f5,UnlockUrlCacheEntryFileA
0x5071850b,0x5071850b,UnlockUrlCacheEntryFileW
0x7dbf8c00,0x7dbf8c00,UnlockUrlCacheEntryStream
0xa3e5b915,0xa3e5b915,UnlockWindowStation
0x4be00ec0,0x4be00ec0,UnmapViewOfFile
0xa53e4d3b,0xa53e4d3b,UnpackDDElParam
0x9b3857f5,0x9b3857f5,UnrealizeObject
0xda35cd27,0xda35cd27,UnregisterApplicationRecoveryCallback
0x971ec370,0x971ec370,UnregisterApplicationRestart
0xeec68f0e,0xeec68f0e,UnregisterClassA
0xeec68f24,0xeec68f24,UnregisterClassW
0x52ec22e5,0x52ec22e5,UnregisterConsoleIME
0xe2f4de8e,0xe2f4de8e,UnregisterDeviceNotification
0xfab0eb2b,0xfab0eb2b,UnregisterHotKey
0xf50ba548,0xf50ba548,UnregisterIdleTask
0xa248d78f,0xa248d78f,UnregisterMessagePumpHook
0x924d2169,0x924d2169,UnregisterPowerSettingNotification
0x5e092880,0x5e092880,UnregisterSessionPort
0xf5fe62d2,0xf5fe62d2,UnregisterTouchWindow
0xe7431c2,0x0e7431c2,UnregisterTraceGuids
0xf06ae481,0xf06ae481,UnregisterUserApiHook
0xc79b8b2c,0xc79b8b2c,UnregisterWait
0x1cab13a9,0x1cab13a9,UnregisterWaitEx
0x57d35a3c,0x57d35a3c,UnsealMessage
0xe440aa0b,0xe440aa0b,UpdateCalendarDayOfWeek
0xe5bd44,0x00e5bd44,UpdateColors
0x6b50cb26,0x6b50cb26,UpdateDCOMSettings
0xf56c4a72,0xf56c4a72,UpdateICMRegKey
0xa2f59913,0xa2f59913,UpdateICMRegKeyA
0xa2f59929,0xa2f59929,UpdateICMRegKeyW
0xc6a57cb0,0xc6a57cb0,UpdateLayeredWindow
0xe365c1c2,0xe365c1c2,UpdateLayeredWindowIndirect
0x301440d1,0x301440d1,UpdatePerUserSystemParameters
0x435c2752,0x435c2752,UpdateProcThreadAttribute
0x8aea539,0x08aea539,UpdateProcessTracing
0xae554dfb,0xae554dfb,UpdateResourceA
0xae554e11,0xae554e11,UpdateResourceW
0x28bd7c82,0x28bd7c82,UpdateTraceA
0x28bd7c98,0x28bd7c98,UpdateTraceW
0x351d7401,0x351d7401,UpdateUrlCacheContentPath
0x2f21406a,0x2f21406a,UpdateWindow
0x4660aa86,0x4660aa86,UpdateWindowTransform
0x6a2cee31,0x6a2cee31,UploadPrinterDriverPackageA
0x6a2cee47,0x6a2cee47,UploadPrinterDriverPackageW
0x541953be,0x541953be,UrlApplySchemeA
0x541953d4,0x541953d4,UrlApplySchemeW
0x5f02c8fb,0x5f02c8fb,UrlCacheCheckEntriesExist
0xe336da4a,0xe336da4a,UrlCacheCloseEntryHandle
0xdf0a8462,0xdf0a8462,UrlCacheContainerSetEntryMaximumAge
0xc98eb00d,0xc98eb00d,UrlCacheCreateContainer
0xe0807cb1,0xe0807cb1,UrlCacheFindFirstEntry
0xa9ca3808,0xa9ca3808,UrlCacheFindNextEntry
0xb4e501f6,0xb4e501f6,UrlCacheFreeEntryInfo
0x4a2fac55,0x4a2fac55,UrlCacheFreeGlobalSpace
0x692da9d1,0x692da9d1,UrlCacheGetContentPaths
0xb5cda794,0xb5cda794,UrlCacheGetEntryInfo
0x58e64cb6,0x58e64cb6,UrlCacheGetGlobalCacheSize
0x2755e326,0x2755e326,UrlCacheGetGlobalLimit
0xd09aac30,0xd09aac30,UrlCacheReadEntryStream
0x2018279e,0x2018279e,UrlCacheReloadSettings
0x634f568e,0x634f568e,UrlCacheRetrieveEntryFile
0x939ca6fa,0x939ca6fa,UrlCacheRetrieveEntryStream
0x77bce9cd,0x77bce9cd,UrlCacheServer
0xee5896b2,0xee5896b2,UrlCacheSetGlobalLimit
0x3cfdc5c9,0x3cfdc5c9,UrlCacheUpdateEntryExtraData
0x4d633ab3,0x4d633ab3,UrlCanonicalizeA
0x4d633ac9,0x4d633ac9,UrlCanonicalizeW
0x1df5f460,0x1df5f460,UrlCombineA
0x1df5f476,0x1df5f476,UrlCombineW
0x1eeef96a,0x1eeef96a,UrlCompareA
0x1eeef980,0x1eeef980,UrlCompareW
0xb81d1818,0xb81d1818,UrlCreateFromPathA
0xb81d182e,0xb81d182e,UrlCreateFromPathW
0xe18ba754,0xe18ba754,UrlEscapeA
0xe18ba76a,0xe18ba76a,UrlEscapeW
0x56152145,0x56152145,UrlFixupW
0xc0f6f1dc,0xc0f6f1dc,UrlGetLocationA
0xc0f6f1f2,0xc0f6f1f2,UrlGetLocationW
0xde840bba,0xde840bba,UrlGetPartA
0xde840bd0,0xde840bd0,UrlGetPartW
0x488cf607,0x488cf607,UrlHashA
0x488cf61d,0x488cf61d,UrlHashW
0x1b19c73f,0x1b19c73f,UrlIsA
0x3536508e,0x3536508e,UrlIsNoHistoryA
0x353650a4,0x353650a4,UrlIsNoHistoryW
0x2b4524a,0x02b4524a,UrlIsOpaqueA
0x2b45260,0x02b45260,UrlIsOpaqueW
0x1b19c755,0x1b19c755,UrlIsW
0xe094e5f7,0xe094e5f7,UrlUnescapeA
0xe094e60d,0xe094e60d,UrlUnescapeW
0xfaeb2f1a,0xfaeb2f1a,UrlZonesDetach
0x2bff922c,0x2bff922c,UsePinForEncryptedFilesA
0x2bff9242,0x2bff9242,UsePinForEncryptedFilesW
0xb33751e2,0xb33751e2,User32InitializeImmEntryTable
0xa572971b,0xa572971b,UserClientDllInitialize
0xc64ce348,0xc64ce348,UserHandleGrantAccess
0x3426fb42,0x3426fb42,UserLpkPSMTextOut
0x5092dc74,0x5092dc74,UserLpkTabbedTextOut
0xb70e24a9,0xb70e24a9,UserRealizePalette
0x84e3ad21,0x84e3ad21,UserRegisterWowHandlers
0x41cb6de6,0x41cb6de6,UspAllocCache
0x956ca628,0x956ca628,UspAllocTemp
0x51dad5c8,0x51dad5c8,UspFreeMem
0x9a665eec,0x9a665eec,UtConvertDvtd16toDvtd32
0xd089bcec,0xd089bcec,UtConvertDvtd32toDvtd16
0xdb41441d,0xdb41441d,UtGetDvtd16Info
0xdfa3335b,0xdfa3335b,UtGetDvtd32Info
0x229c506d,0x229c506d,UuidCompare
0x900181a,0x0900181a,UuidCreate
0x76393bbd,0x76393bbd,UuidCreateNil
0xb64df9d5,0xb64df9d5,UuidCreateSequential
0x2ef55dbe,0x2ef55dbe,UuidEqual
0xefcb4032,0xefcb4032,UuidFromStringA
0xefcb4048,0xefcb4048,UuidFromStringW
0x28375bea,0x28375bea,UuidHash
0x2f3ebbc5,0x2f3ebbc5,UuidIsNil
0xcf9694e1,0xcf9694e1,UuidToStringA
0xcf9694f7,0xcf9694f7,UuidToStringW
0x92bb725a,0x92bb725a,VDMConsoleOperation
0x5375787e,0x5375787e,VDMOperationStarted
0x8f533de8,0x8f533de8,VFY_Begin
0xcb5119fc,0xcb5119fc,VFY_CreateContext
0x6b43d0d7,0x6b43d0d7,VFY_CreateContextDirect
0x79ac8c0c,0x79ac8c0c,VFY_CreateContextWithAlgorithmID
0x34b6e032,0x34b6e032,VFY_DestroyContext
0xb0348d9a,0xb0348d9a,VFY_End
0xafaa06a8,0xafaa06a8,VFY_EndWithSignature
0xa6d24666,0xa6d24666,VFY_Update
0xf0d27cf2,0xf0d27cf2,VFY_VerifyData
0xb13d144d,0xb13d144d,VFY_VerifyDataDirect
0x28a01442,0x28a01442,VFY_VerifyDataWithAlgorithmID
0x6fef44d8,0x6fef44d8,VFY_VerifyDigest
0xc365b0b3,0xc365b0b3,VFY_VerifyDigestDirect
0x346e0368,0x346e0368,VFY_VerifyDigestWithAlgorithmID
0x923abf87,0x923abf87,VR_RuntimePath
0x678cda01,0x678cda01,VRipOutput
0x39aaf232,0x39aaf232,VTagOutput
0x1330b512,0x1330b512,ValidatePixelShader
0x54922747,0x54922747,ValidateRect
0x7eaf18c0,0x7eaf18c0,ValidateRgn
0x69d0084e,0x69d0084e,ValidateVertexShader
0x2542fecb,0x2542fecb,VariantCompare
0x8936c6a7,0x8936c6a7,VariantGetBooleanElem
0xea6b52e2,0xea6b52e2,VariantGetDoubleElem
0xf5781bf7,0xf5781bf7,VariantGetElementCount
0xb574a619,0xb574a619,VariantGetInt16Elem
0xb9d69557,0xb9d69557,VariantGetInt32Elem
0xc0fa403c,0xc0fa403c,VariantGetInt64Elem
0xc858b5be,0xc858b5be,VariantGetStringElem
0xdb0ce6ae,0xdb0ce6ae,VariantGetUInt16Elem
0xdf6ed5ec,0xdf6ed5ec,VariantGetUInt32Elem
0xe69280d1,0xe69280d1,VariantGetUInt64Elem
0xee25b367,0xee25b367,VariantToBoolean
0x100ca9c6,0x100ca9c6,VariantToBooleanArray
0x4541171,0x04541171,VariantToBooleanArrayAlloc
0xf78f93c8,0xf78f93c8,VariantToBooleanWithDefault
0x64b64201,0x64b64201,VariantToBuffer
0x99b333da,0x99b333da,VariantToDosDateTime
0x68fc29c2,0x68fc29c2,VariantToDouble
0xd5a25101,0xd5a25101,VariantToDoubleArray
0xa62a758c,0xa62a758c,VariantToDoubleArrayAlloc
0xd4327b43,0xd4327b43,VariantToDoubleWithDefault
0x8e903dd6,0x8e903dd6,VariantToFileTime
0xcbae4850,0xcbae4850,VariantToGUID
0x4197d519,0x4197d519,VariantToInt16
0xf431aab8,0xf431aab8,VariantToInt16Array
0x7c1979a3,0x7c1979a3,VariantToInt16ArrayAlloc
0x6802023a,0x6802023a,VariantToInt16WithDefault
0x4197d557,0x4197d557,VariantToInt32
0x84d181b6,0x84d181b6,VariantToInt32Array
0xc88d5f61,0xc88d5f61,VariantToInt32ArrayAlloc
0x42f29fb8,0x42f29fb8,VariantToInt32WithDefault
0x4197d5bc,0x4197d5bc,VariantToInt64
0x706a893b,0x706a893b,VariantToInt64Array
0x6620e206,0x6620e206,VariantToInt64ArrayAlloc
0x92f676fd,0x92f676fd,VariantToInt64WithDefault
0x4c69a93d,0x4c69a93d,VariantToPropVariant
0x8c52a3cb,0x8c52a3cb,VariantToStrRet
0x8c527e9e,0x8c527e9e,VariantToString
0x7138ad49,0x7138ad49,VariantToStringAlloc
0x713c0f5d,0x713c0f5d,VariantToStringArray
0x74258d68,0x74258d68,VariantToStringArrayAlloc
0x61908e9f,0x61908e9f,VariantToStringWithDefault
0x9033b78e,0x9033b78e,VariantToUInt16
0xda765e4d,0xda765e4d,VariantToUInt16Array
0xd3d6b258,0xd3d6b258,VariantToUInt16ArrayAlloc
0xb766518f,0xb766518f,VariantToUInt16WithDefault
0x9033b7cc,0x9033b7cc,VariantToUInt32
0x6b16354b,0x6b16354b,VariantToUInt32Array
0x204a9816,0x204a9816,VariantToUInt32ArrayAlloc
0x9256ef0d,0x9256ef0d,VariantToUInt32WithDefault
0x9033b831,0x9033b831,VariantToUInt64
0x56af3cd0,0x56af3cd0,VariantToUInt64Array
0xbdde1abb,0xbdde1abb,VariantToUInt64ArrayAlloc
0xe25ac652,0xe25ac652,VariantToUInt64WithDefault
0x751a9093,0x751a9093,VaultAddItem
0x98e605dd,0x98e605dd,VaultCloseVault
0x1d11d0c0,0x1d11d0c0,VaultCreateItemType
0xbc98f17f,0xbc98f17f,VaultDeleteItemType
0x26c75685,0x26c75685,VaultEnumerateItemTypes
0xf10050c3,0xf10050c3,VaultEnumerateItems
0x2e0e6a20,0x2e0e6a20,VaultEnumerateVaults
0xff160bbe,0xff160bbe,VaultFindItems
0xddbaa65d,0xddbaa65d,VaultFree
0x690ac741,0x690ac741,VaultGetInformation
0x466eadca,0x466eadca,VaultGetItem
0x1686304c,0x1686304c,VaultGetItemType
0xf0ab61b9,0xf0ab61b9,VaultOpenVault
0xc02942f8,0xc02942f8,VaultRemoveItem
0x85880b3e,0x85880b3e,VerFindFileA
0x85880b54,0x85880b54,VerFindFileW
0xd21594d4,0xd21594d4,VerInstallFileA
0xd21594ea,0xd21594ea,VerInstallFileW
0x27319042,0x27319042,VerLanguageNameA
0x27319058,0x27319058,VerLanguageNameW
0x9a8ed370,0x9a8ed370,VerQueryValueA
0x9a8ed386,0x9a8ed386,VerQueryValueW
0x59c81b1b,0x59c81b1b,VerSetConditionMask
0xc3f62c5,0x0c3f62c5,VerifyCdmHost_0
0x332caa1b,0x332caa1b,VerifyConsoleIoHandle
0x8853778c,0x8853778c,VerifyScripts
0x30745eb6,0x30745eb6,VerifySignature
0xc0684dd7,0xc0684dd7,VerifyVersionInfoA
0xc0684ded,0xc0684ded,VerifyVersionInfoW
0xfb9d84de,0xfb9d84de,VideoForWindowsVersion
0x367a6401,0x367a6401,VirtualAlloc
0xbea375be,0xbea375be,VirtualAllocEx
0xab02768f,0xab02768f,VirtualAllocExNuma
0x9cd03e58,0x9cd03e58,VirtualFree
0x11d941d5,0x11d941d5,VirtualFreeEx
0x9cd37b9f,0x9cd37b9f,VirtualLock
0x4f850877,0x4f850877,VirtualProtect
0x44e90fb4,0x44e90fb4,VirtualProtectEx
0x37a0be2c,0x37a0be2c,VirtualQuery
0xa2c906a9,0xa2c906a9,VirtualQueryEx
0x34924222,0x34924222,VirtualUnlock
0xd90ea27f,0xd90ea27f,VkKeyScanA
0x57415f1c,0x57415f1c,VkKeyScanExA
0x57415f32,0x57415f32,VkKeyScanExW
0xd90ea295,0xd90ea295,VkKeyScanW
0xa318a4cb,0xa318a4cb,WCSToMBEx
0xa71ab7b,0x0a71ab7b,WEP
0xd54c7f0c,0xd54c7f0c,WINNLSEnableIME
0xf9f0fc35,0xf9f0fc35,WINNLSGetEnableStatus
0xbf65d719,0xbf65d719,WINNLSGetIMEHotkey
0x960c254a,0x960c254a,WOW32DriverCallback
0x55006d48,0x55006d48,WOW32ResolveMultiMediaHandle
0x7904c207,0x7904c207,WOWAppExit
0x677d8a37,0x677d8a37,WOWShellExecute
0xd06d15aa,0xd06d15aa,WSAAccept
0x46ddf75a,0x46ddf75a,WSAAddressToString
0x1f06d94c,0x1f06d94c,WSAAsyncGetHostByAddr
0x1f0dee92,0x1f0dee92,WSAAsyncGetHostByName
0x19bbc668,0x19bbc668,WSAAsyncGetProtoByName
0x7930eb30,0x7930eb30,WSAAsyncGetProtoByNumber
0x6c586594,0x6c586594,WSAAsyncGetServByName
0x6c59ba98,0x6c59ba98,WSAAsyncGetServByPort
0x5370d438,0x5370d438,WSAAsyncSelect
0x505777c7,0x505777c7,WSACancelAsyncRequest
0x73816625,0x73816625,WSACancelBlockingCall
0x8d24a9a2,0x8d24a9a2,WSACleanup
0x15b88592,0x15b88592,WSACloseEvent
0x94cdf864,0x94cdf864,WSAConnect
0xa48bdcdb,0xa48bdcdb,WSAConnectByList
0xa48cd2c0,0xa48cd2c0,WSAConnectByName
0x3d0a5750,0x3d0a5750,WSACreateEvent
0x41f5508a,0x41f5508a,WSADeleteSocketPeerTargetName
0x54991a9e,0x54991a9e,WSADuplicateSocket
0x27c4a5fa,0x27c4a5fa,WSAEnumNameSpaceProviders
0x2b8619f7,0x2b8619f7,WSAEnumNameSpaceProvidersEx
0xdb3b79ae,0xdb3b79ae,WSAEnumNetworkEvents
0x35692a14,0x35692a14,WSAEnumProtocols
0x77e8915c,0x77e8915c,WSAEventSelect
0xc1cdaeb0,0xc1cdaeb0,WSAGetFailConnectOnIcmpError
0xfb07b968,0xfb07b968,WSAGetIPUserMtu
0x373a279,0x0373a279,WSAGetIcmpErrorInfo
0xe90256f8,0xe90256f8,WSAGetLastError
0x28e599eb,0x28e599eb,WSAGetOverlappedResult
0xf274c4e9,0xf274c4e9,WSAGetQOSByName
0xb4ff54ed,0xb4ff54ed,WSAGetServiceClassInfo
0x9174bd80,0x9174bd80,WSAGetServiceClassNameByClassId
0xab4b8637,0xab4b8637,WSAGetUdpRecvMaxCoalescedSize
0x5f91e8ed,0x5f91e8ed,WSAGetUdpSendMessageSize
0x546c789f,0x546c789f,WSAHtonl
0x546c78a6,0x546c78a6,WSAHtons
0xeff30676,0xeff30676,WSAImpersonateSocketPeer
0x65e8a438,0x65e8a438,WSAInstallServiceClass
0x547ba0f5,0x547ba0f5,WSAIoctl
0x5a58f8bf,0x5a58f8bf,WSAIsBlocking
0x98b3e902,0x98b3e902,WSAJoinLeaf
0x8266d1ea,0x8266d1ea,WSALookupServiceBegin
0x49ef391c,0x49ef391c,WSALookupServiceEnd
0x87db28c4,0x87db28c4,WSALookupServiceNext
0x8d9f7086,0x8d9f7086,WSANSPIoctl
0x54d90adf,0x54d90adf,WSANtohl
0x54d90ae6,0x54d90ae6,WSANtohs
0x19d90b31,0x19d90b31,WSAPoll
0xf591b041,0xf591b041,WSAProviderConfigChange
0xef2cdeb1,0xef2cdeb1,WSAQuerySocketSecurity
0x19d9f84a,0x19d9f84a,WSARecv
0xa5f0b894,0xa5f0b894,WSARecvDisconnect
0xf8394047,0xf8394047,WSARecvEx
0xeb8aef9e,0xeb8aef9e,WSARecvFrom
0xa15cddef,0xa15cddef,WSARemoveServiceClass
0xc14551df,0xc14551df,WSAResetEvent
0x7ddad35a,0x7ddad35a,WSARevertImpersonation
0x19da8604,0x19da8604,WSASend
0x9b2136ce,0x9b2136ce,WSASendDisconnect
0x4d18d66b,0x4d18d66b,WSASendMsg
0xfa942667,0xfa942667,WSASendTo
0x8adf680,0x08adf680,WSASetBlockingHook
0xfe496548,0xfe496548,WSASetEvent
0xd2f192bc,0xd2f192bc,WSASetFailConnectOnIcmpError
0x467019f4,0x467019f4,WSASetIPUserMtu
0x346ab784,0x346ab784,WSASetLastError
0xc52ef717,0xc52ef717,WSASetService
0x809e3843,0x809e3843,WSASetSocketPeerTargetName
0x8a166747,0x8a166747,WSASetSocketSecurity
0xe0ebebc3,0xe0ebebc3,WSASetUdpRecvMaxCoalescedSize
0x2c2da6f9,0x2c2da6f9,WSASetUdpSendMessageSize
0xfb432f23,0xfb432f23,WSASocket
0x6f32c4ad,0x6f32c4ad,WSAStartup
0x11b4139a,0x11b4139a,WSAStringToAddress
0x560b8e8,0x0560b8e8,WSAUnhookBlockingHook
0xce953937,0xce953937,WSAWaitForMultipleEvents
0x8a9554a2,0x8a9554a2,WSApSetPostRoutine
0xd42abd7b,0xd42abd7b,WSHEnumProtocols
0xef0eb08,0x0ef0eb08,WTHelperCertCheckValidSignature
0x94e7aec7,0x94e7aec7,WTHelperCertFindIssuerCertificate
0x87fb548,0x087fb548,WTHelperCertIsSelfSigned
0x3e218f9b,0x3e218f9b,WTHelperCheckCertUsage
0x4ba1835d,0x4ba1835d,WTHelperGetAgencyInfo
0x13c9fd86,0x13c9fd86,WTHelperGetFileHandle
0xbeade81b,0xbeade81b,WTHelperGetFileName
0x3301b2af,0x3301b2af,WTHelperGetKnownUsages
0xcc743746,0xcc743746,WTHelperGetProvCertFromChain
0x275dc6cd,0x275dc6cd,WTHelperGetProvPrivateDataFromChain
0xf421e420,0xf421e420,WTHelperGetProvSignerFromChain
0xc162dcbe,0xc162dcbe,WTHelperIsInRootStore
0x224f7e59,0x224f7e59,WTHelperOpenKnownStores
0xb1237eca,0xb1237eca,WTHelperProvDataFromStateData
0xe634622d,0xe634622d,WTSGetActiveConsoleSessionId
0xcc84fb63,0xcc84fb63,WVTAsn1CatMemberInfoDecode
0xcf7d008d,0xcf7d008d,WVTAsn1CatMemberInfoEncode
0x5277f39d,0x5277f39d,WVTAsn1CatNameValueDecode
0x556ff8c7,0x556ff8c7,WVTAsn1CatNameValueEncode
0x31c1151,0x031c1151,WVTAsn1SpcFinancialCriteriaInfoDecode
0x614167b,0x0614167b,WVTAsn1SpcFinancialCriteriaInfoEncode
0x4c2607d4,0x4c2607d4,WVTAsn1SpcIndirectDataContentDecode
0x4f1e0cfe,0x4f1e0cfe,WVTAsn1SpcIndirectDataContentEncode
0x6147fbdb,0x6147fbdb,WVTAsn1SpcLinkDecode
0x64400105,0x64400105,WVTAsn1SpcLinkEncode
0x811e6c73,0x811e6c73,WVTAsn1SpcMinimalCriteriaInfoDecode
0x8416719d,0x8416719d,WVTAsn1SpcMinimalCriteriaInfoEncode
0x3c04a6df,0x3c04a6df,WVTAsn1SpcPeImageDataDecode
0x3efcac09,0x3efcac09,WVTAsn1SpcPeImageDataEncode
0xb3409bbc,0xb3409bbc,WVTAsn1SpcSigInfoDecode
0xb638a0e6,0xb638a0e6,WVTAsn1SpcSigInfoEncode
0x976d74d3,0x976d74d3,WVTAsn1SpcSpAgencyInfoDecode
0x9a6579fd,0x9a6579fd,WVTAsn1SpcSpAgencyInfoEncode
0xbc957b83,0xbc957b83,WVTAsn1SpcSpOpusInfoDecode
0xbf8d80ad,0xbf8d80ad,WVTAsn1SpcSpOpusInfoEncode
0xd4aca284,0xd4aca284,WVTAsn1SpcStatementTypeDecode
0xd7a4a7ae,0xd7a4a7ae,WVTAsn1SpcStatementTypeEncode
0x40a12172,0x40a12172,WaitCommEvent
0xb4442694,0xb4442694,WaitForDebugEvent
0x50995f58,0x50995f58,WaitForExplorerRestartW
0x16a309f9,0x16a309f9,WaitForInputIdle
0x2b56b521,0x2b56b521,WaitForMultipleObjects
0x5bd88ede,0x5bd88ede,WaitForMultipleObjectsEx
0x2441715,0x02441715,WaitForPrinterChange
0x280a6724,0x280a6724,WaitForSingleObject
0x5440cda1,0x5440cda1,WaitForSingleObjectEx
0x5874de15,0x5874de15,WaitForThreadpoolIoCallbacks
0x92e9f87e,0x92e9f87e,WaitForThreadpoolTimerCallbacks
0x3c205bb2,0x3c205bb2,WaitForThreadpoolWaitCallbacks
0x7552bc20,0x7552bc20,WaitForThreadpoolWorkCallbacks
0x8b80b269,0x8b80b269,WaitMessage
0xb7d9f4d8,0xb7d9f4d8,WaitNamedPipeA
0xb7d9f4ee,0xb7d9f4ee,WaitNamedPipeW
0x3112189d,0x3112189d,WakeAllConditionVariable
0x94eafbe4,0x94eafbe4,WakeConditionVariable
0x3f9da400,0x3f9da400,WdtpInterfacePointer_UserFree
0x9d96ab2a,0x9d96ab2a,WdtpInterfacePointer_UserFree64
0x448fcdc6,0x448fcdc6,WdtpInterfacePointer_UserMarshal
0xa7ba5e70,0xa7ba5e70,WdtpInterfacePointer_UserMarshal64
0x3fa4a159,0x3fa4a159,WdtpInterfacePointer_UserSize
0xbb5262c3,0xbb5262c3,WdtpInterfacePointer_UserSize64
0xa0d47369,0xa0d47369,WdtpInterfacePointer_UserUnmarshal
0x27bef8d3,0x27bef8d3,WdtpInterfacePointer_UserUnmarshal64
0x6eef86ca,0x6eef86ca,WerGetFlags
0x40c779a2,0x40c779a2,WerRegisterFile
0x7754326,0x07754326,WerRegisterMemoryBlock
0xb3819a7b,0xb3819a7b,WerRegisterRuntimeExceptionModule
0x13ed0d4c,0x13ed0d4c,WerReportSQMEvent
0x82058156,0x82058156,WerSetFlags
0x63a798e5,0x63a798e5,WerUnregisterFile
0xfc573909,0xfc573909,WerUnregisterMemoryBlock
0x89ec3c7e,0x89ec3c7e,WerUnregisterRuntimeExceptionModule
0xabe38a86,0xabe38a86,WerpCleanupMessageMapping
0x7a3b267f,0x7a3b267f,WerpInitiateRemoteRecovery
0x8fc66b65,0x8fc66b65,WerpNotifyLoadStringResource
0x9b0ee622,0x9b0ee622,WerpNotifyLoadStringResourceEx
0xc097c52,0x0c097c52,WerpNotifyUseStringResource
0xc890481e,0xc890481e,WerpStringLookup
0x1d53c607,0x1d53c607,WhichPlatform
0xf3bf8b58,0xf3bf8b58,WideCharToMultiByte
0x86ec3b93,0x86ec3b93,WidenPath
0x9e7a6d55,0x9e7a6d55,Win32DeleteFile
0xba5a0857,0xba5a0857,WinDbgExtensionDllInit
0x36ad0a2,0x036ad0a2,WinExec
0x70f0e307,0x70f0e307,WinHelpA
0x70f0e31d,0x70f0e31d,WinHelpW
0x6342b0b,0x06342b0b,WinHttpAddRequestHeaders
0x63eb2748,0x63eb2748,WinHttpAddRequestHeadersEx
0x9c1c0449,0x9c1c0449,WinHttpAutoProxySvcMain
0xbba84540,0xbba84540,WinHttpCheckPlatform
0xe60f54ff,0xe60f54ff,WinHttpCloseHandle
0xe90e8087,0xe90e8087,WinHttpConnect
0xc487564a,0xc487564a,WinHttpConnectionDeletePolicyEntries
0x70bb340e,0x70bb340e,WinHttpConnectionDeleteProxyInfo
0xc881cf2c,0xc881cf2c,WinHttpConnectionFreeNameList
0x39455efd,0x39455efd,WinHttpConnectionFreeProxyInfo
0x3946f08d,0x3946f08d,WinHttpConnectionFreeProxyList
0xf8d1222a,0xf8d1222a,WinHttpConnectionGetNameList
0x737f11bb,0x737f11bb,WinHttpConnectionGetProxyInfo
0x7380a34b,0x7380a34b,WinHttpConnectionGetProxyList
0x6a4d95f0,0x6a4d95f0,WinHttpConnectionOnlyConvert
0xd4d34072,0xd4d34072,WinHttpConnectionOnlyReceive
0xed357eb9,0xed357eb9,WinHttpConnectionOnlySend
0xaeaa0903,0xaeaa0903,WinHttpConnectionSetPolicyEntries
0xbee77247,0xbee77247,WinHttpConnectionSetProxyInfo
0x8e541dbf,0x8e541dbf,WinHttpConnectionUpdateIfIndexTable
0xd2b6c0f4,0xd2b6c0f4,WinHttpCrackUrl
0x55c044c5,0x55c044c5,WinHttpCreateProxyResolver
0x5967a5a4,0x5967a5a4,WinHttpCreateUrl
0xb54af6fa,0xb54af6fa,WinHttpDetectAutoProxyConfigUrl
0xb97ed860,0xb97ed860,WinHttpFreeProxyResult
0x14967ddd,0x14967ddd,WinHttpFreeProxyResultEx
0x319a472,0x0319a472,WinHttpFreeProxySettings
0x3014966f,0x3014966f,WinHttpFreeProxySettingsEx
0xf26bb931,0xf26bb931,WinHttpFreeQueryConnectionGroupResult
0x58a6b65c,0x58a6b65c,WinHttpGetDefaultProxyConfiguration
0xb814ffac,0xb814ffac,WinHttpGetIEProxyConfigForCurrentUser
0xa5e1ee79,0xa5e1ee79,WinHttpGetProxyForUrl
0xa6177e36,0xa6177e36,WinHttpGetProxyForUrlEx
0x69074528,0x69074528,WinHttpGetProxyForUrlEx2
0x89f18f93,0x89f18f93,WinHttpGetProxyForUrlHvsi
0xc12b6c9e,0xc12b6c9e,WinHttpGetProxyResult
0xb9b9199b,0xb9b9199b,WinHttpGetProxyResultEx
0xa84d19ad,0xa84d19ad,WinHttpGetProxySettingsEx
0xc09fdbac,0xc09fdbac,WinHttpGetProxySettingsResultEx
0xbd8cf916,0xbd8cf916,WinHttpGetProxySettingsVersion
0x86e97e9c,0x86e97e9c,WinHttpGetTunnelSocket
0x1cca452f,0x1cca452f,WinHttpOpen
0xef4785f8,0xef4785f8,WinHttpOpenRequest
0x48ad424d,0x48ad424d,WinHttpPacJsWorkerMain
0xbe28fbb4,0xbe28fbb4,WinHttpPalAcquireNextInterface
0xfad5f2,0x00fad5f2,WinHttpPalAcquireNextInterfaceAsync
0xc2c5f989,0xc2c5f989,WinHttpPalCancelRequest
0xf6a98331,0xf6a98331,WinHttpPalCreateCmSessionReference
0x6df3e186,0x6df3e186,WinHttpPalCreateRequestCtx
0x492c812a,0x492c812a,WinHttpPalDllInit
0x6250f7f9,0x6250f7f9,WinHttpPalDllUnload
0x19b0868a,0x19b0868a,WinHttpPalFreeProxyInfo
0x312ab794,0x312ab794,WinHttpPalFreeRequestCtx
0xc36209ed,0xc36209ed,WinHttpPalGetProxyCreds
0xf8bda4f7,0xf8bda4f7,WinHttpPalGetProxyForCurrentInterface
0xc8272fea,0xc8272fea,WinHttpPalIsImplemented
0x1fb037a3,0x1fb037a3,WinHttpPalOnSendRequestComplete
0x773d8f94,0x773d8f94,WinHttpProbeConnectivity
0x1c21236d,0x1c21236d,WinHttpQueryAuthSchemes
0x7c5b6cf0,0x7c5b6cf0,WinHttpQueryConnectionGroup
0xee52db8e,0xee52db8e,WinHttpQueryDataAvailable
0xe6333d0f,0xe6333d0f,WinHttpQueryHeaders
0x3ff6ca4c,0x3ff6ca4c,WinHttpQueryHeadersEx
0xf155c4cc,0xf155c4cc,WinHttpQueryOption
0xc1eb1153,0xc1eb1153,WinHttpReadData
0xe8f4bf90,0xe8f4bf90,WinHttpReadDataEx
0x7e3f5f6c,0x7e3f5f6c,WinHttpReadProxySettings
0x44b44206,0x44b44206,WinHttpReadProxySettingsHvsi
0x139e0e4f,0x139e0e4f,WinHttpReceiveResponse
0x11bb7cd1,0x11bb7cd1,WinHttpRegisterProxyChangeNotification
0xbe63f47b,0xbe63f47b,WinHttpResetAutoProxy
0xb5ef143c,0xb5ef143c,WinHttpSaveProxyCredentials
0xb613c6d0,0xb613c6d0,WinHttpSendRequest
0xb4a01d57,0xb4a01d57,WinHttpSetCredentials
0x77f6aee8,0x77f6aee8,WinHttpSetDefaultProxyConfiguration
0x44e852a2,0x44e852a2,WinHttpSetOption
0x52343fa2,0x52343fa2,WinHttpSetProxySettingsPerUser
0x56f7bd4,0x056f7bd4,WinHttpSetSecureLegacyServersAppCompat
0x6dfd91fa,0x6dfd91fa,WinHttpSetStatusCallback
0x921cb103,0x921cb103,WinHttpSetTimeouts
0x39979f4,0x039979f4,WinHttpTimeFromSystemTime
0x791b42c3,0x791b42c3,WinHttpTimeToSystemTime
0xc61c2f34,0xc61c2f34,WinHttpUnregisterProxyChangeNotification
0x13d1389a,0x13d1389a,WinHttpWebSocketClose
0x45dcbe85,0x45dcbe85,WinHttpWebSocketCompleteUpgrade
0x17cdc774,0x17cdc774,WinHttpWebSocketQueryCloseStatus
0xbe768747,0xbe768747,WinHttpWebSocketReceive
0x9bc92dae,0x9bc92dae,WinHttpWebSocketSend
0x8b816d40,0x8b816d40,WinHttpWebSocketShutdown
0xd24b1fe2,0xd24b1fe2,WinHttpWriteData
0xd0763edb,0xd0763edb,WinHttpWriteProxySettings
0x5d4a7fde,0x5d4a7fde,WinRTPropertyValueToPropVariant
0xe92325b5,0xe92325b5,WinSqmAddToAverageDWORD
0xae6b2366,0xae6b2366,WinSqmAddToStream
0xf5c1a263,0xf5c1a263,WinSqmAddToStreamEx
0xbff1fa4,0x0bff1fa4,WinSqmCheckEscalationAddToStreamEx
0xdbd05a9b,0xdbd05a9b,WinSqmCheckEscalationSetDWORD
0x11517485,0x11517485,WinSqmCheckEscalationSetDWORD64
0x78a44672,0x78a44672,WinSqmCheckEscalationSetString
0x9092bf2e,0x9092bf2e,WinSqmCommonDatapointDelete
0xeab3c727,0xeab3c727,WinSqmCommonDatapointSetDWORD
0x66c23411,0x66c23411,WinSqmCommonDatapointSetDWORD64
0x36090010,0x36090010,WinSqmCommonDatapointSetStreamEx
0x63f5447e,0x63f5447e,WinSqmCommonDatapointSetString
0xb25e5209,0xb25e5209,WinSqmEndSession
0x41a779db,0x41a779db,WinSqmEventEnabled
0xe4e5b6db,0xe4e5b6db,WinSqmEventWrite
0x81698c2d,0x81698c2d,WinSqmGetEscalationRuleStatus
0x62501d07,0x62501d07,WinSqmGetInstrumentationProperty
0x9a21e653,0x9a21e653,WinSqmIncrementDWORD
0x12c09b7d,0x12c09b7d,WinSqmIsOptedIn
0xc5557c3a,0xc5557c3a,WinSqmIsOptedInEx
0xd23769fa,0xd23769fa,WinSqmSetDWORD
0x3db9d7a4,0x3db9d7a4,WinSqmSetDWORD64
0x4e044309,0x4e044309,WinSqmSetEscalationInfo
0x9a363f8f,0x9a363f8f,WinSqmSetIfMaxDWORD
0xeab48f4d,0xeab48f4d,WinSqmSetIfMinDWORD
0x3bed41b1,0x3bed41b1,WinSqmSetString
0xc8048f20,0xc8048f20,WinSqmStartSession
0x976d8c34,0x976d8c34,WinVerifyTrust
0x290176b1,0x290176b1,WinVerifyTrustEx
0x15e1e42a,0x15e1e42a,WinWatchClose
0x3c081c4f,0x3c081c4f,WinWatchDidStatusChange
0x4d31b258,0x4d31b258,WinWatchGetClipList
0xec0005cd,0xec0005cd,WinWatchNotify
0xe1a8a366,0xe1a8a366,WinWatchOpen
0x61fd40e0,0x61fd40e0,WindowFromAccessibleObject
0x16a8fce2,0x16a8fce2,WindowFromDC
0x3e994762,0x3e994762,WindowFromPhysicalPoint
0x134f185,0x0134f185,WindowFromPoint
0x9cc7dbf3,0x9cc7dbf3,WintrustAddActionID
0x10efd749,0x10efd749,WintrustAddDefaultForUsage
0x5dff6f84,0x5dff6f84,WintrustCertificateTrust
0xfba0e420,0xfba0e420,WintrustGetDefaultForUsage
0x4e3dedba,0x4e3dedba,WintrustGetRegPolicyFlags
0x6bca2cd9,0x6bca2cd9,WintrustLoadFunctionPointers
0x8001ce58,0x8001ce58,WintrustRemoveActionID
0x307485c6,0x307485c6,WintrustSetRegPolicyFlags
0xbecca9a1,0xbecca9a1,WithMultipleInheritance
0x1aae631d,0x1aae631d,WmiCloseBlock
0x355a8bb3,0x355a8bb3,WmiDevInstToInstanceNameA
0x355a8bc9,0x355a8bc9,WmiDevInstToInstanceNameW
0x84751e5e,0x84751e5e,WmiEnumerateGuids
0x1a0c6831,0x1a0c6831,WmiExecuteMethodA
0x1a0c6847,0x1a0c6847,WmiExecuteMethodW
0x11436842,0x11436842,WmiFileHandleToInstanceNameA
0x11436858,0x11436858,WmiFileHandleToInstanceNameW
0x6bcc0098,0x6bcc0098,WmiFreeBuffer
0x5b05f140,0x5b05f140,WmiMofEnumerateResourcesA
0x5b05f156,0x5b05f156,WmiMofEnumerateResourcesW
0xe863139f,0xe863139f,WmiNotificationRegistrationA
0xe86313b5,0xe86313b5,WmiNotificationRegistrationW
0xad6f86d9,0xad6f86d9,WmiOpenBlock
0x76e4ae26,0x76e4ae26,WmiQueryAllDataA
0xf9ea6592,0xf9ea6592,WmiQueryAllDataMultipleA
0xf9ea65a8,0xf9ea65a8,WmiQueryAllDataMultipleW
0x76e4ae3c,0x76e4ae3c,WmiQueryAllDataW
0xab282d61,0xab282d61,WmiQueryGuidInformation
0xe5695e4a,0xe5695e4a,WmiQuerySingleInstanceA
0x9b9ef9b6,0x9b9ef9b6,WmiQuerySingleInstanceMultipleA
0x9b9ef9cc,0x9b9ef9cc,WmiQuerySingleInstanceMultipleW
0xe5695e60,0xe5695e60,WmiQuerySingleInstanceW
0x8904e89a,0x8904e89a,WmiReceiveNotificationsA
0x8904e8b0,0x8904e8b0,WmiReceiveNotificationsW
0xc30e0120,0xc30e0120,WmiSetSingleInstanceA
0xc30e0136,0xc30e0136,WmiSetSingleInstanceW
0x46eefe3a,0x46eefe3a,WmiSetSingleItemA
0x46eefe50,0x46eefe50,WmiSetSingleItemW
0x38b60122,0x38b60122,Wow64DisableWow64FsRedirection
0x584880b5,0x584880b5,Wow64EnableWow64FsRedirection
0xa4001813,0xa4001813,Wow64GetThreadContext
0x8bc64cc1,0x8bc64cc1,Wow64GetThreadSelectorEntry
0x51411826,0x51411826,Wow64RevertWow64FsRedirection
0x367dde9f,0x367dde9f,Wow64SetThreadContext
0xc1bd7830,0xc1bd7830,Wow64SuspendThread
0x6d9188ba,0x6d9188ba,Write
0x918375c7,0x918375c7,WriteBuffers
0x3a7a4591,0x3a7a4591,WriteCabinetState
0xeeb1063e,0xeeb1063e,WriteClassStg
0xeeb10644,0xeeb10644,WriteClassStm
0xf3f07b6e,0xf3f07b6e,WriteConsoleA
0xefbc081e,0xefbc081e,WriteConsoleInputA
0xaabcb725,0xaabcb725,WriteConsoleInputVDMA
0xaabcb73b,0xaabcb73b,WriteConsoleInputVDMW
0xefbc0834,0xefbc0834,WriteConsoleInputW
0xc5b43fff,0xc5b43fff,WriteConsoleOutputA
0xe23faf32,0xe23faf32,WriteConsoleOutputAttribute
0x20faa84c,0x20faa84c,WriteConsoleOutputCharacterA
0x20faa862,0x20faa862,WriteConsoleOutputCharacterW
0xc5b44015,0xc5b44015,WriteConsoleOutputW
0xf3f07b84,0xf3f07b84,WriteConsoleW
0x556ed532,0x556ed532,WriteEncryptedFileRaw
0xc0073605,0xc0073605,WriteEndScenario
0x7875115a,0x7875115a,WriteFile
0x69fedd57,0x69fedd57,WriteFileEx
0xe1973255,0xe1973255,WriteFileGather
0x7328d130,0x7328d130,WriteFmtUserTypeStg
0x7f2ffb48,0x7f2ffb48,WriteOleStg
0xc06e391e,0xc06e391e,WritePrinter
0xaadb91bc,0xaadb91bc,WritePrivateProfileSectionA
0xaadb91d2,0xaadb91d2,WritePrivateProfileSectionW
0x38b82efe,0x38b82efe,WritePrivateProfileStringA
0x38b82f14,0x38b82f14,WritePrivateProfileStringW
0x38be966c,0x38be966c,WritePrivateProfileStructA
0x38be9682,0x38be9682,WritePrivateProfileStructW
0xf66d00d2,0xf66d00d2,WriteProcessMemory
0xe5721aa1,0xe5721aa1,WriteProfileSectionA
0xe5721ab7,0xe5721ab7,WriteProfileSectionW
0x3a7eaf43,0x3a7eaf43,WriteProfileStringA
0x3a7eaf59,0x3a7eaf59,WriteProfileStringW
0xe6e8ff3c,0xe6e8ff3c,WriteStorageProperties
0x891c5771,0x891c5771,WriteString
0x7eb00bd,0x07eb00bd,WriteStringStream
0x724c002f,0x724c002f,WriteTapemark
0x6c92e1ff,0x6c92e1ff,WriteTransfer
0x8bda5f1a,0x8bda5f1a,WsControl
0xf576b6be,0xf576b6be,X3DAudioCalculate
0xe1f823e2,0xe1f823e2,X3DAudioInitialize
0x5d68879e,0x5d68879e,XInputEnable
0x1b6b5f38,0x1b6b5f38,XInputGetBatteryInformation
0xe5d42661,0xe5d42661,XInputGetCapabilities
0x6db32a02,0x6db32a02,XInputGetDSoundAudioDeviceGuids
0xfd251158,0xfd251158,XInputGetKeystroke
0xaaea73f8,0xaaea73f8,XInputGetState
0xbe006e84,0xbe006e84,XInputSetState
0xfbb2b8fb,0xfbb2b8fb,XRE_GetBootstrap
0x1cf84d61,0x1cf84d61,XRegThunkEntry
0xa1b41d11,0xa1b41d11,XcvDataW
0x94f3c416,0x94f3c416,ZombifyActCtx
0x731b103f,0x731b103f,ZwAcceptConnectPort
0x952d26d0,0x952d26d0,ZwAccessCheck
0x6dbe8c47,0x6dbe8c47,ZwAccessCheckAndAuditAlarm
0xa0abd2ed,0xa0abd2ed,ZwAccessCheckByType
0x92fb3f84,0x92fb3f84,ZwAccessCheckByTypeAndAuditAlarm
0x4c08ffc8,0x4c08ffc8,ZwAccessCheckByTypeResultList
0xc751383f,0xc751383f,ZwAccessCheckByTypeResultListAndAuditAlarm
0x38d51046,0x38d51046,ZwAccessCheckByTypeResultListAndAuditAlarmByHandle
0xe5fa757a,0xe5fa757a,ZwAddAtom
0xa94a4fef,0xa94a4fef,ZwAddBootEntry
0x61d324a7,0x61d324a7,ZwAddDriverEntry
0x18533fcc,0x18533fcc,ZwAdjustGroupsToken
0xfacc2526,0xfacc2526,ZwAdjustPrivilegesToken
0x8a3902e1,0x8a3902e1,ZwAlertResumeThread
0xf18c4dd0,0xf18c4dd0,ZwAlertThread
0x655d8bd9,0x655d8bd9,ZwAllocateLocallyUniqueId
0xf993b3b8,0xf993b3b8,ZwAllocateReserveObject
0x810105d1,0x810105d1,ZwAllocateUserPhysicalPages
0x58ae608f,0x58ae608f,ZwAllocateUuids
0xc4936aa5,0xc4936aa5,ZwAllocateVirtualMemory
0x72598b3f,0x72598b3f,ZwAlpcAcceptConnectPort
0x113afb4b,0x113afb4b,ZwAlpcCancelMessage
0x303444f,0x0303444f,ZwAlpcConnectPort
0x9efbd2d9,0x9efbd2d9,ZwAlpcCreatePort
0x624c3a2e,0x624c3a2e,ZwAlpcCreatePortSection
0x1b3820d8,0x1b3820d8,ZwAlpcCreateResourceReserve
0xd036b64,0x0d036b64,ZwAlpcCreateSectionView
0xff8d9eb1,0xff8d9eb1,ZwAlpcCreateSecurityContext
0xba68168d,0xba68168d,ZwAlpcDeletePortSection
0x9c9914b7,0x9c9914b7,ZwAlpcDeleteResourceReserve
0x651f47c3,0x651f47c3,ZwAlpcDeleteSectionView
0x80ee9290,0x80ee9290,ZwAlpcDeleteSecurityContext
0xbc000baf,0xbc000baf,ZwAlpcDisconnectPort
0xa38a8e60,0xa38a8e60,ZwAlpcImpersonateClientOfPort
0x1d2d7972,0x1d2d7972,ZwAlpcOpenSenderProcess
0xcb742fab,0xcb742fab,ZwAlpcOpenSenderThread
0x9fa061fc,0x9fa061fc,ZwAlpcQueryInformation
0x89d7001,0x089d7001,ZwAlpcQueryInformationMessage
0xfb60a769,0xfb60a769,ZwAlpcRevokeSecurityContext
0x7ee9e767,0x7ee9e767,ZwAlpcSendWaitReceivePort
0x8b6d90d2,0x8b6d90d2,ZwAlpcSetInformation
0x5a12bb1f,0x5a12bb1f,ZwApphelpCacheControl
0x988a9329,0x988a9329,ZwAreMappedFilesTheSame
0x5b053839,0x5b053839,ZwAssignProcessToJobObject
0xfd2864ad,0xfd2864ad,ZwCallbackReturn
0xdd87a39e,0xdd87a39e,ZwCancelIoFile
0x5dff109b,0x5dff109b,ZwCancelIoFileEx
0xef30edc9,0xef30edc9,ZwCancelSynchronousIoFile
0x7bd780a7,0x7bd780a7,ZwCancelTimer
0xaf071fc9,0xaf071fc9,ZwClearEvent
0xa3e6456,0x0a3e6456,ZwClose
0xf03ae7d1,0xf03ae7d1,ZwCloseObjectAuditAlarm
0xf532e5e2,0xf532e5e2,ZwCommitComplete
0xab62dd6c,0xab62dd6c,ZwCommitEnlistment
0x6748e6cf,0x6748e6cf,ZwCommitTransaction
0xf6606783,0xf6606783,ZwCompactKeys
0x7af5c69b,0x7af5c69b,ZwCompareTokens
0xb1367d48,0xb1367d48,ZwCompleteConnectPort
0x179b2315,0x179b2315,ZwCompressKey
0xc645094f,0xc645094f,ZwConnectPort
0xe532c7a5,0xe532c7a5,ZwContinue
0x1a477012,0x1a477012,ZwCreateDebugObject
0xf23fee0,0x0f23fee0,ZwCreateDirectoryObject
0x4cc94bf7,0x4cc94bf7,ZwCreateEnlistment
0x40f48476,0x40f48476,ZwCreateEvent
0xf82ce482,0xf82ce482,ZwCreateEventPair
0x6e9361b4,0x6e9361b4,ZwCreateFile
0xc43beda6,0xc43beda6,ZwCreateIoCompletion
0xe2ebc6a6,0xe2ebc6a6,ZwCreateJobObject
0x6aaea17b,0x6aaea17b,ZwCreateJobSet
0x6ff5083d,0x6ff5083d,ZwCreateKey
0xb2f6dfa6,0xb2f6dfa6,ZwCreateKeyTransacted
0xf40fb488,0xf40fb488,ZwCreateKeyedEvent
0x556ad359,0x556ad359,ZwCreateMailslotFile
0x722441cd,0x722441cd,ZwCreateMutant
0x51c40167,0x51c40167,ZwCreateNamedPipeFile
0xe509d34a,0xe509d34a,ZwCreatePagingFile
0x6e98f7d9,0x6e98f7d9,ZwCreatePort
0x5ef7d3bc,0x5ef7d3bc,ZwCreatePrivateNamespace
0x96423013,0x96423013,ZwCreateProcess
0x2f8e8e50,0x2f8e8e50,ZwCreateProcessEx
0x9643e545,0x9643e545,ZwCreateProfile
0x36d25802,0x36d25802,ZwCreateProfileEx
0x709f7697,0x709f7697,ZwCreateResourceManager
0x5e0e1309,0x5e0e1309,ZwCreateSection
0xefce3d18,0xefce3d18,ZwCreateSemaphore
0x43d1b41b,0x43d1b41b,ZwCreateSymbolicLinkObject
0x818c162c,0x818c162c,ZwCreateThread
0x14ea5ea9,0x14ea5ea9,ZwCreateThreadEx
0x41fcf3f5,0x41fcf3f5,ZwCreateTimer
0x420035b5,0x420035b5,ZwCreateToken
0x357d26ba,0x357d26ba,ZwCreateTransaction
0xa518d075,0xa518d075,ZwCreateTransactionManager
0x83664432,0x83664432,ZwCreateUserProcess
0x3c5f5682,0x3c5f5682,ZwCreateWaitablePort
0xbf70fd06,0xbf70fd06,ZwCreateWorkerFactory
0x3d55aa2,0x03d55aa2,ZwDebugActiveProcess
0x113c57ac,0x113c57ac,ZwDebugContinue
0x5b7ac5a3,0x5b7ac5a3,ZwDelayExecution
0x31ff6c44,0x31ff6c44,ZwDeleteAtom
0xc40b14f9,0xc40b14f9,ZwDeleteBootEntry
0x2fd95431,0x2fd95431,ZwDeleteDriverEntry
0x3201faf3,0x3201faf3,ZwDeleteFile
0x945f59c,0x0945f59c,ZwDeleteKey
0xf5716b4e,0xf5716b4e,ZwDeleteObjectAuditAlarm
0xc77437b,0x0c77437b,ZwDeletePrivateNamespace
0x65426379,0x65426379,ZwDeleteValueKey
0x39f97909,0x39f97909,ZwDeviceIoControlFile
0x87be413e,0x87be413e,ZwDisableLastKnownGood
0x175c900d,0x175c900d,ZwDisplayString
0x9a4c6e73,0x9a4c6e73,ZwDrawText
0x64454692,0x64454692,ZwDuplicateObject
0xf3e79a1c,0xf3e79a1c,ZwDuplicateToken
0x95779bb1,0x95779bb1,ZwEnableLastKnownGood
0x266abff4,0x266abff4,ZwEnumerateBootEntries
0xab72cdec,0xab72cdec,ZwEnumerateDriverEntries
0x69d811ef,0x69d811ef,ZwEnumerateKey
0xa329e96d,0xa329e96d,ZwEnumerateSystemEnvironmentValuesEx
0xd1d0bda3,0xd1d0bda3,ZwEnumerateTransactionObject
0x3222bac,0x03222bac,ZwEnumerateValueKey
0x5becbebd,0x5becbebd,ZwExtendSection
0x1aa9fe7,0x01aa9fe7,ZwFilterToken
0xdaf50772,0xdaf50772,ZwFindAtom
0xe7d6828f,0xe7d6828f,ZwFlushBuffersFile
0x41ba36db,0x41ba36db,ZwFlushInstallUILanguage
0x2f796a38,0x2f796a38,ZwFlushInstructionCache
0xd34af8cb,0xd34af8cb,ZwFlushKey
0x406a4a39,0x406a4a39,ZwFlushProcessWriteBuffers
0x250ef302,0x250ef302,ZwFlushVirtualMemory
0xf0323e27,0xf0323e27,ZwFlushWriteBuffer
0x46b50c6e,0x46b50c6e,ZwFreeUserPhysicalPages
0x569aaac2,0x569aaac2,ZwFreeVirtualMemory
0x1b94aefa,0x1b94aefa,ZwFreezeRegistry
0xa003759a,0xa003759a,ZwFreezeTransactions
0x92de6dba,0x92de6dba,ZwFsControlFile
0x8d942dfd,0x8d942dfd,ZwGetContextThread
0xc128754c,0xc128754c,ZwGetCurrentProcessorNumber
0x3b0c003e,0x3b0c003e,ZwGetDevicePowerState
0x83bc6570,0x83bc6570,ZwGetMUIRegistryInfo
0x6f35529e,0x6f35529e,ZwGetNextProcess
0x4a0f9357,0x4a0f9357,ZwGetNextThread
0x8001ed78,0x8001ed78,ZwGetNlsSectionPtr
0x57a7246a,0x57a7246a,ZwGetNotificationResourceManager
0xb6b33a90,0xb6b33a90,ZwGetPlugPlayEvent
0x5eeded22,0x5eeded22,ZwGetWriteWatch
0xe2145d1,0x0e2145d1,ZwImpersonateAnonymousToken
0x729bd360,0x729bd360,ZwImpersonateClientOfPort
0x3ebf8a3f,0x3ebf8a3f,ZwImpersonateThread
0x9eb9e1f2,0x9eb9e1f2,ZwInitializeNlsFiles
0x19278dab,0x19278dab,ZwInitializeRegistry
0x69728d62,0x69728d62,ZwInitiatePowerAction
0x39c4002d,0x39c4002d,ZwIsProcessInJob
0x1fe2b4b9,0x1fe2b4b9,ZwIsSystemResumeAutomatic
0x22fd9d57,0x22fd9d57,ZwIsUILanguageComitted
0xfa69bab4,0xfa69bab4,ZwListenPort
0x46ff1bac,0x46ff1bac,ZwLoadDriver
0x4e2f04c9,0x4e2f04c9,ZwLoadKey
0x140f9e1b,0x140f9e1b,ZwLoadKey2
0x96036886,0x96036886,ZwLoadKeyEx
0x1935ec89,0x1935ec89,ZwLockFile
0x1bcea858,0x1bcea858,ZwLockProductActivationKeys
0x71297d0b,0x71297d0b,ZwLockRegistryKey
0xc0090369,0xc0090369,ZwLockVirtualMemory
0xd4c11abf,0xd4c11abf,ZwMakePermanentObject
0x2312a7b8,0x2312a7b8,ZwMakeTemporaryObject
0x6ca362fa,0x6ca362fa,ZwMapCMFModule
0x89266f8a,0x89266f8a,ZwMapUserPhysicalPages
0x6ba53100,0x6ba53100,ZwMapUserPhysicalPagesScatter
0xf6d5d143,0xf6d5d143,ZwMapViewOfSection
0x20a6c78e,0x20a6c78e,ZwModifyBootEntry
0x222c0006,0x222c0006,ZwModifyDriverEntry
0xc198b314,0xc198b314,ZwNotifyChangeDirectoryFile
0x74ff3f88,0x74ff3f88,ZwNotifyChangeKey
0x26873ae7,0x26873ae7,ZwNotifyChangeMultipleKeys
0xc1c9f383,0xc1c9f383,ZwNotifyChangeSession
0xc651851e,0xc651851e,ZwOpenDirectoryObject
0xccfc7375,0xccfc7375,ZwOpenEnlistment
0x2a938534,0x2a938534,ZwOpenEvent
0xa6ba1440,0xa6ba1440,ZwOpenEventPair
0x2fd642b2,0x2fd642b2,ZwOpenFile
0x1dd6eca4,0x1dd6eca4,ZwOpenIoCompletion
0x9178f664,0x9178f664,ZwOpenJobObject
0x37c0c17b,0x37c0c17b,ZwOpenKey
0x2af719b8,0x2af719b8,ZwOpenKeyEx
0x3ff1be64,0x3ff1be64,ZwOpenKeyTransacted
0x35af4e1,0x035af4e1,ZwOpenKeyTransactedEx
0x7442dc06,0x7442dc06,ZwOpenKeyedEvent
0x8fa35a4b,0x8fa35a4b,ZwOpenMutant
0xe4d0498d,0xe4d0498d,ZwOpenObjectAuditAlarm
0xfbd621ba,0xfbd621ba,ZwOpenPrivateNamespace
0x63a45851,0x63a45851,ZwOpenProcess
0x557f0012,0x557f0012,ZwOpenProcessToken
0xb13f5a0f,0xb13f5a0f,ZwOpenProcessTokenEx
0x27ccfcd5,0x27ccfcd5,ZwOpenResourceManager
0x2b703b47,0x2b703b47,ZwOpenSection
0x9e5b6cd6,0x9e5b6cd6,ZwOpenSemaphore
0x2c9136f6,0x2c9136f6,ZwOpenSession
0x917b7999,0x917b7999,ZwOpenSymbolicLinkObject
0x9f0b2eaa,0x9f0b2eaa,ZwOpenThread
0xa036b60b,0xa036b60b,ZwOpenThreadToken
0x88bc7248,0x88bc7248,ZwOpenThreadTokenEx
0x2b9bf4b3,0x2b9bf4b3,ZwOpenTimer
0xbc153df8,0xbc153df8,ZwOpenTransaction
0xf2c295f3,0xf2c295f3,ZwOpenTransactionManager
0x5c925a0f,0x5c925a0f,ZwPlugPlayControl
0x7ec92b3,0x07ec92b3,ZwPowerInformation
0x2ced948f,0x2ced948f,ZwPrePrepareComplete
0xbc83eb59,0xbc83eb59,ZwPrePrepareEnlistment
0xe5fbc3e8,0xe5fbc3e8,ZwPrepareComplete
0xf1db54f2,0xf1db54f2,ZwPrepareEnlistment
0x8b3f5dc5,0x8b3f5dc5,ZwPrivilegeCheck
0xdd3302c2,0xdd3302c2,ZwPrivilegeObjectAuditAlarm
0xb1f467e0,0xb1f467e0,ZwPrivilegedServiceAuditAlarm
0x1b0eaadd,0x1b0eaadd,ZwPropagationComplete
0x3ee9c9e9,0x3ee9c9e9,ZwPropagationFailed
0x98c8b01,0x098c8b01,ZwProtectVirtualMemory
0xbd027f0b,0xbd027f0b,ZwPulseEvent
0xee8d325d,0xee8d325d,ZwQueryAttributesFile
0xc0c4d638,0xc0c4d638,ZwQueryBootEntryOrder
0x5152ab36,0x5152ab36,ZwQueryBootOptions
0xbbb97964,0xbbb97964,ZwQueryDebugFilterState
0xb9b81f2b,0xb9b81f2b,ZwQueryDefaultLocale
0xc68f019d,0xc68f019d,ZwQueryDefaultUILanguage
0x8d298d6b,0x8d298d6b,ZwQueryDirectoryFile
0x92414ac2,0x92414ac2,ZwQueryDirectoryObject
0xa47acd30,0xa47acd30,ZwQueryDriverEntryOrder
0xc9175cbc,0xc9175cbc,ZwQueryEaFile
0x2ced2dd8,0x2ced2dd8,ZwQueryEvent
0xeac1c950,0xeac1c950,ZwQueryFullAttributesFile
0x7aff91ed,0x7aff91ed,ZwQueryInformationAtom
0xef9598df,0xef9598df,ZwQueryInformationEnlistment
0x7b02209c,0x7b02209c,ZwQueryInformationFile
0x356e168e,0x356e168e,ZwQueryInformationJobObject
0x7b07b6c1,0x7b07b6c1,ZwQueryInformationPort
0xdc9f65fb,0xdc9f65fb,ZwQueryInformationProcess
0x1828147f,0x1828147f,ZwQueryInformationResourceManager
0x64a62f14,0x64a62f14,ZwQueryInformationThread
0xdc46d19d,0xdc46d19d,ZwQueryInformationToken
0x31d310a2,0x31d310a2,ZwQueryInformationTransaction
0xd637855d,0xd637855d,ZwQueryInformationTransactionManager
0x28e900ee,0x28e900ee,ZwQueryInformationWorkerFactory
0x64c1322f,0x64c1322f,ZwQueryInstallUILanguage
0xccecaeac,0xccecaeac,ZwQueryIntervalProfile
0x6feff4c8,0x6feff4c8,ZwQueryIoCompletion
0x898ff11f,0x898ff11f,ZwQueryKey
0x19c714f6,0x19c714f6,ZwQueryLicenseValue
0x6a282fc8,0x6a282fc8,ZwQueryMultipleValueKey
0xdd32176f,0xdd32176f,ZwQueryMutant
0xe07f2aed,0xe07f2aed,ZwQueryObject
0x42f8fe0e,0x42f8fe0e,ZwQueryOpenSubKeys
0xe530c70b,0xe530c70b,ZwQueryOpenSubKeysEx
0xabfb1428,0xabfb1428,ZwQueryPerformanceCounter
0x62879200,0x62879200,ZwQueryPortInformationProcess
0x4a6bbde6,0x4a6bbde6,ZwQueryQuotaInformationFile
0x2ad69ceb,0x2ad69ceb,ZwQuerySection
0xc7e8de36,0xc7e8de36,ZwQuerySecurityAttributesToken
0xc0f63ea5,0xc0f63ea5,ZwQuerySecurityObject
0x10e0c77a,0x10e0c77a,ZwQuerySemaphore
0xf76b0cbd,0xf76b0cbd,ZwQuerySymbolicLinkObject
0x5383d50d,0x5383d50d,ZwQuerySystemEnvironmentValue
0x43cd59ca,0x43cd59ca,ZwQuerySystemEnvironmentValueEx
0xeac82221,0xeac82221,ZwQuerySystemInformation
0xbd593bde,0xbd593bde,ZwQuerySystemInformationEx
0x6d845f0a,0x6d845f0a,ZwQuerySystemTime
0x2df59d57,0x2df59d57,ZwQueryTimer
0x5a33652b,0x5a33652b,ZwQueryTimerResolution
0x2b9508dc,0x2b9508dc,ZwQueryValueKey
0x12556456,0x12556456,ZwQueryVirtualMemory
0xbf7a5d54,0xbf7a5d54,ZwQueryVolumeInformationFile
0x7037f3b1,0x7037f3b1,ZwQueueApcThread
0x5e03b16e,0x5e03b16e,ZwQueueApcThreadEx
0x42b47383,0x42b47383,ZwRaiseException
0xe5cc0cfd,0xe5cc0cfd,ZwRaiseHardError
0x9bd18d7c,0x9bd18d7c,ZwReadFile
0x3b48eab2,0x3b48eab2,ZwReadFileScatter
0x3e75ea1,0x03e75ea1,ZwReadOnlyEnlistment
0x66f49c5f,0x66f49c5f,ZwReadRequestData
0xd1c065bc,0xd1c065bc,ZwReadVirtualMemory
0xc3325559,0xc3325559,ZwRecoverEnlistment
0x33afad39,0x33afad39,ZwRecoverResourceManager
0x6c1e1bd7,0x6c1e1bd7,ZwRecoverTransactionManager
0xcfc4fd43,0xcfc4fd43,ZwRegisterProtocolAddressInformation
0x65afb52b,0x65afb52b,ZwRegisterThreadTerminatePort
0x3c4778d5,0x3c4778d5,ZwReleaseKeyedEvent
0x6293e79a,0x6293e79a,ZwReleaseMutant
0x18c82bc5,0x18c82bc5,ZwReleaseSemaphore
0x9168ef0d,0x9168ef0d,ZwReleaseWorkerFactoryWorker
0x8891660,0x08891660,ZwRemoveIoCompletion
0x4f283bdd,0x4f283bdd,ZwRemoveIoCompletionEx
0x3f0a01b4,0x3f0a01b4,ZwRemoveProcessDebug
0xf8354f21,0xf8354f21,ZwRenameKey
0xd0a12d9,0x0d0a12d9,ZwRenameTransactionManager
0x9fe2de5,0x09fe2de5,ZwReplaceKey
0x220e0256,0x220e0256,ZwReplacePartitionUnit
0xacb1c871,0xacb1c871,ZwReplyPort
0xd25dcee9,0xd25dcee9,ZwReplyWaitReceivePort
0xe10d3aa6,0xe10d3aa6,ZwReplyWaitReceivePortEx
0x237c8dd2,0x237c8dd2,ZwReplyWaitReplyPort
0x66deac0e,0x66deac0e,ZwRequestPort
0xe853d20f,0xe853d20f,ZwRequestWaitReplyPort
0xe06b7245,0xe06b7245,ZwResetEvent
0x43ab03a5,0x43ab03a5,ZwResetWriteWatch
0x584d3aed,0x584d3aed,ZwRestoreKey
0x2cf629d0,0x2cf629d0,ZwResumeProcess
0x76994c49,0x76994c49,ZwResumeThread
0xa7126ae3,0xa7126ae3,ZwRollbackComplete
0x5337a6ad,0x5337a6ad,ZwRollbackEnlistment
0x9b6d830,0x09b6d830,ZwRollbackTransaction
0xe26c18f,0x0e26c18f,ZwRollforwardTransactionManager
0x49db0438,0x49db0438,ZwSaveKey
0x2cacffb5,0x2cacffb5,ZwSaveKeyEx
0x7912db1f,0x7912db1f,ZwSaveMergedKeys
0x53567476,0x53567476,ZwSecureConnectPort
0xbd8d7afc,0xbd8d7afc,ZwSerializeBoot
0x18ab5d4e,0x18ab5d4e,ZwSetBootEntryOrder
0xb4a29a0c,0xb4a29a0c,ZwSetBootOptions
0x2011f489,0x2011f489,ZwSetContextThread
0xa75e1dfa,0xa75e1dfa,ZwSetDebugFilterState
0x16dcb09f,0x16dcb09f,ZwSetDefaultHardErrorPort
0x30bf1b81,0x30bf1b81,ZwSetDefaultLocale
0x26c838f3,0x26c838f3,ZwSetDefaultUILanguage
0x901f71c6,0x901f71c6,ZwSetDriverEntryOrder
0x430b2dd2,0x430b2dd2,ZwSetEaFile
0xb480342e,0xb480342e,ZwSetEvent
0x5f3df877,0x5f3df877,ZwSetEventBoostPriority
0x48dd01fa,0x48dd01fa,ZwSetHighEventPair
0xdb419221,0xdb419221,ZwSetHighWaitLowEventPair
0x96cc9710,0x96cc9710,ZwSetInformationDebugObject
0xada68b35,0xada68b35,ZwSetInformationEnlistment
0xcfb98a72,0xcfb98a72,ZwSetInformationFile
0xf55f1624,0xf55f1624,ZwSetInformationJobObject
0xc07a113b,0xc07a113b,ZwSetInformationKey
0xb8c4a589,0xb8c4a589,ZwSetInformationObject
0x43ff8811,0x43ff8811,ZwSetInformationProcess
0x693bec95,0x693bec95,ZwSetInformationResourceManager
0xc4df666a,0xc4df666a,ZwSetInformationThread
0xc7eb7633,0xc7eb7633,ZwSetInformationToken
0xb2024db8,0xb2024db8,ZwSetInformationTransaction
0x68e86db3,0x68e86db3,ZwSetInformationTransactionManager
0x71dbdb84,0x71dbdb84,ZwSetInformationWorkerFactory
0x21a41882,0x21a41882,ZwSetIntervalProfile
0x3d3dbe5e,0x3d3dbe5e,ZwSetIoCompletion
0x83a6db5b,0x83a6db5b,ZwSetIoCompletionEx
0x451bd32a,0x451bd32a,ZwSetLdtEntries
0x99560f2c,0x99560f2c,ZwSetLowEventPair
0x93bd02c1,0x93bd02c1,ZwSetLowWaitHighEventPair
0xa5cbd7c,0x0a5cbd7c,ZwSetQuotaInformationFile
0x18dcc5bb,0x18dcc5bb,ZwSetSecurityObject
0xd3b31223,0xd3b31223,ZwSetSystemEnvironmentValue
0x8cc03460,0x8cc03460,ZwSetSystemEnvironmentValueEx
0x4b015977,0x4b015977,ZwSetSystemInformation
0x421bb6ff,0x421bb6ff,ZwSetSystemPowerState
0x7086cb20,0x7086cb20,ZwSetSystemTime
0xa2f78bd9,0xa2f78bd9,ZwSetThreadExecutionState
0xb588a3ad,0xb588a3ad,ZwSetTimer
0x3a40506a,0x3a40506a,ZwSetTimerEx
0xaeeacf01,0xaeeacf01,ZwSetTimerResolution
0xe0dae4,0x00e0dae4,ZwSetUuidSeed
0xf1c17772,0xf1c17772,ZwSetValueKey
0x7d8b4faa,0x7d8b4faa,ZwSetVolumeInformationFile
0x86ee5c41,0x86ee5c41,ZwShutdownSystem
0x3127596e,0x3127596e,ZwShutdownWorkerFactory
0x4acb7766,0x4acb7766,ZwSignalAndWaitForSingleObject
0xeccc8650,0xeccc8650,ZwSinglePhaseReject
0x922307bf,0x922307bf,ZwStartProfile
0xeea33ad7,0xeea33ad7,ZwStopProfile
0xb4f4f341,0xb4f4f341,ZwSuspendProcess
0x8a3c2b9a,0x8a3c2b9a,ZwSuspendThread
0x96dff80d,0x96dff80d,ZwSystemDebugControl
0x21b82a9b,0x21b82a9b,ZwTerminateJobObject
0x6f4b12c8,0x6f4b12c8,ZwTerminateProcess
0xecf8f641,0xecf8f641,ZwTerminateThread
0x8d8dfd98,0x8d8dfd98,ZwTestAlert
0x87d9d3ad,0x87d9d3ad,ZwThawRegistry
0x3ee1bbcd,0x3ee1bbcd,ZwThawTransactions
0x1d780e30,0x1d780e30,ZwTraceControl
0x793f7ed1,0x793f7ed1,ZwTraceEvent
0x1c7debfb,0x1c7debfb,ZwTranslateFilePath
0xeda9b204,0xeda9b204,ZwUmsThreadYield
0x5dceb2ef,0x5dceb2ef,ZwUnloadDriver
0x29d52aec,0x29d52aec,ZwUnloadKey
0x647a889e,0x647a889e,ZwUnloadKey2
0xf3cba369,0xf3cba369,ZwUnloadKeyEx
0x69a0d70c,0x69a0d70c,ZwUnlockFile
0xe1c3714c,0xe1c3714c,ZwUnlockVirtualMemory
0x6c388ec6,0x6c388ec6,ZwUnmapViewOfSection
0x4d91ff08,0x4d91ff08,ZwVdmControl
0x87d37ea5,0x87d37ea5,ZwWaitForDebugEvent
0x76450d0,0x076450d0,ZwWaitForKeyedEvent
0xfde4bfd2,0xfde4bfd2,ZwWaitForMultipleObjects
0xa140317,0x0a140317,ZwWaitForMultipleObjects32
0x1cd00775,0x1cd00775,ZwWaitForSingleObject
0x8c60311,0x08c60311,ZwWaitForWorkViaWorkerFactory
0xcece1a3,0x0cece1a3,ZwWaitHighEventPair
0x13a41db5,0x13a41db5,ZwWaitLowEventPair
0x2d89abe1,0x2d89abe1,ZwWorkerFactoryWorkerReady
0x76e0c33,0x076e0c33,ZwWow64CallFunction64
0xca68f282,0xca68f282,ZwWow64CsrAllocateCaptureBuffer
0x88c2243a,0x88c2243a,ZwWow64CsrAllocateMessagePointer
0x4390e742,0x4390e742,ZwWow64CsrCaptureMessageBuffer
0x6b2d23df,0x6b2d23df,ZwWow64CsrCaptureMessageString
0xf6305161,0xf6305161,ZwWow64CsrClientCallServer
0x2f4530b2,0x2f4530b2,ZwWow64CsrClientConnectToServer
0x9daba31f,0x9daba31f,ZwWow64CsrFreeCaptureBuffer
0xaf06cadb,0xaf06cadb,ZwWow64CsrGetProcessId
0xab1a5daf,0xab1a5daf,ZwWow64CsrIdentifyAlertableThread
0x67741268,0x67741268,ZwWow64CsrVerifyRegion
0x9ddbe48,0x09ddbe48,ZwWow64DebuggerCall
0x3077cd0,0x03077cd0,ZwWow64GetCurrentProcessorNumberEx
0x57054e39,0x57054e39,ZwWow64GetNativeSystemInformation
0x9acc972b,0x9acc972b,ZwWow64InterlockedPopEntrySList
0xa295e12c,0xa295e12c,ZwWow64QueryInformationProcess64
0x91139e7,0x091139e7,ZwWow64QueryVirtualMemory64
0x6a962bed,0x6a962bed,ZwWow64ReadVirtualMemory64
0xa952745c,0xa952745c,ZwWow64WriteVirtualMemory64
0xe8d9e86b,0xe8d9e86b,ZwWriteFile
0x529f5226,0x529f5226,ZwWriteFileGather
0x7149746e,0x7149746e,ZwWriteRequestData
0xc4ab7d8b,0xc4ab7d8b,ZwWriteVirtualMemory
0x84b1fa4b,0x84b1fa4b,ZwYieldExecution
0xbd9926c0,0xbd9926c0,_CIacos
0xbd996a05,0xbd996a05,_CIasin
0xbd996d3e,0xbd996d3e,_CIatan
0x70c71530,0x70c71530,_CIatan2
0xe6b71abf,0xe6b71abf,_CIcos
0xbd9a7307,0xbd9a7307,_CIcosh
0xe6b72467,0xe6b72467,_CIexp
0xbd9c0f20,0xbd9c0f20,_CIfmod
0xe6b740fc,0xe6b740fc,_CIlog
0x718b767d,0x718b767d,_CIlog10
0xe6b75210,0xe6b75210,_CIpow
0xe6b75e04,0xe6b75e04,_CIsin
0xbda31eec,0xbda31eec,_CIsinh
0xbda34184,0xbda34184,_CIsqrt
0xe6b7613d,0xe6b7613d,_CItan
0xbda38945,0xbda38945,_CItanh
0xd7c596b2,0xd7c596b2,_CRT_RTC_INIT
0xd59c0f99,0xd59c0f99,_CreateFrameInfo
0x5835cb64,0x5835cb64,_CxxThrowException
0xba82e93f,0xba82e93f,_EFN_DumpImage
0x198444ad,0x198444ad,_EH_prolog
0xbeb5625e,0xbeb5625e,_FindAndUnlinkFrame
0xe6f0edd3,0xe6f0edd3,_Form1
0x84c04632,0x84c04632,_GetFileExtensionFromUrl
0x9caa72df,0x9caa72df,_Getdays
0x87087547,0x87087547,_Getmonths
0x97433a16,0x97433a16,_Gettnames
0x6bd9f237,0x6bd9f237,_HUGE
0xcf0967cd,0xcf0967cd,_IsExceptionObjectToBeDestroyed
0xbf400750,0xbf400750,_NLG_Dispatch2
0x851de00e,0x851de00e,_NLG_Return
0x28d9e200,0x28d9e200,_NLG_Return2
0x4144ba91,0x4144ba91,_NSSUTIL_Access
0x28c2d15f,0x28c2d15f,_PK11_ContextGetAEADSimulation
0xaf9696b,0x0af9696b,_PK11_ContextSetAEADSimulation
0x533a5042,0x533a5042,_PR_AddSleepQ
0x71bd4fbb,0x71bd4fbb,_PR_CreateThread
0x4c35e2e,0x04c35e2e,_PR_DelSleepQ
0x3cec8e0a,0x3cec8e0a,_PR_GetPrimordialCPU
0x730391f9,0x730391f9,_PR_MD_FREE_CV
0xf6ae06ce,0xf6ae06ce,_PR_MD_INIT_LOCKS
0x3c0db981,0x3c0db981,_PR_MD_NEW_CV
0x7666fc91,0x7666fc91,_PR_MD_NEW_LOCK
0x3e00ac09,0x3e00ac09,_PR_MD_NOTIFYALL_CV
0xadd696b0,0xadd696b0,_PR_MD_NOTIFY_CV
0x4cfeee4b,0x4cfeee4b,_PR_MD_UNLOCK
0x684a83cc,0x684a83cc,_PR_MD_WAIT_CV
0x1c63e1c2,0x1c63e1c2,_PR_NativeCreateThread
0x40f77ab0,0x40f77ab0,_SetWinRTOutOfMemoryExceptionCallback
0xc33c5f1c,0xc33c5f1c,_Strftime
0x75f28bce,0x75f28bce,_TrackMouseEvent
0xc9feedf3,0xc9feedf3,_UserTestTokenForInteractive
0x18451b93,0x18451b93,_XcptFilter
0x188caada,0x188caada,_Z10utf8ToUCS4PKcPPj
0x452fb43f,0x452fb43f,_Z11localtime_rPKlP2tm
0xcb0c8052,0xcb0c8052,_Z11utf16ToUtf8PKtPi
0xc02a311e,0xc02a311e,_Z11utf16ToUtf8PKtiPci
0xfa76fa01,0xfa76fa01,_Z11utf8ToUtf16PKcPi
0x7419d4be,0x7419d4be,_Z11utf8ToUtf16PKciPti
0x448e9f76,0x448e9f76,_Z12appendToPathP9GooStringPKc
0xbe7a492d,0xbe7a492d,_Z13gbase64EncodeB5cxx11PKvj
0xec3927b9,0xec3927b9,_Z13utf8CountUCS4PKc
0x54b82a16,0x54b82a16,_Z15parseDateStringPK9GooStringPiS2_S2_S2_S2_S2_PcS2_S2_
0xb6148a8d,0xb6148a8d,_Z15unicodeToAscii7St4spanIjLj4294967295EEPPjPiPKiPS3_
0x873f1ed,0x0873f1ed,_Z16TextStringToUCS4RKNSt7__cxx1112basic_stringIcSt11char_traitsIcESaIcEEE
0xe8758695,0xe8758695,_Z16TextStringToUtf8RKNSt7__cxx1112basic_stringIcSt11char_traitsIcESaIcEEE
0x8f8b8046,0x8f8b8046,_Z16dateStringToTimePK9GooString
0x209b5645,0x209b5645,_Z16setErrorCallbackPFv13ErrorCategoryxPKcE
0x3497a5d,0x03497a5d,_Z16timeToDateStringPKl
0xce58f4eb,0xce58f4eb,_Z18utf8ToUtf16WithBomRKNSt7__cxx1112basic_stringIcSt11char_traitsIcESaIcEEE
0x77900e2e,0x77900e2e,_Z19utf16CountUtf8BytesPKt
0x5395131e,0x5395131e,_Z20unicodeNormalizeNFKCPKjiPiPS1_
0xc6377740,0xc6377740,_Z20unicodeNormalizeNFKCPKjiPiPS1_b
0x8676c817,0x8676c817,_Z21ft_new_face_from_fileP14FT_LibraryRec_PKclPP11FT_FaceRec_
0x174e8774,0x174e8774,_Z21pdfDocEncodingToUTF16RKNSt7__cxx1112basic_stringIcSt11char_traitsIcESaIcEEEPi
0xb01b97ca,0xb01b97ca,_Z22make_GfxLCMSProfilePtrPv
0x91924f2b,0x91924f2b,_Z22timeToStringWithFormatB5cxx11PKlPKc
0x6e43fe1f,0x6e43fe1f,_Z23utf8CountUtf16CodeUnitsPKc
0x71272210,0x71272210,_Z26getFileSpecNameForPlatformPK6Object
0xec4cc343,0xec4cc343,_Z5error13ErrorCategoryxPKcz
0x2711a18e,0x2711a18e,_Z6GfseekP6_iobufxi
0xfdf108b6,0xfdf108b6,_Z6GftellP6_iobuf
0x732703e4,0x732703e4,_Z6timegmP2tm
0x591d6e3d,0x591d6e3d,_Z7getLinePciP6_iobuf
0x393a418a,0x393a418a,_Z7mapUTF8jPci
0x6461383e,0x6461383e,_Z8gmtime_rPKlP2tm
0x2d329f92,0x2d329f92,_Z8openFilePKcS0_
0x9cefbb4e,0x9cefbb4e,_Z9gbasenameB5cxx11PKc
0xa1f6e8de,0xa1f6e8de,_ZN10ActualText3endEPK8GfxState
0x17d95be,0x017d95be,_ZN10ActualText5beginEPK8GfxStatePK9GooString
0xd9882043,0xd9882043,_ZN10ActualText7addCharEPK8GfxStateddddjiPKji
0xd1238f19,0xd1238f19,_ZN10ActualTextC1EP8TextPage
0x216ec7a,0x0216ec7a,_ZN10ActualTextC2EP8TextPage
0x266c23a6,0x266c23a6,_ZN10ActualTextD1Ev
0x266c27e7,0x266c27e7,_ZN10ActualTextD2Ev
0x5de864dc,0x5de864dc,_ZN10AnnotCaret10initializeEP6PDFDocP4Dict
0xa9c5f737,0xa9c5f737,_ZN10AnnotCaret9setSymbolENS_16AnnotCaretSymbolE
0x87779c10,0x87779c10,_ZN10AnnotCaretC1EP6PDFDocO6ObjectPKS2_
0x8cf13297,0x8cf13297,_ZN10AnnotCaretC1EP6PDFDocP12PDFRectangle
0x4fad3ad1,0x4fad3ad1,_ZN10AnnotCaretC2EP6PDFDocO6ObjectPKS2_
0x39098598,0x39098598,_ZN10AnnotCaretC2EP6PDFDocP12PDFRectangle
0xb18a29b5,0xb18a29b5,_ZN10AnnotCaretD0Ev
0xb18a2df6,0xb18a2df6,_ZN10AnnotCaretD1Ev
0xb18a3237,0xb18a3237,_ZN10AnnotCaretD2Ev
0xc764b0,0x00c764b0,_ZN10AnnotColor11adjustColorEi
0xf9a8c7fc,0xf9a8c7fc,_ZN10AnnotColorC1EP5Arrayi
0xe6753e93,0xe6753e93,_ZN10AnnotColorC1Ed
0x58bf3c9b,0x58bf3c9b,_ZN10AnnotColorC1Eddd
0x70a6d05f,0x70a6d05f,_ZN10AnnotColorC1Edddd
0xe6753ea5,0xe6753ea5,_ZN10AnnotColorC1Ev
0xfdb3591d,0xfdb3591d,_ZN10AnnotColorC2EP5Arrayi
0xe67542d4,0xe67542d4,_ZN10AnnotColorC2Ed
0x58d1551c,0x58d1551c,_ZN10AnnotColorC2Eddd
0x72fbf900,0x72fbf900,_ZN10AnnotColorC2Edddd
0xe67542e6,0xe67542e6,_ZN10AnnotColorC2Ev
0x9e10b60d,0x9e10b60d,_ZN10AnnotMovie10initializeEP6PDFDocP4Dict
0xea893e48,0xea893e48,_ZN10AnnotMovie4drawEP3Gfxb
0xfe1912e1,0xfe1912e1,_ZN10AnnotMovieC1EP6PDFDocO6ObjectPKS2_
0x828f834d,0x828f834d,_ZN10AnnotMovieC1EP6PDFDocP12PDFRectangleP5Movie
0xc64eb1a2,0xc64eb1a2,_ZN10AnnotMovieC2EP6PDFDocO6ObjectPKS2_
0xe7ee4b2e,0xe7ee4b2e,_ZN10AnnotMovieC2EP6PDFDocP12PDFRectangleP5Movie
0x662e5e06,0x662e5e06,_ZN10AnnotMovieD0Ev
0x662e6247,0x662e6247,_ZN10AnnotMovieD1Ev
0x662e6688,0x662e6688,_ZN10AnnotMovieD2Ev
0xda97eb21,0xda97eb21,_ZN10AnnotPopup10initializeEP6PDFDocP4Dict
0xccacb5e7,0xccacb5e7,_ZN10AnnotPopup7setOpenEb
0xc91d7ee4,0xc91d7ee4,_ZN10AnnotPopup9setParentEP5Annot
0xa6424075,0xa6424075,_ZN10AnnotPopupC1EP6PDFDocO6ObjectPKS2_
0x88f6843c,0x88f6843c,_ZN10AnnotPopupC1EP6PDFDocP12PDFRectangle
0x6e77df36,0x6e77df36,_ZN10AnnotPopupC2EP6PDFDocO6ObjectPKS2_
0x350ed73d,0x350ed73d,_ZN10AnnotPopupC2EP6PDFDocP12PDFRectangle
0x128b399a,0x128b399a,_ZN10AnnotPopupD0Ev
0x128b3ddb,0x128b3ddb,_ZN10AnnotPopupD1Ev
0x128b421c,0x128b421c,_ZN10AnnotPopupD2Ev
0x59b09712,0x59b09712,_ZN10AnnotStamp10initializeEP6PDFDocP4Dict
0x725cb5ab,0x725cb5ab,_ZN10AnnotStamp14setCustomImageEP21AnnotStampImageHelper
0xd3e4fb83,0xd3e4fb83,_ZN10AnnotStamp16clearCustomImageEv
0x55fe457d,0x55fe457d,_ZN10AnnotStamp29generateStampCustomAppearanceEv
0x10c6ad9f,0x10c6ad9f,_ZN10AnnotStamp30generateStampDefaultAppearanceEv
0x89e895ed,0x89e895ed,_ZN10AnnotStamp4drawEP3Gfxb
0xe6acf7b2,0xe6acf7b2,_ZN10AnnotStamp7setIconEP9GooString
0x18740a06,0x18740a06,_ZN10AnnotStampC1EP6PDFDocO6ObjectPKS2_
0x4ec0f60d,0x4ec0f60d,_ZN10AnnotStampC1EP6PDFDocP12PDFRectangle
0xe0a9a8c7,0xe0a9a8c7,_ZN10AnnotStampC2EP6PDFDocO6ObjectPKS2_
0xfad9490e,0xfad9490e,_ZN10AnnotStampC2EP6PDFDocP12PDFRectangle
0x77f6e0ab,0x77f6e0ab,_ZN10AnnotStampD0Ev
0x77f6e4ec,0x77f6e4ec,_ZN10AnnotStampD1Ev
0x77f6e92d,0x77f6e92d,_ZN10AnnotStampD2Ev
0xd5437c0b,0xd5437c0b,_ZN10BaseStreamC1EO6Objectx
0x5aa0314c,0x5aa0314c,_ZN10BaseStreamC2EO6Objectx
0x1a28552d,0x1a28552d,_ZN10BaseStreamD0Ev
0x1a28596e,0x1a28596e,_ZN10BaseStreamD1Ev
0x1a285daf,0x1a285daf,_ZN10BaseStreamD2Ev
0xc6873afe,0xc6873afe,_ZN10CachedFile4readEPvjj
0xff695f45,0xff695f45,_ZN10CachedFile4seekEli
0x4063f6ef,0x4063f6ef,_ZN10CachedFile4tellEv
0x7b179fe,0x07b179fe,_ZN10CachedFile5cacheERKSt6vectorI10_ByteRangeSaIS1_EE
0x642abfd1,0x642abfd1,_ZN10CachedFile5cacheEjj
0xeada63d1,0xeada63d1,_ZN10CachedFile9decRefCntEv
0xaa09083f,0xaa09083f,_ZN10CachedFile9incRefCntEv
0x1c1b23ee,0x1c1b23ee,_ZN10CachedFileC1EP16CachedFileLoader
0x6d281e6f,0x6d281e6f,_ZN10CachedFileC2EP16CachedFileLoader
0x8fd8d03f,0x8fd8d03f,_ZN10CachedFileD1Ev
0x8fd8d480,0x8fd8d480,_ZN10CachedFileD2Ev
0x83d8ba66,0x83d8ba66,_ZN10CryptoSign7Factory12createActiveEv
0x67709ad7,0x67709ad7,_ZN10CryptoSign7Factory12getAvailableEv
0xfa7a520f,0xfa7a520f,_ZN10CryptoSign7Factory14typeFromStringESt17basic_string_viewIcSt11char_traitsIcEE
0x775fd8cb,0x775fd8cb,_ZN10CryptoSign7Factory16preferredBackendE
0x49c05274,0x49c05274,_ZN10CryptoSign7Factory19setPreferredBackendENS_7Backend4TypeE
0x256f5d61,0x256f5d61,_ZN10CryptoSign7Factory6createENS_7Backend4TypeE
0x63930ae8,0x63930ae8,_ZN10CryptoSign7Factory9getActiveEv
0x3a0f280e,0x3a0f280e,_ZN10FileStream13makeSubStreamExbxO6Object
0x36b907ad,0x36b907ad,_ZN10FileStream4copyEv
0xf306f3c9,0xf306f3c9,_ZN10FileStream5closeEv
0x659d5b36,0x659d5b36,_ZN10FileStream5resetEv
0x2137f8dd,0x2137f8dd,_ZN10FileStream6setPosExi
0x79e773f9,0x79e773f9,_ZN10FileStream7fillBufEv
0xe2488ffe,0xe2488ffe,_ZN10FileStream9moveStartEx
0xf15e56,0x00f15e56,_ZN10FileStreamC1EP7GooFilexbxO6Object
0x739da8f7,0x739da8f7,_ZN10FileStreamC2EP7GooFilexbxO6Object
0x2b79fa12,0x2b79fa12,_ZN10FileStreamD0Ev
0x2b79fe53,0x2b79fe53,_ZN10FileStreamD1Ev
0x2b7a0294,0x2b7a0294,_ZN10FileStreamD2Ev
0x40236e94,0x40236e94,_ZN10FoFiType1C11readCharsetEv
0xd37f0a81,0xd37f0a81,_ZN10FoFiType1C11readTopDictEv
0xc5954f75,0xc5954f75,_ZN10FoFiType1C12readFDSelectEv
0xc5f67e07,0xc5f67e07,_ZN10FoFiType1C13buildEncodingEv
0x4bbebf6a,0x4bbebf6a,_ZN10FoFiType1C13cvtGlyphWidthEbP9GooStringPK17Type1CPrivateDict
0x22e961fa,0x22e961fa,_ZN10FoFiType1C13eexecCvtGlyphEP14Type1CEexecBufPKciiPK11Type1CIndexPK17Type1CPrivateDict
0x9c27cac6,0x9c27cac6,_ZN10FoFiType1C14convertToType0EPKcPKiiPFvPvS1_jES4_
0xa0c7d9ce,0xa0c7d9ce,_ZN10FoFiType1C14convertToType1EPKcPS1_bPFvPvS1_jES3_
0xa9b5d6d6,0xa9b5d6d6,_ZN10FoFiType1C15readPrivateDictEiiP17Type1CPrivateDict
0xcdf429d9,0xcdf429d9,_ZN10FoFiType1C17convertToCIDType0EPKcPKiiPFvPvS1_jES4_
0x4a2d9f28,0x4a2d9f28,_ZN10FoFiType1C4loadEPKc
0x1cdfda14,0x1cdfda14,_ZN10FoFiType1C4makeEPKhi
0x60e18ae7,0x60e18ae7,_ZN10FoFiType1C5getOpEibPb
0x8ea0c21c,0x8ea0c21c,_ZN10FoFiType1C5parseEv
0x8d71c331,0x8d71c331,_ZN10FoFiType1C6readFDEiiP17Type1CPrivateDict
0xff41989e,0xff41989e,_ZN10FoFiType1C8cvtGlyphEiiP9GooStringPK11Type1CIndexPK17Type1CPrivateDictbRSt3setIiSt4lessIiESaIiEE
0x1a0c2ab8,0x1a0c2ab8,_ZN10FoFiType1CC1EPKhib
0x67066779,0x67066779,_ZN10FoFiType1CC2EPKhib
0xf8bb6100,0xf8bb6100,_ZN10FoFiType1CD0Ev
0xf8bb6541,0xf8bb6541,_ZN10FoFiType1CD1Ev
0xf8bb6982,0xf8bb6982,_ZN10FoFiType1CD2Ev
0x945e23a2,0x945e23a2,_ZN10FormWidget11setReadOnlyEb
0x147d1765,0x147d1765,_ZN10FormWidget14setPartialNameERK9GooString
0x7f772c44,0x7f772c44,_ZN10FormWidget19getActivationActionEv
0xb1d15a24,0xb1d15a24,_ZN10FormWidget19getAdditionalActionEN5Annot25FormAdditionalActionsTypeE
0x10274550,0x10274550,_ZN10FormWidget19setAdditionalActionEN5Annot25FormAdditionalActionsTypeERKNSt7__cxx1112basic_stringIcSt11char_traitsIcESaIcEEE
0x8194c34e,0x8194c34e,_ZN10FormWidget21getFullyQualifiedNameEv
0x94668c61,0x94668c61,_ZN10FormWidget22createWidgetAnnotationEv
0xdec8b23f,0xdec8b23f,_ZN10FormWidget5printEi
0x79c66c03,0x79c66c03,_ZN10FormWidget8decodeIDEjPjS0_
0xc5e5b7fb,0xc5e5b7fb,_ZN10FormWidget8encodeIDEjj
0x237685d6,0x237685d6,_ZN10FormWidgetC1EP6PDFDocP6Objectj3RefP9FormField
0x5ba6c9f7,0x5ba6c9f7,_ZN10FormWidgetC2EP6PDFDocP6Objectj3RefP9FormField
0x1f4d9a1e,0x1f4d9a1e,_ZN10FormWidgetD0Ev
0x1f4d9e5f,0x1f4d9e5f,_ZN10FormWidgetD1Ev
0x1f4da2a0,0x1f4da2a0,_ZN10FormWidgetD2Ev
0x88a76449,0x88a76449,_ZN10GfxCIDFont12mapCodeToGIDEP12FoFiTrueTypeijb
0x2aeadf30,0x2aeadf30,_ZN10GfxCIDFont15getCodeToGIDMapEP12FoFiTrueTypePi
0xb1decd96,0xb1decd96,_ZN10GfxCIDFontC1EP4XRefPKc3RefOSt8optionalINSt7__cxx1112basic_stringIcSt11char_traitsIcESaIcEEEE11GfxFontTypeS4_P4Dict
0xebf95657,0xebf95657,_ZN10GfxCIDFontC2EP4XRefPKc3RefOSt8optionalINSt7__cxx1112basic_stringIcSt11char_traitsIcESaIcEEEE11GfxFontTypeS4_P4Dict
0x569d7292,0x569d7292,_ZN10GfxCIDFontD0Ev
0x569d76d3,0x569d76d3,_ZN10GfxCIDFontD1Ev
0x569d7b14,0x569d7b14,_ZN10GfxCIDFontD2Ev
0xaefe8f0b,0xaefe8f0b,_ZN10GfxFontLoc7setPathEP9GooString
0x65b40a8b,0x65b40a8b,_ZN10GfxFontLocC1EOS_
0x919b5120,0x919b5120,_ZN10GfxFontLocC1Ev
0x65c6230c,0x65c6230c,_ZN10GfxFontLocC2EOS_
0x919b5561,0x919b5561,_ZN10GfxFontLocC2Ev
0x919bdd81,0x919bdd81,_ZN10GfxFontLocD1Ev
0x919be1c2,0x919be1c2,_ZN10GfxFontLocD2Ev
0x65b40a8b,0x65b40a8b,_ZN10GfxFontLocaSEOS_
0x8388f8e9,0x8388f8e9,_ZN10GfxShading4initEP12GfxResourcesP4DictP9OutputDevP8GfxState
0x53cfac86,0x53cfac86,_ZN10GfxShading5parseEP12GfxResourcesP6ObjectP9OutputDevP8GfxState
0x51239100,0x51239100,_ZN10GfxShadingC1EPKS_
0xa39c057c,0xa39c057c,_ZN10GfxShadingC1Ei
0x5378b9a1,0x5378b9a1,_ZN10GfxShadingC2EPKS_
0xa39c09bd,0xa39c09bd,_ZN10GfxShadingC2Ei
0xa39c8da9,0xa39c8da9,_ZN10GfxShadingD0Ev
0xa39c91ea,0xa39c91ea,_ZN10GfxShadingD1Ev
0xa39c962b,0xa39c962b,_ZN10GfxShadingD2Ev
0x8d74725e,0x8d74725e,_ZN10JpegWriter10setQualityEi
0xd341d820,0xd341d820,_ZN10JpegWriter11setOptimizeEb
0xbbc444c8,0xbbc444c8,_ZN10JpegWriter11supportCMYKEv
0x1a14f253,0x1a14f253,_ZN10JpegWriter13writePointersEPPhi
0x709fa78b,0x709fa78b,_ZN10JpegWriter14setProgressiveEb
0x5f1e109b,0x5f1e109b,_ZN10JpegWriter4initEP6_iobufiidd
0x5d2b2020,0x5d2b2020,_ZN10JpegWriter5closeEv
0x5e5190e2,0x5e5190e2,_ZN10JpegWriter8writeRowEPPh
0xa1d56617,0xa1d56617,_ZN10JpegWriterC1ENS_6FormatE
0x6c5dbe2,0x06c5dbe2,_ZN10JpegWriterC1EibNS_6FormatE
0xf1346f98,0xf1346f98,_ZN10JpegWriterC2ENS_6FormatE
0xaa0d49a3,0xaa0d49a3,_ZN10JpegWriterC2EibNS_6FormatE
0x5d5f92e9,0x5d5f92e9,_ZN10JpegWriterD0Ev
0x5d5f972a,0x5d5f972a,_ZN10JpegWriterD1Ev
0x5d5f9b6b,0x5d5f9b6b,_ZN10JpegWriterD2Ev
0x78022cbe,0x78022cbe,_ZN10LinkAction11parseActionEPK6ObjectRKSt8optionalINSt7__cxx1112basic_stringIcSt11char_traitsIcESaIcEEEE
0xbf8875ff,0xbf8875ff,_ZN10LinkAction11parseActionEPK6ObjectRKSt8optionalINSt7__cxx1112basic_stringIcSt11char_traitsIcESaIcEEEEPSt3setIiSt4lessIiESaIiEE
0x7779fb4,0x07779fb4,_ZN10LinkAction9parseDestEPK6Object
0x3932feb2,0x3932feb2,_ZN10LinkActionC1Ev
0x393302f3,0x393302f3,_ZN10LinkActionC2Ev
0x393386d2,0x393386d2,_ZN10LinkActionD0Ev
0x39338b13,0x39338b13,_ZN10LinkActionD1Ev
0x39338f54,0x39338f54,_ZN10LinkActionD2Ev
0x62b75341,0x62b75341,_ZN10SplashPath19addStrokeAdjustHintEiiii
0xbf6e2690,0xbf6e2690,_ZN10SplashPath4growEi
0x578ab501,0x578ab501,_ZN10SplashPath5closeEb
0x2146e0a4,0x2146e0a4,_ZN10SplashPath6appendEPS_
0x5023949d,0x5023949d,_ZN10SplashPath6lineToEdd
0xb5fce8ec,0xb5fce8ec,_ZN10SplashPath6moveToEdd
0xa09d0a19,0xa09d0a19,_ZN10SplashPath6offsetEdd
0x5cfb74b,0x05cfb74b,_ZN10SplashPath7curveToEdddddd
0xded44dd0,0xded44dd0,_ZN10SplashPath7reserveEi
0xe5f6d670,0xe5f6d670,_ZN10SplashPath8getCurPtEPdS0_
0xb568a629,0xb568a629,_ZN10SplashPathC1EOS_
0xed986d3e,0xed986d3e,_ZN10SplashPathC1Ev
0xb57abeaa,0xb57abeaa,_ZN10SplashPathC2EOS_
0xed98717f,0xed98717f,_ZN10SplashPathC2Ev
0xed98f99f,0xed98f99f,_ZN10SplashPathD1Ev
0xed98fde0,0xed98fde0,_ZN10SplashPathD2Ev
0xae71fe36,0xae71fe36,_ZN10TiffWriter13writePointersEPPhi
0x4235bf97,0x4235bf97,_ZN10TiffWriter20setCompressionStringEPKc
0x73f0c7be,0x73f0c7be,_ZN10TiffWriter4initEP6_iobufiidd
0xf00ff83,0x0f00ff83,_ZN10TiffWriter5closeEv
0x92998625,0x92998625,_ZN10TiffWriter8writeRowEPPh
0x5f1c03ba,0x5f1c03ba,_ZN10TiffWriterC1ENS_6FormatE
0xae7b0d3b,0xae7b0d3b,_ZN10TiffWriterC2ENS_6FormatE
0x2ddf38cc,0x2ddf38cc,_ZN10TiffWriterD0Ev
0x2ddf3d0d,0x2ddf3d0d,_ZN10TiffWriterD1Ev
0x2ddf414e,0x2ddf414e,_ZN10TiffWriterD2Ev
0x4e7123b4,0x4e7123b4,_ZN10UnicodeMap4swapERS_
0x76c70fd1,0x76c70fd1,_ZN10UnicodeMap5parseERKNSt7__cxx1112basic_stringIcSt11char_traitsIcESaIcEEE
0xc3515af6,0xc3515af6,_ZN10UnicodeMapC1EOS_
0x5aa58e3f,0x5aa58e3f,_ZN10UnicodeMapC1EPKcbPFijPciE
0x1ad161b1,0x1ad161b1,_ZN10UnicodeMapC1EPKcbPK15UnicodeMapRangei
0x4a9fab95,0x4a9fab95,_ZN10UnicodeMapC1ERKNSt7__cxx1112basic_stringIcSt11char_traitsIcESaIcEEE
0xc3637377,0xc3637377,_ZN10UnicodeMapC2EOS_
0x95e5c7e0,0x95e5c7e0,_ZN10UnicodeMapC2EPKcbPFijPciE
0x49f414d2,0x49f414d2,_ZN10UnicodeMapC2EPKcbPK15UnicodeMapRangei
0x53e46676,0x53e46676,_ZN10UnicodeMapC2ERKNSt7__cxx1112basic_stringIcSt11char_traitsIcESaIcEEE
0xa444172c,0xa444172c,_ZN10UnicodeMapD1Ev
0xa4441b6d,0xa4441b6d,_ZN10UnicodeMapD2Ev
0xc3515af6,0xc3515af6,_ZN10UnicodeMapaSEOS_
0xdeba6317,0xdeba6317,_ZN11AnnotBorder14parseDashArrayEP6Object
0xdae8f465,0xdae8f465,_ZN11AnnotBorderC1Ev
0xdae8f8a6,0xdae8f8a6,_ZN11AnnotBorderC2Ev
0xdae97c85,0xdae97c85,_ZN11AnnotBorderD0Ev
0xcb432999,0xcb432999,__AdjustPointer
0x8aa85af7,0x8aa85af7,__BuildCatchObject
0x216dc757,0x216dc757,__BuildCatchObjectHelper
0x1e1cac7e,0x1e1cac7e,__CERT_AddTempCertToPerm
0x2c60ced8,0x2c60ced8,__CERT_ClosePermCertDB
0x1beb2c1c,0x1beb2c1c,__CERT_DecodeDERCertificate
0xf5e945d,0x0f5e945d,__CERT_NewTempCertificate
0x827cb068,0x827cb068,__CERT_TraversePermCertsForNickname
0x24a38812,0x24a38812,__CERT_TraversePermCertsForSubject
0x6bb84e92,0x6bb84e92,__C_specific_handler
0xb43b1c97,0xb43b1c97,__C_specific_handler_noexcept
0x7d09915,0x07d09915,__CppXcptFilter
0xc379f3ea,0xc379f3ea,__CxxCallUnwindDtor
0x85570a8,0x085570a8,__CxxCallUnwindVecDtor
0x7a97ce04,0x7a97ce04,__CxxDetectRethrow
0x583abf75,0x583abf75,__CxxExceptionFilter
0x334fc569,0x334fc569,__CxxFrameHandler
0x9d4872bb,0x9d4872bb,__CxxFrameHandler2
0x9d4872bc,0x9d4872bc,__CxxFrameHandler3
0xb8e782c,0x0b8e782c,__CxxLongjmpUnwind
0xc75f700,0x0c75f700,__CxxQueryExceptionSize
0xe7030aab,0xe7030aab,__CxxRegisterExceptionObject
0x5b5e2ece,0x5b5e2ece,__CxxUnregisterExceptionObject
0x3995f61,0x03995f61,__DestructExceptionObject
0xb8cccc53,0xb8cccc53,__FrameUnwindFilter
0x21867e2d,0x21867e2d,__GetPlatformExceptionInfo
0x604a4fcf,0x604a4fcf,__NLG_Dispatch2
0x6569febf,0x6569febf,__NLG_Return2
0x423fff7c,0x423fff7c,__PBE_CreateContext
0x898275b2,0x898275b2,__PBE_DestroyContext
0xea20bce0,0xea20bce0,__PBE_GenerateBits
0xcc368bf0,0xcc368bf0,__PK11_CreateContextByRawKey
0xad4f90ac,0xad4f90ac,__PK11_GetKeyData
0x1b197abe,0x1b197abe,__PK11_SetCertificateNickname
0x48aca213,0x48aca213,__RTCastToVoid
0x4b151043,0x4b151043,__RTDynamicCast
0xf386a722,0xf386a722,__RTtypeid
0x473037f7,0x473037f7,__STRINGTOLD
0x87d52a3c,0x87d52a3c,__TypeMatch
0x346050ca,0x346050ca,__WSAFDIsSet
0x348b1cc7,0x348b1cc7,___CPPdebugHook
0x45c57edd,0x45c57edd,___lc_codepage_func
0xf241317b,0xf241317b,___lc_collate_cp_func
0x9486f351,0x9486f351,___lc_handle_func
0xbfc90b34,0xbfc90b34,___mb_cur_max_func
0x4597a6ed,0x4597a6ed,___setlc_active_func
0x3bb6b563,0x3bb6b563,___unguarded_readlc_active_add_func
0xe66a946a,0xe66a946a,__argc
0xe66a947d,0xe66a947d,__argv
0x9eab8778,0x9eab8778,__badioinfo
0x6bbf81d7,0x6bbf81d7,__buffer_overrun
0x7ff8d455,0x7ff8d455,__crtCompareStringA
0x7ff8d46b,0x7ff8d46b,__crtCompareStringW
0xa44c769,0x0a44c769,__crtGetLocaleInfoW
0x98c7e1a6,0x98c7e1a6,__crtGetStringTypeW
0x4473471b,0x4473471b,__crtLCMapStringA
0x44734731,0x44734731,__crtLCMapStringW
0xa739211e,0xa739211e,__current_exception
0xfd875c02,0xfd875c02,__current_exception_context
0x243549e0,0x243549e0,__dllonexit
0x834c1119,0x834c1119,__doserrno
0x13a2c723,0x13a2c723,__fpecode
0x65c181df,0x65c181df,__getmainargs
0xf638b76a,0xf638b76a,__initenv
0x1d0b6852,0x1d0b6852,__intrinsic_setjmp
0x8d86d24f,0x8d86d24f,__intrinsic_setjmpex
0xf87a6bf2,0xf87a6bf2,__iob_func
0x15128f2,0x015128f2,__isascii
0x3e1ad705,0x3e1ad705,__iscsym
0x175b80b,0x0175b80b,__iscsymf
0x1ad11083,0x1ad11083,__lc_clike
0x591ef033,0x591ef033,__lc_codepage
0x77db6451,0x77db6451,__lc_collate_cp
0x7fd87fe7,0x7fd87fe7,__lc_handle
0x3cd2e462,0x3cd2e462,__lconv_init
0xb880420a,0xb880420a,__mb_cur_max
0x356f291d,0x356f291d,__nss_InitLock
0x96946d80,0x96946d80,__nss_base_version
0x97a12c97,0x97a12c97,__p___argc
0x97a12caa,0x97a12caa,__p___argv
0xf720fc77,0xf720fc77,__p___initenv
0x164587f7,0x164587f7,__p___mb_cur_max
0x8d4bb7e1,0x8d4bb7e1,__p___wargv
0x50e1d04e,0x50e1d04e,__p___winitenv
0x909278aa,0x909278aa,__p__acmdln
0xe7c146b8,0xe7c146b8,__p__amblksiz
0x58d8ea3f,0x58d8ea3f,__p__commode
0x467146d1,0x467146d1,__p__daylight
0xafa05305,0xafa05305,__p__dstbias
0xf118f45c,0xf118f45c,__p__environ
0x67f53867,0x67f53867,__p__fileinfo
0x98265f86,0x98265f86,__p__fmode
0x4d02abf5,0x4d02abf5,__p__iob
0x62c5e6e4,0x62c5e6e4,__p__mbcasemap
0x3b9b474f,0x3b9b474f,__p__mbctype
0x98cca44a,0x98cca44a,__p__osver
0xb3940a90,0xb3940a90,__p__pctype
0xb3d87035,0xb3d87035,__p__pgmptr
0x538652c7,0x538652c7,__p__pwctype
0x55ed5d06,0x55ed5d06,__p__timezone
0xbe852fea,0xbe852fea,__p__tzname
0xc3e3f680,0xc3e3f680,__p__wcmdln
0xea496c53,0xea496c53,__p__wenviron
0x1d8afdc2,0x1d8afdc2,__p__winmajor
0x1d8f71ce,0x1d8f71ce,__p__winminor
0xc4516196,0xc4516196,__p__winver
0x5e4e454c,0x5e4e454c,__p__wpgmptr
0x994d022d,0x994d022d,__pctype_func
0x5cd45a1,0x05cd45a1,__pioinfo
0x68d46afd,0x68d46afd,__processing_throw
0x4d92df04,0x4d92df04,__pwctype_func
0x2a3d4af1,0x2a3d4af1,__pxcptinfoptrs
0x4673782a,0x4673782a,__report_gsfailure
0x5b0fcfab,0x5b0fcfab,__security_error_handler
0x29eb1f1a,0x29eb1f1a,__set_app_type
0xf57f0f3f,0xf57f0f3f,__set_buffer_overrun_handler
0xad6d3a63,0xad6d3a63,__setlc_active
0xf00e646b,0xf00e646b,__setusermatherr
0xed13f040,0xed13f040,__std_exception_copy
0xf1cd2e0f,0xf1cd2e0f,__std_exception_destroy
0x27fdc380,0x27fdc380,__std_terminate
0x3879ae2a,0x3879ae2a,__std_type_info_compare
0x94404408,0x94404408,__std_type_info_destroy_list
0xd65a4ac7,0xd65a4ac7,__std_type_info_hash
0xd65d9444,0xd65d9444,__std_type_info_name
0xd01451ca,0xd01451ca,__telemetry_main_invoke_trigger
0xdee789e,0x0dee789e,__telemetry_main_return_trigger
0xef868ed1,0xef868ed1,__threadhandle
0x2a32fe92,0x2a32fe92,__threadid
0x46bd22b9,0x46bd22b9,__toascii
0x9195ba75,0x9195ba75,__unDName
0x4dee3932,0x4dee3932,__unDNameEx
0xd6c2d1da,0xd6c2d1da,__uncaught_exception
0xaf1d0d8d,0xaf1d0d8d,__uncaught_exceptions
0x79ce7a91,0x79ce7a91,__unguarded_readlc_active
0x5b4a3269,0x5b4a3269,__vcrt_GetModuleFileNameW
0x6e20d6d4,0x6e20d6d4,__vcrt_GetModuleHandleW
0x4395227a,0x4395227a,__vcrt_InitializeCriticalSectionEx
0xe8a3e74,0x0e8a3e74,__vcrt_LoadLibraryExW
0xb5421a14,0xb5421a14,__wargv
0x707404e4,0x707404e4,__wcserror
0xcb25f796,0xcb25f796,__wgetmainargs
0xa3326bf3,0xa3326bf3,__wine_get_ui_window
0x7f0ca43a,0x7f0ca43a,__wine_get_vulkan_driver
0xe51fb893,0xe51fb893,__wine_get_wgl_driver
0x2c8615ca,0x2c8615ca,__wine_make_gdi_object_system
0x722b1ffb,0x722b1ffb,__wine_register_window
0x380c15eb,0x380c15eb,__wine_set_display_driver
0x408d681b,0x408d681b,__wine_set_visible_region
0x9860a4de,0x9860a4de,__wine_unregister_window
0x32f0e9a1,0x32f0e9a1,__winitenv
0x32ebecc3,0x32ebecc3,_abnormal_termination
0xb8836440,0xb8836440,_access
0xb888dadd,0xb888dadd,_acmdln
0x17a72bc1,0x17a72bc1,_adj_fdiv_m16i
0x2f432096,0x2f432096,_adj_fdiv_m32
0x17a733bf,0x17a733bf,_adj_fdiv_m32i
0x2f4320fb,0x2f4320fb,_adj_fdiv_m64
0x55607196,0x55607196,_adj_fdiv_r
0x38021c13,0x38021c13,_adj_fdivr_m16i
0x18f84ea8,0x18f84ea8,_adj_fdivr_m32
0x38022411,0x38022411,_adj_fdivr_m32i
0x18f84f0d,0x18f84f0d,_adj_fdivr_m64
0x56352c56,0x56352c56,_adj_fpatan
0xbccb9556,0xbccb9556,_adj_fprem
0x563e4047,0x563e4047,_adj_fprem1
0xbccb9d55,0xbccb9d55,_adj_fptan
0x5c60e901,0x5c60e901,_adjust_fdiv
0xf704599c,0xf704599c,_aexit_rtn
0x9bc49923,0x9bc49923,_aligned_free
0xae73ecd9,0xae73ecd9,_aligned_malloc
0xcc7669ff,0xcc7669ff,_aligned_offset_malloc
0xe4b463c9,0xe4b463c9,_aligned_offset_realloc
0x66241e3,0x066241e3,_aligned_realloc
0xb92b2aaa,0xb92b2aaa,_alldiv
0xde90b720,0xde90b720,_alldvrm
0xb92b5275,0xb92b5275,_allmul
0xe69b18b1,0xe69b18b1,_alloca_probe
0x3246c1b7,0x3246c1b7,_alloca_probe_16
0xf9c41568,0xf9c41568,_alloca_probe_8
0xb92b65ab,0xb92b65ab,_allrem
0xb92b6a4e,0xb92b6a4e,_allshl
0xb92b6a54,0xb92b6a54,_allshr
0xd20cdf6f,0xd20cdf6f,_amsg_exit
0xb9adb240,0xb9adb240,_assert
0xb9bd92e4,0xb9bd92e4,_atodbl
0xb9bda245,0xb9bda245,_atoi64
0xf1745a10,0xf1745a10,_atoldbl
0xf3933a1f,0xf3933a1f,_aulldiv
0x65fab535,0x65fab535,_aulldvrm
0xf3937520,0xf3937520,_aullrem
0xf39379c9,0xf39379c9,_aullshr
0x6bd663aa,0x6bd663aa,_beep
0xf503264b,0xf503264b,_beginthread
0x4265f288,0x4265f288,_beginthreadex
0xbce6bbca,0xbce6bbca,_c_exit
0x6bd6dea7,0x6bd6dea7,_cabs
0x3af6d3fc,0x3af6d3fc,_callnewh
0xe6b541cb,0xe6b541cb,_cexit
0xe6b60b24,0xe6b60b24,_cgets
0xbd77709b,0xbd77709b,_cgetws
0xe6b691d8,0xe6b691d8,_chdir
0x6ea74093,0x6ea74093,_chdrive
0x6ede1491,0x6ede1491,_chgsign
0xbd8c930c,0xbd8c930c,_chkesp
0xbd8cceb6,0xbd8cceb6,_chkstk
0xe6b6b8d9,0xe6b6b8d9,_chmod
0xbd9107f4,0xbd9107f4,_chsize
0x7804cd6b,0x7804cd6b,_clearfp
0xe6b8f364,0xe6b8f364,_close
0xbe0c7817,0xbe0c7817,_commit
0x7f9b92d2,0x7f9b92d2,_commode
0x32565f5e,0x32565f5e,_control87
0x32566585,0x32566585,_controlfp
0x7ae8d47a,0x7ae8d47a,_copysign
0x82490244,0x82490244,_cprintf
0xe6bb3e9d,0xe6bb3e9d,_cputs
0xbe231334,0xbe231334,_cputws
0xe6bc10dd,0xe6bc10dd,_creat
0xbe4f2bdc,0xbe4f2bdc,_cscanf
0x8afccb4a,0x8afccb4a,_ctime64
0xe6bebec6,0xe6bebec6,_cwait
0xe236aa1b,0xe236aa1b,_cwprintf
0x92abb4d3,0x92abb4d3,_cwscanf
0x458901c4,0x458901c4,_daylight
0xd662fb98,0xd662fb98,_dstbias
0x5899ee97,0x5899ee97,_dup
0x6bd7c1a9,0x6bd7c1a9,_dup2
0x6bd80280,0x6bd80280,_ecvt
0x2c93a4bd,0x2c93a4bd,_endthread
0xa00fd57a,0xa00fd57a,_endthreadex
0x17db9cef,0x17db9cef,_environ
0x5899f208,0x5899f208,_eof
0xe6e07ad4,0xe6e07ad4,_errno
0x64327bc6,0x64327bc6,_except_handler2
0x64327bc7,0x64327bc7,_except_handler3
0x2c89f050,0x2c89f050,_except_handler4_common
0xe6e38c5f,0xe6e38c5f,_execl
0xc35518a4,0xc35518a4,_execle
0xc35518af,0xc35518af,_execlp
0x2df82ef4,0x2df82ef4,_execlpe
0xe6e38c69,0xe6e38c69,_execv
0xc35519ee,0xc35519ee,_execve
0xc35519f9,0xc35519f9,_execvp
0x2df8597e,0x2df8597e,_execvpe
0x6bd85a28,0x6bd85a28,_exit
0xc35b188e,0xc35b188e,_expand
0xd723e803,0xd723e803,_fcloseall
0x6bd88ee1,0x6bd88ee1,_fcvt
0xc446096a,0xc446096a,_fdopen
0xbdd06892,0xbdd06892,_fgetchar
0x600deee5,0x600deee5,_fltused
0x6bd8d643,0x6bd8d643,_ftol
0x240f7c42,0x240f7c42,_get_purecall_handler
0x828a1f22,0x828a1f22,_get_unexpected
0x9bd15aa5,0x9bd15aa5,_global_unwind2
0xe7168b52,0xe7168b52,_hread
0xca49b581,0xca49b581,_hwrite
0xc7e4d405,0xc7e4d405,_i64toa
0x5469f5f7,0x5469f5f7,_i64toa_s
0xc7e4d41b,0xc7e4d41b,_i64tow
0x546a538d,0x546a538d,_i64tow_s
0x34f10dce,0x34f10dce,_is_exception_typeof
0x6bda7b5b,0x6bda7b5b,_itoa
0xcc66cacd,0xcc66cacd,_itoa_s
0x6bda7b71,0x6bda7b71,_itow
0xcc672863,0xcc672863,_itow_s
0xd2313d10,0xd2313d10,_lclose
0xd2345a89,0xd2345a89,_lcreat
0xe7586b7b,0xe7586b7b,_lfind
0xd2d7c3ee,0xd2d7c3ee,_llseek
0xf584e88d,0xf584e88d,_local_unwind
0xa621fa5f,0xa621fa5f,_local_unwind2
0xa621fa61,0xa621fa61,_local_unwind4
0x2bd18282,0x2bd18282,_longjmpex
0xe75d778c,0xe75d778c,_lopen
0xe75eed56,0xe75eed56,_lread
0x6bdc207e,0x6bdc207e,_ltoa
0xd36644b0,0xd36644b0,_ltoa_s
0x6bdc2094,0x6bdc2094,_ltow
0xd366a246,0xd366a246,_ltow_s
0xd39e5805,0xd39e5805,_lwrite
0xf9ac46eb,0xf9ac46eb,_makepath_s
0x6a08aedc,0x6a08aedc,_memccpy
0x6a0bf8b6,0x6a0bf8b6,_memicmp
0x7b380995,0x7b380995,_pr_push_ipv6toipv4_layer
0xaf4d4d1b,0xaf4d4d1b,_pr_test_ipv6_socket
0x4b559026,0x4b559026,_purecall
0xf9b77758,0xf9b77758,_seh_longjmp_unwind
0x30a6628c,0x30a6628c,_seh_longjmp_unwind4
0xb5e5a8ce,0xb5e5a8ce,_set_purecall_handler
0xdecc213a,0xdecc213a,_set_se_translator
0x3868c7d4,0x3868c7d4,_setjmp3
0xf187d562,0xf187d562,_snprintf
0x72d2c294,0x72d2c294,_snprintf_s
0xe5e2d66c,0xe5e2d66c,_snscanf_s
0x394fe0f9,0x394fe0f9,_snwprintf
0xcccc0feb,0xcccc0feb,_snwprintf_s
0x26ac54e3,0x26ac54e3,_snwscanf_s
0xb2e6a267,0xb2e6a267,_splitpath
0x718e4d9,0x0718e4d9,_splitpath_s
0x5b3e21d0,0x5b3e21d0,_strcmpi
0x5b414130,0x5b414130,_stricmp
0xe3bc381c,0xe3bc381c,_strlwr
0xc3c7017e,0xc3c7017e,_strnicmp
0x3d5d5b13,0x3d5d5b13,_strnset_s
0xc41f9105,0xc41f9105,_strset_s
0xe3bc5d7e,0xe3bc5d7e,_strupr
0xa653f82b,0xa653f82b,_swprintf
0xd73275fa,0xd73275fa,_ui64toa
0x6da7e92c,0x6da7e92c,_ui64toa_s
0xd7327610,0xd7327610,_ui64tow
0x6da846c2,0x6da846c2,_ui64tow_s
0xe7fec133,0xe7fec133,_ultoa
0xe2b3e6a5,0xe2b3e6a5,_ultoa_s
0xe7fec149,0xe7fec149,_ultow
0xe2b4443b,0xe2b4443b,_ultow_s
0x5782a644,0x5782a644,_vscwprintf
0x7f423998,0x7f423998,_vsnprintf
0x58b70c4a,0x58b70c4a,_vsnprintf_s
0x7e56cbef,0x7e56cbef,_vsnwprintf
0x6f399061,0x6f399061,_vsnwprintf_s
0x340e5c61,0x340e5c61,_vswprintf
0x67949a04,0x67949a04,_wcsicmp
0xebddc670,0xebddc670,_wcslwr
0x5a8574d2,0x5a8574d2,_wcsnicmp
0xabea38e7,0xabea38e7,_wcsnset_s
0x5ade0459,0x5ade0459,_wcsset_s
0xb9a95c66,0xb9a95c66,_wcstoui64
0xebddebd2,0xebddebd2,_wcsupr
0x64ed45e2,0x64ed45e2,_wmakepath_s
0xda79c2b0,0xda79c2b0,_wsplitpath_s
0x6be228b1,0x6be228b1,_wtoi
0xed0f201b,0xed0f201b,_wtoi64
0x6be228b4,0x6be228b4,_wtol
0xa714d85,0x0a714d85,abs
0xeb5e2a5f,0xeb5e2a5f,accept
0x91e90296,0x91e90296,acmDriverAddA
0x91e902ac,0x91e902ac,acmDriverAddW
0xcf321ae2,0xcf321ae2,acmDriverClose
0xc4821173,0xc4821173,acmDriverDetailsA
0xc4821189,0xc4821189,acmDriverDetailsW
0x91eb60e1,0x91eb60e1,acmDriverEnum
0xb5d96e19,0xb5d96e19,acmDriverID
0x55defd31,0x55defd31,acmDriverMessage
0x91f0e31e,0x91f0e31e,acmDriverOpen
0xa7a69cce,0xa7a69cce,acmDriverPriority
0xd7f305da,0xd7f305da,acmDriverRemove
0xc8fe9868,0xc8fe9868,acmFilterChooseA
0xc8fe987e,0xc8fe987e,acmFilterChooseW
0xf8cbdccd,0xf8cbdccd,acmFilterDetailsA
0xf8cbdce3,0xf8cbdce3,acmFilterDetailsW
0x3aa376fc,0x3aa376fc,acmFilterEnumA
0x3aa37712,0x3aa37712,acmFilterEnumW
0xbf946d69,0xbf946d69,acmFilterTagDetailsA
0xbf946d7f,0xbf946d7f,acmFilterTagDetailsW
0x6af86d18,0x6af86d18,acmFilterTagEnumA
0x6af86d2e,0x6af86d2e,acmFilterTagEnumW
0xf926f60b,0xf926f60b,acmFormatChooseA
0xf926f621,0xf926f621,acmFormatChooseW
0x2dffeed0,0x2dffeed0,acmFormatDetailsA
0x2dffeee6,0x2dffeee6,acmFormatDetailsW
0x68c20fdf,0x68c20fdf,acmFormatEnumA
0x68c20ff5,0x68c20ff5,acmFormatEnumW
0xe688718b,0xe688718b,acmFormatSuggest
0x6228e48c,0x6228e48c,acmFormatTagDetailsA
0x6228e4a2,0x6228e4a2,acmFormatTagDetailsW
0xa02c7f1b,0xa02c7f1b,acmFormatTagEnumA
0xa02c7f31,0xa02c7f31,acmFormatTagEnumW
0xda951426,0xda951426,acmGetVersion
0x8487bf2a,0x8487bf2a,acmMessage32
0xf21608d7,0xf21608d7,acmMetrics
0xd023f3e2,0xd023f3e2,acmStreamClose
0x6fdf8a0d,0x6fdf8a0d,acmStreamConvert
0x5aab1631,0x5aab1631,acmStreamMessage
0xdf8b9c1e,0xdf8b9c1e,acmStreamOpen
0xe017ae04,0xe017ae04,acmStreamPrepareHeader
0xd12f9c0f,0xd12f9c0f,acmStreamReset
0xdf8db287,0xdf8db287,acmStreamSize
0xd97db567,0xd97db567,acmStreamUnprepareHeader
0x3cc6d43e,0x3cc6d43e,aiaConnectionCache
0x52bb268a,0x52bb268a,aom_codec_av1_cx
0x52bb26ab,0x52bb26ab,aom_codec_av1_dx
0xa5f3d82d,0xa5f3d82d,aom_codec_build_config
0x381beea9,0x381beea9,aom_codec_control
0xddc24af3,0xddc24af3,aom_codec_dec_init_ver
0x58a2aeec,0x58a2aeec,aom_codec_decode
0x6e1d0fb2,0x6e1d0fb2,aom_codec_destroy
0x448fda97,0x448fda97,aom_codec_enc_config_default
0xbef8079d,0xbef8079d,aom_codec_enc_init_ver
0x5b9ab416,0x5b9ab416,aom_codec_encode
0x1d2e1949,0x1d2e1949,aom_codec_err_to_string
0x124cf2f2,0x124cf2f2,aom_codec_error
0x17c94aa4,0x17c94aa4,aom_codec_error_detail
0xf75534ae,0xf75534ae,aom_codec_get_caps
0x8484961b,0x8484961b,aom_codec_get_cx_data
0xe23b2632,0xe23b2632,aom_codec_get_frame
0x3bd16163,0x3bd16163,aom_codec_peek_stream_info
0x6f03528c,0x6f03528c,aom_codec_set_option
0xd7a28a0e,0xd7a28a0e,aom_codec_version
0x9b0af1a6,0x9b0af1a6,aom_codec_version_str
0x2d199029,0x2d199029,aom_img_free
0x6fefd06f,0x6fefd06f,aom_img_plane_height
0x13f9ca16,0x13f9ca16,aom_img_plane_width
0x2d22e221,0x2d22e221,aom_img_wrap
0xbc4ca86e,0xbc4ca86e,api-ms-win-core-com-l1-1-0.CLSIDFromProgID
0xc37201a0,0xc37201a0,api-ms-win-core-com-l1-1-0.CLSIDFromString
0x8315feb4,0x8315feb4,api-ms-win-core-com-l1-1-0.CoAddRefServerProcess
0x502b11e8,0x502b11e8,api-ms-win-core-com-l1-1-0.CoAllowUnmarshalerCLSID
0xe0d9bcba,0xe0d9bcba,api-ms-win-core-com-l1-1-0.CoCancelCall
0xb0f69415,0xb0f69415,api-ms-win-core-com-l1-1-0.CoCopyProxy
0xb6c7632e,0xb6c7632e,api-ms-win-core-com-l1-1-0.CoCreateFreeThreadedMarshaler
0xd7598475,0xd7598475,api-ms-win-core-com-l1-1-0.CoCreateGuid
0xf18e7a1,0x0f18e7a1,api-ms-win-core-com-l1-1-0.CoCreateInstance
0x38f1615e,0x38f1615e,api-ms-win-core-com-l1-1-0.CoCreateInstanceEx
0xde4c45d6,0xde4c45d6,api-ms-win-core-com-l1-1-0.CoCreateInstanceFromApp
0x57cc66e6,0x57cc66e6,api-ms-win-core-com-l1-1-0.CoDecrementMTAUsage
0xe0110cb5,0xe0110cb5,api-ms-win-core-com-l1-1-0.CoDisableCallCancellation
0xd7f6f0c7,0xd7f6f0c7,api-ms-win-core-com-l1-1-0.CoDisconnectContext
0x76f0e959,0x76f0e959,api-ms-win-core-com-l1-1-0.CoDisconnectObject
0xc8ac3f48,0xc8ac3f48,api-ms-win-core-com-l1-1-0.CoEnableCallCancellation
0xe73b7a8b,0xe73b7a8b,api-ms-win-core-com-l1-1-0.CoFreeUnusedLibraries
0xa40456c8,0xa40456c8,api-ms-win-core-com-l1-1-0.CoFreeUnusedLibrariesEx
0xb086fba6,0xb086fba6,api-ms-win-core-com-l1-1-0.CoGetApartmentType
0x2c2e7bd9,0x2c2e7bd9,api-ms-win-core-com-l1-1-0.CoGetCallContext
0xd3fe7aec,0xd3fe7aec,api-ms-win-core-com-l1-1-0.CoGetCallerTID
0x9459ee95,0x9459ee95,api-ms-win-core-com-l1-1-0.CoGetCancelObject
0x9bdbd6e5,0x9bdbd6e5,api-ms-win-core-com-l1-1-0.CoGetClassObject
0x445c8e1e,0x445c8e1e,api-ms-win-core-com-l1-1-0.CoGetContextToken
0x2fd4d43b,0x2fd4d43b,api-ms-win-core-com-l1-1-0.CoGetCurrentLogicalThreadId
0xa98820ba,0xa98820ba,api-ms-win-core-com-l1-1-0.CoGetCurrentProcess
0x303a3362,0x303a3362,api-ms-win-core-com-l1-1-0.CoGetDefaultContext
0x839599c9,0x839599c9,api-ms-win-core-com-l1-1-0.CoGetInterfaceAndReleaseStream
0x5f2e4af0,0x5f2e4af0,api-ms-win-core-com-l1-1-0.CoGetMalloc
0xde723621,0xde723621,api-ms-win-core-com-l1-1-0.CoGetMarshalSizeMax
0xf7a07f34,0xf7a07f34,api-ms-win-core-com-l1-1-0.CoGetObjectContext
0x5540702a,0x5540702a,api-ms-win-core-com-l1-1-0.CoGetPSClsid
0x743c5671,0x743c5671,api-ms-win-core-com-l1-1-0.CoGetStandardMarshal
0x14767468,0x14767468,api-ms-win-core-com-l1-1-0.CoGetStdMarshalEx
0x34d5d0e2,0x34d5d0e2,api-ms-win-core-com-l1-1-0.CoGetTreatAsClass
0x9524509e,0x9524509e,api-ms-win-core-com-l1-1-0.CoImpersonateClient
0xa3ec25d4,0xa3ec25d4,api-ms-win-core-com-l1-1-0.CoIncrementMTAUsage
0x89916927,0x89916927,api-ms-win-core-com-l1-1-0.CoInitializeEx
0x33d6c6e2,0x33d6c6e2,api-ms-win-core-com-l1-1-0.CoInitializeSecurity
0xfb77db85,0xfb77db85,api-ms-win-core-com-l1-1-0.CoIsHandlerConnected
0x2d8ed43b,0x2d8ed43b,api-ms-win-core-com-l1-1-0.CoLockObjectExternal
0xe848e907,0xe848e907,api-ms-win-core-com-l1-1-0.CoMarshalHresult
0x4e92716e,0x4e92716e,api-ms-win-core-com-l1-1-0.CoMarshalInterThreadInterfaceInStream
0x4363e351,0x4363e351,api-ms-win-core-com-l1-1-0.CoMarshalInterface
0xdba492,0x00dba492,api-ms-win-core-com-l1-1-0.CoQueryAuthenticationServices
0x6042c88e,0x6042c88e,api-ms-win-core-com-l1-1-0.CoQueryClientBlanket
0xfa707071,0xfa707071,api-ms-win-core-com-l1-1-0.CoQueryProxyBlanket
0xa1e4f735,0xa1e4f735,api-ms-win-core-com-l1-1-0.CoRegisterActivationFilter
0xcb7035aa,0xcb7035aa,api-ms-win-core-com-l1-1-0.CoRegisterClassObject
0x54b2346f,0x54b2346f,api-ms-win-core-com-l1-1-0.CoRegisterPSClsid
0x106913d9,0x106913d9,api-ms-win-core-com-l1-1-0.CoRegisterSurrogate
0xdcc07a9b,0xdcc07a9b,api-ms-win-core-com-l1-1-0.CoReleaseMarshalData
0x63600fef,0x63600fef,api-ms-win-core-com-l1-1-0.CoReleaseServerProcess
0x80bdc529,0x80bdc529,api-ms-win-core-com-l1-1-0.CoResumeClassObjects
0xb11125d,0x0b11125d,api-ms-win-core-com-l1-1-0.CoRevertToSelf
0xc4b3e271,0xc4b3e271,api-ms-win-core-com-l1-1-0.CoRevokeClassObject
0x3bb313a1,0x3bb313a1,api-ms-win-core-com-l1-1-0.CoSetCancelObject
0x91c5ac07,0x91c5ac07,api-ms-win-core-com-l1-1-0.CoSetProxyBlanket
0x792c943a,0x792c943a,api-ms-win-core-com-l1-1-0.CoSuspendClassObjects
0xb91f6cab,0xb91f6cab,api-ms-win-core-com-l1-1-0.CoSwitchCallContext
0xd5080715,0xd5080715,api-ms-win-core-com-l1-1-0.CoTaskMemAlloc
0xd7ebceec,0xd7ebceec,api-ms-win-core-com-l1-1-0.CoTaskMemFree
0x42a78f0c,0x42a78f0c,api-ms-win-core-com-l1-1-0.CoTaskMemRealloc
0xabfb061e,0xabfb061e,api-ms-win-core-com-l1-1-0.CoTestCancel
0xc909ce6d,0xc909ce6d,api-ms-win-core-com-l1-1-0.CoUninitialize
0x71e737ca,0x71e737ca,api-ms-win-core-com-l1-1-0.CoUnmarshalHresult
0xadd0eed4,0xadd0eed4,api-ms-win-core-com-l1-1-0.CoUnmarshalInterface
0x66409f9f,0x66409f9f,api-ms-win-core-com-l1-1-0.CoWaitForMultipleHandles
0x8325778a,0x8325778a,api-ms-win-core-com-l1-1-0.CoWaitForMultipleObjects
0xa64d97fc,0xa64d97fc,api-ms-win-core-com-l1-1-0.CreateStreamOnHGlobal
0xb128ca5f,0xb128ca5f,api-ms-win-core-com-l1-1-0.GetHGlobalFromStream
0xaa938f87,0xaa938f87,api-ms-win-core-com-l1-1-0.IIDFromString
0x3e9a6cce,0x3e9a6cce,api-ms-win-core-com-l1-1-0.ProgIDFromCLSID
0x3a1affd8,0x3a1affd8,api-ms-win-core-com-l1-1-0.RoGetAgileReference
0x95e43e40,0x95e43e40,api-ms-win-core-com-l1-1-0.StringFromCLSID
0x9631644c,0x9631644c,api-ms-win-core-com-l1-1-0.StringFromGUID2
0xe46618a7,0xe46618a7,api-ms-win-core-com-l1-1-0.StringFromIID
0x12b8c818,0x12b8c818,api-ms-win-core-com-private-l1-1-0.CLSIDFromOle1Class
0xf842feaa,0xf842feaa,api-ms-win-core-com-private-l1-1-0.CoCreateErrorInfo
0x37624927,0x37624927,api-ms-win-core-com-private-l1-1-0.CoCreateObjectInContext
0xe1147891,0xe1147891,api-ms-win-core-com-private-l1-1-0.CoDeactivateObject
0xc1d1ed53,0xc1d1ed53,api-ms-win-core-com-private-l1-1-0.CoGetActivationState
0x18ae0359,0x18ae0359,api-ms-win-core-com-private-l1-1-0.CoGetApartmentID
0x1d6a699d,0x1d6a699d,api-ms-win-core-com-private-l1-1-0.CoGetCallState
0xb830ea9c,0xb830ea9c,api-ms-win-core-com-private-l1-1-0.CoGetClassVersion
0x8b8769d6,0x8b8769d6,api-ms-win-core-com-private-l1-1-0.CoGetErrorInfo
0x16808a89,0x16808a89,api-ms-win-core-com-private-l1-1-0.CoGetInstanceFromFile
0xfb8eecc7,0xfb8eecc7,api-ms-win-core-com-private-l1-1-0.CoGetInstanceFromIStorage
0x9353e8a8,0x9353e8a8,api-ms-win-core-com-private-l1-1-0.CoGetModuleType
0x126a6e42,0x126a6e42,api-ms-win-core-com-private-l1-1-0.CoGetProcessIdentifier
0x6886ead9,0x6886ead9,api-ms-win-core-com-private-l1-1-0.CoGetSystemSecurityPermissions
0x84662030,0x84662030,api-ms-win-core-com-private-l1-1-0.CoInvalidateRemoteMachineBindings
0xefd8e158,0xefd8e158,api-ms-win-core-com-private-l1-1-0.CoPopServiceDomain
0xa2182d29,0xa2182d29,api-ms-win-core-com-private-l1-1-0.CoPushServiceDomain
0x8bfc8adf,0x8bfc8adf,api-ms-win-core-com-private-l1-1-0.CoReactivateObject
0x14ac24f3,0x14ac24f3,api-ms-win-core-com-private-l1-1-0.CoRegisterInitializeSpy
0xc7ad81d9,0xc7ad81d9,api-ms-win-core-com-private-l1-1-0.CoRegisterMallocSpy
0x97a79082,0x97a79082,api-ms-win-core-com-private-l1-1-0.CoRetireServer
0xe5dad7a,0x0e5dad7a,api-ms-win-core-com-private-l1-1-0.CoRevokeInitializeSpy
0xe7f9dee0,0xe7f9dee0,api-ms-win-core-com-private-l1-1-0.CoRevokeMallocSpy
0xd6efca62,0xd6efca62,api-ms-win-core-com-private-l1-1-0.CoSetErrorInfo
0xc8e3a485,0xc8e3a485,api-ms-win-core-com-private-l1-1-0.CoVrfCheckThreadState
0x7f2f9347,0x7f2f9347,api-ms-win-core-com-private-l1-1-0.CoVrfGetThreadState
0x661e1208,0x661e1208,api-ms-win-core-com-private-l1-1-0.CoVrfReleaseThreadState
0xe3fb803e,0xe3fb803e,api-ms-win-core-com-private-l1-1-0.DllDebugObjectRPCHook
0x9363ee5d,0x9363ee5d,api-ms-win-core-com-private-l1-1-0.EnableHookObject
0x9ba38169,0x9ba38169,api-ms-win-core-com-private-l1-1-0.GetCatalogHelper
0xfc4e1570,0xfc4e1570,api-ms-win-core-com-private-l1-1-0.GetHookInterface
0xe98555dd,0xe98555dd,api-ms-win-core-com-private-l1-1-0.HkOleRegisterObject
0xce6625c1,0xce6625c1,api-ms-win-core-com-private-l1-1-0.NdrOleInitializeExtension
0xf3b7ec25,0xf3b7ec25,api-ms-win-core-com-private-l1-1-0.UpdateDCOMSettings
0x476201f8,0x476201f8,api-ms-win-core-com-private-l1-1-0.UpdateProcessTracing
0x589b48d3,0x589b48d3,atan
0x589b4a9c,0x589b4a9c,atoi
0x589b4a9f,0x589b4a9f,atol
0xaef85547,0xaef85547,aux32Message
0x47e90c04,0x47e90c04,auxGetDevCapsA
0x47e90c1a,0x47e90c1a,auxGetDevCapsW
0xc3cb4e7f,0xc3cb4e7f,auxGetNumDevs
0xab902b75,0xab902b75,auxGetVolume
0xba0eda7a,0xba0eda7a,auxOutMessage
0x21657781,0x21657781,auxSetVolume
0xf6e8bece,0xf6e8bece,av1_apply_encoding_flags
0x92182c71,0x92182c71,av1_change_config
0xc94360f0,0xc94360f0,av1_convert_sect5obus_to_annexb
0x682687b9,0x682687b9,av1_copy_new_frame_enc
0x2a990754,0x2a990754,av1_copy_reference_enc
0x39ac8bf6,0x39ac8bf6,av1_create_compressor
0xe35be80e,0xe35be80e,av1_get_active_map
0x67009c83,0x67009c83,av1_get_compressed_data
0x75bfebe1,0x75bfebe1,av1_get_global_headers
0x85cf1fd3,0x85cf1fd3,av1_get_last_show_frame
0x58895f2a,0x58895f2a,av1_get_preview_raw_frame
0xeaec2ef8,0xeaec2ef8,av1_get_quantizer
0xd8fb0e1d,0xd8fb0e1d,av1_initialize_enc
0xc85a7503,0xc85a7503,av1_qindex_to_quantizer
0x5fdd6dc3,0x5fdd6dc3,av1_quantizer_to_qindex
0xfc3beb8c,0xfc3beb8c,av1_receive_raw_frame
0x2c3a8570,0x2c3a8570,av1_remove_compressor
0xaa5e9b9a,0xaa5e9b9a,av1_set_active_map
0xe41183b8,0xe41183b8,av1_set_internal_size
0x30905c65,0x30905c65,av1_set_reference_enc
0xe46f9a4,0x0e46f9a4,av1_use_as_reference
0x589ba80c,0x589ba80c,bind
0x6c12533a,0x6c12533a,block
0xc9924347,0xc9924347,bsearch
0x73b9ea20,0x73b9ea20,cachedCertChainTable
0xe078bc20,0xe078bc20,cachedCertSigTable
0xd8a50b3d,0xd8a50b3d,cachedCertTable
0x4b48b1a2,0x4b48b1a2,cachedCrlEntryTable
0xe3efbc33,0xe3efbc33,cachedCrlSigTable
0xb551ede0,0xb551ede0,cachedObjectType
0x589c22cc,0x589c22cc,ceil
0x6e724614,0x6e724614,cert_AVAOidTagToMaxLen
0x5554560,0x05554560,cert_AcquireNamedCRLCache
0xea63e057,0xea63e057,cert_AddSubjectKeyIDMapping
0x469ac49f,0x469ac49f,cert_AddToVerifyLog
0x3de01bab,0x3de01bab,cert_CacheCRLByGeneralName
0x2a2a82e6,0x2a2a82e6,cert_CheckCertRevocationStatus
0x90b827f4,0x90b827f4,cert_CheckLeafTrust
0xaedcfe20,0xaedcfe20,cert_CombineConstraintsLists
0xda4ae1c,0x0da4ae1c,cert_CombineNamesLists
0x47cd4178,0x47cd4178,cert_CompareNameWithConstraints
0x1ac93b29,0x1ac93b29,cert_ComputeCertType
0x6e7418d8,0x6e7418d8,cert_CopyOneGeneralName
0x9ec7027b,0x9ec7027b,cert_CountDNSPatterns
0x9241ba1e,0x9241ba1e,cert_CreateSingleCertOCSPRequest
0xeb9fb62,0x0eb9fb62,cert_CreateSubjectKeyIDHashTable
0xb2e4209a,0xb2e4209a,cert_CreateSubjectKeyIDSlotCheckHash
0xaa1c9a92,0xaa1c9a92,cert_DecodeGeneralNames
0x7c404ec6,0x7c404ec6,cert_DecodeNameConstraint
0x44a27f9,0x044a27f9,cert_DecodeNameConstraints
0x74fb6ed8,0x74fb6ed8,cert_DestroyGeneralNames
0x4e7320a2,0x4e7320a2,cert_DestroyLocks
0xf25aeb38,0xf25aeb38,cert_DestroySubjectKeyIDHashTable
0x5a850b70,0x5a850b70,cert_DestroySubjectKeyIDSlotCheckHash
0xc1dbaebc,0xc1dbaebc,cert_EncodeGeneralNames
0x663c636a,0x663c636a,cert_EncodeNameConstraintSubTree
0x82b7c3e3,0x82b7c3e3,cert_EncodeNameConstraints
0x73c380ff,0x73c380ff,cert_ExtractDNEmailAddrs
0xfc913478,0xfc913478,cert_FindCRLByGeneralName
0x705b7587,0x705b7587,cert_FindDERCertBySubjectKeyID
0x76a838ba,0x76a838ba,cert_FindExtension
0x399c5e51,0x399c5e51,cert_FindExtensionByOID
0x93903cec,0x93903cec,cert_GetCertType
0xc49b4065,0xc49b4065,cert_GetCertificateEmailAddresses
0xfeab4f98,0xfeab4f98,cert_GetDNSPatternsFromGeneralNames
0xf6299872,0xf6299872,cert_GetKeyID
0x736847ea,0x736847ea,cert_GetSubjectAltNameList
0x7d719b09,0x7d719b09,cert_GetTargetCertConstraints
0xfbfd46c0,0xfbfd46c0,cert_HasCriticalExtension
0x3694f237,0x3694f237,cert_HasUnknownCriticalExten
0xb95ced8c,0xb95ced8c,cert_InitLocks
0x71f1888,0x071f1888,cert_IsIPsecOID
0xc9e94fee,0xc9e94fee,cert_PKIXMakeOIDList
0x5867293f,0x5867293f,cert_ProcessOCSPResponse
0x63359a57,0x63359a57,cert_ReleaseNamedCRLCache
0x2e0664a5,0x2e0664a5,cert_RememberOCSPProcessingFailure
0x83ff647c,0x83ff647c,cert_RemoveSubjectKeyIDMapping
0xab26e1fa,0xab26e1fa,cert_StartExtensions
0x2eb72ed,0x02eb72ed,cert_SubjectKeyIDSlotCheckSeries
0x71f21ba5,0x71f21ba5,cert_UpdateSubjectKeyIDSlotCheck
0x3e3d8ba2,0x3e3d8ba2,cert_VerifyCertChain
0xf3bdcc3e,0xf3bdcc3e,cert_VerifyCertChainPkix
0xad62ae88,0xad62ae88,cert_VerifyCertWithFlags
0xaeee0243,0xaeee0243,cert_VerifySubjectAltName
0xa9ccd773,0xa9ccd773,cert_check_crl_entries
0xb148cf3f,0xb148cf3f,cert_check_crl_version
0x56c09ac1,0x56c09ac1,cert_get_crl_version
0x5ec92d8e,0x5ec92d8e,cert_pkixDestroyValOutParam
0x42a276d5,0x42a276d5,cert_pkixSetParam
0xb5c3f7ba,0xb5c3f7ba,cert_pkix_FindOutputParam
0xaaa0de84,0xaaa0de84,certdb_SaveSingleProfile
0xf06795de,0xf06795de,chksym
0x44439c96,0x44439c96,classTableLock
0xd3e4ebee,0xd3e4ebee,closesocket
0x60d1c501,0x60d1c501,closesockinfo
0xde1a3b9,0x0de1a3b9,connect
0xa7157b4,0x0a7157b4,cos
0x84761fbd,0x84761fbd,crl_storeCRL
0x3c06dba5,0x3c06dba5,dbghelp
0x6c327896,0x6c327896,debug
0x812f33b,0x0812f33b,dh
0xfecac560,0xfecac560,dn_expand
0x34c411da,0x34c411da,ekuOidStrings
0x589db60b,0x589db60b,fabs
0x6c5ab6d1,0x6c5ab6d1,floor
0x589df82b,0x589df82b,fptr
0x3005c1f8,0x3005c1f8,freeaddrinfo
0x7f51e8a5,0x7f51e8a5,gMozCrashReason
0x1e8df341,0x1e8df341,gMozillaPoisonBase
0x1e9768a1,0x1e9768a1,gMozillaPoisonSize
0xf1b62a23,0xf1b62a23,gMozillaPoisonValue
0xe2d099,0x00e2d099,gSharedInfo
0xc8eae19a,0xc8eae19a,gWinEventLogSourceName
0xe6873e5,0x0e6873e5,g_ck_class_cert
0x9b5d5ca1,0x9b5d5ca1,g_ck_class_privkey
0x69c0ba87,0x69c0ba87,g_ck_class_pubkey
0x54d752cd,0x54d752cd,g_ck_false
0xc48a9c22,0xc48a9c22,g_ck_true
0x328757be,0x328757be,g_default_crypto_context
0x3c6140f2,0x3c6140f2,g_default_trust_domain
0x2321750b,0x2321750b,g_handles_to_close
0xce6bbfdc,0xce6bbfdc,g_interceptions
0x589e3b77,0x589e3b77,g_nt
0xe010e45d,0xe010e45d,g_originals
0x78893941,0x78893941,g_shared_IPC_size
0x1309f2b8,0x1309f2b8,g_shared_delayed_integrity_level
0x93ba640a,0x93ba640a,g_shared_delayed_mitigations
0xff8e8f95,0xff8e8f95,g_shared_policy_size
0xadc08820,0xadc08820,g_shared_section
0x67177442,0x67177442,gai_strerror
0x5fc1b9a0,0x5fc1b9a0,gapfnScSendMessage
0xe8e4f392,0xe8e4f392,gdiPlaySpoolStream
0x71d08b6,0x071d08b6,getaddrinfo
0xc264e5a3,0xc264e5a3,gethostbyaddr
0xc26bfae9,0xc26bfae9,gethostbyname
0xeece910e,0xeece910e,gethostname
0x3d585de9,0x3d585de9,getipv4sourcefilter
0x339950fc,0x339950fc,getnameinfo
0x6cc46652,0x6cc46652,getnetbyname
0x2e4a6ebc,0x2e4a6ebc,getpeername
0x28db5d9f,0x28db5d9f,getprotobyname
0xce932c27,0xce932c27,getprotobynumber
0xfb671eb,0x0fb671eb,getservbyname
0xfb7c6ef,0x0fb7c6ef,getservbyport
0xefad5020,0xefad5020,getsockname
0x4d14ca92,0x4d14ca92,getsockopt
0x1d83f246,0x1d83f246,getsourcefilter
0xdfc11710,0xdfc11710,hashParameterTemplate
0x8eadc817,0x8eadc817,homedir
0x6c834aac,0x6c834aac,htond
0x6c834aae,0x6c834aae,htonf
0x6c834ab4,0x6c834ab4,htonl
0xfceca1a0,0xfceca1a0,htonll
0x6c834abb,0x6c834abb,htons
0x52e1742c,0x52e1742c,httpSocketCache
0x34473599,0x34473599,inet_addr
0xac7b66a8,0xac7b66a8,inet_network
0x344e9bf0,0x344e9bf0,inet_ntoa
0x3687c0bb,0x3687c0bb,inlinedbg
0x917510f3,0x917510f3,ioctlsocket
0x65389ec9,0x65389ec9,isIssuerCertAllowedAtCertIssuanceTime
0xe4278408,0xe4278408,isalnum
0xe4278ad1,0xe4278ad1,isalpha
0xe44ce6ee,0xe44ce6ee,iscntrl
0xe45c091c,0xe45c091c,isdigit
0xe497295d,0xe497295d,isgraph
0xe4f05af4,0xe4f05af4,islower
0xe53a27b8,0xe53a27b8,isprint
0xe53be0b5,0xe53be0b5,ispunct
0xe56f34f7,0xe56f34f7,isspace
0xe593a617,0xe593a617,isupper
0x9ba14708,0x9ba14708,iswalpha
0x9bca0267,0x9bca0267,iswctype
0x9bd5c553,0x9bd5c553,iswdigit
0x9c6a172b,0x9c6a172b,iswlower
0x9ce8f12e,0x9ce8f12e,iswspace
0x44dc310b,0x44dc310b,iswxdigit
0x9e2aedf4,0x9e2aedf4,isxdigit
0x583b61ca,0x583b61ca,itoldyouso
0x4b64ef4b,0x4b64ef4b,joy32Message
0x5914dc41,0x5914dc41,joyConfigChanged
0xb1e43708,0xb1e43708,joyGetDevCapsA
0xb1e4371e,0xb1e4371e,joyGetDevCapsW
0xedcb2903,0xedcb2903,joyGetNumDevs
0x7ab65d13,0x7ab65d13,joyGetPos
0x1c1fb50,0x01c1fb50,joyGetPosEx
0xccfa4bce,0xccfa4bce,joyGetThreshold
0xa0c6caf6,0xa0c6caf6,joyReleaseCapture
0xa12180c1,0xa12180c1,joySetCapture
0x1862ac5a,0x1862ac5a,joySetThreshold
0x42b1d99f,0x42b1d99f,keybd_event
0x58a10051,0x58a10051,labs
0xa4dd896,0x0a4dd896,libVersionPoint
0x57c80be,0x057c80be,listen
0xa717db1,0x0a717db1,lmi
0x5bf4d94,0x05bf4d94,lminfo
0xa717df1,0x0a717df1,log
0xc2aa0666,0xc2aa0666,longjmp
0xcc7124cc,0xcc7124cc,lstrcat
0x5a95bead,0x5a95bead,lstrcatA
0x5a95bec3,0x5a95bec3,lstrcatW
0xcc712654,0xcc712654,lstrcmp
0x5a95f135,0x5a95f135,lstrcmpA
0x5a95f14b,0x5a95f14b,lstrcmpW
0x5a95f13d,0x5a95f13d,lstrcmpi
0xad54193e,0xad54193e,lstrcmpiA
0xad541954,0xad541954,lstrcmpiW
0xcc7126c0,0xcc7126c0,lstrcpy
0x5a95ff21,0x5a95ff21,lstrcpyA
0x5a95ff37,0x5a95ff37,lstrcpyW
0x5a95ff2e,0x5a95ff2e,lstrcpyn
0xad55e54f,0xad55e54f,lstrcpynA
0xad55e565,0xad55e565,lstrcpynW
0xcc714b93,0xcc714b93,lstrlen
0x5a9abe54,0x5a9abe54,lstrlenA
0x5a9abe6a,0x5a9abe6a,lstrlenW
0x280f8321,0x280f8321,mbstowcs
0x5d3d7652,0x5d3d7652,mci32Message
0x3934128d,0x3934128d,mciDriverNotify
0xd3f3a36b,0xd3f3a36b,mciDriverYield
0x34f62cbb,0x34f62cbb,mciExecute
0xf7c22651,0xf7c22651,mciFreeCommandResource
0xf5c7144b,0xf5c7144b,mciGetCreatorTask
0x296b0886,0x296b0886,mciGetDeviceIDA
0x1418f7d1,0x1418f7d1,mciGetDeviceIDFromElementIDA
0x1418f7e7,0x1418f7e7,mciGetDeviceIDFromElementIDW
0x296b089c,0x296b089c,mciGetDeviceIDW
0x300de4ae,0x300de4ae,mciGetDriverData
0x3d79c4a,0x03d79c4a,mciGetErrorStringA
0x3d79c60,0x03d79c60,mciGetErrorStringW
0x53215a93,0x53215a93,mciGetYieldProc
0xfb01778f,0xfb01778f,mciLoadCommandResource
0x73402a92,0x73402a92,mciSendCommandA
0x73402aa8,0x73402aa8,mciSendCommandW
0x53813eaa,0x53813eaa,mciSendStringA
0x53813ec0,0x53813ec0,mciSendStringW
0xe88256ba,0xe88256ba,mciSetDriverData
0x9e89bb1f,0x9e89bb1f,mciSetYieldProc
0x785b52b,0x0785b52b,memchr
0x785b5ce,0x0785b5ce,memcmp
0x785b63a,0x0785b63a,memcpy
0xffcc396c,0xffcc396c,memcpy_s
0xf841f505,0xf841f505,memmove
0x109356f7,0x109356f7,memmove_s
0x785f8da,0x0785f8da,memset
0x6934e033,0x6934e033,mid32Message
0x1e23db1c,0x1e23db1c,midiConnect
0xb72ae13c,0xb72ae13c,midiDisconnect
0x9cce0acc,0x9cce0acc,midiInAddBuffer
0xe8e4253f,0xe8e4253f,midiInClose
0xa273c1f0,0xa273c1f0,midiInGetDevCapsA
0xa273c206,0xa273c206,midiInGetDevCapsW
0xf64aa39,0x0f64aa39,midiInGetErrorTextA
0xf64aa4f,0x0f64aa4f,midiInGetErrorTextW
0xe928c496,0xe928c496,midiInGetID
0x23a0f6eb,0x23a0f6eb,midiInGetNumDevs
0xa43d12ce,0xa43d12ce,midiInMessage
0x642c95db,0x642c95db,midiInOpen
0xdbadec61,0xdbadec61,midiInPrepareHeader
0xe9efcd6c,0xe9efcd6c,midiInReset
0xea09d4b7,0xea09d4b7,midiInStart
0x642ed9af,0x642ed9af,midiInStop
0x139cff04,0x139cff04,midiInUnprepareHeader
0x8c2c331e,0x8c2c331e,midiOutCacheDrumPatches
0xd2e5ecc6,0xd2e5ecc6,midiOutCachePatches
0xd0ce95e0,0xd0ce95e0,midiOutClose
0x35d26751,0x35d26751,midiOutGetDevCapsA
0x35d26767,0x35d26767,midiOutGetDevCapsW
0xf5022bda,0xf5022bda,midiOutGetErrorTextA
0xf5022bf0,0xf5022bf0,midiOutGetErrorTextW
0xd1133537,0xd1133537,midiOutGetID
0x471ff42c,0x471ff42c,midiOutGetNumDevs
0x4e04f82,0x04e04f82,midiOutGetVolume
0xfa7eaec1,0xfa7eaec1,midiOutLongMsg
0x30862faf,0x30862faf,midiOutMessage
0xc84af65c,0xc84af65c,midiOutOpen
0xc14b6e02,0xc14b6e02,midiOutPrepareHeader
0xd1da3e0d,0xd1da3e0d,midiOutReset
0x7ab59b8e,0x7ab59b8e,midiOutSetVolume
0xa869a501,0xa869a501,midiOutShortMsg
0xd6a16ce5,0xd6a16ce5,midiOutUnprepareHeader
0xc4a99df4,0xc4a99df4,midiStreamClose
0x821b4bf0,0x821b4bf0,midiStreamOpen
0x3a3ee3f6,0x3a3ee3f6,midiStreamOut
0xc58eeddc,0xc58eeddc,midiStreamPause
0x359683b3,0x359683b3,midiStreamPosition
0x13a73043,0x13a73043,midiStreamProperty
0x8274a63,0x08274a63,midiStreamRestart
0x821d8fc4,0x821d8fc4,midiStreamStop
0xb99dfcea,0xb99dfcea,mixerClose
0x6f3c9b9c,0x6f3c9b9c,mixerGetControlDetailsA
0x6f3c9bb2,0x6f3c9bb2,mixerGetControlDetailsW
0xee196ddb,0xee196ddb,mixerGetDevCapsA
0xee196df1,0xee196df1,mixerGetDevCapsW
0xb9e29c41,0xb9e29c41,mixerGetID
0xb3480bf1,0xb3480bf1,mixerGetLineControlsA
0xb3480c07,0xb3480c07,mixerGetLineControlsW
0xa399e629,0xa399e629,mixerGetLineInfoA
0xa399e63f,0xa399e63f,mixerGetLineInfoW
0x63fb5176,0x63fb5176,mixerGetNumDevs
0x8acb8139,0x8acb8139,mixerMessage
0xfde4a426,0xfde4a426,mixerOpen
0xc5f37e7,0x0c5f37e7,mixerSetControlDetails
0xcbda17ec,0xcbda17ec,mmDrvInstall
0xa45923f,0x0a45923f,mmGetCurrentTask
0xd97b9de7,0xd97b9de7,mmTaskBlock
0xbab93b0,0x0bab93b0,mmTaskCreate
0x305c8eda,0x305c8eda,mmTaskSignal
0xdb1a02f3,0xdb1a02f3,mmTaskYield
0x4b33e2d3,0x4b33e2d3,mmioAdvance
0x8eef620f,0x8eef620f,mmioAscend
0x4284e777,0x4284e777,mmioClose
0xee7820e,0x0ee7820e,mmioCreateChunk
0x34426c17,0x34426c17,mmioDescend
0x42bb4a83,0x42bb4a83,mmioFlush
0x1b46aa6d,0x1b46aa6d,mmioGetInfo
0x6a21b5a5,0x6a21b5a5,mmioInstallIOProcA
0x6a21b5bb,0x6a21b5bb,mmioInstallIOProcW
0x436013d4,0x436013d4,mmioOpenA
0x436013ea,0x436013ea,mmioOpenW
0x5f2366dd,0x5f2366dd,mmioRead
0x69964c3a,0x69964c3a,mmioRenameA
0x69964c50,0x69964c50,mmioRenameW
0x5f23f3c9,0x5f23f3c9,mmioSeek
0xf39e8010,0xf39e8010,mmioSendMessage
0x6d9abc07,0x6d9abc07,mmioSetBuffer
0xb7018379,0xb7018379,mmioSetInfo
0x30d588be,0x30d588be,mmioStringToFOURCCA
0x30d588d4,0x30d588d4,mmioStringToFOURCCW
0x43f2026c,0x43f2026c,mmioWrite
0x3b50fef4,0x3b50fef4,mmsystemGetVersion
0x89611fb9,0x89611fb9,mod32Message
0xa13c8b19,0xa13c8b19,mouse_event
0x5ce10178,0x5ce10178,moz_arena_calloc
0xe05b75cc,0xe05b75cc,moz_arena_free
0x743497c2,0x743497c2,moz_arena_malloc
0x892f2074,0x892f2074,moz_arena_memalign
0x843849ec,0x843849ec,moz_arena_realloc
0x8734f71c,0x8734f71c,moz_create_arena_with_params
0xea301c41,0xea301c41,moz_dispose_arena
0x9dc02e2b,0x9dc02e2b,moz_malloc_enclosing_size_of
0xa3d7798a,0xa3d7798a,moz_malloc_size_of
0x2e076ef1,0x2e076ef1,moz_malloc_usable_size
0x321f836a,0x321f836a,moz_xcalloc
0x497319b4,0x497319b4,moz_xmalloc
0xa815e6e6,0xa815e6e6,moz_xmemalign
0x49bbe6e4,0x49bbe6e4,moz_xmemdup
0x1470a1e,0x01470a1e,moz_xrealloc
0x58cd081e,0x58cd081e,moz_xstrdup
0x43e7ce67,0x43e7ce67,mozalloc_abort
0x42c091de,0x42c091de,mozilla_dump_image
0x10276504,0x10276504,mscat32DllRegisterServer
0x16a37c7,0x016a37c7,mscat32DllUnregisterServer
0x92b72998,0x92b72998,mssip32DllRegisterServer
0x66fd715b,0x66fd715b,mssip32DllUnregisterServer
0x39a37f02,0x39a37f02,mxd32Message
0x69a2ee8b,0x69a2ee8b,nssArenaHashAllocOps
0xe238ef7d,0xe238ef7d,nssArena_Create
0x5905c733,0x5905c733,nssArena_Destroy
0x997fbc54,0x997fbc54,nssArena_Mark
0x8e2decaa,0x8e2decaa,nssArena_Release
0x3d2b8125,0x3d2b8125,nssArena_Shutdown
0xbf1cb97,0x0bf1cb97,nssArena_Unmark
0xfa09292a,0xfa09292a,nssCKObject_GetAttributeItem
0x341834ce,0x341834ce,nssCKObject_GetAttributes
0xfa011dd7,0xfa011dd7,nssCKObject_IsAttributeTrue
0x8abcfc37,0x8abcfc37,nssCKObject_IsTokenObjectTemplate
0xec8ca6da,0xec8ca6da,nssCKObject_SetAttributes
0x6448a3ec,0x6448a3ec,nssCRLArray_Destroy
0x5fbe7b43,0x5fbe7b43,nssCRLCollection_Create
0x950df329,0x950df329,nssCRL_AddRef
0x9ab5e177,0x9ab5e177,nssCRL_Create
0x77771a5e,0x77771a5e,nssCRL_DeleteStoredObject
0x2120f86d,0x2120f86d,nssCRL_Destroy
0x1ce5520a,0x1ce5520a,nssCRL_GetEncoding
0x7e76762e,0x7e76762e,nssCertificateArray_Destroy
0xd6f0f2f6,0xd6f0f2f6,nssCertificateArray_FindBestCertificate
0xb77dea74,0xb77dea74,nssCertificateArray_Join
0xd037e0f0,0xd037e0f0,nssCertificateArray_Traverse
0xa52f9e85,0xa52f9e85,nssCertificateCollection_Create
0xffc1df6c,0xffc1df6c,nssCertificateList_AddReferences
0xb1568e1,0x0b1568e1,nssCertificateList_DoCallback
0x3df67fe7,0x3df67fe7,nssCertificateStore_AddSMIMEProfile
0xd944f33d,0xd944f33d,nssCertificateStore_AddTrust
0x35575286,0x35575286,nssCertificateStore_Create
0xff08b5c,0x0ff08b5c,nssCertificateStore_Destroy
0xcd046421,0xcd046421,nssCertificateStore_DumpStoreInfo
0x23ea2046,0x23ea2046,nssCertificateStore_FindCertificateByEncodedCertificate
0x601b5c68,0x601b5c68,nssCertificateStore_FindCertificateByIssuerAndSerialNumber
0xfed03e2c,0xfed03e2c,nssCertificateStore_FindCertificatesByEmail
0x8e206daa,0x8e206daa,nssCertificateStore_FindCertificatesByNickname
0x3c43a514,0x3c43a514,nssCertificateStore_FindCertificatesBySubject
0xc1d650dd,0xc1d650dd,nssCertificateStore_FindOrAdd
0x17d194e9,0x17d194e9,nssCertificateStore_FindSMIMEProfileForCertificate
0xd2ceb5bf,0xd2ceb5bf,nssCertificateStore_FindTrustForCertificate
0x1267765b,0x1267765b,nssCertificateStore_Lock
0x2e254f00,0x2e254f00,nssCertificateStore_RemoveCertLOCKED
0x5f0fdbde,0x5f0fdbde,nssCertificateStore_Unlock
0xee63bbeb,0xee63bbeb,nssCertificate_AddRef
0x3dcec758,0x3dcec758,nssCertificate_BuildChain
0xf40baa39,0xf40baa39,nssCertificate_Create
0xa52fd96f,0xa52fd96f,nssCertificate_Destroy
0xd42169cb,0xd42169cb,nssCertificate_GetCryptoContext
0x3e92ec62,0x3e92ec62,nssCertificate_GetDecoding
0x68e2add3,0x68e2add3,nssCertificate_GetEmailAddress
0xdfa0e40c,0xdfa0e40c,nssCertificate_GetEncoding
0x41670880,0x41670880,nssCertificate_GetIssuer
0xaccb27cb,0xaccb27cb,nssCertificate_GetNickname
0x7070a34e,0x7070a34e,nssCertificate_GetSerialNumber
0x737f1f15,0x737f1f15,nssCertificate_GetSubject
0x3f1e2fbf,0x3f1e2fbf,nssCertificate_GetTrustDomain
0x8ecb6e59,0x8ecb6e59,nssCertificate_SubjectListSort
0xc378c4fc,0xc378c4fc,nssCryptoContext_Create
0x917b37ca,0x917b37ca,nssCryptoContext_FindCertificatesBySubject
0x811f495f,0x811f495f,nssCryptoContext_FindSMIMEProfileForCertificate
0x207622f5,0x207622f5,nssCryptoContext_FindTrustForCertificate
0xf36105ef,0xf36105ef,nssCryptoContext_ImportSMIMEProfile
0xb7cdb245,0xb7cdb245,nssCryptoContext_ImportTrust
0xecaf39bf,0xecaf39bf,nssCryptokiCRL_GetAttributes
0xc44df941,0xc44df941,nssCryptokiCertificate_GetAttributes
0xbb764777,0xbb764777,nssCryptokiObjectArray_Destroy
0x966f429f,0x966f429f,nssCryptokiObject_Clone
0x64be78c2,0x64be78c2,nssCryptokiObject_Create
0x2c3c7918,0x2c3c7918,nssCryptokiObject_Destroy
0x96964966,0x96964966,nssCryptokiObject_Equal
0x53df3aea,0x53df3aea,nssCryptokiPrivateKey_SetCertificate
0xca3bcfe0,0xca3bcfe0,nssCryptokiTrust_GetAttributes
0x8d4b4e8c,0x8d4b4e8c,nssDecodedCert_Create
0x66640822,0x66640822,nssDecodedCert_Destroy
0x522f389d,0x522f389d,nssDecodedPKIXCertificate_Create
0xc7c53453,0xc7c53453,nssDecodedPKIXCertificate_Destroy
0x21de512f,0x21de512f,nssHash_Add
0x12e1e90f,0x12e1e90f,nssHash_Count
0x6f4c577a,0x6f4c577a,nssHash_Create
0x70fbb77d,0x70fbb77d,nssHash_CreateCertificate
0x647b1329,0x647b1329,nssHash_CreateItem
0x709575fb,0x709575fb,nssHash_CreatePointer
0x86e73631,0x86e73631,nssHash_CreateString
0x88862ed0,0x88862ed0,nssHash_Destroy
0x7465b9e6,0x7465b9e6,nssHash_Exists
0x2b680874,0x2b680874,nssHash_Iterate
0x841a2220,0x841a2220,nssHash_Lookup
0x91631934,0x91631934,nssHash_Remove
0x7feccc85,0x7feccc85,nssItem_Create
0xad35453b,0xad35453b,nssItem_Destroy
0x99770aec,0x99770aec,nssItem_Duplicate
0x5197b0c9,0x5197b0c9,nssItem_Equal
0x942d8912,0x942d8912,nssListIterator_Destroy
0x9cd22029,0x9cd22029,nssListIterator_Finish
0xc1a150c7,0xc1a150c7,nssListIterator_Next
0xf62dbc36,0xf62dbc36,nssListIterator_Start
0x3b90b0c7,0x3b90b0c7,nssList_Add
0xa0c786fe,0xa0c786fe,nssList_AddUnique
0x62a8a3c5,0x62a8a3c5,nssList_Clear
0x62a8cfef,0x62a8cfef,nssList_Clone
0x62aa8ea7,0x62aa8ea7,nssList_Count
0xb829b012,0xb829b012,nssList_Create
0x4bdc97bc,0x4bdc97bc,nssList_CreateIterator
0xed0e9a68,0xed0e9a68,nssList_Destroy
0x3b90ca7e,0x3b90ca7e,nssList_Get
0x54a4c73d,0x54a4c73d,nssList_GetArray
0xc963558b,0xc963558b,nssList_GetCompareFunction
0xda4071cc,0xda4071cc,nssList_Remove
0xf26cef17,0xf26cef17,nssList_SetCompareFunction
0x873de9b8,0x873de9b8,nssList_SetSortFunction
0xa3589f8e,0xa3589f8e,nssPKCS11String_Length
0x41772ff2,0x41772ff2,nssPKIObjectCollection_AddInstanceAsObject
0xa871e41a,0xa871e41a,nssPKIObjectCollection_AddInstances
0xa9b728a9,0xa9b728a9,nssPKIObjectCollection_AddObject
0xac527592,0xac527592,nssPKIObjectCollection_Count
0x404be813,0x404be813,nssPKIObjectCollection_Destroy
0x274363fd,0x274363fd,nssPKIObjectCollection_GetCRLs
0x4ed1893f,0x4ed1893f,nssPKIObjectCollection_GetCertificates
0xccbb8f75,0xccbb8f75,nssPKIObjectCollection_Traverse
0x658998fb,0x658998fb,nssPKIObject_AddInstance
0xdaece3c3,0xdaece3c3,nssPKIObject_AddRef
0xe094d211,0xe094d211,nssPKIObject_Create
0x5269c1f8,0x5269c1f8,nssPKIObject_DeleteStoredObject
0x22ddfc47,0x22ddfc47,nssPKIObject_Destroy
0x1ebde610,0x1ebde610,nssPKIObject_DestroyLock
0x276b065,0x0276b065,nssPKIObject_GetInstances
0x3ae9f7cb,0x3ae9f7cb,nssPKIObject_GetNicknameForToken
0xfc84f851,0xfc84f851,nssPKIObject_GetTokens
0xd23d796e,0xd23d796e,nssPKIObject_HasInstance
0x68999726,0x68999726,nssPKIObject_Lock
0x24e84c70,0x24e84c70,nssPKIObject_NewLock
0x3bf3b4c8,0x3bf3b4c8,nssPKIObject_RemoveInstanceForToken
0xa4d5b69,0x0a4d5b69,nssPKIObject_Unlock
0x664b6839,0x664b6839,nssPKIX509_GetIssuerAndSerialFromDER
0x198beb94,0x198beb94,nssSMIMEProfile_AddRef
0x1f33d9e2,0x1f33d9e2,nssSMIMEProfile_Create
0x355dfe38,0x355dfe38,nssSMIMEProfile_Destroy
0x3f9881d0,0x3f9881d0,nssSession_Destroy
0xf5f1da2c,0xf5f1da2c,nssSession_EnterMonitor
0x3c7f4d28,0x3c7f4d28,nssSession_ExitMonitor
0xd600cdcc,0xd600cdcc,nssSession_ImportNSS3Session
0xc985d229,0xc985d229,nssSession_IsReadWrite
0x9ee2d3b4,0x9ee2d3b4,nssSlotArray_Clone
0x1fd8a36d,0x1fd8a36d,nssSlotArray_Destroy
0x9238a5ea,0x9238a5ea,nssSlot_AddRef
0x41bcd65c,0x41bcd65c,nssSlot_CreateSession
0xc3a2034e,0xc3a2034e,nssSlot_Destroy
0x76fdfa6a,0x76fdfa6a,nssSlot_EnterMonitor
0xc4495da6,0xc4495da6,nssSlot_ExitMonitor
0xd232224,0x0d232224,nssSlot_GetCryptokiEPV
0xaa9f3f25,0xaa9f3f25,nssSlot_GetName
0xfefb5c05,0xfefb5c05,nssSlot_GetToken
0x7e30f03d,0x7e30f03d,nssSlot_IsFriendly
0x1c422729,0x1c422729,nssSlot_IsLoggedIn
0x986318ca,0x986318ca,nssSlot_IsPermanent
0xdf579322,0xdf579322,nssSlot_IsTokenPresent
0x73f66d96,0x73f66d96,nssSlot_ResetDelay
0x51758c,0x0051758c,nssTokenArray_Destroy
0x5955de15,0x5955de15,nssTokenObjectCache_Clear
0x847e3462,0x847e3462,nssTokenObjectCache_Create
0x43f3a8b8,0x43f3a8b8,nssTokenObjectCache_Destroy
0xb8098cd0,0xb8098cd0,nssTokenObjectCache_FindObjectsByTemplate
0x91d3c4c,0x091d3c4c,nssTokenObjectCache_GetObjectAttributes
0x132b7a9f,0x132b7a9f,nssTokenObjectCache_HaveObjectClass
0x81834620,0x81834620,nssTokenObjectCache_ImportObject
0x3169f553,0x3169f553,nssTokenObjectCache_RemoveObject
0xedc20cc9,0xedc20cc9,nssToken_AddRef
0xfa1aa648,0xfa1aa648,nssToken_BeginDigest
0xac5be528,0xac5be528,nssToken_ContinueDigest
0x676ebe96,0x676ebe96,nssToken_CreateFromPK11SlotInfo
0x617ea3fe,0x617ea3fe,nssToken_DeleteStoredObject
0x9058460d,0x9058460d,nssToken_Destroy
0xf51d70e3,0xf51d70e3,nssToken_Digest
0x564e1783,0x564e1783,nssToken_FindCRLsBySubject
0xb73aae77,0xb73aae77,nssToken_FindCertificateByEncodedCertificate
0x3f6408f9,0x3f6408f9,nssToken_FindCertificateByIssuerAndSerialNumber
0x44113add,0x44113add,nssToken_FindCertificatesByEmail
0xfeed1e22,0xfeed1e22,nssToken_FindCertificatesByID
0x55f0f8bb,0x55f0f8bb,nssToken_FindCertificatesByNickname
0xd5b69205,0xd5b69205,nssToken_FindCertificatesBySubject
0xfa36914e,0xfa36914e,nssToken_FindObjects
0xe8745ae5,0xe8745ae5,nssToken_FindObjectsByTemplate
0xefc4d390,0xefc4d390,nssToken_FindPrivateKeyByID
0xd1cd9b3b,0xd1cd9b3b,nssToken_FindPrivateKeys
0xf54920b4,0xf54920b4,nssToken_FindPublicKeyByID
0x180fb270,0x180fb270,nssToken_FindTrustForCertificate
0xf8a71084,0xf8a71084,nssToken_FinishDigest
0xd574efd9,0xd574efd9,nssToken_GetCachedObjectAttributes
0xef18f803,0xef18f803,nssToken_GetCryptokiEPV
0xf7e8598c,0xf7e8598c,nssToken_GetDefaultSession
0x775581e4,0x775581e4,nssToken_GetName
0x77586ee5,0x77586ee5,nssToken_GetSlot
0xa3b67e9d,0xa3b67e9d,nssToken_GetTrustDomain
0xd808141,0x0d808141,nssToken_GetTrustOrder
0xbd68c75f,0xbd68c75f,nssToken_ImportCRL
0xb7d89161,0xb7d89161,nssToken_ImportCertificate
0xbbebf140,0xbbebf140,nssToken_ImportTrust
0x76ac9a19,0x76ac9a19,nssToken_IsLoginRequired
0x4d077ba0,0x4d077ba0,nssToken_IsPresent
0x21b7f2e4,0x21b7f2e4,nssToken_IsPrivateKeyAvailable
0xfd3d8601,0xfd3d8601,nssToken_NeedsPINInitialization
0xdb2fca3c,0xdb2fca3c,nssToken_NotifyCertsNotVisible
0xc51b0a72,0xc51b0a72,nssToken_Refresh
0x1580bcd1,0x1580bcd1,nssToken_Remove
0xfece7445,0xfece7445,nssToken_TraverseCertificates
0xb35128c7,0xb35128c7,nssToken_UpdateName
0xcbdf8e1d,0xcbdf8e1d,nssTrustDomain_AddCertsToCache
0xf6aa96,0x00f6aa96,nssTrustDomain_CreateCryptoContext
0x2986705a,0x2986705a,nssTrustDomain_DestroyCache
0xe8c3e332,0xe8c3e332,nssTrustDomain_DumpCacheInfo
0x91f3262f,0x91f3262f,nssTrustDomain_FindBestCertificateByNickname
0x72aee0f9,0x72aee0f9,nssTrustDomain_FindBestCertificateBySubject
0x37b9dbbc,0x37b9dbbc,nssTrustDomain_FindCRLsBySubject
0x2c5036f0,0x2c5036f0,nssTrustDomain_FindCertificateByEncodedCertificate
0x632eead2,0x632eead2,nssTrustDomain_FindCertificateByIssuerAndSerialNumber
0xfd338d14,0xfd338d14,nssTrustDomain_FindCertificatesByNickname
0x285b7f3e,0x285b7f3e,nssTrustDomain_FindCertificatesBySubject
0xd7f5fd69,0xd7f5fd69,nssTrustDomain_FindTrustForCertificate
0xaf1c7528,0xaf1c7528,nssTrustDomain_GetCertByDERFromCache
0x75e4f68,0x075e4f68,nssTrustDomain_GetCertForIssuerAndSNFromCache
0x5ad7549a,0x5ad7549a,nssTrustDomain_GetCertsForEmailAddressFromCache
0x10ebde12,0x10ebde12,nssTrustDomain_GetCertsForNicknameFromCache
0xd85c74bc,0xd85c74bc,nssTrustDomain_GetCertsForSubjectFromCache
0x116f1725,0x116f1725,nssTrustDomain_GetCertsFromCache
0xfafaba2e,0xfafaba2e,nssTrustDomain_GetDefaultCallback
0xac74cea2,0xac74cea2,nssTrustDomain_InitializeCache
0x43ba1c87,0x43ba1c87,nssTrustDomain_LockCertCache
0x61d23b52,0x61d23b52,nssTrustDomain_RemoveCertFromCacheLOCKED
0xedcf7f54,0xedcf7f54,nssTrustDomain_RemoveTokenCertsFromCache
0xe1a9b43f,0xe1a9b43f,nssTrustDomain_TraverseCertificatesByNickname
0x1fc3ed09,0x1fc3ed09,nssTrustDomain_TraverseCertificatesBySubject
0x472bd7ea,0x472bd7ea,nssTrustDomain_UnlockCertCache
0xf1e3b599,0xf1e3b599,nssTrustDomain_UpdateCachedTokenCerts
0x8e9b032a,0x8e9b032a,nssTrust_AddRef
0x9442f178,0x9442f178,nssTrust_Create
0x4c50088e,0x4c50088e,nssTrust_Destroy
0x3ca53417,0x3ca53417,nssTrust_GetCERTCertTrustForCert
0xeee99b58,0xeee99b58,nssTrust_IsSafeToIgnoreCertHash
0xf92d41b6,0xf92d41b6,nssUTF8_CaseIgnoreMatch
0xd9ec1268,0xd9ec1268,nssUTF8_CopyIntoFixedBuffer
0x4b20a9fd,0x4b20a9fd,nssUTF8_Create
0xf53b9564,0xf53b9564,nssUTF8_Duplicate
0x7e89bf41,0x7e89bf41,nssUTF8_Equal
0x5fe05e50,0x5fe05e50,nssUTF8_GetEncoding
0x5f38e20b,0x5f38e20b,nssUTF8_Length
0x48d2eb57,0x48d2eb57,nssUTF8_PrintableMatch
0x783a4424,0x783a4424,nssUTF8_Size
0x7650ed69,0x7650ed69,nss_ClearErrorStack
0x600644cc,0x600644cc,nss_DestroyErrorStack
0xeaa7635b,0xeaa7635b,nss_DumpCertificateCacheInfo
0xaf3dcca0,0xaf3dcca0,nss_DumpModuleLog
0xbea61b69,0xbea61b69,nss_InsertDeviceLog
0x884fd927,0x884fd927,nss_MkConfigString
0x3d471fcc,0x3d471fcc,nss_RemoveList
0xc8ae2db8,0xc8ae2db8,nss_SetError
0xb2f9c31e,0xb2f9c31e,nss_Shutdown
0xf1e369e7,0xf1e369e7,nss_ZAlloc
0x3a6304ed,0x3a6304ed,nss_ZFreeIf
0x3e6ee5e,0x03e6ee5e,nss_ZRealloc
0xb1d82fff,0xb1d82fff,nssdbg_prof_data
0xb1e08c80,0xb1e08c80,nssdbg_prof_size
0x61f3ce7b,0x61f3ce7b,nsslibc_memcmp
0x61f3cee7,0x61f3cee7,nsslibc_memcpy
0xae47ddf3,0xae47ddf3,nsslibc_memequal
0x61f41187,0x61f41187,nsslibc_memset
0x6cefdcec,0x6cefdcec,ntohd
0x6cefdcee,0x6cefdcee,ntohf
0x6cefdcf4,0x6cefdcf4,ntohl
0xaeb7be0,0x0aeb7be0,ntohll
0x6cefdcfb,0x6cefdcfb,ntohs
0x844c6fc6,0x844c6fc6,num_pk11_default_mechanisms
0xe6cfd468,0xe6cfd468,ocsp_CacheSingleResponse
0x322affa,0x0322affa,ocsp_CertHasGoodStatus
0x3a0880fa,0x3a0880fa,ocsp_CertIDTemplate
0x6220b999,0x6220b999,ocsp_CertIsOCSPDefaultResponder
0x806e9b49,0x806e9b49,ocsp_CreateCertStatus
0x85fc8000,0x85fc8000,ocsp_DigestValue
0x7f8655ba,0x7f8655ba,ocsp_FetchingFailureIsVerificationFailure
0xb30bb683,0xb30bb683,ocsp_GetCachedOCSPResponseStatus
0x7d44e60e,0x7d44e60e,ocsp_GetResponderLocation
0x285649ec,0x285649ec,ocsp_GetResponseData
0xaf418384,0xaf418384,ocsp_GetResponseSignature
0xe38c2d0e,0xe38c2d0e,ocsp_GetSignerCertificate
0x511f2d44,0x511f2d44,ocsp_GetVerifiedSingleResponseForCertID
0x4865b643,0x4865b643,ocsp_OCSPResponseTemplate
0x41e345f9,0x41e345f9,ocsp_PointerToResponseBytesTemplate
0xaffd48d5,0xaffd48d5,ocsp_PointerToSignatureTemplate
0x83bddb82,0x83bddb82,ocsp_ResponderIDByKeyTemplate
0xde6f573a,0xde6f573a,ocsp_ResponderIDByNameTemplate
0x96fa00b5,0x96fa00b5,ocsp_ResponseBytesTemplate
0x904ca528,0x904ca528,ocsp_ResponseDataTemplate
0x30ca64fb,0x30ca64fb,ocsp_RevokedInfoTemplate
0x3b4af4aa,0x3b4af4aa,ocsp_SingleRequestTemplate
0x6f03edf0,0x6f03edf0,ocsp_SingleResponseTemplate
0xb523e3d1,0xb523e3d1,ocsp_TBSRequestTemplate
0x70594706,0x70594706,ocsp_UrlEncodeBase64Buf
0x97d67239,0x97d67239,ocsp_VerifyResponseSignature
0xcfb1b864,0xcfb1b864,ogg_calloc_func
0x331044f8,0x331044f8,ogg_free_func
0x550ccee,0x0550ccee,ogg_malloc_func
0x71be0d6b,0x71be0d6b,ogg_page_bos
0x68a7e847,0x68a7e847,ogg_page_granulepos
0x390cdac4,0x390cdac4,ogg_page_serialno
0x6ced0d78,0x6ced0d78,ogg_realloc_func
0x46d75fed,0x46d75fed,ogg_set_mem_functions
0xb9c78974,0xb9c78974,ogg_stream_check
0xb9c9babd,0xb9c9babd,ogg_stream_clear
0xb70fbc3d,0xb70fbc3d,ogg_stream_eos
0xba004a98,0xba004a98,ogg_stream_flush
0x9909704a,0x9909704a,ogg_stream_init
0x642bcf05,0x642bcf05,ogg_stream_packetin
0xe9a5ca86,0xe9a5ca86,ogg_stream_packetout
0x108e3e0a,0x108e3e0a,ogg_stream_pagein
0x22561a2b,0x22561a2b,ogg_stream_pageout
0xbad58fb9,0xbad58fb9,ogg_stream_reset
0x50b7f321,0x50b7f321,ogg_sync_buffer
0xad29fd0e,0xad29fd0e,ogg_sync_clear
0x43522c7b,0x43522c7b,ogg_sync_init
0x48d8b82c,0x48d8b82c,ogg_sync_pageseek
0xae35d20a,0xae35d20a,ogg_sync_reset
0xae975e58,0xae975e58,ogg_sync_wrote
0x58a2d85c,0x58a2d85c,omap
0xce0a33a5,0xce0a33a5,optdbgdump
0x69cc65a0,0x69cc65a0,optdbgdumpaddr
0xedc2a359,0xedc2a359,opus_decode
0x5cf21e,0x005cf21e,opus_decoder_create
0xe7c058ed,0xe7c058ed,opus_decoder_ctl
0x3baa1df4,0x3baa1df4,opus_decoder_destroy
0xf0baa883,0xf0baa883,opus_encode
0x9532b3f8,0x9532b3f8,opus_encode_float
0x5f48148,0x05f48148,opus_encoder_create
0x917c2857,0x917c2857,opus_encoder_ctl
0xf433925e,0xf433925e,opus_encoder_destroy
0x54dac350,0x54dac350,opus_get_version_string
0xcc5ae56f,0xcc5ae56f,opus_multistream_decode
0x45bff1e4,0x45bff1e4,opus_multistream_decode_float
0xec8ea34,0x0ec8ea34,opus_multistream_decoder_create
0xcd2358c3,0xcd2358c3,opus_multistream_decoder_ctl
0x179518ca,0x179518ca,opus_multistream_decoder_destroy
0xcf52ea99,0xcf52ea99,opus_multistream_encode
0x26f5ae8e,0x26f5ae8e,opus_multistream_encode_float
0x1460795e,0x1460795e,opus_multistream_encoder_create
0x76df282d,0x76df282d,opus_multistream_encoder_ctl
0xd01e8d34,0xd01e8d34,opus_multistream_encoder_destroy
0xc99d7cdf,0xc99d7cdf,opus_multistream_surround_encoder_create
0x385bd6a6,0x385bd6a6,opus_packet_get_nb_channels
0x68237418,0x68237418,opus_packet_get_nb_frames
0x2efb6370,0x2efb6370,opus_packet_get_samples_per_frame
0x879b1ee7,0x879b1ee7,opus_packet_parse
0xe5ce45d8,0xe5ce45d8,opus_strerror
0xafa36b17,0xafa36b17,pbe_PK11AlgidToParam
0x2030ea6e,0x2030ea6e,pfnFreeRoutines
0xe59c41e0,0xe59c41e0,pfnMarshallRoutines
0x6326128e,0x6326128e,pfnRealizePalette
0x7449daa2,0x7449daa2,pfnSelectPalette
0x412830c7,0x412830c7,pfnSizeRoutines
0xb2dd3823,0xb2dd3823,pfnUnmarshallRoutines
0x5cd39d5d,0x5cd39d5d,pk11_AttrFlagsToAttributes
0x3212440a,0x3212440a,pk11_AuthenticateUnfriendly
0x54092fa,0x054092fa,pk11_BadAttrFlags
0xc2a5ac5,0x0c2a5ac5,pk11_CloseSession
0x1e8cceb,0x01e8cceb,pk11_CopyToSlot
0x324a719f,0x324a719f,pk11_CopyToSlotPerm
0x9c06e753,0x9c06e753,pk11_CreateGenericObjectHelper
0x859cccfa,0x859cccfa,pk11_DoKeys
0x715a0d3d,0x715a0d3d,pk11_Finalize
0x7616265a,0x7616265a,pk11_FindAttrInTemplate
0x21a4dc1a,0x21a4dc1a,pk11_FindObjectByTemplate
0x843bc8ad,0x843bc8ad,pk11_FindObjectsByTemplate
0x63a0659f,0x63a0659f,pk11_FindPrivateKeyFromCertID
0xd5e1670d,0xd5e1670d,pk11_FindPubKeyByAnyCert
0x5e408cdc,0x5e408cdc,pk11_ForceSlot
0x91becdc8,0x91becdc8,pk11_ForceSlotMultiple
0x539a4395,0x539a4395,pk11_GenerateNewParamWithKeyLen
0x15595efe,0x15595efe,pk11_GetLowLevelKeyFromHandle
0xc4f8d079,0xc4f8d079,pk11_GetNewSession
0x1981df8,0x01981df8,pk11_GetPBECryptoMechanism
0x8f9770cc,0x8f9770cc,pk11_GetPredefinedKeyLength
0x1112e031,0x1112e031,pk11_GetTrustField
0x26c3d590,0x26c3d590,pk11_HandleTrustObject
0x96dc0bef,0x96dc0bef,pk11_HasAttributeSet_Lock
0x6a61d154,0x6a61d154,pk11_InDelayPeriod
0xfbd7b0b7,0xfbd7b0b7,pk11_KeyExchange
0xad99c50d,0xad99c50d,pk11_LoginStillRequired
0x2e061a0f,0x2e061a0f,pk11_MatchString
0x4f480695,0x4f480695,pk11_MatchUriTokenInfo
0xd522a05d,0xd522a05d,pk11_MoveListToList
0x1a5cc41,0x01a5cc41,pk11_OpFlagsToAttributes
0xf3bfc78a,0xf3bfc78a,pk11_ParamFromIVWithLen
0x86276696,0x86276696,pk11_RawPBEKeyGenWithKeyType
0x8695ffc5,0x8695ffc5,pk11_RetrieveCrls
0x632250ff,0x632250ff,pk11_SetInternalKeySlot
0xb8fdc2d6,0xb8fdc2d6,pk11_SetInternalKeySlotIfFirst
0xeb2cc985,0xeb2cc985,pk11_SignedToUnsigned
0x5f1e368e,0x5f1e368e,pk11_SwapInternalKeySlot
0xefce5cf6,0xefce5cf6,pk11_TokenKeyGenWithFlagsAndKeyType
0x67d12d85,0x67d12d85,pk11_TraverseAllSlots
0x8351dd50,0x8351dd50,pk11_encrypt
0xfe6c3f13,0xfe6c3f13,pk11_filterSlot
0xdce6c60f,0xdce6c60f,pk11_getFinalizeModulesOption
0xf869e3e4,0xf869e3e4,pk11_getPrivateKeyUsage
0x59be7ac4,0x59be7ac4,pk11_isID0
0x9147212e,0x9147212e,pk11_mapWrapKeyType
0xa43512f,0x0a43512f,pk11_mergeTrustEntry
0x7621bc27,0x7621bc27,pk11_mkcertKeyID
0x6c3178cd,0x6c3178cd,pk11_newMergeLogNode
0x9cf56144,0x9cf56144,pk11_notify
0x31d25674,0x31d25674,pk11_restoreContext
0x850b891f,0x850b891f,pk11_saveContext
0x974224f4,0x974224f4,pk11_setGlobalOptions
0xb4836388,0xb4836388,pk11sdr_Init
0xd0057130,0xd0057130,pk11sdr_Shutdown
0x27e036a3,0x27e036a3,pk11slot_GetFIPSStatus
0xeced378d,0xeced378d,pkixLog
0xb1df17d4,0xb1df17d4,pkixLoggerLock
0x88e26dde,0x88e26dde,pkixLoggers
0xcc750434,0xcc750434,pkixLoggersDebugTrace
0x6b2937db,0x6b2937db,pkixLoggersErrors
0xaf2c38e8,0xaf2c38e8,pkix_BasicConstraintsCheckerState_RegisterSelf
0x17813a56,0x17813a56,pkix_BasicConstraintsChecker_Check
0xa72e888a,0xa72e888a,pkix_BasicConstraintsChecker_Initialize
0xf36ca92c,0xf36ca92c,pkix_BuildResult_Create
0x90603fc7,0x90603fc7,pkix_BuildResult_RegisterSelf
0x4eaa5bdf,0x4eaa5bdf,pkix_CRLSelector_Create
0x7693ecba,0x7693ecba,pkix_CRLSelector_RegisterSelf
0x73158ceb,0x73158ceb,pkix_CRLSelector_Select
0x1999b8f7,0x1999b8f7,pkix_CacheCertChain_Add
0xdeddd4e8,0xdeddd4e8,pkix_CacheCertChain_Lookup
0xec26cbfc,0xec26cbfc,pkix_CacheCertChain_Remove
0x383d9814,0x383d9814,pkix_CacheCert_Add
0x18f93ae5,0x18f93ae5,pkix_CacheCert_Lookup
0x59a6a959,0x59a6a959,pkix_CacheCrlEntry_Add
0x373a820a,0x373a820a,pkix_CacheCrlEntry_Lookup
0x76f9855e,0x76f9855e,pkix_CertChainChecker_RegisterSelf
0xe019ea27,0xe019ea27,pkix_CertSelector_RegisterSelf
0x99b93c98,0x99b93c98,pkix_CertSelector_Select
0x3f253013,0x3f253013,pkix_CertStore_RegisterSelf
0xe897864b,0xe897864b,pkix_CheckChain
0x54a95aea,0x54a95aea,pkix_CheckType
0xe9d4b89d,0xe9d4b89d,pkix_CheckTypes
0xa07a4f80,0xa07a4f80,pkix_ComCRLSelParams_RegisterSelf
0x6afe0a6d,0x6afe0a6d,pkix_ComCertSelParams_RegisterSelf
0x1302c1c0,0x1302c1c0,pkix_CrlChecker_CheckExternal
0xe8727648,0xe8727648,pkix_CrlChecker_CheckLocal
0x77022753,0x77022753,pkix_CrlChecker_Create
0x93bb7f2e,0x93bb7f2e,pkix_CrlChecker_RegisterSelf
0xdae580d2,0xdae580d2,pkix_EkuChecker_RegisterSelf
0xba834102,0xba834102,pkix_Error_RegisterSelf
0x78544a25,0x78544a25,pkix_EscASCII_to_UTF16
0xc57c9f5f,0xc57c9f5f,pkix_ExpirationChecker_Check
0xf80f7b33,0xf80f7b33,pkix_ExpirationChecker_Initialize
0x66ebfa75,0x66ebfa75,pkix_ForwardBuilderState_RegisterSelf
0x38ab3de,0x038ab3de,pkix_HttpCertStore_FindSocketConnection
0x46faf78b,0x46faf78b,pkix_IsCertSelfIssued
0xb8040139,0xb8040139,pkix_List_AppendList
0xde5ca294,0xde5ca294,pkix_List_AppendUnique
0x2b602419,0x2b602419,pkix_List_BubbleSort
0x4e024d64,0x4e024d64,pkix_List_Contains
0x4532f2e4,0x4532f2e4,pkix_List_MergeLists
0x4ed4b82a,0x4ed4b82a,pkix_List_QuickSort
0x5904ca14,0x5904ca14,pkix_List_RegisterSelf
0x46157f73,0x46157f73,pkix_List_Remove
0xae4b8455,0xae4b8455,pkix_List_RemoveItems
0xd4efa6ca,0xd4efa6ca,pkix_LockObject
0x88f41867,0x88f41867,pkix_Logger_Check
0x4102fb7e,0x4102fb7e,pkix_Logger_CheckWithCode
0xf16ccab8,0xf16ccab8,pkix_Logger_RegisterSelf
0xd27ee3e,0x0d27ee3e,pkix_NameChainingChecker_Check
0xbd29ed72,0xbd29ed72,pkix_NameChainingChecker_Initialize
0x64b26ea7,0x64b26ea7,pkix_NameConstraintsCheckerState_RegisterSelf
0x74534729,0x74534729,pkix_NameConstraintsChecker_Initialize
0xed5e29b4,0xed5e29b4,pkix_OcspChecker_CheckExternal
0xd741c2bc,0xd741c2bc,pkix_OcspChecker_CheckLocal
0xe35559c7,0xe35559c7,pkix_OcspChecker_Create
0x1317e5df,0x1317e5df,pkix_OcspChecker_MapResultCodeToRevStatus
0x738fb8a2,0x738fb8a2,pkix_OcspChecker_RegisterSelf
0xcc02943e,0xcc02943e,pkix_PolicyCheckerState_RegisterSelf
0xb50e98a0,0xb50e98a0,pkix_PolicyChecker_Initialize
0xa38fae0b,0xa38fae0b,pkix_PolicyChecker_MapContains
0xe00ea41b,0xe00ea41b,pkix_PolicyChecker_MapGetMappedPolicies
0x888a094c,0x888a094c,pkix_PolicyChecker_MapGetSubjectDomainPolicies
0xfba9ac35,0xfba9ac35,pkix_PolicyNode_AddToParent
0xc86e7373,0xc86e7373,pkix_PolicyNode_Create
0xd2ac17d2,0xd2ac17d2,pkix_PolicyNode_GetChildrenMutable
0xd0b0cd89,0xd0b0cd89,pkix_PolicyNode_Prune
0x2f78634e,0x2f78634e,pkix_PolicyNode_RegisterSelf
0x61d90119,0x61d90119,pkix_ProcessingParams_RegisterSelf
0x39e39b2,0x039e39b2,pkix_ResourceLimits_RegisterSelf
0xc4560027,0xc4560027,pkix_RevocationChecker_RegisterSelf
0x501a307f,0x501a307f,pkix_RevocationMethod_Duplicate
0x1c1459b8,0x1c1459b8,pkix_RevocationMethod_Init
0x7c7eb340,0x7c7eb340,pkix_SignatureCheckerState_RegisterSelf
0xe72770ae,0xe72770ae,pkix_SignatureChecker_Check
0xf26c75e2,0xf26c75e2,pkix_SignatureChecker_Initialize
0xe2f74dbb,0xe2f74dbb,pkix_SinglePolicyNode_ToString
0x1629f340,0x1629f340,pkix_SingleVerifyNode_ToString
0x5c747488,0x5c747488,pkix_TargetCertCheckerState_Create
0x7ac22023,0x7ac22023,pkix_TargetCertCheckerState_RegisterSelf
0x498a3111,0x498a3111,pkix_TargetCertChecker_Check
0xe775ec25,0xe775ec25,pkix_TargetCertChecker_Initialize
0x624d12de,0x624d12de,pkix_Throw
0x655630d5,0x655630d5,pkix_TrustAnchor_RegisterSelf
0x9b32305,0x09b32305,pkix_UTF16_to_EscASCII
0x87278468,0x87278468,pkix_UTF16_to_UTF8
0x81d9e68,0x081d9e68,pkix_UTF8_to_UTF16
0xa624408d,0xa624408d,pkix_UnlockObject
0xd80da1a6,0xd80da1a6,pkix_ValidateParams_RegisterSelf
0x8d6ac806,0x8d6ac806,pkix_ValidateResult_Create
0x11149a21,0x11149a21,pkix_ValidateResult_RegisterSelf
0x9add22b3,0x9add22b3,pkix_VerifyNode_AddToChain
0xfcf8eb20,0xfcf8eb20,pkix_VerifyNode_AddToTree
0x813ff3b8,0x813ff3b8,pkix_VerifyNode_Create
0xbc6e118f,0xbc6e118f,pkix_VerifyNode_FindError
0x5edc4353,0x5edc4353,pkix_VerifyNode_RegisterSelf
0xcfb8eaba,0xcfb8eaba,pkix_VerifyNode_SetError
0x93a3e17f,0x93a3e17f,pkix_cAddCount
0x9cad43b0,0x9cad43b0,pkix_cLookupCount
0x8fcfc744,0x8fcfc744,pkix_cRemoveCount
0x2dcc4a82,0x2dcc4a82,pkix_ccAddCount
0x1f6ab1d3,0x1f6ab1d3,pkix_ccLookupCount
0x128d3567,0x128d3567,pkix_ccRemoveCount
0x16c52c84,0x16c52c84,pkix_ceAddCount
0x81516c95,0x81516c95,pkix_ceLookupCount
0x3fbc8772,0x3fbc8772,pkix_countArray
0xb42ec145,0xb42ec145,pkix_duplicateImmutable
0xdc2a2f4e,0xdc2a2f4e,pkix_hash
0x6172594a,0x6172594a,pkix_hex2i
0x61683d0a,0x61683d0a,pkix_i2hex
0xa481a5bf,0xa481a5bf,pkix_isPlaintext
0x5f4b3456,0x5f4b3456,pkix_pl_AIAMgr_GetHTTPCerts
0xb68d27f7,0xb68d27f7,pkix_pl_AIAMgr_GetLDAPCerts
0xb4df9a84,0xb4df9a84,pkix_pl_AIAMgr_RegisterSelf
0xbaef89d8,0xbaef89d8,pkix_pl_BigInt_CreateWithBytes
0x937528d0,0x937528d0,pkix_pl_BigInt_RegisterSelf
0xdb1c2146,0xdb1c2146,pkix_pl_ByteArray_RegisterSelf
0x9be10576,0x9be10576,pkix_pl_ByteArray_ToHexString
0xb205df2b,0xb205df2b,pkix_pl_CRLEntry_Create
0x998fb906,0x998fb906,pkix_pl_CRLEntry_RegisterSelf
0x75531970,0x75531970,pkix_pl_CRLEntry_ToString_Helper
0x2dae6d50,0x2dae6d50,pkix_pl_CRL_CreateWithSignedCRL
0xa0f8ed4,0x0a0f8ed4,pkix_pl_CRL_RegisterSelf
0xcdf08160,0xcdf08160,pkix_pl_CertBasicConstraints_Create
0xc73a6efb,0xc73a6efb,pkix_pl_CertBasicConstraints_RegisterSelf
0xc3e2e9be,0xc3e2e9be,pkix_pl_CertNameConstraints_CheckNameSpaceNssNames
0xb6289c3f,0xb6289c3f,pkix_pl_CertNameConstraints_Create
0xcfe594bb,0xcfe594bb,pkix_pl_CertNameConstraints_Merge
0x7198f51a,0x7198f51a,pkix_pl_CertNameConstraints_RegisterSelf
0x17216d42,0x17216d42,pkix_pl_CertPolicyInfo_Create
0xdf193c5d,0xdf193c5d,pkix_pl_CertPolicyInfo_RegisterSelf
0xf12cb3f4,0xf12cb3f4,pkix_pl_CertPolicyMap_Create
0xc7ff408f,0xc7ff408f,pkix_pl_CertPolicyMap_RegisterSelf
0xaef7218,0x0aef7218,pkix_pl_CertPolicyQualifier_Create
0x378909b3,0x378909b3,pkix_pl_CertPolicyQualifier_RegisterSelf
0x2776581f,0x2776581f,pkix_pl_Cert_CheckExtendedKeyUsage
0x95c2a8c5,0x95c2a8c5,pkix_pl_Cert_CreateToList
0xe1cd07e4,0xe1cd07e4,pkix_pl_Cert_CreateWithNSSCert
0x8f30b15,0x08f30b15,pkix_pl_Cert_DecodeInhibitAnyPolicy
0xcdecfea1,0xcdecfea1,pkix_pl_Cert_RegisterSelf
0x4ebb3d2b,0x4ebb3d2b,pkix_pl_Cert_ToString_Helper
0xa165ca5f,0xa165ca5f,pkix_pl_CollectionCertStoreContext_RegisterSelf
0xf4bc0f6c,0xf4bc0f6c,pkix_pl_CollectionCertStore_GetCRL
0x8c3dc6d9,0x8c3dc6d9,pkix_pl_CollectionCertStore_GetCert
0x39400acd,0x39400acd,pkix_pl_CrlDp_Create
0xe2d89628,0xe2d89628,pkix_pl_CrlDp_RegisterSelf
0x3a4a23db,0x3a4a23db,pkix_pl_Date_CreateFromPRTime
0x78dab173,0x78dab173,pkix_pl_Date_GetPRTime
0xfdbdc431,0xfdbdc431,pkix_pl_Date_RegisterSelf
0x98e0d8bb,0x98e0d8bb,pkix_pl_Date_ToString_Helper
0xfa7ec1f7,0xfa7ec1f7,pkix_pl_GeneralName_Create
0xb787c2f6,0xb787c2f6,pkix_pl_GeneralName_GetNssGeneralName
0x9d1284d2,0x9d1284d2,pkix_pl_GeneralName_RegisterSelf
0xc33dc85f,0xc33dc85f,pkix_pl_HashTable_RegisterSelf
0xf680113,0x0f680113,pkix_pl_HttpCertStoreContext_RegisterSelf
0xe4b4cda0,0xe4b4cda0,pkix_pl_HttpCertStore_CreateRequestSession
0x506e49f9,0x506e49f9,pkix_pl_HttpCertStore_CreateWithAsciiName
0x6b58ab5d,0x6b58ab5d,pkix_pl_HttpCertStore_DecodeCertPackage
0xc2f751a0,0xc2f751a0,pkix_pl_HttpCertStore_GetCRL
0xbe7aa325,0xbe7aa325,pkix_pl_HttpCertStore_GetCRLContinue
0x21e14f8d,0x21e14f8d,pkix_pl_HttpCertStore_GetCert
0xc9463e12,0xc9463e12,pkix_pl_HttpCertStore_GetCertContinue
0x2c5317bb,0x2c5317bb,pkix_pl_HttpCertStore_ProcessCertResponse
0x84d9dcee,0x84d9dcee,pkix_pl_HttpCertStore_ProcessCrlResponse
0x5b9822db,0x5b9822db,pkix_pl_HttpCertStore_Shutdown
0xe3ec93f1,0xe3ec93f1,pkix_pl_HttpDefaultClient_AddHeaderFcn
0xad797aee,0xad797aee,pkix_pl_HttpDefaultClient_Cancel
0x2a437b45,0x2a437b45,pkix_pl_HttpDefaultClient_CancelFcn
0x1db3d320,0x1db3d320,pkix_pl_HttpDefaultClient_CreateSession
0x989a3e37,0x989a3e37,pkix_pl_HttpDefaultClient_CreateSessionFcn
0x6a9d8161,0x6a9d8161,pkix_pl_HttpDefaultClient_FreeFcn
0xb56d18c5,0xb56d18c5,pkix_pl_HttpDefaultClient_FreeSessionFcn
0xf8e42cc2,0xf8e42cc2,pkix_pl_HttpDefaultClient_KeepAliveSession
0x16f0cc99,0x16f0cc99,pkix_pl_HttpDefaultClient_KeepAliveSessionFcn
0xcf7bb817,0xcf7bb817,pkix_pl_HttpDefaultClient_RegisterSelf
0x399a82e5,0x399a82e5,pkix_pl_HttpDefaultClient_RequestCreate
0x532293dc,0x532293dc,pkix_pl_HttpDefaultClient_RequestCreateFcn
0xfc5fa5f4,0xfc5fa5f4,pkix_pl_HttpDefaultClient_SetPostData
0xef01108b,0xef01108b,pkix_pl_HttpDefaultClient_SetPostDataFcn
0x83ddd67,0x083ddd67,pkix_pl_HttpDefaultClient_TrySendAndReceive
0xf486f71e,0xf486f71e,pkix_pl_HttpDefaultClient_TrySendAndReceiveFcn
0xcc7fa972,0xcc7fa972,pkix_pl_InfoAccess_CreateList
0x9d5546d6,0x9d5546d6,pkix_pl_InfoAccess_ParseLocation
0x364c05b1,0x364c05b1,pkix_pl_InfoAccess_RegisterSelf
0xaa37bd9a,0xaa37bd9a,pkix_pl_LdapCertStore_BuildCertList
0x87e3bf0d,0x87e3bf0d,pkix_pl_LdapCertStore_BuildCrlList
0x2a617ae8,0x2a617ae8,pkix_pl_LdapCertStore_DecodeCrossCertPair
0x3a491ea1,0x3a491ea1,pkix_pl_LdapCertStore_GetCRL
0x11c5e126,0x11c5e126,pkix_pl_LdapCertStore_GetCRLContinue
0x836cbcae,0x836cbcae,pkix_pl_LdapCertStore_GetCert
0x85f93c33,0x85f93c33,pkix_pl_LdapCertStore_GetCertContinue
0xcec408ab,0xcec408ab,pkix_pl_LdapDefaultClient_BindContinue
0xcdb163dd,0xcdb163dd,pkix_pl_LdapDefaultClient_CreateHelper
0x67d5557f,0x67d5557f,pkix_pl_LdapDefaultClient_GetPollDesc
0x228e7a58,0x228e7a58,pkix_pl_LdapDefaultClient_RegisterSelf
0x672b6862,0x672b6862,pkix_pl_LdapRequest_AttrStringToBit
0xa244a34d,0xa244a34d,pkix_pl_LdapRequest_AttrTypeToBit
0xee28a6e2,0xee28a6e2,pkix_pl_LdapRequest_Create
0xb1bdaba0,0xb1bdaba0,pkix_pl_LdapRequest_GetEncoded
0x734d2dfd,0x734d2dfd,pkix_pl_LdapRequest_RegisterSelf
0x38f1f1ac,0x38f1f1ac,pkix_pl_LdapResponse_Append
0x3dba5b88,0x3dba5b88,pkix_pl_LdapResponse_Create
0x3f236658,0x3f236658,pkix_pl_LdapResponse_Decode
0xdf15cf3b,0xdf15cf3b,pkix_pl_LdapResponse_GetAttributes
0x5b8a2cc2,0x5b8a2cc2,pkix_pl_LdapResponse_GetCapacity
0x7abc68b9,0x7abc68b9,pkix_pl_LdapResponse_GetMessage
0xe005cabb,0xe005cabb,pkix_pl_LdapResponse_GetMessageType
0x5366f36e,0x5366f36e,pkix_pl_LdapResponse_GetResultCode
0xdda44729,0xdda44729,pkix_pl_LdapResponse_IsComplete
0x48994723,0x48994723,pkix_pl_LdapResponse_RegisterSelf
0xed878b44,0xed878b44,pkix_pl_MonitorLock_RegisterSelf
0xc735fb46,0xc735fb46,pkix_pl_Mutex_RegisterSelf
0x8b7ac01b,0x8b7ac01b,pkix_pl_NssContext_GetCertSignatureCheck
0xf859c100,0xf859c100,pkix_pl_NssContext_GetCertUsage
0x24de7f86,0x24de7f86,pkix_pl_NssContext_GetWincx
0x58167e27,0x58167e27,pkix_pl_NssContext_SetCertSignatureCheck
0x43c2218c,0x43c2218c,pkix_pl_NssContext_SetCertUsage
0x37f47a12,0x37f47a12,pkix_pl_NssContext_SetWincx
0x93163997,0x93163997,pkix_pl_OID_GetCriticalExtensionOIDs
0x508ac8f,0x0508ac8f,pkix_pl_OID_RegisterSelf
0x8f98c26a,0x8f98c26a,pkix_pl_Object_RegisterSelf
0xc75fe019,0xc75fe019,pkix_pl_Object_RetrieveEqualsCallback
0x9a2b4d43,0x9a2b4d43,pkix_pl_OcspCertID_RegisterSelf
0x14dd516,0x014dd516,pkix_pl_OcspRequest_Create
0x1376d3d4,0x1376d3d4,pkix_pl_OcspRequest_GetEncoded
0x4423df1b,0x4423df1b,pkix_pl_OcspRequest_GetLocation
0x27f13331,0x27f13331,pkix_pl_OcspRequest_RegisterSelf
0xb585503c,0xb585503c,pkix_pl_OcspResponse_Create
0xb6ee5b0c,0xb6ee5b0c,pkix_pl_OcspResponse_Decode
0x2ea4616c,0x2ea4616c,pkix_pl_OcspResponse_GetStatus
0x227ad261,0x227ad261,pkix_pl_OcspResponse_GetStatusForCert
0x91bdf2d7,0x91bdf2d7,pkix_pl_OcspResponse_RegisterSelf
0xe77d3faf,0xe77d3faf,pkix_pl_OcspResponse_VerifySignature
0x9c4d590a,0x9c4d590a,pkix_pl_Pk11CertStore_GetCert
0x69340491,0x69340491,pkix_pl_PrimHashTable_Add
0x54dee79c,0x54dee79c,pkix_pl_PrimHashTable_Create
0x206ac332,0x206ac332,pkix_pl_PrimHashTable_Destroy
0x20898461,0x20898461,pkix_pl_PrimHashTable_GetBucketSize
0x69acb242,0x69acb242,pkix_pl_PrimHashTable_Lookup
0x76f5a956,0x76f5a956,pkix_pl_PrimHashTable_Remove
0xe1f01f3a,0xe1f01f3a,pkix_pl_PrimHashTable_RemoveFIFO
0x652255db,0x652255db,pkix_pl_PublicKey_RegisterSelf
0xb47dfa05,0xb47dfa05,pkix_pl_RWLock_RegisterSelf
0x3a73e581,0x3a73e581,pkix_pl_Socket_Create
0xb458fcf2,0xb458fcf2,pkix_pl_Socket_CreateByHostAndPort
0x9489619d,0x9489619d,pkix_pl_Socket_CreateByName
0xa1f46896,0xa1f46896,pkix_pl_Socket_GetCallbackList
0xf30f51ce,0xf30f51ce,pkix_pl_Socket_GetPRFileDesc
0xf5faa7dc,0xf5faa7dc,pkix_pl_Socket_RegisterSelf
0xda03336a,0xda03336a,pkix_pl_String_RegisterSelf
0x7e61ccb0,0x7e61ccb0,pkix_pl_UInt32_Overflows
0x6d8f0c41,0x6d8f0c41,pkix_pl_X500Name_GetCERTName
0xe57fa9dc,0xe57fa9dc,pkix_pl_X500Name_GetCommonName
0xb0a01167,0xb0a01167,pkix_pl_X500Name_GetCountryName
0xc4a5bd0e,0xc4a5bd0e,pkix_pl_X500Name_GetDERName
0x30f25bfb,0x30f25bfb,pkix_pl_X500Name_GetOrgName
0x2329bb61,0x2329bb61,pkix_pl_X500Name_RegisterSelf
0xd0fd75a7,0xd0fd75a7,pkix_pl_helperBytes2Ascii
0x43cf425b,0x43cf425b,pkix_pl_initialized
0xcfac83fb,0xcfac83fb,pkix_pl_ipAddrBytes2Ascii
0xe85959c6,0xe85959c6,pkix_pl_lifecycle_ObjectLeakCheck
0x54dfa143,0x54dfa143,pkix_pl_oidBytes2Ascii
0x13624bbf,0x13624bbf,pkix_pl_socket_tracebuff
0xa718f05,0x0a718f05,pow
0x46d28a5f,0x46d28a5f,pstackConnect
0x6d259b68,0x6d259b68,qsort
0x58a45475,0x58a45475,rcmd
0x58a45bbf,0x58a45bbf,recv
0x87140593,0x87140593,recvfrom
0x6d302b26,0x6d302b26,rexec
0xfd01f766,0xfd01f766,rresvport
0xc29e721b,0xc29e721b,s_perror
0xde8417cd,0xde8417cd,sec_DecodeRSAPSSParams
0x104d0f25,0x104d0f25,sec_DecodeRSAPSSParamsToMechanism
0xe49fec84,0xe49fec84,sec_DecodeSigAlg
0x6afaa17e,0x6afaa17e,sec_GetEncAlgFromSigAlg
0x988db817,0x988db817,sec_pkcs5CreateAlgorithmID
0x3fc986d4,0x3fc986d4,sec_pkcs5GetCryptoFromAlgTag
0x54adc876,0x54adc876,sec_pkcs5_v2_destroy_v2_param
0xe1444dcc,0xe1444dcc,sec_pkcs5_v2_get_v2_param
0x8bce65d,0x08bce65d,seckey_GetKeyType
0x408da585,0x408da585,secmodCreateMutext
0x97e555db,0x97e555db,secmodDestroyMutext
0xc9c6d71a,0xc9c6d71a,secmodLockMutext
0x34cdd0dd,0x34cdd0dd,secmodUnlockMutext
0x6ba09117,0x6ba09117,secmod_AddModuleToList
0x3a62766d,0x3a62766d,secmod_FindModuleByFuncPtr
0x1d63e071,0x1d63e071,secmod_FindSlotFromModuleSpec
0x55fc7cd4,0x55fc7cd4,secmod_FreeChildren
0xd0c862fd,0xd0c862fd,secmod_FreeConfigList
0xc28e09fb,0xc28e09fb,secmod_GetConfigList
0x3fbbf83d,0x3fbbf83d,secmod_GetSlotIDFromModuleSpec
0x66cd0135,0x66cd0135,secmod_HandleWaitForSlotEvent
0x4e4c632d,0x4e4c632d,secmod_IsInternalKeySlot
0x83c65c62,0x83c65c62,secmod_LoadPKCS11Module
0x146e3328,0x146e3328,secmod_MatchConfigList
0xc86fbd89,0xc86fbd89,secmod_MkAppendTokensList
0x86a5ec83,0x86a5ec83,secmod_ModuleInit
0x61aa7c30,0x61aa7c30,secmod_ParseModuleSpecForTokens
0x458834fb,0x458834fb,secmod_PolicyOnly
0x1b3d83b3,0x1b3d83b3,secmod_PrivateModuleCount
0xa79a7c77,0xa79a7c77,secmod_SetInternalKeySlotFlag
0xf1d959f1,0xf1d959f1,secmod_getOperationString
0x397d8b6,0x0397d8b6,secmod_setPolicyOperation
0x1584246f,0x1584246f,select
0x58a4e979,0x58a4e979,send
0x15853b1c,0x15853b1c,sendto
0x1ad3b3a0,0x1ad3b3a0,service-winsvc-l
0xa8828a2f,0xa8828a2f,set_unexpected
0x2f27101a,0x2f27101a,sethostname
0x879528f5,0x879528f5,setipv4sourcefilter
0x7d93981e,0x7d93981e,setsockopt
0xc4dd1752,0xc4dd1752,setsourcefilter
0x7e0d907e,0x7e0d907e,sgn_DigestInfoTemplate
0x841c168b,0x841c168b,shutdown
0xa719af9,0x0a719af9,sin
0x5bff518f,0x5bff518f,sndOpenSound
0xabbb99b4,0xabbb99b4,sndPlaySoundA
0xabbb99ca,0xabbb99ca,sndPlaySoundW
0x163443d8,0x163443d8,socket
0xe02064f5,0xe02064f5,sprintf
0x69cd82e7,0x69cd82e7,sprintf_s
0x3bf602e0,0x3bf602e0,sqlite3_activate_see
0xd84f783e,0xd84f783e,sqlite3_aggregate_context
0xee5548e2,0xee5548e2,sqlite3_aggregate_count
0x7cb908a8,0x7cb908a8,sqlite3_auto_extension
0x4819bd4c,0x4819bd4c,sqlite3_autovacuum_pages
0xeafb45e9,0xeafb45e9,sqlite3_backup_finish
0xf3c36cfc,0xf3c36cfc,sqlite3_backup_init
0x78f6af6e,0x78f6af6e,sqlite3_backup_pagecount
0xd7eb8282,0xd7eb8282,sqlite3_backup_remaining
0xf3c901c4,0xf3c901c4,sqlite3_backup_step
0x7f729ce,0x07f729ce,sqlite3_bind_blob
0xe268dc78,0xe268dc78,sqlite3_bind_blob64
0xe74cc8aa,0xe74cc8aa,sqlite3_bind_double
0xfc1c9fa,0x0fc1c9fa,sqlite3_bind_int
0x75c37a4,0x075c37a4,sqlite3_bind_int64
0x7fde44a,0x07fde44a,sqlite3_bind_null
0xc7f80cb8,0xc7f80cb8,sqlite3_bind_parameter_count
0xc863c9e7,0xc863c9e7,sqlite3_bind_parameter_index
0xdf4b5f50,0xdf4b5f50,sqlite3_bind_parameter_name
0x6bce47f0,0x6bce47f0,sqlite3_bind_pointer
0x800ec14,0x0800ec14,sqlite3_bind_text
0xbec479b,0x0bec479b,sqlite3_bind_text16
0xbec483e,0x0bec483e,sqlite3_bind_text64
0x8403b8c,0x08403b8c,sqlite3_bind_value
0x3369fc4e,0x3369fc4e,sqlite3_bind_zeroblob
0xb5da4ef8,0xb5da4ef8,sqlite3_bind_zeroblob64
0xb6a648f8,0xb6a648f8,sqlite3_blob_bytes
0xb6b12d07,0xb6b12d07,sqlite3_blob_close
0x1513c4a3,0x1513c4a3,sqlite3_blob_open
0x15153a6d,0x15153a6d,sqlite3_blob_read
0xaf55777a,0xaf55777a,sqlite3_blob_reopen
0xb81e47fc,0xb81e47fc,sqlite3_blob_write
0xc66b9f93,0xc66b9f93,sqlite3_busy_handler
0x74be405c,0x74be405c,sqlite3_busy_timeout
0x1ca98a8d,0x1ca98a8d,sqlite3_cancel_auto_extension
0x900b23ac,0x900b23ac,sqlite3_changes
0xbf62c5d6,0xbf62c5d6,sqlite3_changes64
0x9470d07,0x09470d07,sqlite3_clear_bindings
0x662a66e9,0x662a66e9,sqlite3_close
0xe65a0dd0,0xe65a0dd0,sqlite3_close_v2
0x7ab46c7c,0x7ab46c7c,sqlite3_collation_needed
0xf9818203,0xf9818203,sqlite3_collation_needed16
0x9826461f,0x9826461f,sqlite3_column_blob
0x9cf64107,0x9cf64107,sqlite3_column_bytes
0xb38aa54e,0xb38aa54e,sqlite3_column_bytes16
0x9d02e329,0x9d02e329,sqlite3_column_count
0x4276f475,0x4276f475,sqlite3_column_database_name
0xbc05ec3c,0xbc05ec3c,sqlite3_column_database_name16
0xd2aef91a,0xd2aef91a,sqlite3_column_decltype
0x3a51ae21,0x3a51ae21,sqlite3_column_decltype16
0x3fb43d3b,0x3fb43d3b,sqlite3_column_double
0x2b66202b,0x2b66202b,sqlite3_column_int
0x9d6ede15,0x9d6ede15,sqlite3_column_int64
0x982caba1,0x982caba1,sqlite3_column_name
0x56061e68,0x56061e68,sqlite3_column_name16
0x2816dfa8,0x2816dfa8,sqlite3_column_origin_name
0x894d702f,0x894d702f,sqlite3_column_origin_name16
0x97f226e8,0x97f226e8,sqlite3_column_table_name
0x5d17876f,0x5d17876f,sqlite3_column_table_name16
0x98300865,0x98300865,sqlite3_column_text
0x6453bc2c,0x6453bc2c,sqlite3_column_text16
0x98305c62,0x98305c62,sqlite3_column_type
0x9e52e1fd,0x9e52e1fd,sqlite3_column_value
0x84ad67ec,0x84ad67ec,sqlite3_commit_hook
0x20e4c2f4,0x20e4c2f4,sqlite3_compileoption_get
0x3d8508c5,0x3d8508c5,sqlite3_compileoption_used
0xc86c196c,0xc86c196c,sqlite3_complete
0x93d82af3,0x93d82af3,sqlite3_complete16
0x2baccac9,0x2baccac9,sqlite3_config
0x296b0de8,0x296b0de8,sqlite3_context_db_handle
0x6022998b,0x6022998b,sqlite3_create_collation
0xf32f2ed2,0xf32f2ed2,sqlite3_create_collation16
0x5915d532,0x5915d532,sqlite3_create_collation_v2
0x27e5a0a7,0x27e5a0a7,sqlite3_create_filename
0xc82a068c,0xc82a068c,sqlite3_create_function
0x7ac5e013,0x7ac5e013,sqlite3_create_function16
0xd382ae93,0xd382ae93,sqlite3_create_function_v2
0xd23e112c,0xd23e112c,sqlite3_create_module
0x9aea3533,0x9aea3533,sqlite3_create_module_v2
0xdfbb6fc3,0xdfbb6fc3,sqlite3_create_window_function
0xdbe1df5,0x0dbe1df5,sqlite3_data_count
0xc8e84301,0xc8e84301,sqlite3_data_directory
0x3f0cec1d,0x3f0cec1d,sqlite3_database_file_object
0x1e147fae,0x1e147fae,sqlite3_db_cacheflush
0xf74c840e,0xf74c840e,sqlite3_db_config
0xeeac1ab9,0xeeac1ab9,sqlite3_db_filename
0x1f8f004,0x01f8f004,sqlite3_db_handle
0xab1f838b,0xab1f838b,sqlite3_db_mutex
0xcee22319,0xcee22319,sqlite3_db_name
0xb41f0e76,0xb41f0e76,sqlite3_db_readonly
0xa62232f1,0xa62232f1,sqlite3_db_release_memory
0x1cf2a4dc,0x1cf2a4dc,sqlite3_db_status
0xcc79eaa6,0xcc79eaa6,sqlite3_dbdata_init
0x8a2573af,0x8a2573af,sqlite3_declare_vtab
0xd5c61f24,0xd5c61f24,sqlite3_deserialize
0x1091c300,0x1091c300,sqlite3_drop_modules
0x349134d5,0x349134d5,sqlite3_enable_load_extension
0x6a574d83,0x6a574d83,sqlite3_enable_shared_cache
0x4280edb7,0x4280edb7,sqlite3_errcode
0x308fb623,0x308fb623,sqlite3_errmsg
0x9355d16a,0x9355d16a,sqlite3_errmsg16
0x2c77f203,0x2c77f203,sqlite3_error_offset
0x308fcfd5,0x308fcfd5,sqlite3_errstr
0x7776f078,0x7776f078,sqlite3_exec
0x9e21210b,0x9e21210b,sqlite3_expanded_sql
0x505f07a4,0x505f07a4,sqlite3_expired
0x14585327,0x14585327,sqlite3_extended_errcode
0x720bd8cf,0x720bd8cf,sqlite3_extended_result_codes
0xb3abb3f3,0xb3abb3f3,sqlite3_file_control
0xf8992de8,0xf8992de8,sqlite3_filename_database
0x34394c6e,0x34394c6e,sqlite3_filename_journal
0xec3a1557,0xec3a1557,sqlite3_filename_wal
0xc099f665,0xc099f665,sqlite3_finalize
0x77776355,0x77776355,sqlite3_free
0x2d536ab5,0x2d536ab5,sqlite3_free_filename
0x2f4fdd3c,0x2f4fdd3c,sqlite3_free_table
0xd276c24d,0xd276c24d,sqlite3_fts3_may_be_corrupt
0xadd4b294,0xadd4b294,sqlite3_get_autocommit
0x51c93f1a,0x51c93f1a,sqlite3_get_auxdata
0x8eed6eeb,0x8eed6eeb,sqlite3_get_clientdata
0x610cf7fa,0x610cf7fa,sqlite3_get_table
0xe5bdf279,0xe5bdf279,sqlite3_global_recover
0x1f05a7d7,0x1f05a7d7,sqlite3_hard_heap_limit64
0xb3309be5,0xb3309be5,sqlite3_initialize
0xa63abc80,0xa63abc80,sqlite3_interrupt
0x9fbbf804,0x9fbbf804,sqlite3_is_interrupted
0x39ed89c,0x039ed89c,sqlite3_key
0x3da706a3,0x3da706a3,sqlite3_key_v2
0xad4e98d5,0xad4e98d5,sqlite3_keyword_check
0xad52b500,0xad52b500,sqlite3_keyword_count
0x244e1e98,0x244e1e98,sqlite3_keyword_name
0xc412425f,0xc412425f,sqlite3_last_insert_rowid
0x94ec94f0,0x94ec94f0,sqlite3_libversion
0x7a2c4e58,0x7a2c4e58,sqlite3_libversion_number
0x66cb9492,0x66cb9492,sqlite3_limit
0xcf35918f,0xcf35918f,sqlite3_load_extension
0x39ede15,0x039ede15,sqlite3_log
0x42020b8b,0x42020b8b,sqlite3_malloc
0xcab32175,0xcab32175,sqlite3_malloc64
0x85e8f978,0x85e8f978,sqlite3_memory_alarm
0xfe5084ce,0xfe5084ce,sqlite3_memory_highwater
0x2ae3997c,0x2ae3997c,sqlite3_memory_used
0xa5abca93,0xa5abca93,sqlite3_mprintf
0x66e319fb,0x66e319fb,sqlite3_msize
0xf1b7e310,0xf1b7e310,sqlite3_mutex_alloc
0xf2017ea3,0xf2017ea3,sqlite3_mutex_enter
0xb9c29787,0xb9c29787,sqlite3_mutex_free
0xf27aec12,0xf27aec12,sqlite3_mutex_leave
0xee5b7684,0xee5b7684,sqlite3_mutex_try
0xf3e78039,0xf3e78039,sqlite3_next_stmt
0x777c4a45,0x777c4a45,sqlite3_open
0x47b7f60c,0x47b7f60c,sqlite3_open16
0x3eb783ac,0x3eb783ac,sqlite3_open_v2
0x47ead70b,0x47ead70b,sqlite3_os_end
0x4547eb08,0x4547eb08,sqlite3_os_init
0xe4b197d4,0xe4b197d4,sqlite3_overload_function
0x905d32a2,0x905d32a2,sqlite3_prepare
0x1c7469a9,0x1c7469a9,sqlite3_prepare16
0x71e61890,0x71e61890,sqlite3_prepare16_v2
0x71e61891,0x71e61891,sqlite3_prepare16_v3
0xab026ae9,0xab026ae9,sqlite3_prepare_v2
0xab026aea,0xab026aea,sqlite3_prepare_v3
0x910ccd24,0x910ccd24,sqlite3_profile
0x51792f25,0x51792f25,sqlite3_progress_handler
0xc9bc760d,0xc9bc760d,sqlite3_randomness
0xbb436d5,0x0bb436d5,sqlite3_realloc
0xc99d473f,0xc99d473f,sqlite3_realloc64
0x6735ed13,0x6735ed13,sqlite3_rekey
0x9916dbba,0x9916dbba,sqlite3_rekey_v2
0x584f04ac,0x584f04ac,sqlite3_release_memory
0x67360f16,0x67360f16,sqlite3_reset
0x9e36d8a,0x09e36d8a,sqlite3_reset_auto_extension
0x309707b0,0x309707b0,sqlite3_result_blob
0xb277bada,0xb277bada,sqlite3_result_blob64
0xb75ba70c,0xb75ba70c,sqlite3_result_double
0x43b1a05b,0x43b1a05b,sqlite3_result_error
0xf69b29a2,0xf69b29a2,sqlite3_result_error16
0x4eea5815,0x4eea5815,sqlite3_result_error_code
0x2cfc8ef6,0x2cfc8ef6,sqlite3_result_error_nomem
0xda8e6d5e,0xda8e6d5e,sqlite3_result_error_toobig
0x4f0c739c,0x4f0c739c,sqlite3_result_int
0x43f7d1c6,0x43f7d1c6,sqlite3_result_int64
0x309dc22c,0x309dc22c,sqlite3_result_null
0x3db8f292,0x3db8f292,sqlite3_result_pointer
0x322b51fd,0x322b51fd,sqlite3_result_subtype
0x30a0c9f6,0x30a0c9f6,sqlite3_result_text
0xdbfb25fd,0xdbfb25fd,sqlite3_result_text16
0xc75ca644,0xc75ca644,sqlite3_result_text16be
0xc75ca78e,0xc75ca78e,sqlite3_result_text16le
0xdbfb26a0,0xdbfb26a0,sqlite3_result_text64
0x44dbd5ae,0x44dbd5ae,sqlite3_result_value
0x42a9fb30,0x42a9fb30,sqlite3_result_zeroblob
0x95158e5a,0x95158e5a,sqlite3_result_zeroblob64
0x44aa54d,0x044aa54d,sqlite3_rollback_hook
0x9a29328c,0x9a29328c,sqlite3_rtree_geometry_callback
0xcda8e616,0xcda8e616,sqlite3_rtree_query_callback
0x52efb6fb,0x52efb6fb,sqlite3_serialize
0x7631f32b,0x7631f32b,sqlite3_set_authorizer
0x9221be26,0x9221be26,sqlite3_set_auxdata
0x55f02277,0x55f02277,sqlite3_set_clientdata
0xb77477ca,0xb77477ca,sqlite3_set_last_insert_rowid
0x849f2d2f,0x849f2d2f,sqlite3_shutdown
0x674bc2ac,0x674bc2ac,sqlite3_sleep
0x46b156c7,0x46b156c7,sqlite3_snprintf
0xd231d38a,0xd231d38a,sqlite3_soft_heap_limit
0x25f4e534,0x25f4e534,sqlite3_soft_heap_limit64
0x9f51ecb1,0x9f51ecb1,sqlite3_sourceid
0x39efc23,0x039efc23,sqlite3_sql
0x5152eb97,0x5152eb97,sqlite3_status
0xf1bc3481,0xf1bc3481,sqlite3_status64
0x777e8ccf,0x777e8ccf,sqlite3_step
0xc36744bd,0xc36744bd,sqlite3_stmt_busy
0x716ad7eb,0x716ad7eb,sqlite3_stmt_explain
0x7a7750e7,0x7a7750e7,sqlite3_stmt_isexplain
0xc404bfb8,0xc404bfb8,sqlite3_stmt_readonly
0x61d71d9e,0x61d71d9e,sqlite3_stmt_status
0x82b6b6c3,0x82b6b6c3,sqlite3_str_append
0x732f8edc,0x732f8edc,sqlite3_str_appendall
0xd9227121,0xd9227121,sqlite3_str_appendchar
0xd98d8f89,0xd98d8f89,sqlite3_str_appendf
0x1243f04f,0x1243f04f,sqlite3_str_errcode
0x8de0cf4c,0x8de0cf4c,sqlite3_str_finish
0x9b9758ad,0x9b9758ad,sqlite3_str_length
0x7cd85bf5,0x7cd85bf5,sqlite3_str_new
0x14a78bae,0x14a78bae,sqlite3_str_reset
0x14eda068,0x14eda068,sqlite3_str_value
0xeabeb09f,0xeabeb09f,sqlite3_str_vappendf
0x7cdcb7b0,0x7cdcb7b0,sqlite3_strglob
0x7cdda9f5,0x7cdda9f5,sqlite3_stricmp
0x7cdf6851,0x7cdf6851,sqlite3_strlike
0x18f082e3,0x18f082e3,sqlite3_strnicmp
0xdac23a3d,0xdac23a3d,sqlite3_system_errno
0x152111a8,0x152111a8,sqlite3_table_column_metadata
0x342f143d,0x342f143d,sqlite3_temp_directory
0x3b1c9133,0x3b1c9133,sqlite3_test_control
0xb7585a52,0xb7585a52,sqlite3_thread_cleanup
0xddf1d56a,0xddf1d56a,sqlite3_threadsafe
0x4efac44f,0x4efac44f,sqlite3_total_changes
0xf8bd1b39,0xf8bd1b39,sqlite3_total_changes64
0x67611422,0x67611422,sqlite3_trace
0x42ccdc69,0x42ccdc69,sqlite3_trace_v2
0x8c5b83c5,0x8c5b83c5,sqlite3_transfer_bindings
0x65c64ad,0x065c64ad,sqlite3_txn_state
0x9c40886a,0x9c40886a,sqlite3_unsupported_selecttrace
0xe989fee6,0xe989fee6,sqlite3_update_hook
0xe688a62,0x0e688a62,sqlite3_uri_boolean
0x6fb2b1f7,0x6fb2b1f7,sqlite3_uri_int64
0x117f9aeb,0x117f9aeb,sqlite3_uri_key
0x8bc24883,0x8bc24883,sqlite3_uri_parameter
0x53a2de4b,0x53a2de4b,sqlite3_user_data
0x5a9b4ee,0x05a9b4ee,sqlite3_value_blob
0xbae789b6,0xbae789b6,sqlite3_value_bytes
0x12f0d5bd,0x12f0d5bd,sqlite3_value_bytes16
0x1bce9bca,0x1bce9bca,sqlite3_value_double
0x4dbf5cb8,0x4dbf5cb8,sqlite3_value_dup
0xc0166e36,0xc0166e36,sqlite3_value_encoding
0x5abfeb1,0x05abfeb1,sqlite3_value_free
0xfc19d3e0,0xfc19d3e0,sqlite3_value_frombind
0x4dbf711a,0x4dbf711a,sqlite3_value_int
0xbb6026c4,0xbb6026c4,sqlite3_value_int64
0x5ae0ea92,0x5ae0ea92,sqlite3_value_nochange
0x70b4e683,0x70b4e683,sqlite3_value_numeric_type
0x308a7f10,0x308a7f10,sqlite3_value_pointer
0x24fcde7b,0x24fcde7b,sqlite3_value_subtype
0x5b37734,0x05b37734,sqlite3_value_text
0x406e1abb,0x406e1abb,sqlite3_value_text16
0x145fc282,0x145fc282,sqlite3_value_text16be
0x145fc3cc,0x145fc3cc,sqlite3_value_text16le
0x5b3cb31,0x05b3cb31,sqlite3_value_type
0x40d49459,0x40d49459,sqlite3_version
0xa94adc82,0xa94adc82,sqlite3_vfs_find
0xa3fdbda6,0xa3fdbda6,sqlite3_vfs_register
0x95116c69,0x95116c69,sqlite3_vfs_unregister
0xbe7c98a9,0xbe7c98a9,sqlite3_vmprintf
0x799be79d,0x799be79d,sqlite3_vsnprintf
0x1227bd24,0x1227bd24,sqlite3_vtab_collation
0xb9d0d8b5,0xb9d0d8b5,sqlite3_vtab_config
0x9c758f81,0x9c758f81,sqlite3_vtab_distinct
0x6294d776,0x6294d776,sqlite3_vtab_in
0x8afd771d,0x8afd771d,sqlite3_vtab_in_first
0xbe691854,0xbe691854,sqlite3_vtab_in_next
0x7eb53a22,0x7eb53a22,sqlite3_vtab_nochange
0x662fb32d,0x662fb32d,sqlite3_vtab_on_conflict
0x6d9bc808,0x6d9bc808,sqlite3_vtab_rhs_value
0xbd09c497,0xbd09c497,sqlite3_wal_autocheckpoint
0x59aab47e,0x59aab47e,sqlite3_wal_checkpoint
0x5464ef45,0x5464ef45,sqlite3_wal_checkpoint_v2
0x45697a7,0x045697a7,sqlite3_wal_hook
0xb39b6a2,0x0b39b6a2,sqlite3_win32_is_nt
0x293a7bf2,0x293a7bf2,sqlite3_win32_mbcs_to_utf8
0x9af2f239,0x9af2f239,sqlite3_win32_mbcs_to_utf8_v2
0x5d352ca5,0x5d352ca5,sqlite3_win32_set_directory
0x7f32f06c,0x7f32f06c,sqlite3_win32_set_directory16
0x3dac17d,0x03dac17d,sqlite3_win32_set_directory8
0xbeaed5e,0x0beaed5e,sqlite3_win32_sleep
0x787a65b4,0x787a65b4,sqlite3_win32_unicode_to_utf8
0x44c71df2,0x44c71df2,sqlite3_win32_utf8_to_mbcs
0xf3d45439,0xf3d45439,sqlite3_win32_utf8_to_mbcs_v2
0x780830b4,0x780830b4,sqlite3_win32_utf8_to_unicode
0x2f2e9156,0x2f2e9156,sqlite3_win32_write_debug
0x58a51d19,0x58a51d19,sqrt
0x5aeaf28a,0x5aeaf28a,srcfiles
0x167c7c6d,0x167c7c6d,sscanf
0xa78d585f,0xa78d585f,sscanf_s
0x5aa82689,0x5aa82689,stack_force_ebp
0xefffc792,0xefffc792,stackdbg
0x1696d580,0x1696d580,strcat
0x17a24232,0x17a24232,strcat_s
0x1696d665,0x1696d665,strchr
0x1696d708,0x1696d708,strcmp
0x1696d774,0x1696d774,strcpy
0x17aa9126,0x17aa9126,strcpy_s
0xe971d1fc,0xe971d1fc,strcspn
0x6508959b,0x6508959b,stringFromUserNotice
0x1696fc47,0x1696fc47,strlen
0xe977942e,0xe977942e,strncat
0x25ad6460,0x25ad6460,strncat_s
0xe97795b6,0xe97795b6,strncmp
0xe9779622,0xe9779622,strncpy
0x25b5b354,0x25b5b354,strncpy_s
0xe977baf5,0xe977baf5,strnlen
0xe978aad7,0xe978aad7,strpbrk
0xe979c697,0xe979c697,strrchr
0x16971b79,0x16971b79,strspn
0x16971c01,0x16971c01,strstr
0x18dd69c8,0x18dd69c8,strtok_s
0x16971f97,0x16971f97,strtol
0xe97b140c,0xe97b140c,strtoul
0xfafa62ec,0xfafa62ec,swprintf
0xa31eda9e,0xa31eda9e,swprintf_s
0x1da71536,0x1da71536,swscanf_s
0xa719d08,0x0a719d08,sym
0x16eed863,0x16eed863,symsrv
0xdba4b462,0xdba4b462,systemClasses
0xa719e32,0x0a719e32,tan
0x9a3977a3,0x9a3977a3,th_comment_clear
0xce622870,0xce622870,th_comment_init
0xb8612978,0xb8612978,th_decode_alloc
0x43a8b0ef,0x43a8b0ef,th_decode_free
0x4006be8d,0x4006be8d,th_decode_headerin
0x735577dc,0x735577dc,th_decode_packetin
0x702469d7,0x702469d7,th_decode_ycbcr_out
0x1b152322,0x1b152322,th_granule_frame
0x734332fc,0x734332fc,th_info_clear
0x13055ca9,0x13055ca9,th_info_init
0x2ae1ac86,0x2ae1ac86,th_packet_isheader
0x66eb4bd1,0x66eb4bd1,th_packet_iskeyframe
0x6420343c,0x6420343c,th_setup_free
0xbfdc6dda,0xbfdc6dda,tid32Message
0xc9eb5d66,0xc9eb5d66,timeBeginPeriod
0x1db87d8,0x01db87d8,timeEndPeriod
0x55a8ff44,0x55a8ff44,timeGetDevCaps
0x97f27a72,0x97f27a72,timeGetSystemTime
0x480ac1ad,0x480ac1ad,timeGetTime
0x7dfc696c,0x7dfc696c,timeKillEvent
0x5b7082cc,0x5b7082cc,timeSetEvent
0x2a5c54bb,0x2a5c54bb,tolower
0x2aff9fde,0x2aff9fde,toupper
0x8f5549d2,0x8f5549d2,towlower
0x8ff894f5,0x8ff894f5,towupper
0x49857464,0x49857464,unexpected
0x885243d8,0x885243d8,uprofiler_backtrace_into_buffer
0x91588de6,0x91588de6,uprofiler_get
0x9d31b5fd,0x9d31b5fd,uprofiler_is_active
0x832cc14c,0x832cc14c,uprofiler_native_backtrace
0x9bebd6e2,0x9bebd6e2,uprofiler_register_thread
0x51a40532,0x51a40532,uprofiler_simple_event_marker
0xc8c87aba,0xc8c87aba,uprofiler_simple_event_marker_capture_stack
0x3253b4a2,0x3253b4a2,uprofiler_simple_event_marker_with_stack
0x367c5185,0x367c5185,uprofiler_unregister_thread
0xe80f2e3c,0xe80f2e3c,vDbgPrintEx
0x7a15ef66,0x7a15ef66,vDbgPrintExWithPrefix
0xb6765d,0x00b6765d,vSetDdrawflag
0x1c426324,0x1c426324,vc7fpo
0x9d69f726,0x9d69f726,vfy_ImportPublicKey
0x23acaa27,0x23acaa27,vorbis_analysis
0xd643c0e9,0xd643c0e9,vorbis_analysis_blockout
0xfd85d280,0xfd85d280,vorbis_analysis_buffer
0xb0148127,0xb0148127,vorbis_analysis_headerout
0x3e12a81a,0x3e12a81a,vorbis_analysis_init
0x1674dd7,0x01674dd7,vorbis_analysis_wrote
0xdb430101,0xdb430101,vorbis_bitrate_addblock
0xaefc1ae7,0xaefc1ae7,vorbis_bitrate_flushpacket
0x1a79e3b4,0x1a79e3b4,vorbis_block_clear
0xf14cd661,0xf14cd661,vorbis_block_init
0x12e58059,0x12e58059,vorbis_comment_add_tag
0xbb887bbc,0xbb887bbc,vorbis_comment_clear
0xcf648d69,0xcf648d69,vorbis_comment_init
0xf6c4e4f0,0xf6c4e4f0,vorbis_dsp_clear
0x5f1d17b3,0x5f1d17b3,vorbis_encode_ctl
0xc2a44294,0xc2a44294,vorbis_encode_setup_init
0xaa8ddfcd,0xaa8ddfcd,vorbis_encode_setup_managed
0xc014b3ea,0xc014b3ea,vorbis_encode_setup_vbr
0x284605b5,0x284605b5,vorbis_info_clear
0xc32c3c42,0xc32c3c42,vorbis_info_init
0xcdfc26c0,0xcdfc26c0,vorbis_packet_blocksize
0xeaf93d6d,0xeaf93d6d,vorbis_synthesis
0x3c197e4e,0x3c197e4e,vorbis_synthesis_blockin
0xd63578c,0x0d63578c,vorbis_synthesis_headerin
0xfe7c3720,0xfe7c3720,vorbis_synthesis_init
0x9df5b9c4,0x9df5b9c4,vorbis_synthesis_pcmout
0xfe80ff28,0xfe80ff28,vorbis_synthesis_read
0xfbbab911,0xfbbab911,vorbis_synthesis_restart
0x24d1f00e,0x24d1f00e,vpx_codec_build_config
0xdc8d1389,0xdc8d1389,vpx_codec_control_
0x5ca062d4,0x5ca062d4,vpx_codec_dec_init_ver
0x8808b20d,0x8808b20d,vpx_codec_decode
0x8a4376f3,0x8a4376f3,vpx_codec_destroy
0x15529738,0x15529738,vpx_codec_enc_config_default
0xe5f3c53f,0xe5f3c53f,vpx_codec_enc_config_set
0xeaf3bfc8,0xeaf3bfc8,vpx_codec_enc_init_multi_ver
0x3dd61f7e,0x3dd61f7e,vpx_codec_enc_init_ver
0x8b00b737,0x8b00b737,vpx_codec_encode
0x77cf2d4a,0x77cf2d4a,vpx_codec_err_to_string
0x1b7e95f3,0x1b7e95f3,vpx_codec_error
0x96a76285,0x96a76285,vpx_codec_error_detail
0x9848840f,0x9848840f,vpx_codec_get_caps
0x901eb5dc,0x901eb5dc,vpx_codec_get_cx_data
0xa19861b3,0xa19861b3,vpx_codec_get_frame
0xb6b52bd0,0xb6b52bd0,vpx_codec_set_frame_buffer_functions
0xf3c8f14f,0xf3c8f14f,vpx_codec_version
0xa6a51167,0xa6a51167,vpx_codec_version_str
0xb2b4c281,0xb2b4c281,vpx_codec_vp8_cx
0xb2b4c2a2,0xb2b4c2a2,vpx_codec_vp8_dx
0xb2b54ee2,0xb2b54ee2,vpx_codec_vp9_cx
0xb2b54f03,0xb2b54f03,vpx_codec_vp9_dx
0x3ea8deb3,0x3ea8deb3,vpx_img_alloc
0xe2e12aca,0xe2e12aca,vpx_img_free
0xe2ea7cc2,0xe2ea7cc2,vpx_img_wrap
0x8bd6ee8b,0x8bd6ee8b,vsprintf
0xdd4cc9fd,0xdd4cc9fd,vsprintf_s
0x86870474,0x86870474,vswprintf_s
0xf477bcdc,0xf477bcdc,waveInAddBuffer
0x7de74f4f,0x7de74f4f,waveInClose
0x8b523800,0x8b523800,waveInGetDevCapsA
0x8b523816,0x8b523816,waveInGetDevCapsW
0xa9b8e449,0xa9b8e449,waveInGetErrorTextA
0xa9b8e45f,0xa9b8e45f,waveInGetErrorTextW
0x7e2beea6,0x7e2beea6,waveInGetID
0x7080eafb,0x7080eafb,waveInGetNumDevs
0x99a5f82e,0x99a5f82e,waveInGetPosition
0x86b300de,0x86b300de,waveInMessage
0x516abdeb,0x516abdeb,waveInOpen
0x76022671,0x76022671,waveInPrepareHeader
0x7ef2f77c,0x7ef2f77c,waveInReset
0x7f0cfec7,0x7f0cfec7,waveInStart
0x516d01bf,0x516d01bf,waveInStop
0x93e7fd14,0x93e7fd14,waveInUnprepareHeader
0x56bb7e39,0x56bb7e39,waveOutBreakLoop
0x63701f0,0x063701f0,waveOutClose
0x3a7f9f61,0x3a7f9f61,waveOutGetDevCapsA
0x3a7f9f77,0x3a7f9f77,waveOutGetDevCapsW
0xd9dda7ea,0xd9dda7ea,waveOutGetErrorTextA
0xd9dda800,0xd9dda800,waveOutGetErrorTextW
0x67ba147,0x067ba147,waveOutGetID
0x2ffe6a3c,0x2ffe6a3c,waveOutGetNumDevs
0x118e53f2,0x118e53f2,waveOutGetPitch
0x8a126b4d,0x8a126b4d,waveOutGetPlaybackRate
0x48d35f8f,0x48d35f8f,waveOutGetPosition
0x51c04392,0x51c04392,waveOutGetVolume
0x61b9dfbf,0x61b9dfbf,waveOutMessage
0x5d4e206c,0x5d4e206c,waveOutOpen
0x71c51d8,0x071c51d8,waveOutPause
0xa626ea12,0xa626ea12,waveOutPrepareHeader
0x742aa1d,0x0742aa1d,waveOutReset
0xe29d9d5f,0xe29d9d5f,waveOutRestart
0x24a44e7e,0x24a44e7e,waveOutSetPitch
0x316b9059,0x316b9059,waveOutSetPlaybackRate
0xc7958f9e,0xc7958f9e,waveOutSetVolume
0x604c2cf5,0x604c2cf5,waveOutUnprepareHeader
0x7a41ce5,0x07a41ce5,waveOutWrite
0x1eb863d4,0x1eb863d4,wcscat
0xae60b586,0xae60b586,wcscat_s
0x1eb864b9,0x1eb864b9,wcschr
0x1eb8655c,0x1eb8655c,wcscmp
0x1eb865c8,0x1eb865c8,wcscpy
0xae69047a,0xae69047a,wcscpy_s
0xf5c52ad0,0xf5c52ad0,wcscspn
0x1eb88a9b,0x1eb88a9b,wcslen
0xf5caed02,0xf5caed02,wcsncat
0x943a4234,0x943a4234,wcsncat_s
0xf5caee8a,0xf5caee8a,wcsncmp
0xf5caeef6,0xf5caeef6,wcsncpy
0x94429128,0x94429128,wcsncpy_s
0xf5cb13c9,0xf5cb13c9,wcsnlen
0xf5cc03ab,0xf5cc03ab,wcspbrk
0xf5cd1f6b,0xf5cd1f6b,wcsrchr
0x1eb8a9cd,0x1eb8a9cd,wcsspn
0x1eb8aa55,0x1eb8aa55,wcsstr
0x1eb8adeb,0x1eb8adeb,wcstol
0xaf9be601,0xaf9be601,wcstombs
0xf5ce6ce0,0xf5ce6ce0,wcstoul
0x52b685fd,0x52b685fd,wid32Message
0x78e77dfc,0x78e77dfc,winmmDbgOut
0x5987da42,0x5987da42,winmmSetDebugLevel
0xe4bcc412,0xe4bcc412,winmmbaseFreeMMEHandles
0x3278b33b,0x3278b33b,winmmbaseGetWOWHandle
0xbec299aa,0xbec299aa,winmmbaseHandle32FromHandle16
0x7de113c7,0x7de113c7,winmmbaseSetWOWHandle
0xda5b107b,0xda5b107b,wnsprintfA
0xda5b1091,0xda5b1091,wnsprintfW
0x72e2c583,0x72e2c583,wod32Message
0xca5c9887,0xca5c9887,wrapMechanismCount
0xc055375a,0xc055375a,wrapMechanismList
0x7b31314d,0x7b31314d,wsprintfA
0x7b313163,0x7b313163,wsprintfW
0x3f155e71,0x3f155e71,wvnsprintfA
0x3f155e87,0x3f155e87,wvnsprintfW
0x7e3e9883,0x7e3e9883,wvsprintfA
0x7e3e9899,0x7e3e9899,wvsprintfW
0x96a4ec56,0x96a4ec56,zeroStdVars
