HASH,HASH_W_LEADING_ZEROS,API_NAME
0x458e154d,0x458e154d,$I10_OUTPUT
0x74f44843,0x74f44843,1-1-0.AddDllDirectory
0xe42ae63e,0xe42ae63e,1-1-0.CreateRemoteThreadEx
0xb1c93890,0xb1c93890,1-1-0.DeleteProc
0x2f4589e4,0x2f4589e4,1-1-0.GetLogical
0x2928c767,0x2928c767,1-1-0.I_Query
0x7f332287,0x7f332287,1-1-0.I_Sc
0x97132011,0x97132011,1-1-0.I_ScValidate
0xaaeea577,0xaaeea577,1-1-0.InitializeProcThreadAttributeList
0x6be2593b,0x6be2593b,1-1-0.OpenProcessToken
0xd7f8a34,0x0d7f8a34,1-1-0.OpenThreadToken
0xbbcb9888,0xbbcb9888,1-1-0.RemoveDllDirectory
0x2a26993,0x02a26993,1-1-0.SetDefaultDllDirectories
0x9cb827ae,0x9cb827ae,1-1-0.SetThreadToken
0x3d6b159c,0x3d6b159c,1-1-0.SetWaitableTimerEx
0xfce5268c,0xfce5268c,1-1-0.UpdateProcThreadAttribute
0x95962fd9,0x95962fd9,??$AddMarker@UTextMarker@markers@baseprofiler@mozilla@@V?$basic_string@DU?$char_traits@D@std@@V?$allocator@D@2@@std@@@baseprofiler@mozilla@@YA?AVProfileBufferBlockIndex@1@ABV?$ProfilerStringView@D@1@ABVMarkerCategory@1@$$QAVMarkerOptions@1@UTextMarker@mark
0x5bff55c0,0x5bff55c0,??$AddMarker@UTextMarker@markers@baseprofiler@mozilla@@V?$basic_string@DU?$char_traits@D@std@@V?$allocator@D@2@@std@@@baseprofiler@mozilla@@YA?AVProfileBufferBlockIndex@1@AEBV?$ProfilerStringView@D@1@AEBVMarkerCategory@1@$$QEAVMarkerOptions@1@UTextMarker@markers@01@AEBV?$basic_string@DU?$char_traits@D@std@@V?$allocator@D@2@@std@@@Z
0xc914c504,0xc914c504,??$AddMarkerToBuffer@UNoPayload@markers@baseprofiler@mozilla@@$$V@baseprofiler@mozilla@@YA?AVProfileBufferBlockIndex@1@AAVProfileChunkedBuffer@1@ABV?$ProfilerStringView@D@1@ABVMarkerCategory@1@$$QAVMarkerOptions@1@UNoPayload@markers@01@@Z
0xddb41358,0xddb41358,??$AddMarkerToBuffer@UNoPayload@markers@baseprofiler@mozilla@@$$V@baseprofiler@mozilla@@YA?AVProfileBufferBlockIndex@1@AEAVProfileChunkedBuffer@1@AEBV?$ProfilerStringView@D@1@AEBVMarkerCategory@1@$$QEAVMarkerOptions@1@UNoPayload@markers@01@@Z
0xa378bc2f,0xa378bc2f,??$AddMarkerToBuffer@UTextMarker@markers@baseprofiler@mozilla@@V?$basic_string@DU?$char_traits@D@std@@V?$allocator@D@2@@std@@@baseprofiler@mozilla@@YA?AVProfileBufferBlockIndex@1@AAVProfileChunkedBuffer@1@ABV?$ProfilerStringView@D@1@ABVMarkerCategory@1@$$Q
0xe52ad178,0xe52ad178,??$AddMarkerToBuffer@UTextMarker@markers@baseprofiler@mozilla@@V?$basic_string@DU?$char_traits@D@std@@V?$allocator@D@2@@std@@@baseprofiler@mozilla@@YA?AVProfileBufferBlockIndex@1@AEAVProfileChunkedBuffer@1@AEBV?$ProfilerStringView@D@1@AEBVMarkerCategory@1@$$QEAVMarkerOptions@1@UTextMarker@markers@01@AEBV?$basic_string@DU?$char_traits@D@std@@V?$allocator@D@2@@std@@@Z
0x36299a28,0x36299a28,??0AutoSuppressStackWalking@@QEAA@XZ
0xc564b29c,0xc564b29c,??0AwakeTimeDuration@mozilla@@QAE@XZ
0xebfe06d0,0xebfe06d0,??0ConditionVariableImpl@detail@mozilla@@QAE@XZ
0x74cb47b1,0x74cb47b1,??0ConditionVariableImpl@detail@mozilla@@QEAA@XZ
0x586cab67,0x586cab67,??0Decimal@blink@@QAE@ABV01@@Z
0xb1e33833,0xb1e33833,??0Decimal@blink@@QAE@ABVEncodedData@01@@Z
0x7deca9d5,0x7deca9d5,??0Decimal@blink@@QAE@H@Z
0x151cdedc,0x151cdedc,??0Decimal@blink@@QAE@W4Sign@01@H_K@Z
0xbb275eed,0xbb275eed,??0Decimal@blink@@QEAA@AEBV01@@Z
0xfb0164b9,0xfb0164b9,??0Decimal@blink@@QEAA@AEBVEncodedData@01@@Z
0x66240976,0x66240976,??0Decimal@blink@@QEAA@H@Z
0x371fb7fd,0x371fb7fd,??0Decimal@blink@@QEAA@W4Sign@01@H_K@Z
0xf1eaba42,0xf1eaba42,??0LZ4FrameCompressionContext@Compression@mozilla@@QAE@HI_N0@Z
0x361c34c5,0x361c34c5,??0LZ4FrameCompressionContext@Compression@mozilla@@QEAA@H_K_N1@Z
0x5f290e0a,0x5f290e0a,??0LZ4FrameDecompressionContext@Compression@mozilla@@QAE@_N@Z
0xc196ebcb,0xc196ebcb,??0LZ4FrameDecompressionContext@Compression@mozilla@@QEAA@_N@Z
0xba2c61d6,0xba2c61d6,??0MutexImpl@detail@mozilla@@QAE@XZ
0x8c50377,0x08c50377,??0MutexImpl@detail@mozilla@@QEAA@XZ
0xa3171590,0xa3171590,??0PrintfTarget@mozilla@@IAE@XZ
0xf062e71,0x0f062e71,??0PrintfTarget@mozilla@@IEAA@XZ
0x1f9ec252,0x1f9ec252,??0RLBoxSoundTouch@mozilla@@QEAA@XZ
0x6ec95b5,0x06ec95b5,??0RWLockImpl@detail@mozilla@@QAE@XZ
0x2a05d7a0,0x2a05d7a0,??0SHA1Sum@mozilla@@QAE@XZ
0x73cd3281,0x73cd3281,??0SHA1Sum@mozilla@@QEAA@XZ
0x2d04b240,0x2d04b240,??0SoundTouch@soundtouch@@QAE@ABV01@@Z
0x39e6005e,0x39e6005e,??0SoundTouch@soundtouch@@QAE@XZ
0xd26bba8e,0xd26bba8e,??0TimeStampValue@mozilla@@AAE@_K0_N@Z
0xdab95500,0xdab95500,??0TimeStampValue@mozilla@@AEAA@_K0_N1@Z
0xa6967859,0xa6967859,??0UniqueJSONStrings@baseprofiler@mozilla@@QAE@ABV012@VProgressLogger@2@W4CollectionStyle@JSONWriter@2@@Z
0x73fd20d0,0x73fd20d0,??0UniqueJSONStrings@baseprofiler@mozilla@@QAE@W4CollectionStyle@JSONWriter@2@@Z
0x7d52bde2,0x7d52bde2,??0UniqueJSONStrings@baseprofiler@mozilla@@QEAA@AEBV012@W4CollectionStyle@JSONWriter@2@@Z
0x4cb05e71,0x4cb05e71,??0UniqueJSONStrings@baseprofiler@mozilla@@QEAA@W4CollectionStyle@JSONWriter@2@@Z
0xd871fe38,0xd871fe38,??0__non_rtti_object@@QAE@ABV0@@Z
0x2ab1b45,0x02ab1b45,??0__non_rtti_object@@QAE@PBD@Z
0xd8b674d8,0xd8b674d8,??0bad_cast@@AAE@PBQBD@Z
0xabd83999,0xabd83999,??0bad_cast@@QAE@ABQBD@Z
0xac28c448,0xac28c448,??0bad_cast@@QAE@ABV0@@Z
0x12d91d55,0x12d91d55,??0bad_cast@@QAE@PBD@Z
0x4760d1cc,0x4760d1cc,??0bad_typeid@@QAE@ABV0@@Z
0x6ee7f9d9,0x6ee7f9d9,??0bad_typeid@@QAE@PBD@Z
0x85ca4917,0x85ca4917,??0exception@@QAE@ABQBD@Z
0x861ad3c6,0x861ad3c6,??0exception@@QAE@ABV0@@Z
0x4759b8b5,0x4759b8b5,??0exception@@QAE@XZ
0x6e59de49,0x6e59de49,??1AutoSuppressStackWalking@@QEAA@XZ
0x9a5ad451,0x9a5ad451,??1ConditionVariableImpl@detail@mozilla@@QAE@XZ
0xeec1c552,0xeec1c552,??1ConditionVariableImpl@detail@mozilla@@QEAA@XZ
0xf97d7a0d,0xf97d7a0d,??1LZ4FrameCompressionContext@Compression@mozilla@@QAE@XZ
0x3239228e,0x3239228e,??1LZ4FrameCompressionContext@Compression@mozilla@@QEAA@XZ
0x1b24ff96,0x1b24ff96,??1LZ4FrameDecompressionContext@Compression@mozilla@@QAE@XZ
0x88d15937,0x88d15937,??1LZ4FrameDecompressionContext@Compression@mozilla@@QEAA@XZ
0xcb6425d7,0xcb6425d7,??1MutexImpl@detail@mozilla@@QAE@XZ
0x40f54798,0x40f54798,??1MutexImpl@detail@mozilla@@QEAA@XZ
0x2ff2b6bd,0x2ff2b6bd,??1ProfilingStack@baseprofiler@mozilla@@QAE@XZ
0x3755f53e,0x3755f53e,??1ProfilingStack@baseprofiler@mozilla@@QEAA@XZ
0x30d68653,0x30d68653,??1RLBoxSoundTouch@mozilla@@QEAA@XZ
0x3f1cd9d6,0x3f1cd9d6,??1RWLockImpl@detail@mozilla@@QAE@XZ
0xdcd3fe83,0xdcd3fe83,??1SoundTouch@soundtouch@@UAE@XZ
0x4e32aff8,0x4e32aff8,??1UniqueJSONStrings@baseprofiler@mozilla@@QAE@XZ
0x1d9515d9,0x1d9515d9,??1UniqueJSONStrings@baseprofiler@mozilla@@QEAA@XZ
0xdd95698c,0xdd95698c,??1__non_rtti_object@@UAE@XZ
0xd51b547c,0xd51b547c,??1bad_cast@@UAE@XZ
0xf37063c0,0xf37063c0,??1bad_typeid@@UAE@XZ
0x3ec47d5a,0x3ec47d5a,??1exception@@UAE@XZ
0xa767e098,0xa767e098,??1type_info@@UAE@XZ
0x6af66605,0x6af66605,??2@YAPAXI@Z
0xc10efcc,0x0c10efcc,??2@YAPAXIABUnothrow_t@std@@@Z
0x82ad4ed5,0x82ad4ed5,??3@YAXPAX@Z
0x3364ec9c,0x3364ec9c,??3@YAXPAXABUnothrow_t@std@@@Z
0xd8574cbe,0xd8574cbe,??3@YAXPAXI@Z
0x2d69fd04,0x2d69fd04,??4Decimal@blink@@QAEAAV01@ABV01@@Z
0x7bad896f,0x7bad896f,??4Decimal@blink@@QEAAAEAV01@AEBV01@@Z
0xa226f77d,0xa226f77d,??4SoundTouch@soundtouch@@QAEAAV01@ABV01@@Z
0xe6fc4e24,0xe6fc4e24,??4__non_rtti_object@@QAEAAV0@ABV0@@Z
0x696f47b4,0x696f47b4,??4bad_cast@@QAEAAV0@ABV0@@Z
0x231fa838,0x231fa838,??4bad_typeid@@QAEAAV0@ABV0@@Z
0x961276b2,0x961276b2,??4exception@@QAEAAV0@ABV0@@Z
0x58586ef4,0x58586ef4,??8AwakeTimeDuration@mozilla@@QBE_NABV01@@Z
0x76af7c93,0x76af7c93,??8AwakeTimeStamp@mozilla@@QBE_NABV01@@Z
0x1829407d,0x1829407d,??8Decimal@blink@@QBE_NABV01@@Z
0x782cc3e3,0x782cc3e3,??8Decimal@blink@@QEBA_NAEBV01@@Z
0xf3ba1bf5,0xf3ba1bf5,??8type_info@@QBEHABV0@@Z
0x6b90a3f5,0x6b90a3f5,??9AwakeTimeDuration@mozilla@@QBE_NABV01@@Z
0x17b6e934,0x17b6e934,??9AwakeTimeStamp@mozilla@@QBE_NABV01@@Z
0xee452bfe,0xee452bfe,??9Decimal@blink@@QBE_NABV01@@Z
0x44f193a4,0x44f193a4,??9Decimal@blink@@QEBA_NAEBV01@@Z
0xbbefbab6,0xbbefbab6,??9type_info@@QBEHABV0@@Z
0xd69aefb3,0xd69aefb3,??DDecimal@blink@@QBE?AV01@ABV01@@Z
0x4cf163d9,0x4cf163d9,??DDecimal@blink@@QEBA?AV01@AEBV01@@Z
0x47ed5c2d,0x47ed5c2d,??GAwakeTimeDuration@mozilla@@QBE?AV01@ABV01@@Z
0xbb9a041a,0xbb9a041a,??GAwakeTimeStamp@mozilla@@QBE?AVAwakeTimeDuration@1@ABV01@@Z
0xa423bb6,0x0a423bb6,??GDecimal@blink@@QBE?AV01@ABV01@@Z
0x826f2954,0x826f2954,??GDecimal@blink@@QBE?AV01@XZ
0x79bbc9c,0x079bbc9c,??GDecimal@blink@@QEBA?AV01@AEBV01@@Z
0x6cc24c55,0x6cc24c55,??GDecimal@blink@@QEBA?AV01@XZ
0x36421533,0x36421533,??GTimeStampValue@mozilla@@QBE_KABV01@@Z
0x3c40a79,0x03c40a79,??GTimeStampValue@mozilla@@QEBA_KAEBV01@@Z
0xf64a29ae,0xf64a29ae,??HAwakeTimeDuration@mozilla@@QBE?AV01@ABV01@@Z
0xde51981b,0xde51981b,??HAwakeTimeStamp@mozilla@@QBE?AV01@ABVAwakeTimeDuration@1@@Z
0x1b79ffb7,0x1b79ffb7,??HDecimal@blink@@QBE?AV01@ABV01@@Z
0x45d484dd,0x45d484dd,??HDecimal@blink@@QEBA?AV01@AEBV01@@Z
0x4f214bba,0x4f214bba,??KDecimal@blink@@QBE?AV01@ABV01@@Z
0x7edda0,0x007edda0,??KDecimal@blink@@QEBA?AV01@AEBV01@@Z
0xebf4c809,0xebf4c809,??MAwakeTimeDuration@mozilla@@QBE_NABV01@@Z
0xac4b65c8,0xac4b65c8,??MAwakeTimeStamp@mozilla@@QBE_NABV01@@Z
0xa8739212,0xa8739212,??MDecimal@blink@@QBE_NABV01@@Z
0x4451ceb8,0x4451ceb8,??MDecimal@blink@@QEBA_NAEBV01@@Z
0xff2cfd0a,0xff2cfd0a,??NAwakeTimeDuration@mozilla@@QBE_NABV01@@Z
0x4d52d269,0x4d52d269,??NAwakeTimeStamp@mozilla@@QBE_NABV01@@Z
0x7e8f7d93,0x7e8f7d93,??NDecimal@blink@@QBE_NABV01@@Z
0x11169e79,0x11169e79,??NDecimal@blink@@QEBA_NAEBV01@@Z
0x1265320b,0x1265320b,??OAwakeTimeDuration@mozilla@@QBE_NABV01@@Z
0xee5a3f0a,0xee5a3f0a,??OAwakeTimeStamp@mozilla@@QBE_NABV01@@Z
0x54ab6914,0x54ab6914,??ODecimal@blink@@QBE_NABV01@@Z
0xdddb6e3a,0xdddb6e3a,??ODecimal@blink@@QEBA_NAEBV01@@Z
0x259d670c,0x259d670c,??PAwakeTimeDuration@mozilla@@QBE_NABV01@@Z
0x8f61abab,0x8f61abab,??PAwakeTimeStamp@mozilla@@QBE_NABV01@@Z
0x2ac75495,0x2ac75495,??PDecimal@blink@@QBE_NABV01@@Z
0xaaa03dfb,0xaaa03dfb,??PDecimal@blink@@QEBA_NAEBV01@@Z
0x9b1966a8,0x9b1966a8,??RFileHandleDeleter@detail@mozilla@@QAEXUFileHandleHelper@12@@Z
0x2530ca9,0x02530ca9,??RFileHandleDeleter@detail@mozilla@@QEAAXUFileHandleHelper@12@@Z
0x6c6c6b5d,0x6c6c6b5d,??RProfilerBacktraceDestructor@baseprofiler@mozilla@@QAEXPAVProfilerBacktrace@12@@Z
0xac99f403,0xac99f403,??RProfilerBacktraceDestructor@baseprofiler@mozilla@@QEAAXPEAVProfilerBacktrace@12@@Z
0x99418d28,0x99418d28,??XDecimal@blink@@QAEAAV01@ABV01@@Z
0x3b2ed713,0x3b2ed713,??XDecimal@blink@@QEAAAEAV01@AEBV01@@Z
0x85672f1f,0x85672f1f,??YAwakeTimeDuration@mozilla@@QAEXABV01@@Z
0xb694e3ec,0xb694e3ec,??YAwakeTimeStamp@mozilla@@QAEXABVAwakeTimeDuration@1@@Z
0xaa795129,0xaa795129,??YDecimal@blink@@QAEAAV01@ABV01@@Z
0x4080a774,0x4080a774,??YDecimal@blink@@QEAAAEAV01@AEBV01@@Z
0xf4752ce2,0xf4752ce2,??YTimeStampValue@mozilla@@QAEAAV01@_J@Z
0xf7770688,0xf7770688,??YTimeStampValue@mozilla@@QEAAAEAV01@_J@Z
0x85fc4800,0x85fc4800,??ZAwakeTimeDuration@mozilla@@QAEXABV01@@Z
0xcbfb728d,0xcbfb728d,??ZAwakeTimeStamp@mozilla@@QAEXABVAwakeTimeDuration@1@@Z
0xbbb1152a,0xbbb1152a,??ZDecimal@blink@@QAEAAV01@ABV01@@Z
0x45d277d5,0x45d277d5,??ZDecimal@blink@@QEAAAEAV01@AEBV01@@Z
0x957c9983,0x957c9983,??ZTimeStampValue@mozilla@@QAEAAV01@_J@Z
0xf80c1f69,0xf80c1f69,??ZTimeStampValue@mozilla@@QEAAAEAV01@_J@Z
0xc819b2df,0xc819b2df,??_0Decimal@blink@@QAEAAV01@ABV01@@Z
0x2fb5356a,0x2fb5356a,??_0Decimal@blink@@QEAAAEAV01@AEBV01@@Z
0x96101693,0x96101693,??_7SoundTouch@soundtouch@@6B@
0xb17debbc,0xb17debbc,??_7__non_rtti_object@@6B@
0x2130a70c,0x2130a70c,??_7bad_cast@@6B@
0xf59ff210,0xf59ff210,??_7bad_typeid@@6B@
0x9d300d4a,0x9d300d4a,??_7exception@@6B@
0xfea6372,0x0fea6372,??_FDecimal@blink@@QAEXXZ
0x16367593,0x16367593,??_FDecimal@blink@@QEAAXXZ
0xbcd15ba2,0xbcd15ba2,??_FLZ4FrameDecompressionContext@Compression@mozilla@@QAEXXZ
0x5ffc73c3,0x5ffc73c3,??_FLZ4FrameDecompressionContext@Compression@mozilla@@QEAAXXZ
0xa9314b04,0xa9314b04,??_FUniqueJSONStrings@baseprofiler@mozilla@@QAEXXZ
0xd85a4f65,0xd85a4f65,??_FUniqueJSONStrings@baseprofiler@mozilla@@QEAAXXZ
0x87b8a04,0x087b8a04,??_Fbad_cast@@QAEXXZ
0x25b4e648,0x25b4e648,??_Fbad_typeid@@QAEXXZ
0xf4add247,0xf4add247,??_U@YAPAXI@Z
0xa8f9b88e,0xa8f9b88e,??_U@YAPAXIABUnothrow_t@std@@@Z
0xc64bb17,0x0c64bb17,??_V@YAXPAX@Z
0xd04db55e,0xd04db55e,??_V@YAXPAXABUnothrow_t@std@@@Z
0x98fc4140,0x98fc4140,??_V@YAXPAXI@Z
0x811890cf,0x811890cf,?AddRef@PageInformation@baseprofiler@mozilla@@QBEXXZ
0xaae73e70,0xaae73e70,?AddRef@PageInformation@baseprofiler@mozilla@@QEBAXXZ
0x3b27d3d0,0x3b27d3d0,?AddRef@ThreadInfo@baseprofiler@mozilla@@QBEXXZ
0xa6dee191,0xa6dee191,?AddRef@ThreadInfo@baseprofiler@mozilla@@QEBAXXZ
0x4d966fa6,0x4d966fa6,?BeginCompressing@LZ4FrameCompressionContext@Compression@mozilla@@QAE?AV?$Result@V?$Span@$$CBD$0PPPPPPPP@@mozilla@@I@3@V?$Span@D$0PPPPPPPP@@3@@Z
0xc0d6d846,0xc0d6d846,?BeginCompressing@LZ4FrameCompressionContext@Compression@mozilla@@QEAA?AV?$Result@V?$Span@$$CBD$0?0@mozilla@@_K@3@V?$Span@D$0?0@3@@Z
0x8904e817,0x8904e817,?BeginProcessRuntimeInit@detail@mscom@mozilla@@YAAAW4ProcessInitState@123@XZ
0xfbdf6754,0xfbdf6754,?BeginProcessRuntimeInit@detail@mscom@mozilla@@YAAEA_NXZ
0x15c84d66,0x15c84d66,?CacheNtDllThunk@mozilla@@YAXXZ
0x5d9525c1,0x5d9525c1,?CheckQPC@TimeStampValue@mozilla@@ABE_KABV12@@Z
0xfce0b607,0xfce0b607,?CheckQPC@TimeStampValue@mozilla@@AEBA_KAEBV12@@Z
0xfc3ba5f5,0xfc3ba5f5,?CleanupProcessRuntime@mozilla@@YAXXZ
0x5a3a802a,0x5a3a802a,?ComputeProcessUptime@TimeStamp@mozilla@@CA_KXZ
0x578fb7f0,0x578fb7f0,?ConsumePreXULSkeletonUIHandle@mozilla@@YAPAUHWND__@@XZ
0x73d4b6d5,0x73d4b6d5,?ConsumePreXULSkeletonUIHandle@mozilla@@YAPEAUHWND__@@XZ
0xadd8e13,0x0add8e13,?ContinueCompressing@LZ4FrameCompressionContext@Compression@mozilla@@QAE?AV?$Result@V?$Span@$$CBD$0PPPPPPPP@@mozilla@@I@3@V?$Span@$$CBD$0PPPPPPPP@@3@@Z
0x58b43d3,0x058b43d3,?ContinueCompressing@LZ4FrameCompressionContext@Compression@mozilla@@QEAA?AV?$Result@V?$Span@$$CBD$0?0@mozilla@@_K@3@V?$Span@$$CBD$0?0@3@@Z
0xe5b431d8,0xe5b431d8,?CreateAndStorePreXULSkeletonUI@mozilla@@YAXPAUHINSTANCE__@@HPAPAD@Z
0xbede9927,0xbede9927,?CreateAndStorePreXULSkeletonUI@mozilla@@YAXPEAUHINSTANCE__@@HPEAPEAD@Z
0x2e22b630,0x2e22b630,?CreateDecimalRepresentation@DoubleToStringConverter@double_conversion@@ABEXPBDHHHPAVStringBuilder@2@@Z
0xbe3cc59b,0xbe3cc59b,?CreateDecimalRepresentation@DoubleToStringConverter@double_conversion@@AEBAXPEBDHHHPEAVStringBuilder@2@@Z
0xe60ba2e0,0xe60ba2e0,?CreateExponentialRepresentation@DoubleToStringConverter@double_conversion@@ABEXPBDHHPAVStringBuilder@2@@Z
0x783b9d8b,0x783b9d8b,?CreateExponentialRepresentation@DoubleToStringConverter@double_conversion@@AEBAXPEBDHHPEAVStringBuilder@2@@Z
0x17e6e0ce,0x17e6e0ce,?Decompress@LZ4FrameDecompressionContext@Compression@mozilla@@QAE?AV?$Result@ULZ4FrameDecompressionResult@Compression@mozilla@@I@3@V?$Span@D$0PPPPPPPP@@3@V?$Span@$$CBD$0PPPPPPPP@@3@@Z
0xed8b114e,0xed8b114e,?Decompress@LZ4FrameDecompressionContext@Compression@mozilla@@QEAA?AV?$Result@ULZ4FrameDecompressionResult@Compression@mozilla@@_K@3@V?$Span@D$0?0@3@V?$Span@$$CBD$0?0@3@@Z
0x6170e634,0x6170e634,?DeserializerForTag@Streaming@base_profiler_markers_detail@mozilla@@SAP6AXAAVProfileBufferEntryReader@3@AAVSpliceableJSONWriter@baseprofiler@3@@ZE@Z
0xf798a7e,0x0f798a7e,?DeserializerForTag@Streaming@base_profiler_markers_detail@mozilla@@SAP6AXAEAVProfileBufferEntryReader@3@AEAVSpliceableJSONWriter@baseprofiler@3@@ZE@Z
0x66c0800b,0x66c0800b,?DllBlocklist_CheckStatus@@YA_NXZ
0x5075db57,0x5075db57,?DllBlocklist_Initialize@@YAXI@Z
0x6cb29784,0x6cb29784,?DllBlocklist_SetBasicDllServices@@YAXPAVDllServicesBase@detail@glue@mozilla@@@Z
0xf0fef169,0xf0fef169,?DllBlocklist_SetBasicDllServices@@YAXPEAVDllServicesBase@detail@glue@mozilla@@@Z
0x6fa320d5,0x6fa320d5,?DllBlocklist_SetFullDllServices@@YAXPAVDllServicesBase@detail@glue@mozilla@@@Z
0x5200a4da,0x5200a4da,?DllBlocklist_SetFullDllServices@@YAXPEAVDllServicesBase@detail@glue@mozilla@@@Z
0x5588f344,0x5588f344,?DllBlocklist_WriteNotes@@YAXAAVAnnotationWriter@CrashReporter@@@Z
0x4b5394e9,0x4b5394e9,?DllBlocklist_WriteNotes@@YAXAEAVAnnotationWriter@CrashReporter@@@Z
0x10089d20,0x10089d20,?DoubleToAscii@DoubleToStringConverter@double_conversion@@SAXNW4DtoaMode@12@HPADHPA_NPAH3@Z
0x2aff214f,0x2aff214f,?DoubleToAscii@DoubleToStringConverter@double_conversion@@SAXNW4DtoaMode@12@HPEADHPEA_NPEAH3@Z
0x2916c960,0x2916c960,?EcmaScriptConverter@DoubleToStringConverter@double_conversion@@SAABV12@XZ
0x635d6865,0x635d6865,?EcmaScriptConverter@DoubleToStringConverter@double_conversion@@SAAEBV12@XZ
0x1de334ba,0x1de334ba,?EndCompressing@LZ4FrameCompressionContext@Compression@mozilla@@QAE?AV?$Result@V?$Span@$$CBD$0PPPPPPPP@@mozilla@@I@3@XZ
0xc059670b,0xc059670b,?EndCompressing@LZ4FrameCompressionContext@Compression@mozilla@@QEAA?AV?$Result@V?$Span@$$CBD$0?0@mozilla@@_K@3@XZ
0xad27666a,0xad27666a,?EndProcessRuntimeInit@detail@mscom@mozilla@@YAXXZ
0x23c7e868,0x23c7e868,?EnsureBufferForMainThreadAddMarker@base_profiler_markers_detail@mozilla@@YAXXZ
0xc292ccf2,0xc292ccf2,?ExtractBaseProfilerChunkManager@detail@baseprofiler@mozilla@@YA?AV?$UniquePtr@VProfileBufferChunkManagerWithLocalLimit@mozilla@@V?$DefaultDelete@VProfileBufferChunkManagerWithLocalLimit@mozilla@@@2@@3@XZ
0xbfe4c0a3,0xbfe4c0a3,?FilterHasPid@detail@profiler@mozilla@@YA_NPBDVBaseProfilerProcessId@baseprofiler@3@@Z
0xed212597,0xed212597,?FiltersExcludePid@detail@profiler@mozilla@@YA_NV?$Span@QBD$0PPPPPPPP@@3@VBaseProfilerProcessId@baseprofiler@3@@Z
0x9a71b0d5,0x9a71b0d5,?FirstTimeStamp@TimeStamp@mozilla@@SA?AV12@XZ
0x4c26414,0x04c26414,?FormatToStringSpan@MarkerSchema@mozilla@@CA?AV?$Span@$$CBD$0?0@2@W4Format@12@@Z
0x1d204465,0x1d204465,?FormatToStringSpan@MarkerSchema@mozilla@@CA?AV?$Span@$$CBD$0PPPPPPPP@@2@W4Format@12@@Z
0x66bc3b51,0x66bc3b51,?FramePointerStackWalk@mozilla@@YAXP6AXIPAX00@ZI0PAPAX0@Z
0x5c3ce900,0x5c3ce900,?FramePointerStackWalk@mozilla@@YAXP6AXIPEAX00@ZI0PEAPEAX0@Z
0xf5106b62,0xf5106b62,?GenerateRandomBytesFromOS@mozilla@@YA_NPAXI@Z
0x4a820e35,0x4a820e35,?GetAccessibilityResource@ActCtxResource@mscom@mozilla@@SA?AU123@XZ
0xb5cd55de,0xb5cd55de,?GetAccessibilityResourceId@ActCtxResource@mscom@mozilla@@SAGXZ
0xf21a6985,0xf21a6985,?GetCachedNtDllThunk@mozilla@@YAPAV?$Buffer@U_IMAGE_THUNK_DATA32@@@1@XZ
0x2efb2394,0x2efb2394,?GetClearedBufferForMainThreadAddMarker@base_profiler_markers_detail@mozilla@@YAPAVProfileChunkedBuffer@2@XZ
0x353d99ad,0x353d99ad,?GetFuzzyfoxEnabled@TimeStamp@mozilla@@SA_NXZ
0x912d3131,0x912d3131,?GetOrAddIndex@UniqueJSONStrings@baseprofiler@mozilla@@AAEIABV?$Span@$$CBD$0PPPPPPPP@@3@@Z
0x8a768686,0x8a768686,?GetOrAddIndex@UniqueJSONStrings@baseprofiler@mozilla@@AEAAIAEBV?$Span@$$CBD$0?0@3@@Z
0xd52c2f0d,0xd52c2f0d,?GetPreXULSkeletonUIEnabled@mozilla@@YA_NXZ
0xd33e834f,0xd33e834f,?GetPreXULSkeletonUIErrorReason@mozilla@@YA?AV?$Maybe@W4PreXULSkeletonUIError@mozilla@@@1@XZ
0x4daf863c,0x4daf863c,?GetPreXULSkeletonUIWasShown@mozilla@@YA_NXZ
0x9e17a77e,0x9e17a77e,?GetProfilerEnvVarsForChildProcess@baseprofiler@mozilla@@YAX$$QAV?$function@$$A6AXPBD0@Z@std@@@Z
0xdbd60aa8,0xdbd60aa8,?GetProfilerEnvVarsForChildProcess@baseprofiler@mozilla@@YAX$$QEAV?$function@$$A6AXPEBD0@Z@std@@@Z
0x2137c015,0x2137c015,?GetProfilingCategoryPairInfo@baseprofiler@mozilla@@YAABUProfilingCategoryPairInfo@12@W4ProfilingCategoryPair@12@@Z
0x3f3b5dba,0x3f3b5dba,?GetProfilingCategoryPairInfo@baseprofiler@mozilla@@YAAEBUProfilingCategoryPairInfo@12@W4ProfilingCategoryPair@12@@Z
0xc83ea252,0xc83ea252,?GetProfilingStack@AutoProfilerLabel@baseprofiler@mozilla@@SAPAVProfilingStack@23@XZ
0xf869e0d7,0xf869e0d7,?GetProfilingStack@AutoProfilerLabel@baseprofiler@mozilla@@SAPEAVProfilingStack@23@XZ
0x4140fae7,0x4140fae7,?GetProfilingStartTime@detail@baseprofiler@mozilla@@YA?AVTimeStamp@3@XZ
0x15c6a058,0x15c6a058,?GetQueryPerformanceFrequencyPerSec@mozilla@@YA_KXZ
0x586623e2,0x586623e2,?GetThreadRegistrationTime@detail@baseprofiler@mozilla@@YA?AVTimeStamp@3@XZ
0xf83183ec,0xf83183ec,?HandleSpecialValues@DoubleToStringConverter@double_conversion@@ABE_NNPAVStringBuilder@2@@Z
0x6e1f39d2,0x6e1f39d2,?HandleSpecialValues@DoubleToStringConverter@double_conversion@@AEBA_NNPEAVStringBuilder@2@@Z
0x3e4bc7a1,0x3e4bc7a1,?HashBytes@mozilla@@YAIPBXI@Z
0xb519a467,0xb519a467,?HashBytes@mozilla@@YAIPEBX_K@Z
0xb0226364,0xb0226364,?Init@RLBoxSoundTouch@mozilla@@QEAA_NXZ
0xe7dd8b10,0xe7dd8b10,?InitializeUptime@mozilla@@YAXXZ
0x7fcc15d9,0x7fcc15d9,?InitializeWin64ProfilerHooks@baseprofiler@mozilla@@YAXXZ
0x7b373ba5,0x7b373ba5,?InvalidArrayIndex_CRASH@detail@mozilla@@YAXII@Z
0x885d88f0,0x885d88f0,?IsActive@RacyFeatures@detail@baseprofiler@mozilla@@SA_NXZ
0xc8c856c3,0xc8c856c3,?IsActiveAndSamplingUnpaused@RacyFeatures@detail@baseprofiler@mozilla@@SA_NXZ
0x932db508,0x932db508,?IsActiveAndUnpaused@RacyFeatures@detail@baseprofiler@mozilla@@SA_NXZ
0x77926a9,0x077926a9,?IsActiveWithFeature@RacyFeatures@detail@baseprofiler@mozilla@@SA_NI@Z
0x759232f3,0x759232f3,?IsDynamicCodeDisabled@mozilla@@YA_NXZ
0x6fc30676,0x6fc30676,?IsEafPlusEnabled@mozilla@@YA_NXZ
0x91ff5fb8,0x91ff5fb8,?IsFloat32Representable@mozilla@@YA_NN@Z
0xf7c9ffde,0xf7c9ffde,?IsThreadBeingProfiled@detail@baseprofiler@mozilla@@YA_NXZ
0x8c124220,0x8c124220,?IsValidUtf8@detail@mozilla@@YA_NPBXI@Z
0x8e68baa6,0x8e68baa6,?IsValidUtf8@detail@mozilla@@YA_NPEBX_K@Z
0x81017e63,0x81017e63,?IsWin32kLockedDown@mozilla@@YA_NXZ
0xd0ec6f4,0x0d0ec6f4,?LocationToStringSpan@MarkerSchema@mozilla@@CA?AV?$Span@$$CBD$0?0@2@W4Location@12@@Z
0x65ad2185,0x65ad2185,?LocationToStringSpan@MarkerSchema@mozilla@@CA?AV?$Span@$$CBD$0PPPPPPPP@@2@W4Location@12@@Z
0x9d5e4171,0x9d5e4171,?MapRemoteViewOfFile@mozilla@@YAPAXPAX0_K0KKK@Z
0x66e9d0c1,0x66e9d0c1,?MapRemoteViewOfFile@mozilla@@YAPEAXPEAX0_K01KK@Z
0x2f03ad5a,0x2f03ad5a,?MarkerTypeFunctionsArray@Streaming@base_profiler_markers_detail@mozilla@@SA?AV?$Span@$$CBUMarkerTypeFunctions@Streaming@base_profiler_markers_detail@mozilla@@$0?0@3@XZ
0x69d2d7ab,0x69d2d7ab,?MarkerTypeFunctionsArray@Streaming@base_profiler_markers_detail@mozilla@@SA?AV?$Span@$$CBUMarkerTypeFunctions@Streaming@base_profiler_markers_detail@mozilla@@$0PPPPPPPP@@3@XZ
0xb28acc1d,0xb28acc1d,?MozDescribeCodeAddress@@YA_NPEAXPEAUMozCodeAddressDetails@@@Z
0x61cae186,0x61cae186,?MozFormatCodeAddress@@YAXPEADIIPEBXPEBD2_J2I@Z
0x201e0d43,0x201e0d43,?MozFormatCodeAddressDetails@@YAXPEADIIPEAXPEBUMozCodeAddressDetails@@@Z
0x907a0aa7,0x907a0aa7,?MozStackWalk@@YAXP6AXIPEAX00@ZII0@Z
0xd92172ab,0xd92172ab,?MozStackWalkThread@@YAXP6AXIPAX00@ZI00PAU_CONTEXT@@@Z
0xd8a24fd5,0xd8a24fd5,?MozStackWalkThread@@YAXP6AXIPEAX00@ZI00PEAU_CONTEXT@@@Z
0x70b6a68,0x070b6a68,?NotePreXULSkeletonUIRestarting@mozilla@@YA?AV?$Result@UOk@mozilla@@W4PreXULSkeletonUIError@2@@1@XZ
0xeea03532,0xeea03532,?Now@TimeStamp@mozilla@@CA?AV12@_N@Z
0x92585ee6,0x92585ee6,?NowFuzzy@TimeStamp@mozilla@@CA?AV12@VTimeStampValue@2@@Z
0xc6d4bb14,0xc6d4bb14,?NowFuzzyTime@TimeStamp@mozilla@@SA_JXZ
0x14b7233b,0x14b7233b,?NowLoRes@AwakeTimeStamp@mozilla@@SA?AV12@XZ
0xccbe75ad,0xccbe75ad,?NowUnfuzzed@TimeStamp@mozilla@@CA?AV12@_N@Z
0x6daeefee,0x6daeefee,?PersistPreXULSkeletonUIValues@mozilla@@YA?AV?$Result@UOk@mozilla@@W4PreXULSkeletonUIError@2@@1@ABUSkeletonUISettings@1@@Z
0x1ca89ad3,0x1ca89ad3,?PersistPreXULSkeletonUIValues@mozilla@@YA?AV?$Result@UOk@mozilla@@W4PreXULSkeletonUIError@2@@1@AEBUSkeletonUISettings@1@@Z
0xc924ca59,0xc924ca59,?PollPreXULSkeletonUIEvents@mozilla@@YAXXZ
0xa8b02ed8,0xa8b02ed8,?ProcessCreation@TimeStamp@mozilla@@SA?AV12@PEA_N@Z
0x709bccd,0x0709bccd,?ProcessCreation@TimeStamp@mozilla@@SA?AV12@XZ
0xb179a44c,0xb179a44c,?ProcessUptimeExcludingSuspendMs@mozilla@@YA?AV?$Maybe@_K@1@XZ
0x56a86547,0x56a86547,?ProcessUptimeMs@mozilla@@YA?AV?$Maybe@_K@1@XZ
0x1561ae7f,0x1561ae7f,?RandomUint64@mozilla@@YA?AV?$Maybe@_K@1@XZ
0xd49efbba,0xd49efbba,?RandomUint64OrDie@mozilla@@YA_KXZ
0x4e5d48bb,0x4e5d48bb,?RecordProcessRestart@TimeStamp@mozilla@@SAXXZ
0x82d48f0a,0x82d48f0a,?RegisterJitCodeRegion@@YAXPEAE_K@Z
0x2913b2f5,0x2913b2f5,?RegisterProfilerLabelEnterExit@mozilla@@YAXP6APAXPBD0PAX@ZP6AX1@Z@Z
0x4980f184,0x4980f184,?RegisterProfilerLabelEnterExit@mozilla@@YAXP6APEAXPEBD0PEAX@ZP6AX1@Z@Z
0x179b98aa,0x179b98aa,?Release@PageInformation@baseprofiler@mozilla@@QBEXXZ
0x11cb41ab,0x11cb41ab,?Release@PageInformation@baseprofiler@mozilla@@QEBAXXZ
0xb644c6cb,0xb644c6cb,?Release@ThreadInfo@baseprofiler@mozilla@@QBEXXZ
0x859a33ec,0x859a33ec,?Release@ThreadInfo@baseprofiler@mozilla@@QEBAXXZ
0xdc35dbb7,0xdc35dbb7,?ReleaseBufferForMainThreadAddMarker@base_profiler_markers_detail@mozilla@@YAXXZ
0x604c9b84,0x604c9b84,?ResolutionInTicks@BaseTimeDurationPlatformUtils@mozilla@@SA_JXZ
0xa70c05ca,0xa70c05ca,?SetAccessibilityResourceId@ActCtxResource@mscom@mozilla@@SAXG@Z
0xefbe1a3c,0xefbe1a3c,?SetActive@RacyFeatures@detail@baseprofiler@mozilla@@SAXI@Z
0x8d4eab9,0x08d4eab9,?SetFuzzyfoxEnabled@TimeStamp@mozilla@@SAX_N@Z
0x9210722,0x09210722,?SetInactive@RacyFeatures@detail@baseprofiler@mozilla@@SAXXZ
0x7db7f0d1,0x7db7f0d1,?SetPaused@RacyFeatures@detail@baseprofiler@mozilla@@SAXXZ
0xbf37e732,0xbf37e732,?SetPreXULSkeletonUIEnabledIfAllowed@mozilla@@YA?AV?$Result@UOk@mozilla@@W4PreXULSkeletonUIError@2@@1@_N@Z
0x72899997,0x72899997,?SetPreXULSkeletonUIThemeId@mozilla@@YA?AV?$Result@UOk@mozilla@@W4PreXULSkeletonUIError@2@@1@W4ThemeMode@1@@Z
0x147f056c,0x147f056c,?SetSamplingPaused@RacyFeatures@detail@baseprofiler@mozilla@@SAXXZ
0x1d5efa2f,0x1d5efa2f,?SetSamplingUnpaused@RacyFeatures@detail@baseprofiler@mozilla@@SAXXZ
0xb88052d4,0xb88052d4,?SetUnpaused@RacyFeatures@detail@baseprofiler@mozilla@@SAXXZ
0x2d811945,0x2d811945,?SetWin32kLockedDownInPolicy@mozilla@@YAXXZ
0x3b9bb654,0x3b9bb654,?Shutdown@TimeStamp@mozilla@@SAXXZ
0x2c3029cc,0x2c3029cc,?SpliceStringTableElements@UniqueJSONStrings@baseprofiler@mozilla@@QAEXAAVSpliceableJSONWriter@23@@Z
0xf893c3d2,0xf893c3d2,?SpliceStringTableElements@UniqueJSONStrings@baseprofiler@mozilla@@QEAAXAEAVSpliceableJSONWriter@23@@Z
0x6dd5afeb,0x6dd5afeb,?Startup@TimeStamp@mozilla@@SAXXZ
0x9cc0d156,0x9cc0d156,?Stream@MarkerSchema@mozilla@@QEHAAXAEAVJSONWriter@2@AEBV?$Span@$$CBD$0?0@2@@Z
0x24ff9edc,0x24ff9edc,?Stream@MarkerSchema@mozilla@@QHAEXAAVJSONWriter@2@ABV?$Span@$$CBD$0PPPPPPPP@@2@@Z
0xe09240c7,0xe09240c7,?StringToDouble@StringToDoubleConverter@double_conversion@@QBENPBDHPAH@Z
0xc780f70a,0xc780f70a,?StringToDouble@StringToDoubleConverter@double_conversion@@QBENPBGHPAH@Z
0x5541f8bf,0x5541f8bf,?TagForMarkerTypeFunctions@Streaming@base_profiler_markers_detail@mozilla@@SAEP6AXAAVProfileBufferEntryReader@3@AAVSpliceableJSONWriter@baseprofiler@3@@ZP6A?AV?$Span@$$CBD$0PPPPPPPP@@3@XZP6A?AVMarkerSchema@3@XZ@Z
0x7dafa38,0x07dafa38,?TagForMarkerTypeFunctions@Streaming@base_profiler_markers_detail@mozilla@@SAEP6AXAEAVProfileBufferEntryReader@3@AEAVSpliceableJSONWriter@baseprofiler@3@@ZP6A?AV?$Span@$$CBD$0?0@3@XZP6A?AVMarkerSchema@3@XZ@Z
0xddc88c89,0xddc88c89,?TicksFromMilliseconds@BaseTimeDurationPlatformUtils@mozilla@@SA_JN@Z
0xff6966b1,0xff6966b1,?ToExponential@DoubleToStringConverter@double_conversion@@QBE_NNHPAVStringBuilder@2@@Z
0xe9b9a4f7,0xe9b9a4f7,?ToExponential@DoubleToStringConverter@double_conversion@@QEBA_NNHPEAVStringBuilder@2@@Z
0x5a17bd3a,0x5a17bd3a,?ToFixed@DoubleToStringConverter@double_conversion@@QBE_NNHPAVStringBuilder@2@@Z
0xa957c1c0,0xa957c1c0,?ToFixed@DoubleToStringConverter@double_conversion@@QEBA_NNHPEAVStringBuilder@2@@Z
0x8590fdc8,0x8590fdc8,?ToMicroseconds@AwakeTimeDuration@mozilla@@QBENXZ
0x4b0cd3e5,0x4b0cd3e5,?ToMilliseconds@AwakeTimeDuration@mozilla@@QBENXZ
0xcd482316,0xcd482316,?ToPrecision@DoubleToStringConverter@double_conversion@@QBE_NNHPAVStringBuilder@2@@Z
0xaa390e9c,0xaa390e9c,?ToPrecision@DoubleToStringConverter@double_conversion@@QEBA_NNHPEAVStringBuilder@2@@Z
0xd9ad4f8e,0xd9ad4f8e,?ToSeconds@AwakeTimeDuration@mozilla@@QBENXZ
0xba986ba3,0xba986ba3,?ToSeconds@BaseTimeDurationPlatformUtils@mozilla@@SAN_J@Z
0xadd281ea,0xadd281ea,?ToSecondsSigDigits@BaseTimeDurationPlatformUtils@mozilla@@SAN_J@Z
0xe985926a,0xe985926a,?ToShortestIeeeNumber@DoubleToStringConverter@double_conversion@@ABE_NNPAVStringBuilder@2@W4DtoaMode@12@@Z
0xbf5fd790,0xbf5fd790,?ToShortestIeeeNumber@DoubleToStringConverter@double_conversion@@AEBA_NNPEAVStringBuilder@2@W4DtoaMode@12@@Z
0xf2d3a99d,0xf2d3a99d,?UnmapRemoteViewOfFile@mozilla@@YA_NPAX0@Z
0x5512f442,0x5512f442,?UnmapRemoteViewOfFile@mozilla@@YA_NPEAX0@Z
0x8104ee8d,0x8104ee8d,?UnregisterJitCodeRegion@@YAXPEAE_K@Z
0x569c5f3c,0x569c5f3c,?Unused@mozilla@@3Uunused_t@1@B
0x2b764cf3,0x2b764cf3,?UpdateFuzzyTime@TimeStamp@mozilla@@CAX_J@Z
0xa9cd07a8,0xa9cd07a8,?UpdateFuzzyTimeStamp@TimeStamp@mozilla@@CAXV12@@Z
0xea410f15,0xea410f15,?WasPreXULSkeletonUIMaximized@mozilla@@YA_NXZ
0xf215ba,0x00f215ba,?WerNotifyProc@CrashReporter@@YAKPEAX@Z
0x13497d8d,0x13497d8d,?WindowsDpiInitialization@mozilla@@YA?AW4WindowsDpiInitializationResult@1@XZ
0xa5f5c487,0xa5f5c487,?_query_new_handler@@YAP6AHI@ZXZ
0xea838a24,0xea838a24,?_query_new_mode@@YAHXZ
0xe0bc3357,0xe0bc3357,?_set_new_handler@@YAP6AHI@ZP6AHI@Z@Z
0x803efbea,0x803efbea,?_set_new_mode@@YAHH@Z
0x1edf8488,0x1edf8488,?_set_se_translator@@YAP6AXIPAU_EXCEPTION_POINTERS@@@ZP6AXI0@Z@Z
0xaba3a5a6,0xaba3a5a6,?abs@Decimal@blink@@QBE?AV12@XZ
0xba31b6a7,0xba31b6a7,?abs@Decimal@blink@@QEBA?AV12@XZ
0x90cc7b4f,0x90cc7b4f,?aes_enabled@sse_private@mozilla@@3_NA
0x95b7cd46,0x95b7cd46,?alignOperands@Decimal@blink@@CA?AUAlignedOperands@12@ABV12@0@Z
0x51e2eeab,0x51e2eeab,?alignOperands@Decimal@blink@@CA?AUAlignedOperands@12@AEBV12@0@Z
0xd4d66655,0xd4d66655,?appendIntDec@PrintfTarget@mozilla@@QAE_NH@Z
0xd4d66a96,0xd4d66a96,?appendIntDec@PrintfTarget@mozilla@@QAE_NI@Z
0x6faff536,0x6faff536,?appendIntDec@PrintfTarget@mozilla@@QAE_N_J@Z
0x6faff977,0x6faff977,?appendIntDec@PrintfTarget@mozilla@@QAE_N_K@Z
0xa7fdd876,0xa7fdd876,?appendIntDec@PrintfTarget@mozilla@@QEAA_NH@Z
0xa7fddcb7,0xa7fddcb7,?appendIntDec@PrintfTarget@mozilla@@QEAA_NI@Z
0xa7c5ab77,0xa7c5ab77,?appendIntDec@PrintfTarget@mozilla@@QEAA_N_J@Z
0xa7c5afb8,0xa7c5afb8,?appendIntDec@PrintfTarget@mozilla@@QEAA_N_K@Z
0x65de08f,0x065de08f,?appendIntHex@PrintfTarget@mozilla@@QAE_NI@Z
0xd2262e90,0xd2262e90,?appendIntHex@PrintfTarget@mozilla@@QAE_N_K@Z
0xa7411d0,0x0a7411d0,?appendIntHex@PrintfTarget@mozilla@@QEAA_NI@Z
0x590287f1,0x590287f1,?appendIntHex@PrintfTarget@mozilla@@QEAA_N_K@Z
0xd7c515f0,0xd7c515f0,?appendIntOct@PrintfTarget@mozilla@@QAE_NI@Z
0xd0741011,0xd0741011,?appendIntOct@PrintfTarget@mozilla@@QAE_N_K@Z
0x8c1f351,0x08c1f351,?appendIntOct@PrintfTarget@mozilla@@QEAA_NI@Z
0x210c9992,0x210c9992,?appendIntOct@PrintfTarget@mozilla@@QEAA_N_K@Z
0x70e86f57,0x70e86f57,?avx2_enabled@sse_private@mozilla@@3_NA
0x22573b05,0x22573b05,?avx_enabled@sse_private@mozilla@@3_NA
0x4d71bc43,0x4d71bc43,?baseprofiler_save_profile_to_file@baseprofiler@mozilla@@YAXPBD@Z
0xf52a4e12,0xf52a4e12,?before@type_info@@QBEHABV1@@Z
0x26f4d7bf,0x26f4d7bf,?calcEffectiveRateAndTempo@SoundTouch@soundtouch@@AAEXXZ
0x4ea1024d,0x4ea1024d,?ceil@Decimal@blink@@QBE?AV12@XZ
0xbcdaa82e,0xbcdaa82e,?ceil@Decimal@blink@@QEBA?AV12@XZ
0xe613fc92,0xe613fc92,?clear@SoundTouch@soundtouch@@UAEXXZ
0x77c6cb8e,0x77c6cb8e,?compareTo@Decimal@blink@@ABE?AV12@ABV12@@Z
0xcf448db4,0xcf448db4,?compareTo@Decimal@blink@@AEBA?AV12@AEBV12@@Z
0x78917e09,0x78917e09,?compress@LZ4@Compression@mozilla@@SAIPBDIPAD@Z
0x5b839d15,0x5b839d15,?compress@LZ4@Compression@mozilla@@SA_KPEBD_KPEAD@Z
0x467690ab,0x467690ab,?compressLimitedOutput@LZ4@Compression@mozilla@@SAIPBDIPADI@Z
0x9e9a9f9f,0x9e9a9f9f,?compressLimitedOutput@LZ4@Compression@mozilla@@SA_KPEBD_KPEAD1@Z
0xa3e7245,0x0a3e7245,?createSoundTouchObj@soundtouch@@YAPAVSoundTouch@1@XZ
0xeec5e5d9,0xeec5e5d9,?decompress@LZ4@Compression@mozilla@@SA_NPBDIPADIPAI@Z
0xefb9e232,0xefb9e232,?decompress@LZ4@Compression@mozilla@@SA_NPEBD_KPEAD1PEA_K@Z
0x9f0c83e6,0x9f0c83e6,?decompressPartial@LZ4@Compression@mozilla@@SA_NPBDIPADIPAI@Z
0x6926505f,0x6926505f,?decompressPartial@LZ4@Compression@mozilla@@SA_NPEBD_KPEAD1PEA_K@Z
0xec3b0cdb,0xec3b0cdb,?destroySoundTouchObj@soundtouch@@YAXPAVSoundTouch@1@@Z
0x17e809da,0x17e809da,?ensureCapacitySlow@ProfilingStack@baseprofiler@mozilla@@AAEXXZ
0x1de8e8fb,0x1de8e8fb,?ensureCapacitySlow@ProfilingStack@baseprofiler@mozilla@@AEAAXXZ
0x802c229,0x0802c229,?finish@SHA1Sum@mozilla@@QAEXAAY0BE@E@Z
0x51a9996f,0x51a9996f,?finish@SHA1Sum@mozilla@@QEAAXAEAY0BE@E@Z
0x3d1d5ef2,0x3d1d5ef2,?floor@Decimal@blink@@QBE?AV12@XZ
0x7ae29973,0x7ae29973,?floor@Decimal@blink@@QEBA?AV12@XZ
0xdf594c3d,0xdf594c3d,?flush@RLBoxSoundTouch@mozilla@@QEAAXXZ
0xcbdfe329,0xcbdfe329,?flush@SoundTouch@soundtouch@@QAEXXZ
0xfa1f8f51,0xfa1f8f51,?fromDouble@Decimal@blink@@SA?AV12@N@Z
0x2038df4d,0x2038df4d,?fromString@Decimal@blink@@SA?AV12@ABV?$basic_string@DU?$char_traits@D@std@@V?$allocator@D@2@@std@@@Z
0x74ded0f2,0x74ded0f2,?fromString@Decimal@blink@@SA?AV12@AEBV?$basic_string@DU?$char_traits@D@std@@V?$allocator@D@2@@std@@@Z
0x40032958,0x40032958,?gChaosFeatures@detail@mozilla@@3W4ChaosFeature@2@A
0x6f6c8055,0x6f6c8055,?gChaosModeCounter@detail@mozilla@@3V?$Atomic@I$01X@2@A
0x4927511e,0x4927511e,?gOOMAllocationSize@@3IA
0xe9acaa8,0x0e9acaa8,?gTwoCharEscapes@detail@mozilla@@3QBDB
0x838ac43f,0x838ac43f,?getInputOutputSampleRatio@SoundTouch@soundtouch@@QAENXZ
0xd75acca6,0xd75acca6,?getSetting@SoundTouch@soundtouch@@QBEHH@Z
0x94bf48a8,0x94bf48a8,?getVersionId@SoundTouch@soundtouch@@SAIXZ
0xef78a17f,0xef78a17f,?getVersionString@SoundTouch@soundtouch@@SAPBDXZ
0x8c9d6efa,0x8c9d6efa,?has_constant_tsc@sse_private@mozilla@@3_NA
0x9aa2a9bd,0x9aa2a9bd,?infinity@Decimal@blink@@SA?AV12@W4Sign@12@@Z
0xcd4fb700,0xcd4fb700,?lock@MutexImpl@detail@mozilla@@IAEXXZ
0x80463ae1,0x80463ae1,?lock@MutexImpl@detail@mozilla@@IEAAXXZ
0x7a8c5a7,0x07a8c5a7,?memchr16@SIMD@mozilla@@SAPB_SPB_S_SI@Z
0x1dcde742,0x1dcde742,?memchr2x16@SIMD@mozilla@@SAPB_SPB_S_S1I@Z
0xcc4ec4fc,0xcc4ec4fc,?memchr2x8@SIMD@mozilla@@SAPBDPBDDDI@Z
0x49fc984e,0x49fc984e,?memchr8@SIMD@mozilla@@SAPBDPBDDI@Z
0x2d053da8,0x2d053da8,?mmx_enabled@sse_private@mozilla@@3_NA
0x5d8ffa59,0x5d8ffa59,?mozalloc_handle_oom@@YAXI@Z
0xf9b819a,0x0f9b819a,?mozalloc_handle_oom@@YAX_K@Z
0x2785e07,0x02785e07,?mozalloc_set_oom_abort_handler@@YAXP6AX_K@Z@Z
0x9586139c,0x9586139c,?name@type_info@@QBEPBDXZ
0x7db170c9,0x7db170c9,?nan@Decimal@blink@@SA?AV12@XZ
0x672a796a,0x672a796a,?notify_all@ConditionVariableImpl@detail@mozilla@@QAEXXZ
0x55794a8b,0x55794a8b,?notify_all@ConditionVariableImpl@detail@mozilla@@QEAAXXZ
0xf8a737d3,0xf8a737d3,?notify_one@ConditionVariableImpl@detail@mozilla@@QAEXXZ
0x168dd614,0x168dd614,?notify_one@ConditionVariableImpl@detail@mozilla@@QEAAXXZ
0xbc869328,0xbc869328,?numChannels@RLBoxSoundTouch@mozilla@@QEAAIXZ
0x256c2cd5,0x256c2cd5,?numChannels@SoundTouch@soundtouch@@QBEIXZ
0xb74c6218,0xb74c6218,?numSamples@RLBoxSoundTouch@mozilla@@QEAA?AV?$tainted@IVrlbox_wasm2c_sandbox@rlbox@@@rlbox@@XZ
0x307ee443,0x307ee443,?numUnprocessedSamples@RLBoxSoundTouch@mozilla@@QEAA?AV?$tainted@IVrlbox_wasm2c_sandbox@rlbox@@@rlbox@@XZ
0x28e02d2d,0x28e02d2d,?numUnprocessedSamples@SoundTouch@soundtouch@@UBEIXZ
0xd91bd237,0xd91bd237,?print@PrintfTarget@mozilla@@QAA_NPBDZZ
0x354e52e1,0x354e52e1,?print@PrintfTarget@mozilla@@QEAA_NPEBDZZ
0x4129fa7e,0x4129fa7e,?profiler_add_js_marker@baseprofiler@mozilla@@YAXPBD0@Z
0x6d4f43a3,0x6d4f43a3,?profiler_add_js_marker@baseprofiler@mozilla@@YAXPEBD0@Z
0xb62c370,0x0b62c370,?profiler_add_sampled_counter@baseprofiler@mozilla@@YAXPAVBaseProfilerCount@12@@Z
0xe4979f5,0x0e4979f5,?profiler_add_sampled_counter@baseprofiler@mozilla@@YAXPEAVBaseProfilerCount@12@@Z
0xd4d8c3f6,0xd4d8c3f6,?profiler_capture_backtrace@baseprofiler@mozilla@@YA?AV?$UniquePtr@VProfileChunkedBuffer@mozilla@@V?$DefaultDelete@VProfileChunkedBuffer@mozilla@@@2@@2@XZ
0xaf18151d,0xaf18151d,?profiler_capture_backtrace_into@baseprofiler@mozilla@@YA_NAAVProfileChunkedBuffer@2@W4StackCaptureOptions@2@@Z
0xf0c49082,0xf0c49082,?profiler_capture_backtrace_into@baseprofiler@mozilla@@YA_NAEAVProfileChunkedBuffer@2@W4StackCaptureOptions@2@@Z
0x61554c62,0x61554c62,?profiler_current_process_id@baseprofiler@mozilla@@YA?AVBaseProfilerProcessId@12@XZ
0xe202aa7,0x0e202aa7,?profiler_current_process_id@baseprofiler@mozilla@@YAHXZ
0x749d2694,0x749d2694,?profiler_current_thread_id@baseprofiler@mozilla@@YA?AVBaseProfilerThreadId@12@XZ
0x42d93200,0x42d93200,?profiler_current_thread_id@baseprofiler@mozilla@@YAHXZ
0x4bf2a4db,0x4bf2a4db,?profiler_ensure_started@baseprofiler@mozilla@@YAXV?$PowerOfTwo@I@2@NIPAPBDIABV?$Maybe@N@2@@Z
0x8a1552aa,0x8a1552aa,?profiler_ensure_started@baseprofiler@mozilla@@YAXV?$PowerOfTwo@I@2@NIPEAPEBDIAEBV?$Maybe@N@2@@Z
0xf36e5317,0xf36e5317,?profiler_feature_active@baseprofiler@mozilla@@YA_NI@Z
0xb5070239,0xb5070239,?profiler_get_available_features@baseprofiler@mozilla@@YAIXZ
0xcdfc4824,0xcdfc4824,?profiler_get_backtrace@baseprofiler@mozilla@@YA?AV?$UniquePtr@VProfilerBacktrace@baseprofiler@mozilla@@UProfilerBacktraceDestructor@23@@2@XZ
0xe3a299c3,0xe3a299c3,?profiler_get_buffer_info@baseprofiler@mozilla@@YA?AV?$Maybe@UProfilerBufferInfo@baseprofiler@mozilla@@@2@XZ
0x9c9b52ca,0x9c9b52ca,?profiler_get_core_buffer@baseprofiler@mozilla@@YAAAVProfileChunkedBuffer@2@XZ
0x442ec02f,0x442ec02f,?profiler_get_core_buffer@baseprofiler@mozilla@@YAAEAVProfileChunkedBuffer@2@XZ
0x482a1fc6,0x482a1fc6,?profiler_get_profile@baseprofiler@mozilla@@YA?AV?$UniquePtr@$$BY0A@DV?$DefaultDelete@$$BY0A@D@mozilla@@@2@N_N0@Z
0xe2b143e7,0xe2b143e7,?profiler_get_start_params@baseprofiler@mozilla@@YAXPAHPAV?$Maybe@N@2@PANPAIPAV?$Vector@PBD$0A@VMallocAllocPolicy@mozilla@@@2@@Z
0xf744bfc5,0xf744bfc5,?profiler_get_start_params@baseprofiler@mozilla@@YAXPEAHPEAV?$Maybe@N@2@PEANPEAIPEAV?$Vector@PEBD$0A@VMallocAllocPolicy@mozilla@@@2@@Z
0x5ec8ee8f,0x5ec8ee8f,?profiler_init@baseprofiler@mozilla@@YAXPAX@Z
0x3822e8d4,0x3822e8d4,?profiler_init@baseprofiler@mozilla@@YAXPEAX@Z
0x60700a85,0x60700a85,?profiler_init_main_thread_id@baseprofiler@mozilla@@YAXXZ
0x2ea20ff6,0x2ea20ff6,?profiler_is_main_thread@baseprofiler@mozilla@@YA_NXZ
0xed188a9c,0xed188a9c,?profiler_is_paused@baseprofiler@mozilla@@YA_NXZ
0x670cb4d6,0x670cb4d6,?profiler_is_sampling_paused@baseprofiler@mozilla@@YA_NXZ
0x144fa3b6,0x144fa3b6,?profiler_main_thread_id@baseprofiler@mozilla@@YA?AVBaseProfilerThreadId@12@XZ
0x7e190728,0x7e190728,?profiler_pause@baseprofiler@mozilla@@YAXXZ
0xacb811a2,0xacb811a2,?profiler_pause_sampling@baseprofiler@mozilla@@YAXXZ
0xbf34330b,0xbf34330b,?profiler_register_page@baseprofiler@mozilla@@YAX_K0ABV?$basic_string@DU?$char_traits@D@std@@V?$allocator@D@2@@std@@0@Z
0xa48e7f10,0xa48e7f10,?profiler_register_page@baseprofiler@mozilla@@YAX_K0AEBV?$basic_string@DU?$char_traits@D@std@@V?$allocator@D@2@@std@@0@Z
0xee2c7a1f,0xee2c7a1f,?profiler_register_thread@baseprofiler@mozilla@@YAPAVProfilingStack@12@PBDPAX@Z
0x90cb02ee,0x90cb02ee,?profiler_register_thread@baseprofiler@mozilla@@YAPEAVProfilingStack@12@PEBDPEAX@Z
0x6b80e47a,0x6b80e47a,?profiler_remove_sampled_counter@baseprofiler@mozilla@@YAXPEAVBaseProfilerCount@12@@Z
0x51d5d7bb,0x51d5d7bb,?profiler_resume@baseprofiler@mozilla@@YAXXZ
0x5bf03795,0x5bf03795,?profiler_resume_sampling@baseprofiler@mozilla@@YAXXZ
0xf434aa0d,0xf434aa0d,?profiler_save_profile_to_file@baseprofiler@mozilla@@YAXPEBD@Z
0x2f45f383,0x2f45f383,?profiler_set_process_name@baseprofiler@mozilla@@YAXAEBV?$basic_string@DU?$char_traits@D@std@@V?$allocator@D@2@@std@@PEBV34@@Z
0x79260d06,0x79260d06,?profiler_shutdown@baseprofiler@mozilla@@YAXXZ
0x747df0,0x00747df0,?profiler_start@baseprofiler@mozilla@@YAXV?$PowerOfTwo@I@2@NIPEAPEBDIAEBV?$Maybe@N@2@@Z
0x3d0c72f0,0x3d0c72f0,?profiler_stop@baseprofiler@mozilla@@YAXXZ
0x7b9364be,0x7b9364be,?profiler_stream_json_for_this_process@baseprofiler@mozilla@@YA_NAEAVSpliceableJSONWriter@12@N_N1@Z
0x28a10c9c,0x28a10c9c,?profiler_suspend_and_sample_thread@baseprofiler@mozilla@@YAXHIAEAVProfilerStackCollector@12@_N@Z
0xca69d248,0xca69d248,?profiler_thread_is_sleeping@baseprofiler@mozilla@@YA_NXZ
0x8ce8d41a,0x8ce8d41a,?profiler_thread_sleep@baseprofiler@mozilla@@YAXXZ
0xb4dbedc9,0xb4dbedc9,?profiler_thread_wake@baseprofiler@mozilla@@YAXXZ
0x6f904d2f,0x6f904d2f,?profiler_time@baseprofiler@mozilla@@YANXZ
0x7c09fc80,0x7c09fc80,?profiler_unregister_page@baseprofiler@mozilla@@YAX_K@Z
0x6c16a3e9,0x6c16a3e9,?profiler_unregister_thread@baseprofiler@mozilla@@YAXXZ
0xd2c4d45e,0xd2c4d45e,?putSamples@RLBoxSoundTouch@mozilla@@QEAAXPEBMI@Z
0x5d85109,0x05d85109,?putSamples@SoundTouch@soundtouch@@UAEXPBMI@Z
0xa6b8ecc5,0xa6b8ecc5,?raw_name@type_info@@QBEPBDXZ
0xba7a2958,0xba7a2958,?receiveSamples@RLBoxSoundTouch@mozilla@@QEAAIPEAMI@Z
0xe5705e5,0x0e5705e5,?receiveSamples@SoundTouch@soundtouch@@UAEII@Z
0x1692cae3,0x1692cae3,?receiveSamples@SoundTouch@soundtouch@@UAEIPAMI@Z
0x99736bd1,0x99736bd1,?remainder@Decimal@blink@@QEBA?AV12@AEBV12@@Z
0xfa25a72a,0xfa25a72a,?resizeSampleBuffer@RLBoxSoundTouch@mozilla@@AEAAXI@Z
0xf718c2f9,0xf718c2f9,?round@Decimal@blink@@QEBA?AV12@XZ
0x5bc23e43,0x5bc23e43,?scProfilerMainThreadId@baseprofiler@mozilla@@3HA
0xaf592d44,0xaf592d44,?setChannels@RLBoxSoundTouch@mozilla@@QEAAXI@Z
0x46f1d70,0x046f1d70,?setChannels@SoundTouch@soundtouch@@QAEXI@Z
0x1e01ef75,0x1e01ef75,?setPitch@RLBoxSoundTouch@mozilla@@QEAAXN@Z
0xc8b12721,0xc8b12721,?setPitch@SoundTouch@soundtouch@@QAEXN@Z
0x9f9617f6,0x9f9617f6,?setPitchOctaves@SoundTouch@soundtouch@@QAEXN@Z
0x6c40a432,0x6c40a432,?setPitchSemiTones@SoundTouch@soundtouch@@QAEXH@Z
0x6c40bdb8,0x6c40bdb8,?setPitchSemiTones@SoundTouch@soundtouch@@QAEXN@Z
0xbbf8b9a9,0xbbf8b9a9,?setRate@RLBoxSoundTouch@mozilla@@QEAAXN@Z
0x62ccfdd5,0x62ccfdd5,?setRate@SoundTouch@soundtouch@@QAEXN@Z
0xb4b4a1db,0xb4b4a1db,?setRateChange@SoundTouch@soundtouch@@QAEXN@Z
0xbf569de6,0xbf569de6,?setSampleRate@RLBoxSoundTouch@mozilla@@QEAAXI@Z
0xa8a78152,0xa8a78152,?setSampleRate@SoundTouch@soundtouch@@QAEXI@Z
0x86e15e5d,0x86e15e5d,?setSetting@RLBoxSoundTouch@mozilla@@QEAAXHH@Z
0x7c47c0de,0x7c47c0de,?setSetting@SoundTouch@soundtouch@@QAE_NHH@Z
0xcd9a4722,0xcd9a4722,?setTempo@RLBoxSoundTouch@mozilla@@QEAAXN@Z
0x12fd5ee,0x012fd5ee,?setTempo@SoundTouch@soundtouch@@QAEXN@Z
0xbc4968b4,0xbc4968b4,?setTempoChange@SoundTouch@soundtouch@@QAEXN@Z
0xdecd2116,0xdecd2116,?set_new_handler@@YAP6AXXZP6AXXZ@Z
0x88bf1d38,0x88bf1d38,?set_terminate@@YAP6AXXZP6AXXZ@Z
0x8b31f864,0x8b31f864,?set_unexpected@@YAP6AXXZP6AXXZ@Z
0x8df0ce34,0x8df0ce34,?sse3_enabled@sse_private@mozilla@@3_NA
0xaa9ffe25,0xaa9ffe25,?sse4_1_enabled@sse_private@mozilla@@3_NA
0xe8d8c666,0xe8d8c666,?sse4_2_enabled@sse_private@mozilla@@3_NA
0xfa59f496,0xfa59f496,?sse4a_enabled@sse_private@mozilla@@3_NA
0x8753e687,0x8753e687,?ssse3_enabled@sse_private@mozilla@@3_NA
0x4849547b,0x4849547b,?swprintf@@YAHPAGIPBGZZ
0x5cad6db9,0x5cad6db9,?swprintf@@YAHPA_WIPB_WZZ
0x2fac15b,0x02fac15b,?terminate@@YAXXZ
0x6c12d804,0x6c12d804,?toDouble@Decimal@blink@@QEBANXZ
0x8ba925d,0x08ba925d,?toString@Decimal@blink@@QEBA?AV?$basic_string@DU?$char_traits@D@std@@V?$allocator@D@2@@std@@XZ
0xb4f5848b,0xb4f5848b,?toString@Decimal@blink@@QEBA_NPEAD_K@Z
0xa7c0afd5,0xa7c0afd5,?tryLock@MutexImpl@detail@mozilla@@IEAA_NXZ
0x9a4d7aa7,0x9a4d7aa7,?unexpected@@YAXXZ
0xd6d0a3e4,0xd6d0a3e4,?unlock@MutexImpl@detail@mozilla@@IEAAXXZ
0xa1ba0f6d,0xa1ba0f6d,?update@SHA1Sum@mozilla@@QEAAXPEBXI@Z
0x9cf14417,0x9cf14417,?vprint@PrintfTarget@mozilla@@QEAA_NPEBDPEAD@Z
0xe511f4cc,0xe511f4cc,?vswprintf@@YAHPAGIPBGPAD@Z
0xaf547aca,0xaf547aca,?vswprintf@@YAHPA_WIPB_WPAD@Z
0x4a1d63fe,0x4a1d63fe,?wait@ConditionVariableImpl@detail@mozilla@@QEAAXAEAVMutexImpl@23@@Z
0xd18ecc95,0xd18ecc95,?wait_for@ConditionVariableImpl@detail@mozilla@@QEAA?AW4CVStatus@3@AEAVMutexImpl@23@AEBV?$BaseTimeDuration@VTimeDurationValueCalculator@mozilla@@@3@@Z
0x46dfef95,0x46dfef95,?what@exception@@UBEPBDXZ
0xfb1b6f3d,0xfb1b6f3d,?xgetbv@mozilla@@YA_KI@Z
0x2adf8933,0x2adf8933,?zero@Decimal@blink@@SA?AV12@W4Sign@12@@Z
0x3d5d013b,0x3d5d013b,@$xp$21Actitlebar@TsTitleBar
0x3c162c8b,0x3c162c8b,@$xp$22Actitlebar@TacBtnStyle
0x6c433da7,0x6c433da7,@$xp$22Actitlebar@TacFontData
0xf9023691,0xf9023691,@$xp$23Actitlebar@TacItemAlign
0x8482525c,0x8482525c,@$xp$24Actitlebar@TacTitleItems
0x15a5e20f,0x15a5e20f,@$xp$25Actinyjpg@TacTinyJPGImage
0x8f11f520,0x8f11f520,@$xp$26Actitlebar@TacTitleBarItem
0x93a7ac5a,0x93a7ac5a,@$xp$27Actitlebar@TacDrawItemEvent
0x75a3c46a,0x75a3c46a,@$xp$27Actitlebar@TacItemAnimation
0x572c2a39,0x572c2a39,@@Form_main@Finalize
0x371f1079,0x371f1079,@@Form_main@Initialize
0x75b206ed,0x75b206ed,@@Myfunction@Finalize
0xe8eea2d,0x0e8eea2d,@@Myfunction@Initialize
0x2a5395ee,0x2a5395ee,@Actinyjpg@Finalization$qqrv
0x3930dd18,0x3930dd18,@Actinyjpg@TacTinyJPGImage@
0xcfa2de21,0xcfa2de21,@Actinyjpg@TacTinyJPGImage@LoadFromFile$qqrx20System@UnicodeString
0xf7499197,0xf7499197,@Actinyjpg@TacTinyJPGImage@LoadFromStream$qqrp22System@Classes@TStream
0xc9a5f46e,0xc9a5f46e,@Actinyjpg@initialization$qqrv
0xdd7030c0,0xdd7030c0,@Actitlebar@Finalization$qqrv
0x9caf4e89,0x9caf4e89,@Actitlebar@HideHintWnd$qqrp26Actitlebar@TacTitleBarItem
0x5a8d3863,0x5a8d3863,@Actitlebar@PaintItemNoAlpha$qqrxp20Vcl@Graphics@TBitmapt1rx18System@Types@TRectt3t3
0xaf5ba6f0,0xaf5ba6f0,@Actitlebar@ShowHintWnd$qqrp26Actitlebar@TacTitleBarItem
0x80d1737a,0x80d1737a,@Actitlebar@StartItemAnimation$qqrxp26Actitlebar@TacTitleBarItemxixop15Vcl@Forms@TForm
0x27e990f3,0x27e990f3,@Actitlebar@TacFontData@
0xf0611b0,0x0f0611b0,@Actitlebar@TacFontData@$bctr$qqrv
0xfb47e691,0xfb47e691,@Actitlebar@TacFontData@$bdtr$qqrv
0x69e5da38,0x69e5da38,@Actitlebar@TacFontData@GetBool$qqrxi
0x8349acc2,0x8349acc2,@Actitlebar@TacFontData@Invalidate$qqrv
0x221e78eb,0x221e78eb,@Actitlebar@TacFontData@SetBool$qqrxixo
0xa1ae28a0,0xa1ae28a0,@Actitlebar@TacFontData@SetFont$qqrxp18Vcl@Graphics@TFont
0x3bbd23d5,0x3bbd23d5,@Actitlebar@TacFontData@SetGlowColor$qqrx21System@Uitypes@TColor
0x1fa9754c,0x1fa9754c,@Actitlebar@TacFontData@SetGlowSize$qqrxi
0xdb451211,0xdb451211,@Actitlebar@TacItemAnimation@
0x3dfc3069,0x3dfc3069,@Actitlebar@TacItemAnimation@$bctr$qqrp25System@Classes@TComponent
0x3495e52f,0x3495e52f,@Actitlebar@TacItemAnimation@$bdtr$qqrv
0x24713568,0x24713568,@Actitlebar@TacItemAnimation@ChangeState$qqrio
0x2b5e5593,0x2b5e5593,@Actitlebar@TacItemAnimation@CheckMouseLeave$qqrv
0x77d98e1e,0x77d98e1e,@Actitlebar@TacItemAnimation@GetFormBounds$qqrv
0x4dee7551,0x4dee7551,@Actitlebar@TacItemAnimation@MakeForm$qqrv
0x3781485a,0x3781485a,@Actitlebar@TacItemAnimation@MakeImg$qqrv
0xbeda83e6,0xbeda83e6,@Actitlebar@TacItemAnimation@Offset$qqrv
0x74d3c5b1,0x74d3c5b1,@Actitlebar@TacItemAnimation@OnAnimTimer$qqrp14System@TObject
0xde655b6f,0xde655b6f,@Actitlebar@TacItemAnimation@StartAnimation$qqrio
0x2287c4fb,0x2287c4fb,@Actitlebar@TacItemAnimation@Step$qqrv
0x74c322a9,0x74c322a9,@Actitlebar@TacItemAnimation@UpdateForm$qqri
0x375a7008,0x375a7008,@Actitlebar@TacTitleBarItem@
0x693ce45a,0x693ce45a,@Actitlebar@TacTitleBarItem@$bctr$qqrp26System@Classes@TCollection
0xc93663e6,0xc93663e6,@Actitlebar@TacTitleBarItem@$bdtr$qqrv
0x52882a58,0x52882a58,@Actitlebar@TacTitleBarItem@AssignTo$qqrp26System@Classes@TPersistent
0xdae4e3e0,0xdae4e3e0,@Actitlebar@TacTitleBarItem@Changed$qqrv
0x1f60c2ef,0x1f60c2ef,@Actitlebar@TacTitleBarItem@DoClick$qqrv
0x2f49c83b,0x2f49c83b,@Actitlebar@TacTitleBarItem@DoMouseDown$qqr27System@Uitypes@TMouseButton60System@%Set$32System@Classes@System_Classes__1t1$i0$t1$i10$%ii
0xe24d06c8,0xe24d06c8,@Actitlebar@TacTitleBarItem@DoMouseUp$qqr27System@Uitypes@TMouseButton60System@%Set$32System@Classes@System_Classes__1t1$i0$t1$i10$%ii
0xf5b0c58d,0xf5b0c58d,@Actitlebar@TacTitleBarItem@GetDisplayName$qqrv
0x2ef3d677,0x2ef3d677,@Actitlebar@TacTitleBarItem@GetState$qqrv
0xb13a6461,0xb13a6461,@Actitlebar@TacTitleBarItem@InitFont$qqrv
0x6bd340d7,0x6bd340d7,@Actitlebar@TacTitleBarItem@IntXMargin$qqrv
0x9114c730,0x9114c730,@Actitlebar@TacTitleBarItem@Invalidate$qqro
0x7125b46c,0x7125b46c,@Actitlebar@TacTitleBarItem@OnGlyphChange$qqrp14System@TObject
0xa6c21961,0xa6c21961,@Actitlebar@TacTitleBarItem@SetAlign$qqrx23Actitlebar@TacItemAlign
0xfd5625a7,0xfd5625a7,@Actitlebar@TacTitleBarItem@SetAutoSize$qqrxo
0x16646237,0x16646237,@Actitlebar@TacTitleBarItem@SetCaption$qqrx20System@UnicodeString
0x9a5a884b,0x9a5a884b,@Actitlebar@TacTitleBarItem@SetDown$qqrxo
0x55a15ea1,0x55a15ea1,@Actitlebar@TacTitleBarItem@SetGlyph$qqrxp20Vcl@Graphics@TBitmap
0xad48a6d2,0xad48a6d2,@Actitlebar@TacTitleBarItem@SetGroupIndex$qqrxi
0x7873cc06,0x7873cc06,@Actitlebar@TacTitleBarItem@SetHeight$qqrxi
0xfb65fc69,0xfb65fc69,@Actitlebar@TacTitleBarItem@SetImageIndex$qqrxixi
0xea80c68a,0xea80c68a,@Actitlebar@TacTitleBarItem@SetName$qqrx20System@UnicodeString
0xcb88d054,0xcb88d054,@Actitlebar@TacTitleBarItem@SetNumGlyphs$qqrxi
0x5db3d953,0x5db3d953,@Actitlebar@TacTitleBarItem@SetSkinSection$qqrx20System@UnicodeString
0xd796c412,0xd796c412,@Actitlebar@TacTitleBarItem@SetSpacing$qqrxi
0xd471596e,0xd471596e,@Actitlebar@TacTitleBarItem@SetState$qqrxi
0x398033e1,0x398033e1,@Actitlebar@TacTitleBarItem@SetStyle$qqrx22Actitlebar@TacBtnStyle
0x45f13e01,0x45f13e01,@Actitlebar@TacTitleBarItem@SetVisible$qqrxo
0x1d3fb4d,0x01d3fb4d,@Actitlebar@TacTitleBarItem@SetWidth$qqrxi
0x3831cc8d,0x3831cc8d,@Actitlebar@TacTitleBarItem@UpdateSize$qqro
0xb3e61106,0xb3e61106,@Actitlebar@TacTitleItems@
0x361cf87d,0x361cf87d,@Actitlebar@TacTitleItems@$bctr$qqrp26System@Classes@TPersistent
0xf2c5da64,0xf2c5da64,@Actitlebar@TacTitleItems@$bdtr$qqrv
0x48d8f27d,0x48d8f27d,@Actitlebar@TacTitleItems@Add$qqrv
0xf4941516,0xf4941516,@Actitlebar@TacTitleItems@GetItem$qqri
0x4b6902ff,0x4b6902ff,@Actitlebar@TacTitleItems@GetOwner$qqrv
0x2a9e97bc,0x2a9e97bc,@Actitlebar@TacTitleItems@Insert$qqri
0x252f793,0x0252f793,@Actitlebar@TacTitleItems@SetItem$qqrip26Actitlebar@TacTitleBarItem
0xb2c05048,0xb2c05048,@Actitlebar@TsTitleBar@
0xb3e8500,0x0b3e8500,@Actitlebar@TsTitleBar@$bctr$qqrp25System@Classes@TComponent
0xfca19426,0xfca19426,@Actitlebar@TsTitleBar@$bdtr$qqrv
0xf36cc097,0xf36cc097,@Actitlebar@TsTitleBar@CalcSizes$qqrv
0x5e76594a,0x5e76594a,@Actitlebar@TsTitleBar@ImageListChange$qqrp14System@TObject
0x2c481f77,0x2c481f77,@Actitlebar@TsTitleBar@Invalidate$qqrv
0xd908d3df,0xd908d3df,@Actitlebar@TsTitleBar@Loaded$qqrv
0x9985d257,0x9985d257,@Actitlebar@TsTitleBar@Notification$qqrp25System@Classes@TComponent25System@Classes@TOperation
0xfa044c40,0xfa044c40,@Actitlebar@TsTitleBar@SetImages$qqrxp28Vcl@Imglist@TCustomImageList
0x8100a073,0x8100a073,@Actitlebar@TsTitleBar@SetItems$qqrxp24Actitlebar@TacTitleItems
0x35ffe08d,0x35ffe08d,@Actitlebar@TsTitleBar@SetItemsMargin$qqrxi
0xe263dc74,0xe263dc74,@Actitlebar@TsTitleBar@SetItemsSpacing$qqrxi
0x1b001fa2,0x1b001fa2,@Actitlebar@TsTitleBar@SetShowCaption$qqrxo
0xb6548bc0,0xb6548bc0,@Actitlebar@initialization$qqrv
0x6d163246,0x6d163246,ADVANCEDSETUPDIALOG
0x6f569c3a,0x6f569c3a,ATOB_AsciiToData
0xe80a7397,0xe80a7397,ATOB_AsciiToData_Util
0x9d680870,0x9d680870,ATOB_ConvertAsciiToItem
0xf3d5f18d,0xf3d5f18d,ATOB_ConvertAsciiToItem_Util
0x28a6a935,0x28a6a935,A_SHAFinal
0x5692699f,0x5692699f,A_SHAInit
0x60f2624e,0x60f2624e,A_SHAUpdate
0x9706b29d,0x9706b29d,AbortDoc
0x77e361b4,0x77e361b4,AbortPath
0xed7bd32b,0xed7bd32b,AbortPrinter
0xb1714629,0xb1714629,AbortSystemShutdownA
0xb171463f,0xb171463f,AbortSystemShutdownW
0xc715da9c,0xc715da9c,AcceptEx
0x5a221ffc,0x5a221ffc,AcceptSecurityContext
0x4742ea1f,0x4742ea1f,AccessCheck
0x80c28957,0x80c28957,AccessCheckAndAuditAlarmA
0x80c2896d,0x80c2896d,AccessCheckAndAuditAlarmW
0xdf0658bc,0xdf0658bc,AccessCheckByType
0xc5bcc6b4,0xc5bcc6b4,AccessCheckByTypeAndAuditAlarmA
0xc5bcc6ca,0xc5bcc6ca,AccessCheckByTypeAndAuditAlarmW
0x3da79f17,0x3da79f17,AccessCheckByTypeResultList
0xdb0bc64e,0xdb0bc64e,AccessCheckByTypeResultListAndAuditAlarm
0x3c84904f,0x3c84904f,AccessCheckByTypeResultListAndAuditAlarmA
0x3c849065,0x3c849065,AccessCheckByTypeResultListAndAuditAlarmW
0x107c3726,0x107c3726,AccessibleChildren
0xc230544a,0xc230544a,AccessibleObjectFromEvent
0xc2f39c32,0xc2f39c32,AccessibleObjectFromPoint
0x31513ee0,0x31513ee0,AccessibleObjectFromWindow
0x92c39d54,0x92c39d54,AcquireCredentialsHandleA
0x92c39d6a,0x92c39d6a,AcquireCredentialsHandleW
0xb8c47182,0xb8c47182,AcquireDDThreadLock
0xbcd71d41,0xbcd71d41,AcquireDPCache
0xa1975156,0xa1975156,AcquireSRWLockExclusive
0xb3eea415,0xb3eea415,AcquireSRWLockShared
0x89815547,0x89815547,ActivateActCtx
0xc36be56f,0xc36be56f,ActivateKeyboardLayout
0x3c2a43ea,0x3c2a43ea,ActivityIdControl
0xd0a7a11b,0xd0a7a11b,AddAccessAllowedAce
0x99145d18,0x99145d18,AddAccessAllowedAceEx
0x89cfdcb2,0x89cfdcb2,AddAccessAllowedObjectAce
0xdd8392bc,0xdd8392bc,AddAccessDeniedAce
0x4cb33af9,0x4cb33af9,AddAccessDeniedAceEx
0x8b7cc313,0x8b7cc313,AddAccessDeniedObjectAce
0x9e767fc1,0x9e767fc1,AddAce
0x161efb2a,0x161efb2a,AddAtomA
0x161efb40,0x161efb40,AddAtomW
0x7f76f5ea,0x7f76f5ea,AddAuditAccessAce
0x390c21a7,0x390c21a7,AddAuditAccessAceEx
0x322550c1,0x322550c1,AddAuditAccessObjectAce
0x86bda3f7,0x86bda3f7,AddClipboardFormatListener
0x1a322695,0x1a322695,AddConditionalAce
0x8f27f5f6,0x8f27f5f6,AddConsoleAliasA
0x8f27f60c,0x8f27f60c,AddConsoleAliasW
0x9bcc4ea7,0x9bcc4ea7,AddCredentialsA
0x9bcc4ebd,0x9bcc4ebd,AddCredentialsW
0x8a6e2e69,0x8a6e2e69,AddDllDirectory
0xe25df773,0xe25df773,AddFontMemResourceEx
0xbff78278,0xbff78278,AddFontResourceA
0x9be21d15,0x9be21d15,AddFontResourceExA
0x9be21d2b,0x9be21d2b,AddFontResourceExW
0x3e9d69ea,0x3e9d69ea,AddFontResourceTracking
0xbff7828e,0xbff7828e,AddFontResourceW
0x1676c48d,0x1676c48d,AddFormA
0x1676c4a3,0x1676c4a3,AddFormW
0x77fa989d,0x77fa989d,AddIntegrityLabelToBoundaryDescriptor
0x6d4b9a34,0x6d4b9a34,AddJobA
0x6d4b9a4a,0x6d4b9a4a,AddJobW
0xd1508bb4,0xd1508bb4,AddLocalAlternateComputerNameA
0xd1508bca,0xd1508bca,AddLocalAlternateComputerNameW
0x4ae214fa,0x4ae214fa,AddMRUStringW
0xe06127f0,0xe06127f0,AddMandatoryAce
0xe2b92921,0xe2b92921,AddMonitorA
0xe2b92937,0xe2b92937,AddMonitorW
0x3982b634,0x3982b634,AddPersonalTrustDBPages
0x172bba7e,0x172bba7e,AddPortA
0x91046e9b,0x91046e9b,AddPortExA
0x91046eb1,0x91046eb1,AddPortExW
0x172bba94,0x172bba94,AddPortW
0x37ccf306,0x37ccf306,AddPrintProcessorA
0x37ccf31c,0x37ccf31c,AddPrintProcessorW
0x77949bb,0x077949bb,AddPrintProvidorA
0x77949d1,0x077949d1,AddPrintProvidorW
0x831de2dd,0x831de2dd,AddPrinterA
0x30accc1f,0x30accc1f,AddPrinterConnection2A
0x30accc35,0x30accc35,AddPrinterConnection2W
0xea33c82d,0xea33c82d,AddPrinterConnectionA
0xea33c843,0xea33c843,AddPrinterConnectionW
0xae14e429,0xae14e429,AddPrinterDriverA
0x86deaf06,0x86deaf06,AddPrinterDriverExA
0x86deaf1c,0x86deaf1c,AddPrinterDriverExW
0xae14e43f,0xae14e43f,AddPrinterDriverW
0x831de2f3,0x831de2f3,AddPrinterW
0xca0de6bc,0xca0de6bc,AddRefActCtx
0xf0dff7e,0x0f0dff7e,AddSIDToBoundaryDescriptor
0xfafcfb19,0xfafcfb19,AddSecureMemoryCacheCallback
0x687ab1d,0x0687ab1d,AddSecurityPackageA
0x687ab33,0x0687ab33,AddSecurityPackageW
0x2c175d7b,0x2c175d7b,AddUsersToEncryptedFile
0x8f64b178,0x8f64b178,AddUsersToEncryptedFileEx
0x1b0e7c77,0x1b0e7c77,AddVectoredContinueHandler
0x7a68d8e1,0x7a68d8e1,AddVectoredExceptionHandler
0xb23d5c92,0xb23d5c92,AdjustCalendarDate
0xc41dce5b,0xc41dce5b,AdjustTokenGroups
0xf7e622f5,0xf7e622f5,AdjustTokenPrivileges
0x6d8f0020,0x6d8f0020,AdjustWindowRect
0xd4f915d,0x0d4f915d,AdjustWindowRectEx
0x19f8b892,0x19f8b892,AdvancedDocumentPropertiesA
0x19f8b8a8,0x19f8b8a8,AdvancedDocumentPropertiesW
0x6d163246,0x6d163246,AdvancedSetupDialog
0x1b0790fb,0x1b0790fb,AlignRects
0x19cf52ad,0x19cf52ad,AllocConsole
0x60727179,0x60727179,AllocateAndInitializeSid
0x7224b428,0x7224b428,AllocateLocallyUniqueId
0xdc3379a0,0xdc3379a0,AllocateUserPhysicalPages
0x56c382f1,0x56c382f1,AllocateUserPhysicalPagesNuma
0x9665fb1b,0x9665fb1b,AllowForegroundActivation
0xbce825cd,0xbce825cd,AllowSetForegroundWindow
0xbefb5f44,0xbefb5f44,AlpcAdjustCompletionListConcurrencyCount
0xa5a28a6c,0xa5a28a6c,AlpcFreeCompletionListMessage
0x287a06c4,0x287a06c4,AlpcGetCompletionListLastMessageInformation
0xfd1539d1,0xfd1539d1,AlpcGetCompletionListMessageAttributes
0xa98df553,0xa98df553,AlpcGetHeaderSize
0xc12641c8,0xc12641c8,AlpcGetMessageAttribute
0x1650b25e,0x1650b25e,AlpcGetMessageFromCompletionList
0x5d650303,0x5d650303,AlpcGetOutstandingCompletionListMessageCount
0x5be761ba,0x5be761ba,AlpcInitializeMessageAttribute
0x264d1584,0x264d1584,AlpcMaxAllowedMessageLength
0x37a8a36a,0x37a8a36a,AlpcRegisterCompletionList
0xa9538a1c,0xa9538a1c,AlpcRegisterCompletionListWorkerThread
0x670313f2,0x670313f2,AlpcRundownCompletionList
0x63a692ad,0x63a692ad,AlpcUnregisterCompletionList
0x388f75df,0x388f75df,AlpcUnregisterCompletionListWorkerThread
0xbe5de5fa,0xbe5de5fa,AlphaBlend
0x2a0f3eee,0x2a0f3eee,AmdPowerXpressRequestHighPerformance
0x1fa36d8c,0x1fa36d8c,AngleArc
0xb573193d,0xb573193d,AnimatePalette
0xf75dce46,0xf75dce46,AnimateWindow
0x49ee66eb,0x49ee66eb,AnyPopup
0x463ad779,0x463ad779,AppCacheCheckManifest
0x7375b866,0x7375b866,AppCacheCloseHandle
0x1ee5afb4,0x1ee5afb4,AppCacheCreateAndCommitFile
0xf928864,0x0f928864,AppCacheDeleteGroup
0xb9653892,0xb9653892,AppCacheDeleteIEGroup
0xae5a916b,0xae5a916b,AppCacheDuplicateHandle
0xa3d40376,0xa3d40376,AppCacheFinalize
0x6a6e629a,0x6a6e629a,AppCacheFreeDownloadList
0x37cb962f,0x37cb962f,AppCacheFreeGroupList
0xd1856da0,0xd1856da0,AppCacheFreeIESpace
0xc1af85b2,0xc1af85b2,AppCacheFreeSpace
0x84f8b1d8,0x84f8b1d8,AppCacheGetDownloadList
0x56291da7,0x56291da7,AppCacheGetFallbackUrl
0xe7cffe2d,0xe7cffe2d,AppCacheGetGroupList
0x51ce249b,0x51ce249b,AppCacheGetIEGroupList
0xccee7970,0xccee7970,AppCacheGetInfo
0x5e4982ce,0x5e4982ce,AppCacheGetManifestUrl
0x48df64be,0x48df64be,AppCacheLookup
0x88ebd45b,0x88ebd45b,AppCompat_RunDLLW
0xc2f0ed1d,0xc2f0ed1d,AppendMenuA
0xc2f0ed33,0xc2f0ed33,AppendMenuW
0x40ee69dc,0x40ee69dc,ApplicationRecoveryFinished
0xcae7afe,0x0cae7afe,ApplicationRecoveryInProgress
0x82bce057,0x82bce057,ApplyControlToken
0xa70c325,0x0a70c325,Arc
0x69ae2b88,0x69ae2b88,ArcTo
0xd6e8494f,0xd6e8494f,AreAllAccessesGranted
0x9b4ef9be,0x9b4ef9be,AreAnyAccessesGranted
0x6c06055f,0x6c06055f,AreFileApisANSI
0x69ae31e0,0x69ae31e0,Arecv
0x6de48d0f,0x6de48d0f,ArrangeIconicWindows
0x69aebf9a,0x69aebf9a,Asend
0xb16a48,0x00b16a48,AssignProcessToJobObject
0x165cc27c,0x165cc27c,AssocCreate
0x298ce8b1,0x298ce8b1,AssocCreateForClasses
0xa1031dad,0xa1031dad,AssocGetDetailsOfPropKey
0xd5b15561,0xd5b15561,AssocGetPerceivedType
0x57be18c,0x057be18c,AssocIsDangerous
0x7f1bd668,0x7f1bd668,AssocQueryKeyA
0x7f1bd67e,0x7f1bd67e,AssocQueryKeyW
0xed237196,0xed237196,AssocQueryStringA
0x98a1de7a,0x98a1de7a,AssocQueryStringByKeyA
0x98a1de90,0x98a1de90,AssocQueryStringByKeyW
0xed2371ac,0xed2371ac,AssocQueryStringW
0x473d7a16,0x473d7a16,AsyncIoOperation
0xd1318a77,0xd1318a77,AttachConsole
0x28a20eac,0x28a20eac,AttachThreadInput
0xc21b7e3f,0xc21b7e3f,AuditComputeEffectivePolicyBySid
0xb70993c0,0xb70993c0,AuditComputeEffectivePolicyByToken
0x1928312,0x01928312,AuditEnumerateCategories
0x60b9002,0x060b9002,AuditEnumeratePerUserPolicy
0xe40485c,0x0e40485c,AuditEnumerateSubCategories
0x9d01ef08,0x9d01ef08,AuditFree
0xe06a2c06,0xe06a2c06,AuditLookupCategoryGuidFromCategoryId
0xf57886c6,0xf57886c6,AuditLookupCategoryIdFromCategoryGuid
0xff7c3ca0,0xff7c3ca0,AuditLookupCategoryNameA
0xff7c3cb6,0xff7c3cb6,AuditLookupCategoryNameW
0xb033452a,0xb033452a,AuditLookupSubCategoryNameA
0xb0334540,0xb0334540,AuditLookupSubCategoryNameW
0x25f3edb1,0x25f3edb1,AuditQueryGlobalSaclA
0x25f3edc7,0x25f3edc7,AuditQueryGlobalSaclW
0x550460b2,0x550460b2,AuditQueryPerUserPolicy
0x76f3e374,0x76f3e374,AuditQuerySecurity
0x2e7dbff1,0x2e7dbff1,AuditQuerySystemPolicy
0x7f20bf47,0x7f20bf47,AuditSetGlobalSaclA
0x7f20bf5d,0x7f20bf5d,AuditSetGlobalSaclW
0xacabefc8,0xacabefc8,AuditSetPerUserPolicy
0x5baa2cca,0x5baa2cca,AuditSetSecurity
0xad44c447,0xad44c447,AuditSetSystemPolicy
0xf6d034f7,0xf6d034f7,BCryptAddContextFunction
0xad142f42,0xad142f42,BCryptAddContextFunctionProvider
0xd3e6930b,0xd3e6930b,BCryptCloseAlgorithmProvider
0xab2c0cea,0xab2c0cea,BCryptConfigureContext
0x4a2bd430,0x4a2bd430,BCryptConfigureContextFunction
0x5fd1291c,0x5fd1291c,BCryptCreateContext
0xf7cc8abb,0xf7cc8abb,BCryptCreateHash
0x15722406,0x15722406,BCryptCreateMultiHash
0x68f2805e,0x68f2805e,BCryptDecrypt
0xe887adfb,0xe887adfb,BCryptDeleteContext
0xdd02c2cb,0xdd02c2cb,BCryptDeriveKey
0x53130cc8,0x53130cc8,BCryptDeriveKeyCapi
0x826bbd84,0x826bbd84,BCryptDeriveKeyPBKDF2
0xa8787c91,0xa8787c91,BCryptDestroyHash
0xafc5a476,0xafc5a476,BCryptDestroyKey
0xc2727373,0xc2727373,BCryptDestroySecret
0xc0a99b02,0xc0a99b02,BCryptDuplicateHash
0x3c2438c7,0x3c2438c7,BCryptDuplicateKey
0xcaeb2ac8,0xcaeb2ac8,BCryptEncrypt
0x7ec41e12,0x7ec41e12,BCryptEnumAlgorithms
0x20c54fe1,0x20c54fe1,BCryptEnumContextFunctionProviders
0x5b00c036,0x5b00c036,BCryptEnumContextFunctions
0x80c30d30,0x80c30d30,BCryptEnumContexts
0x9a1da7b6,0x9a1da7b6,BCryptEnumProviders
0x813e3b64,0x813e3b64,BCryptEnumRegisteredProviders
0x4e2c526e,0x4e2c526e,BCryptExportKey
0x5105114a,0x5105114a,BCryptFinalizeKeyPair
0x9f8fc7e8,0x9f8fc7e8,BCryptFinishHash
0xef8d89f,0x0ef8d89f,BCryptFreeBuffer
0x1a1660be,0x1a1660be,BCryptGenRandom
0x10061e83,0x10061e83,BCryptGenerateKeyPair
0x9a188e34,0x9a188e34,BCryptGenerateSymmetricKey
0x9d64ada1,0x9d64ada1,BCryptGetFipsAlgorithmMode
0xfb5f80a8,0xfb5f80a8,BCryptGetProperty
0xc36b0947,0xc36b0947,BCryptHash
0x28f2be21,0x28f2be21,BCryptHashData
0xf949f0c7,0xf949f0c7,BCryptImportKey
0x7afff8d3,0x7afff8d3,BCryptImportKeyPair
0xdf1f1e41,0xdf1f1e41,BCryptKeyDerivation
0x52fe2807,0x52fe2807,BCryptOpenAlgorithmProvider
0x149f9d71,0x149f9d71,BCryptProcessMultiOperations
0xe3f12ef6,0xe3f12ef6,BCryptQueryContextConfiguration
0xdd232bfc,0xdd232bfc,BCryptQueryContextFunctionConfiguration
0xd5320249,0xd5320249,BCryptQueryContextFunctionProperty
0xb213dd1f,0xb213dd1f,BCryptQueryProviderRegistration
0x95f876dd,0x95f876dd,BCryptRegisterConfigChangeNotify
0x6970b6d3,0x6970b6d3,BCryptRegisterProvider
0x43fd28dc,0x43fd28dc,BCryptRemoveContextFunction
0xb8d53827,0xb8d53827,BCryptRemoveContextFunctionProvider
0xd8c1b7a1,0xd8c1b7a1,BCryptResolveProviders
0x9e6c9c81,0x9e6c9c81,BCryptSecretAgreement
0x4043f735,0x4043f735,BCryptSetAuditingInterface
0x97c6019f,0x97c6019f,BCryptSetContextFunctionProperty
0x3bb7ffb4,0x3bb7ffb4,BCryptSetProperty
0x9c09a6b8,0x9c09a6b8,BCryptSignHash
0x219f14a0,0x219f14a0,BCryptUnregisterConfigChangeNotify
0x98abb4d6,0x98abb4d6,BCryptUnregisterProvider
0xdf14dd2a,0xdf14dd2a,BCryptVerifySignature
0xa4859790,0xa4859790,BTOA_ConvertItemToAscii
0xd169f4ad,0xd169f4ad,BTOA_ConvertItemToAscii_Util
0xfdb38fa,0x0fdb38fa,BTOA_DataToAscii
0x1faf0857,0x1faf0857,BTOA_DataToAscii_Util
0xe4f6eb8a,0xe4f6eb8a,BackupEventLogA
0xe4f6eba0,0xe4f6eba0,BackupEventLogW
0xd84e4f21,0xd84e4f21,BackupRead
0xd84edc0d,0xd84edc0d,BackupSeek
0xe279f310,0xe279f310,BackupWrite
0xd8281e01,0xd8281e01,BaseCheckAppcompatCache
0x82a7ab7e,0x82a7ab7e,BaseCheckAppcompatCacheEx
0x82bc44fe,0x82bc44fe,BaseCheckRunApp
0x337d4288,0x337d4288,BaseCleanupAppcompatCacheSupport
0xe1f882ad,0xe1f882ad,BaseDllReadWriteIniFile
0x1d06fcd9,0x1d06fcd9,BaseDumpAppcompatCache
0xaa2a0e25,0xaa2a0e25,BaseFlushAppcompatCache
0xd8486c51,0xd8486c51,BaseFormatObjectAttributes
0x499b62fa,0x499b62fa,BaseFormatTimeOut
0x3c3a2f14,0x3c3a2f14,BaseGenerateAppCompatData
0x718185bb,0x718185bb,BaseGetNamedObjectDirectory
0xaad00eb4,0xaad00eb4,BaseInitAppcompatCacheSupport
0x37fd904,0x037fd904,BaseIsAppcompatInfrastructureDisabled
0x6a978fe0,0x6a978fe0,BaseQueryModuleData
0x5edac916,0x5edac916,BaseSetLastNTError
0x303a9d80,0x303a9d80,BaseThreadInitThunk
0x5ce5d3a6,0x5ce5d3a6,BaseUpdateAppcompatCache
0x6d6093fd,0x6d6093fd,BaseVerifyUnicodeString
0x2515bcee,0x2515bcee,Basep8BitStringToDynamicUnicodeString
0x38702cd3,0x38702cd3,BasepAllocateActivationContextActivationBlock
0x1b6ef6a2,0x1b6ef6a2,BasepAnsiStringToDynamicUnicodeString
0xafa10e7d,0xafa10e7d,BasepCheckAppCompat
0x6c780a0,0x06c780a0,BasepCheckBadapp
0x38a5db40,0x38a5db40,BasepCheckWinSaferRestrictions
0xe6084950,0xe6084950,BasepFreeActivationContextActivationBlock
0x3baa4a9b,0x3baa4a9b,BasepFreeAppCompatData
0xf82236ca,0xf82236ca,BasepMapModuleHandle
0x58897d6b,0x58897d6b,Beep
0xa6da884,0x0a6da884,BeginDeferWindowPos
0xb0f59110,0xb0f59110,BeginPaint
0x33e86aa1,0x33e86aa1,BeginPath
0x67a8ea00,0x67a8ea00,BeginUpdateResourceA
0x67a8ea16,0x67a8ea16,BeginUpdateResourceW
0xffaf320b,0xffaf320b,BindIoCompletionCallback
0x238bb101,0x238bb101,BindMoniker
0xa12eee70,0xa12eee70,BitBlt
0x6d16fcca,0x6d16fcca,BlockInput
0x582d5472,0x582d5472,BoundaryDescriptor
0x79fa920f,0x79fa920f,BringWindowToTop
0x1693904c,0x1693904c,BroadcastSystemMessage
0xe9059a0d,0xe9059a0d,BroadcastSystemMessageA
0x40d46dea,0x40d46dea,BroadcastSystemMessageExA
0x40d46e00,0x40d46e00,BroadcastSystemMessageExW
0xe9059a23,0xe9059a23,BroadcastSystemMessageW
0x3125add5,0x3125add5,BuildCommDCBA
0x5b42a382,0x5b42a382,BuildCommDCBAndTimeoutsA
0x5b42a398,0x5b42a398,BuildCommDCBAndTimeoutsW
0x3125adeb,0x3125adeb,BuildCommDCBW
0x1ca87e11,0x1ca87e11,BuildExplicitAccessWithNameA
0x1ca87e27,0x1ca87e27,BuildExplicitAccessWithNameW
0xbb1e9b38,0xbb1e9b38,BuildImpersonateExplicitAccessWithNameA
0xbb1e9b4e,0xbb1e9b4e,BuildImpersonateExplicitAccessWithNameW
0x962ec213,0x962ec213,BuildImpersonateTrusteeA
0x962ec229,0x962ec229,BuildImpersonateTrusteeW
0x5e73f926,0x5e73f926,BuildReasonArray
0x98c82b17,0x98c82b17,BuildSecurityDescriptorA
0x98c82b2d,0x98c82b2d,BuildSecurityDescriptorW
0x70e4ad89,0x70e4ad89,BuildTrusteeWithNameA
0x70e4ad9f,0x70e4ad9f,BuildTrusteeWithNameW
0xb2eeba6,0x0b2eeba6,BuildTrusteeWithObjectsAndNameA
0xb2eebbc,0x0b2eebbc,BuildTrusteeWithObjectsAndNameW
0x179f7185,0x179f7185,BuildTrusteeWithObjectsAndSidA
0x179f719b,0x179f719b,BuildTrusteeWithObjectsAndSidW
0xd4e30308,0xd4e30308,BuildTrusteeWithSidA
0xd4e3031e,0xd4e3031e,BuildTrusteeWithSidW
0xe3579c37,0xe3579c37,ByHandleA
0xe3579c4d,0xe3579c4d,ByHandleW
0xff859323,0xff859323,ByeByeGDI
0xd1d41e57,0xd1d41e57,CDefFolderMenu_Create2
0x7b25be3b,0x7b25be3b,CERTAltNameTemplate
0x90f3e018,0x90f3e018,CERTAuthInfoAccessItemTemplate
0xbec4bc69,0xbec4bc69,CERTAuthInfoAccessTemplate
0x6cc088e1,0x6cc088e1,CERTAuthKeyIDTemplate
0xc0acdc17,0xc0acdc17,CERTCRLDistributionPointsTemplate
0x382b46ed,0x382b46ed,CERTSignedDataTemplate
0x7705653d,0x7705653d,CERT_AddAVA
0xeff8e784,0xeff8e784,CERT_AddCertToListHead
0xc903797a,0xc903797a,CERT_AddCertToListHeadWithData
0xec382c23,0xec382c23,CERT_AddCertToListSorted
0xefff6c1c,0xefff6c1c,CERT_AddCertToListTail
0xc3311612,0xc3311612,CERT_AddCertToListTailWithData
0xbbe42,0x000bbe42,CERT_AddExtension
0x91e37039,0x91e37039,CERT_AddExtensionByOID
0x10d3638b,0x10d3638b,CERT_AddNameConstraint
0x91819a85,0x91819a85,CERT_AddNameConstraintByGeneralName
0xc9156d60,0xc9156d60,CERT_AddOCSPAcceptableResponses
0x8a93e438,0x8a93e438,CERT_AddOKDomainName
0x7705ab49,0x7705ab49,CERT_AddRDN
0xddc3b300,0xddc3b300,CERT_AddTempCertToPerm
0x4877c3fc,0x4877c3fc,CERT_AllocCERTRevocationFlags
0x3d064c89,0x3d064c89,CERT_AsciiToName
0xa72c9e6c,0xa72c9e6c,CERT_AttributeTemplate
0xb8e39db,0x0b8e39db,CERT_CRLCacheRefreshIssuer
0x3da8dfd1,0x3da8dfd1,CERT_CacheCRL
0xb8f77386,0xb8f77386,CERT_CacheOCSPResponseFromSideChannel
0x1166e76f,0x1166e76f,CERT_CertChainFromCert
0xafdaf9a3,0xafdaf9a3,CERT_CertExtensionTemplate
0x9c6acd4f,0x9c6acd4f,CERT_CertKeyTemplate
0xc2ce1248,0xc2ce1248,CERT_CertListFromCert
0x123484bc,0x123484bc,CERT_CertTimesValid
0xa0be573,0x0a0be573,CERT_CertificatePoliciesTemplate
0xcda04dc4,0xcda04dc4,CERT_CertificateRequestTemplate
0x8f4a0edb,0x8f4a0edb,CERT_CertificateTemplate
0xec7cd792,0xec7cd792,CERT_ChangeCertTrust
0x5cd3aa1b,0x5cd3aa1b,CERT_CheckCRL
0x5277487d,0x5277487d,CERT_CheckCertUsage
0x23b096fa,0x23b096fa,CERT_CheckCertValidTimes
0xc2869898,0xc2869898,CERT_CheckKeyUsage
0xfec26827,0xfec26827,CERT_CheckNameSpace
0x9ca72673,0x9ca72673,CERT_CheckOCSPStatus
0x812ba92c,0x812ba92c,CERT_ClearOCSPCache
0x4446059b,0x4446059b,CERT_CompareAVA
0x6df90a64,0x6df90a64,CERT_CompareCerts
0x4c270c43,0x4c270c43,CERT_CompareCertsForRedirection
0x69c35d09,0x69c35d09,CERT_CompareDERPrintableStrings
0xcd0d8264,0xcd0d8264,CERT_CompareName
0x2b1d8e70,0x2b1d8e70,CERT_CompareNameSpace
0x44464ba7,0x44464ba7,CERT_CompareRDN
0x2aea78ab,0x2aea78ab,CERT_CompareValidityTimes
0x9fff7554,0x9fff7554,CERT_CompleteCRLDecodeEntries
0x5fc41c97,0x5fc41c97,CERT_ConvertAndDecodeCertificate
0xc353e0f,0x0c353e0f,CERT_CopyAVA
0x20b88856,0x20b88856,CERT_CopyGeneralName
0x92e3c958,0x92e3c958,CERT_CopyName
0x290ed51d,0x290ed51d,CERT_CopyNameConstraint
0xc35841b,0x0c35841b,CERT_CopyRDN
0xe801213d,0xe801213d,CERT_CopyValidity
0x2dd49b88,0x2dd49b88,CERT_CreateAVA
0x7a62166,0x07a62166,CERT_CreateAVAFromRaw
0x1c12cfc6,0x1c12cfc6,CERT_CreateAVAFromSECItem
0xa0320e93,0xa0320e93,CERT_CreateCertificate
0xc66881fc,0xc66881fc,CERT_CreateCertificateRequest
0xe140abb0,0xe140abb0,CERT_CreateEncodedOCSPErrorResponse
0x4d6102ff,0x4d6102ff,CERT_CreateEncodedOCSPSuccessResponse
0xf27a0cab,0xf27a0cab,CERT_CreateGeneralNameList
0xe86ed5f1,0xe86ed5f1,CERT_CreateName
0x15b57660,0x15b57660,CERT_CreateOCSPCertID
0x4efc36ce,0x4efc36ce,CERT_CreateOCSPRequest
0xb23a2bf,0x0b23a2bf,CERT_CreateOCSPSingleResponseGood
0xed742046,0xed742046,CERT_CreateOCSPSingleResponseRevoked
0xe899bda6,0xe899bda6,CERT_CreateOCSPSingleResponseUnknown
0x2dd4e194,0x2dd4e194,CERT_CreateRDN
0x8a34aaaa,0x8a34aaaa,CERT_CreateSubjectCertList
0xef02d256,0xef02d256,CERT_CreateValidity
0x3ebd35d9,0x3ebd35d9,CERT_CrlTemplate
0xfcb67355,0xfcb67355,CERT_CrlTemplateEntriesOnly
0xa21bfbf0,0xa21bfbf0,CERT_CrlTemplateNoEntries
0xa15319d5,0xa15319d5,CERT_DecodeAVAValue
0x44febf3f,0x44febf3f,CERT_DecodeAltNameExtension
0xcb2621cd,0xcb2621cd,CERT_DecodeAuthInfoAccessExtension
0x760ff948,0x760ff948,CERT_DecodeAuthKeyID
0xf9c84c44,0xf9c84c44,CERT_DecodeBasicConstraintValue
0x4b5222fe,0x4b5222fe,CERT_DecodeCRLDistributionPoints
0xc622ee2e,0xc622ee2e,CERT_DecodeCertFromPackage
0xa42263da,0xa42263da,CERT_DecodeCertPackage
0xe66fe578,0xe66fe578,CERT_DecodeCertificatePoliciesExtension
0x11c32efe,0x11c32efe,CERT_DecodeDERCertificate
0xa64d88fc,0xa64d88fc,CERT_DecodeDERCrl
0x88aa5aa5,0x88aa5aa5,CERT_DecodeDERCrlWithFlags
0xaa60f79f,0xaa60f79f,CERT_DecodeGeneralName
0xaea63e8c,0xaea63e8c,CERT_DecodeInhibitAnyExtension
0x1e2daa16,0x1e2daa16,CERT_DecodeNameConstraintsExtension
0x4426df9e,0x4426df9e,CERT_DecodeOCSPRequest
0xcd5810c4,0xcd5810c4,CERT_DecodeOCSPResponse
0x8169b7d5,0x8169b7d5,CERT_DecodeOidSequence
0x7e4511c5,0x7e4511c5,CERT_DecodePolicyConstraintsExtension
0x70c4952c,0x70c4952c,CERT_DecodePolicyMappingsExtension
0x27eca43f,0x27eca43f,CERT_DecodePrivKeyUsagePeriodExtension
0x8424b279,0x8424b279,CERT_DecodeTrustString
0xd1862e61,0xd1862e61,CERT_DecodeUserNotice
0xc8457924,0xc8457924,CERT_DerNameToAscii
0xa9a694fb,0xa9a694fb,CERT_DestroyCERTRevocationFlags
0xcab70653,0xcab70653,CERT_DestroyCertArray
0xb89710d0,0xb89710d0,CERT_DestroyCertList
0x9fc3c6c9,0x9fc3c6c9,CERT_DestroyCertificate
0xd696f1a5,0xd696f1a5,CERT_DestroyCertificateList
0x14886d9e,0x14886d9e,CERT_DestroyCertificatePoliciesExtension
0x9fbe2172,0x9fbe2172,CERT_DestroyCertificateRequest
0xa06485c7,0xa06485c7,CERT_DestroyCrl
0xb4c80705,0xb4c80705,CERT_DestroyGeneralName
0x57f8efe1,0x57f8efe1,CERT_DestroyGeneralNameList
0xacfafee7,0xacfafee7,CERT_DestroyName
0x2535ffd6,0x2535ffd6,CERT_DestroyOCSPCertID
0x4e8def04,0x4e8def04,CERT_DestroyOCSPRequest
0x24a10cea,0x24a10cea,CERT_DestroyOCSPResponse
0x8bd0c73b,0x8bd0c73b,CERT_DestroyOidSequence
0x7f17ed92,0x7f17ed92,CERT_DestroyPolicyMappingsExtension
0x4df5e907,0x4df5e907,CERT_DestroyUserNotice
0xfec6864c,0xfec6864c,CERT_DestroyValidity
0xc8e0fd01,0xc8e0fd01,CERT_DisableOCSPChecking
0xce59bdfc,0xce59bdfc,CERT_DisableOCSPDefaultResponder
0x6b03bfd5,0x6b03bfd5,CERT_DisplayTextTypeTemplate
0x24262a82,0x24262a82,CERT_DistNamesFromCertList
0xc3c35f31,0xc3c35f31,CERT_DistNamesFromNicknames
0xfdbe8eaf,0xfdbe8eaf,CERT_DupCertList
0x6c906c48,0x6c906c48,CERT_DupCertificate
0x282e18ad,0x282e18ad,CERT_DupDistNames
0x5d8a3ce0,0x5d8a3ce0,CERT_DupGeneralNameList
0x498b91b4,0x498b91b4,CERT_EnableOCSPChecking
0xbd5b55af,0xbd5b55af,CERT_EnableOCSPDefaultResponder
0x911fd869,0x911fd869,CERT_EncodeAltNameExtension
0x9e4565b,0x09e4565b,CERT_EncodeAndAddBitStrExtension
0xaeb4cc83,0xaeb4cc83,CERT_EncodeAndAddExtension
0x2e996db2,0x2e996db2,CERT_EncodeAuthKeyID
0x35c5ea6e,0x35c5ea6e,CERT_EncodeBasicConstraintValue
0x7038668,0x07038668,CERT_EncodeCRLDistributionPoints
0xa447f72d,0xa447f72d,CERT_EncodeCertPoliciesExtension
0xab192e89,0xab192e89,CERT_EncodeGeneralName
0xc5116f88,0xc5116f88,CERT_EncodeIA5TypeExtension
0xbec40ea5,0xbec40ea5,CERT_EncodeInfoAccessExtension
0xa0f3bf76,0xa0f3bf76,CERT_EncodeInhibitAnyExtension
0x3ec24d40,0x3ec24d40,CERT_EncodeNameConstraintsExtension
0x5ccf5e1b,0x5ccf5e1b,CERT_EncodeNoticeReference
0x44df1688,0x44df1688,CERT_EncodeOCSPRequest
0x168f276f,0x168f276f,CERT_EncodePolicyConstraintsExtension
0x37a7fca3,0x37a7fca3,CERT_EncodePolicyMappingExtension
0x7e08c5c6,0x7e08c5c6,CERT_EncodePrivateKeyUsagePeriod
0x727426b0,0x727426b0,CERT_EncodeSubjectKeyID
0x84dce963,0x84dce963,CERT_EncodeTrustString
0x9b3e300b,0x9b3e300b,CERT_EncodeUserNotice
0xe0ae5134,0xe0ae5134,CERT_ExtractNicknameString
0xc9af571f,0xc9af571f,CERT_ExtractPublicKey
0xda417fdf,0xda417fdf,CERT_FilterCertListByCANames
0x610667d1,0x610667d1,CERT_FilterCertListByCertList
0x9824386d,0x9824386d,CERT_FilterCertListByNickname
0xefa5023c,0xefa5023c,CERT_FilterCertListByUsage
0x45f68db3,0x45f68db3,CERT_FilterCertListForUserCerts
0xaf2c0809,0xaf2c0809,CERT_FindAuthKeyIDExten
0x861a4148,0x861a4148,CERT_FindBasicConstraintExten
0xbb81d430,0xbb81d430,CERT_FindBitStringExtension
0x87e6177b,0x87e6177b,CERT_FindCRLDistributionPoints
0xd9a42f1c,0xd9a42f1c,CERT_FindCRLEntryReasonExten
0xb916067b,0xb916067b,CERT_FindCRLExtension
0xf990c412,0xf990c412,CERT_FindCRLExtensionByOID
0x4f430c2b,0x4f430c2b,CERT_FindCRLNumberExten
0xf4cf13cf,0xf4cf13cf,CERT_FindCertByDERCert
0xe176675,0x0e176675,CERT_FindCertByIssuerAndSN
0xf18ae0b0,0xf18ae0b0,CERT_FindCertByIssuerAndSNCX
0xf484bc,0x00f484bc,CERT_FindCertByKeyID
0xc9bb6807,0xc9bb6807,CERT_FindCertByName
0x753b7fbe,0x753b7fbe,CERT_FindCertByNameString
0xdac4da8c,0xdac4da8c,CERT_FindCertByNickname
0x3e8babd0,0x3e8babd0,CERT_FindCertByNicknameOrEmailAddr
0x1025e8cb,0x1025e8cb,CERT_FindCertByNicknameOrEmailAddrCX
0x7ed338ac,0x7ed338ac,CERT_FindCertByNicknameOrEmailAddrForUsage
0x80841ca7,0x80841ca7,CERT_FindCertByNicknameOrEmailAddrForUsageCX
0x28a597cc,0x28a597cc,CERT_FindCertBySubjectKeyID
0x3566d2a8,0x3566d2a8,CERT_FindCertExtension
0xed39345f,0xed39345f,CERT_FindCertExtensionByOID
0xd9a60366,0xd9a60366,CERT_FindCertIssuer
0x9b91ce86,0x9b91ce86,CERT_FindInvalidDateExten
0x8d881778,0x8d881778,CERT_FindKeyUsageExtension
0x644b16,0x00644b16,CERT_FindMatchingCert
0x3455c32b,0x3455c32b,CERT_FindNSCertTypeExtension
0xc7eafc32,0xc7eafc32,CERT_FindNSStringExtension
0x1f3377fa,0x1f3377fa,CERT_FindNameConstraintsExten
0x26d26e89,0x26d26e89,CERT_FindSMimeProfile
0xd392fee0,0xd392fee0,CERT_FindSubjectKeyIDExtension
0x83b4705a,0x83b4705a,CERT_FindUserCertByUsage
0xc9a8c28d,0xc9a8c28d,CERT_FindUserCertsByUsage
0xf0393070,0xf0393070,CERT_FinishCertificateRequestAttributes
0x8a1d05ad,0x8a1d05ad,CERT_FinishExtensions
0x7e7493ab,0x7e7493ab,CERT_FixupEmailAddr
0x7ff02cce,0x7ff02cce,CERT_ForcePostMethodForOCSP
0x6e94a66,0x06e94a66,CERT_FormatName
0xc3ccec46,0xc3ccec46,CERT_FreeDistNames
0x6c071c97,0x6c071c97,CERT_FreeNicknames
0x8dfbd586,0x8dfbd586,CERT_GenTime2FormattedAscii
0x9d235c63,0x9d235c63,CERT_GenTime2FormattedAscii_Util
0xfdadf1ca,0xfdadf1ca,CERT_GeneralNamesTemplate
0x833a6d10,0x833a6d10,CERT_GetAVATag
0xf80c752f,0xf80c752f,CERT_GetCertChainFromCert
0x8cb58614,0x8cb58614,CERT_GetCertCommentString
0xc776b2d8,0xc776b2d8,CERT_GetCertEmailAddress
0x55aab2fa,0x55aab2fa,CERT_GetCertIsPerm
0x55ace3dc,0x55ace3dc,CERT_GetCertIsTemp
0x369f2039,0x369f2039,CERT_GetCertIssuerAndSN
0x84f88795,0x84f88795,CERT_GetCertKeyType
0x430e5e12,0x430e5e12,CERT_GetCertNicknameWithValidity
0x66a523,0x0066a523,CERT_GetCertNicknames
0x35a160c,0x035a160c,CERT_GetCertTimes
0x35f294c,0x035f294c,CERT_GetCertTrust
0x5e08cc0c,0x5e08cc0c,CERT_GetCertUid
0xa04a90ba,0xa04a90ba,CERT_GetCertificateDer
0x162bb3ed,0x162bb3ed,CERT_GetCertificateEmailAddress
0xdde45eb3,0xdde45eb3,CERT_GetCertificateNames
0x62f89398,0x62f89398,CERT_GetCertificateRequestExtensions
0x7933e2db,0x7933e2db,CERT_GetClassicOCSPDisabledPolicy
0xfd4d98b5,0xfd4d98b5,CERT_GetClassicOCSPEnabledHardFailurePolicy
0x43cd612,0x043cd612,CERT_GetClassicOCSPEnabledSoftFailurePolicy
0x38099a26,0x38099a26,CERT_GetCommonName
0x724209ed,0x724209ed,CERT_GetConstrainedCertificateNames
0x54680ad1,0x54680ad1,CERT_GetCountryName
0x4ecf75a3,0x4ecf75a3,CERT_GetDBContentVersion
0xc02c5715,0xc02c5715,CERT_GetDefaultCertDB
0xb3ddfcf0,0xb3ddfcf0,CERT_GetDnQualifier
0x6c5cccc8,0x6c5cccc8,CERT_GetDomainComponentName
0x2ea4be32,0x2ea4be32,CERT_GetEncodedOCSPResponse
0x1375f10e,0x1375f10e,CERT_GetEncodedOCSPResponseByMethod
0x5d11c181,0x5d11c181,CERT_GetExtenCriticality
0x84e35652,0x84e35652,CERT_GetFirstEmailAddress
0xe2034278,0xe2034278,CERT_GetGeneralNameByType
0x792a20e8,0x792a20e8,CERT_GetGeneralNameTypeFromString
0xde2dce66,0xde2dce66,CERT_GetImposedNameConstraints
0x453123be,0x453123be,CERT_GetLocalityName
0x899cde5f,0x899cde5f,CERT_GetNameConstraintByType
0x8838e0b2,0x8838e0b2,CERT_GetNamesLength
0xb140ad49,0xb140ad49,CERT_GetNextEmailAddress
0x8ae6963a,0x8ae6963a,CERT_GetNextGeneralName
0x941ac881,0x941ac881,CERT_GetNextNameConstraint
0xe051fa71,0xe051fa71,CERT_GetOCSPAuthorityInfoAccessLocation
0xbeee2344,0xbeee2344,CERT_GetOCSPResponseStatus
0xf82321d7,0xf82321d7,CERT_GetOCSPStatusForCertID
0xf23719ef,0xf23719ef,CERT_GetOidString
0x174c08e5,0x174c08e5,CERT_GetOrgName
0xd4a88ca5,0xd4a88ca5,CERT_GetOrgUnitName
0xb22a4e75,0xb22a4e75,CERT_GetPKIXVerifyNistRevocationPolicy
0x51916518,0x51916518,CERT_GetPrevGeneralName
0x43f4929f,0x43f4929f,CERT_GetPrevNameConstraint
0x3b284f53,0x3b284f53,CERT_GetSSLCACerts
0xf6cede09,0xf6cede09,CERT_GetSlopTime
0x551b2be,0x0551b2be,CERT_GetStateName
0xfb89c4f6,0xfb89c4f6,CERT_GetStatusConfig
0x90ee708d,0x90ee708d,CERT_GetSubjectNameDigest
0xb7df3814,0xb7df3814,CERT_GetSubjectPublicKeyDigest
0xdb4e6197,0xdb4e6197,CERT_GetUsePKIXForValidation
0x9bae9444,0x9bae9444,CERT_GetValidDNSPatternsFromCert
0x5b75c008,0x5b75c008,CERT_GovtApprovedBitSet
0x8776b1c9,0x8776b1c9,CERT_Hexify
0x2977c53e,0x2977c53e,CERT_ImportCAChain
0xe5edbb29,0xe5edbb29,CERT_ImportCAChainTrusted
0xbac2fef8,0xbac2fef8,CERT_ImportCRL
0x7777a0b8,0x7777a0b8,CERT_ImportCerts
0x867df087,0x867df087,CERT_InhibitAnyTemplate
0x304c66ea,0x304c66ea,CERT_IsCACert
0x622d1165,0x622d1165,CERT_IsCADERCert
0x3f3b99cb,0x3f3b99cb,CERT_IsInList
0xe3387ff9,0xe3387ff9,CERT_IsNewer
0x53cbb025,0x53cbb025,CERT_IsRootDERCert
0x80c82805,0x80c82805,CERT_IsUserCert
0xd67a9567,0xd67a9567,CERT_IssuerAndSNTemplate
0x73d86c55,0x73d86c55,CERT_IssuerNameFromDERCert
0x3cb79e42,0x3cb79e42,CERT_KeyFromDERCert
0x382499d5,0x382499d5,CERT_KeyFromDERCrl
0xd355f268,0xd355f268,CERT_KeyFromIssuerAndSN
0x8f712319,0x8f712319,CERT_KeyUsageAndTypeForCertUsage
0x9104a659,0x9104a659,CERT_LockCertRefCount
0x7ac7f3dd,0x7ac7f3dd,CERT_LockCertTempPerm
0xa8ab1175,0xa8ab1175,CERT_LockCertTrust
0xfa56a44,0x0fa56a44,CERT_MakeCANickname
0xf76c4fda,0xf76c4fda,CERT_MapStanError
0xbd33f76f,0xbd33f76f,CERT_MatchNickname
0x39ea2f76,0x39ea2f76,CERT_MatchUserCert
0x3d0de42b,0x3d0de42b,CERT_MaybeLockCertTempPerm
0x98922fee,0x98922fee,CERT_MaybeUnlockCertTempPerm
0xeebab03c,0xeebab03c,CERT_MergeExtensions
0x6f899862,0x6f899862,CERT_NameConstraintSubtreeSubTemplate
0x7fea5eba,0x7fea5eba,CERT_NameFromDERCert
0xefc911b9,0xefc911b9,CERT_NameTemplate
0xd7eea309,0xd7eea309,CERT_NameToAscii
0x58f6aefd,0x58f6aefd,CERT_NameToAsciiInvertible
0x221ba830,0x221ba830,CERT_NewCertList
0x32cde265,0x32cde265,CERT_NewGeneralName
0xc3e66aff,0xc3e66aff,CERT_NewTempCertificate
0xb2adadaa,0xb2adadaa,CERT_NicknameStringsFromCertList
0x3fb665a9,0x3fb665a9,CERT_NoticeReferenceTemplate
0x4befad16,0x4befad16,CERT_OCSPCacheSettings
0xb2b3bafd,0xb2b3bafd,CERT_OidSeqTemplate
0x73d75f23,0x73d75f23,CERT_OpenCertDBFilename
0x36cfe6bb,0x36cfe6bb,CERT_PKIXVerifyCert
0x60c56aca,0x60c56aca,CERT_ParseURL
0xe271ad20,0xe271ad20,CERT_PolicyConstraintsTemplate
0xfc0768b4,0xfc0768b4,CERT_PolicyInfoTemplate
0xe8b740a6,0xe8b740a6,CERT_PolicyMapTemplate
0xf5e29127,0xf5e29127,CERT_PolicyMappingsTemplate
0x3e7cc14a,0x3e7cc14a,CERT_PolicyQualifierTemplate
0xfe7b4cc0,0xfe7b4cc0,CERT_PostOCSPRequest
0xd0456636,0xd0456636,CERT_PublicKeyAndChallengeTemplate
0xbf90c6dc,0xbf90c6dc,CERT_RDNTemplate
0xaf71a3da,0xaf71a3da,CERT_RFC1485_EscapeAndQuote
0x5d12e4fa,0x5d12e4fa,CERT_RegisterAlternateOCSPAIAInfoCallBack
0xaf03813a,0xaf03813a,CERT_RemoveCertListNode
0xd4aac377,0xd4aac377,CERT_SaveSMimeProfile
0x82cc3b1,0x082cc3b1,CERT_SequenceOfCertExtensionTemplate
0xa7be6dc2,0xa7be6dc2,CERT_SerialNumberFromDERCert
0x6a9d3d80,0x6a9d3d80,CERT_SetCAPolicyStringCallback
0x52aa1da1,0x52aa1da1,CERT_SetDefaultCertDB
0x352cf3d4,0x352cf3d4,CERT_SetOCSPDefaultResponder
0x37fd940a,0x37fd940a,CERT_SetOCSPFailureMode
0x4f2f124,0x04f2f124,CERT_SetOCSPTimeout
0x92d7adcd,0x92d7adcd,CERT_SetOfAttributeTemplate
0x137742d4,0x137742d4,CERT_SetOfSignedCrlTemplate
0x37275d15,0x37275d15,CERT_SetSlopTime
0xa2e2ea02,0xa2e2ea02,CERT_SetStatusConfig
0x3dd1d2a3,0x3dd1d2a3,CERT_SetUsePKIXForValidation
0x27cc3373,0x27cc3373,CERT_SignedCrlTemplate
0x5b8e50ac,0x5b8e50ac,CERT_SignedDataTemplate
0x74fd8b6f,0x74fd8b6f,CERT_SortCBValidity
0xbf3e4e6d,0xbf3e4e6d,CERT_StartCRLEntryExtensions
0xbd92c47b,0xbd92c47b,CERT_StartCRLExtensions
0xfb7adfe8,0xfb7adfe8,CERT_StartCertExtensions
0xc000b79d,0xc000b79d,CERT_StartCertificateRequestAttributes
0xc8e6aa1c,0xc8e6aa1c,CERT_SubjectPublicKeyInfoTemplate
0x6ef4fb12,0x6ef4fb12,CERT_TimeChoiceTemplate
0x3467b919,0x3467b919,CERT_TrustFlagsForCACertUsage
0xcd7b99b8,0xcd7b99b8,CERT_UTCTime2FormattedAscii
0x5f414d14,0x5f414d14,CERT_UncacheCRL
0x434ba69c,0x434ba69c,CERT_UnlockCertRefCount
0x2d0ef420,0x2d0ef420,CERT_UnlockCertTempPerm
0x67d94098,0x67d94098,CERT_UnlockCertTrust
0xaea1e459,0xaea1e459,CERT_UserNoticeTemplate
0x125ea91e,0x125ea91e,CERT_ValidityTemplate
0x9914719f,0x9914719f,CERT_VerifyCACertForUsage
0x92cb4e9f,0x92cb4e9f,CERT_VerifyCert
0x73d54d42,0x73d54d42,CERT_VerifyCertChain
0x8f2b6a60,0x8f2b6a60,CERT_VerifyCertName
0xce091493,0xce091493,CERT_VerifyCertNow
0x881e0e94,0x881e0e94,CERT_VerifyCertificate
0x35dcc68,0x035dcc68,CERT_VerifyCertificateNow
0x691944c7,0x691944c7,CERT_VerifyOCSPResponseSignature
0x10cbacc5,0x10cbacc5,CERT_VerifySignedData
0xbdbf6609,0xbdbf6609,CERT_VerifySignedDataWithPublicKey
0xbbce9f55,0xbbce9f55,CERT_VerifySignedDataWithPublicKeyInfo
0x60a35a38,0x60a35a38,CIDLData_CreateFromIDArray
0xb60e0660,0xb60e0660,CLIPFORMAT_UserFree
0x71a9258a,0x71a9258a,CLIPFORMAT_UserFree64
0xa6ce1b91,0xa6ce1b91,CLIPFORMAT_UserFreeExt
0x9af107c6,0x9af107c6,CLIPFORMAT_UserMarshal
0x1b521870,0x1b521870,CLIPFORMAT_UserMarshal64
0x85956b37,0x85956b37,CLIPFORMAT_UserMarshalExt
0xb61503b9,0xb61503b9,CLIPFORMAT_UserSize
0x8f64dd23,0x8f64dd23,CLIPFORMAT_UserSize64
0x7c00c64a,0x7c00c64a,CLIPFORMAT_UserSizeExt
0x146c2929,0x146c2929,CLIPFORMAT_UserUnmarshal
0xe01b1e93,0xe01b1e93,CLIPFORMAT_UserUnmarshal64
0xe37f35ba,0xe37f35ba,CLIPFORMAT_UserUnmarshalExt
0x241c54f9,0x241c54f9,CLSIDFromOle1Class
0x85577077,0x85577077,CLSIDFromProgID
0x38f57374,0x38f57374,CLSIDFromProgIDEx
0x8c7cc9a9,0x8c7cc9a9,CLSIDFromString
0x2f3a7cc,0x02f3a7cc,COMBASE.#110
0x2f3a7cd,0x02f3a7cd,COMBASE.#111
0x2f3a7ce,0x02f3a7ce,COMBASE.#112
0x82b500cf,0x82b500cf,COMBASE.CoDecodeProxy
0x4eca4306,0x4eca4306,COMBASE.DcomChannelSetHResult
0x5eed1bf7,0x5eed1bf7,COMBASE.NdrProxyForwardingFunction10
0x5eed1bf8,0x5eed1bf8,COMBASE.NdrProxyForwardingFunction11
0x5eed1bf9,0x5eed1bf9,COMBASE.NdrProxyForwardingFunction12
0x5eed1bfa,0x5eed1bfa,COMBASE.NdrProxyForwardingFunction13
0x5eed1bfb,0x5eed1bfb,COMBASE.NdrProxyForwardingFunction14
0x5eed1bfc,0x5eed1bfc,COMBASE.NdrProxyForwardingFunction15
0x5eed1bfd,0x5eed1bfd,COMBASE.NdrProxyForwardingFunction16
0x5eed1bfe,0x5eed1bfe,COMBASE.NdrProxyForwardingFunction17
0x5eed1bff,0x5eed1bff,COMBASE.NdrProxyForwardingFunction18
0x5eed1c00,0x5eed1c00,COMBASE.NdrProxyForwardingFunction19
0x5eed1c18,0x5eed1c18,COMBASE.NdrProxyForwardingFunction20
0x5eed1c19,0x5eed1c19,COMBASE.NdrProxyForwardingFunction21
0x5eed1c1a,0x5eed1c1a,COMBASE.NdrProxyForwardingFunction22
0x5eed1c1b,0x5eed1c1b,COMBASE.NdrProxyForwardingFunction23
0x5eed1c1c,0x5eed1c1c,COMBASE.NdrProxyForwardingFunction24
0x5eed1c1d,0x5eed1c1d,COMBASE.NdrProxyForwardingFunction25
0x5eed1c1e,0x5eed1c1e,COMBASE.NdrProxyForwardingFunction26
0x5eed1c1f,0x5eed1c1f,COMBASE.NdrProxyForwardingFunction27
0x5eed1c20,0x5eed1c20,COMBASE.NdrProxyForwardingFunction28
0x5eed1c21,0x5eed1c21,COMBASE.NdrProxyForwardingFunction29
0x96453ee9,0x96453ee9,COMBASE.NdrProxyForwardingFunction3
0x5eed1c39,0x5eed1c39,COMBASE.NdrProxyForwardingFunction30
0x5eed1c3a,0x5eed1c3a,COMBASE.NdrProxyForwardingFunction31
0x5eed1c3b,0x5eed1c3b,COMBASE.NdrProxyForwardingFunction32
0x96453eea,0x96453eea,COMBASE.NdrProxyForwardingFunction4
0x96453eeb,0x96453eeb,COMBASE.NdrProxyForwardingFunction5
0x96453eec,0x96453eec,COMBASE.NdrProxyForwardingFunction6
0x96453eed,0x96453eed,COMBASE.NdrProxyForwardingFunction7
0x96453eee,0x96453eee,COMBASE.NdrProxyForwardingFunction8
0x96453eef,0x96453eef,COMBASE.NdrProxyForwardingFunction9
0x994ca263,0x994ca263,COMBASE.ObjectStublessClient10
0x994ca264,0x994ca264,COMBASE.ObjectStublessClient11
0x994ca265,0x994ca265,COMBASE.ObjectStublessClient12
0x994ca266,0x994ca266,COMBASE.ObjectStublessClient13
0x994ca267,0x994ca267,COMBASE.ObjectStublessClient14
0x994ca268,0x994ca268,COMBASE.ObjectStublessClient15
0x994ca269,0x994ca269,COMBASE.ObjectStublessClient16
0x994ca26a,0x994ca26a,COMBASE.ObjectStublessClient17
0x994ca26b,0x994ca26b,COMBASE.ObjectStublessClient18
0x994ca26c,0x994ca26c,COMBASE.ObjectStublessClient19
0x994ca284,0x994ca284,COMBASE.ObjectStublessClient20
0x994ca285,0x994ca285,COMBASE.ObjectStublessClient21
0x994ca286,0x994ca286,COMBASE.ObjectStublessClient22
0x994ca287,0x994ca287,COMBASE.ObjectStublessClient23
0x994ca288,0x994ca288,COMBASE.ObjectStublessClient24
0x994ca289,0x994ca289,COMBASE.ObjectStublessClient25
0x994ca28a,0x994ca28a,COMBASE.ObjectStublessClient26
0x994ca28b,0x994ca28b,COMBASE.ObjectStublessClient27
0x994ca28c,0x994ca28c,COMBASE.ObjectStublessClient28
0x994ca28d,0x994ca28d,COMBASE.ObjectStublessClient29
0xce57a7d5,0xce57a7d5,COMBASE.ObjectStublessClient3
0x994ca2a5,0x994ca2a5,COMBASE.ObjectStublessClient30
0x994ca2a6,0x994ca2a6,COMBASE.ObjectStublessClient31
0x994ca2a7,0x994ca2a7,COMBASE.ObjectStublessClient32
0xce57a7d6,0xce57a7d6,COMBASE.ObjectStublessClient4
0xce57a7d7,0xce57a7d7,COMBASE.ObjectStublessClient5
0xce57a7d8,0xce57a7d8,COMBASE.ObjectStublessClient6
0xce57a7d9,0xce57a7d9,COMBASE.ObjectStublessClient7
0xce57a7da,0xce57a7da,COMBASE.ObjectStublessClient8
0xce57a7db,0xce57a7db,COMBASE.ObjectStublessClient9
0x64235f68,0x64235f68,COMBASE.WdtpInterfacePointer_UserFree
0xfa78e092,0xfa78e092,COMBASE.WdtpInterfacePointer_UserFree64
0x3db823ce,0x3db823ce,COMBASE.WdtpInterfacePointer_UserMarshal
0x8c505678,0x8c505678,COMBASE.WdtpInterfacePointer_UserMarshal64
0x642a5cc1,0x642a5cc1,COMBASE.WdtpInterfacePointer_UserSize
0x1834982b,0x1834982b,COMBASE.WdtpInterfacePointer_UserSize64
0x856a6731,0x856a6731,COMBASE.WdtpInterfacePointer_UserUnmarshal
0x89a0fe9b,0x89a0fe9b,COMBASE.WdtpInterfacePointer_UserUnmarshal64
0x93ce080,0x093ce080,CRLCache_Empty_TokenFetch_Interval
0x160981ed,0x160981ed,CRLCache_ExistenceCheck_Interval
0x9a89ab69,0x9a89ab69,CRLCache_TokenRefetch_Interval
0x417fb0ba,0x417fb0ba,CStdStubBuffer_AddRef
0x25c5c3de,0x25c5c3de,CStdStubBuffer_Connect
0xca354f6d,0xca354f6d,CStdStubBuffer_CountRefs
0xe41cf099,0xe41cf099,CStdStubBuffer_DebugServerQueryInterface
0xcc8a11f3,0xcc8a11f3,CStdStubBuffer_DebugServerRelease
0x26cd9e5e,0x26cd9e5e,CStdStubBuffer_Disconnect
0x54e7bda0,0x54e7bda0,CStdStubBuffer_Invoke
0x6c62188c,0x6c62188c,CStdStubBuffer_IsIIDSupported
0x3e3b25db,0x3e3b25db,CStdStubBuffer_QueryInterface
0x7e688cb3,0x7e688cb3,C_GetFunctionList
0xbbe19182,0xbbe19182,C_GetInterface
0xd9d70de,0x0d9d70de,C_GetInterfaceList
0x9c0bfdcc,0x9c0bfdcc,CalcMenuBar
0x36cd905e,0x36cd905e,CalculatePopupWindowPosition
0xa1ab19f8,0xa1ab19f8,CallMsgFilter
0xd70e5939,0xd70e5939,CallMsgFilterA
0xd70e594f,0xd70e594f,CallMsgFilterW
0xdb82749f,0xdb82749f,CallNamedPipeA
0xdb8274b5,0xdb8274b5,CallNamedPipeW
0x6037acb8,0x6037acb8,CallNextHookEx
0x43734f8,0x043734f8,CallWindowProcA
0x437350e,0x0437350e,CallWindowProcW
0x1b1a259c,0x1b1a259c,Callback
0x5010a4c8,0x5010a4c8,CallbackMayRunLong
0x1f236e5c,0x1f236e5c,CancelDC
0x7daadc5b,0x7daadc5b,CancelDeviceWakeupRequest
0x1f236f0d,0x1f236f0d,CancelIo
0x75bb6f8a,0x75bb6f8a,CancelIoEx
0x94404e79,0x94404e79,CancelOverlappedAccess
0x2879971,0x02879971,CancelShutdown
0x265db6f8,0x265db6f8,CancelSynchronousIo
0xf49674ff,0xf49674ff,CancelThreadpoolIo
0x7d3e831c,0x7d3e831c,CancelTimerQueueTimer
0x87cf77bf,0x87cf77bf,CancelWaitableTimer
0x4bdaf942,0x4bdaf942,CascadeChildWindows
0xbde0103e,0xbde0103e,CascadeWindows
0x43e81e0a,0x43e81e0a,CatalogCompactHashDatabase
0xb71b50bc,0xb71b50bc,CertAddCRLContextToStore
0xcf859c7e,0xcf859c7e,CertAddCTLContextToStore
0xc5276d3e,0xc5276d3e,CertAddCertificateContextToStore
0x86aaf6e7,0x86aaf6e7,CertAddCertificateLinkToStore
0x18fce0a9,0x18fce0a9,CertAddEncodedCRLToStore
0x1f5c2ab,0x01f5c2ab,CertAddEncodedCTLToStore
0x68d5bd6b,0x68d5bd6b,CertAddEncodedCertificateToStore
0x63d2fc51,0x63d2fc51,CertAddEncodedCertificateToSystemStoreA
0x63d2fc67,0x63d2fc67,CertAddEncodedCertificateToSystemStoreW
0x90f55bbd,0x90f55bbd,CertAddEnhancedKeyUsageIdentifier
0x4b205cc,0x04b205cc,CertAddSerializedElementToStore
0xce20cca2,0xce20cca2,CertAddStoreToCollection
0xe1118f9d,0xe1118f9d,CertAlgIdToOID
0x4f4187a0,0x4f4187a0,CertCloseStore
0xa046d1e7,0xa046d1e7,CertCompareCertificate
0x29c751a8,0x29c751a8,CertCompareCertificateName
0x5a487091,0x5a487091,CertCompareIntegerBlob
0x49b21bd8,0x49b21bd8,CertComparePublicKeyInfo
0xdf5936cb,0xdf5936cb,CertControlStore
0x435970f7,0x435970f7,CertCreateCRLContext
0x2c5252f9,0x2c5252f9,CertCreateCTLContext
0xa1972c2d,0xa1972c2d,CertCreateCertificateChainEngine
0x3e6296b9,0x3e6296b9,CertCreateCertificateContext
0x502ac5d6,0x502ac5d6,CertCreateContext
0x1216ea4f,0x1216ea4f,CertCreateSelfSignCertificate
0x3aed0012,0x3aed0012,CertDeleteCRLFromStore
0x45a66a94,0x45a66a94,CertDeleteCTLFromStore
0xfc5e6d54,0xfc5e6d54,CertDeleteCertificateFromStore
0xe16e003e,0xe16e003e,CertDuplicateCRLContext
0xca66e240,0xca66e240,CertDuplicateCTLContext
0xc4a0fcfe,0xc4a0fcfe,CertDuplicateCertificateChain
0x82197d00,0x82197d00,CertDuplicateCertificateContext
0xd23b9885,0xd23b9885,CertDuplicateStore
0xb5b3cba5,0xb5b3cba5,CertEnumCRLContextProperties
0x35bc1a6a,0x35bc1a6a,CertEnumCRLsInStore
0x17689827,0x17689827,CertEnumCTLContextProperties
0x3dd13cac,0x3dd13cac,CertEnumCTLsInStore
0x2c7c3ce7,0x2c7c3ce7,CertEnumCertificateContextProperties
0x48c2896c,0x48c2896c,CertEnumCertificatesInStore
0xd66766dc,0xd66766dc,CertEnumPhysicalStore
0x8d3c36a4,0x8d3c36a4,CertEnumSystemStore
0x97f42f92,0x97f42f92,CertFindAttribute
0xab986443,0xab986443,CertFindCRLInStore
0x94914645,0x94914645,CertFindCTLInStore
0x809b3459,0x809b3459,CertFindCertificateInCRL
0x155c6705,0x155c6705,CertFindCertificateInStore
0x81b38ce5,0x81b38ce5,CertFindChainInStore
0xfcfdd03b,0xfcfdd03b,CertFindExtension
0x34547c9d,0x34547c9d,CertFindRDNAttr
0xc03e32a8,0xc03e32a8,CertFindSubjectInCTL
0x76db3e85,0x76db3e85,CertFreeCRLContext
0x5fd42087,0x5fd42087,CertFreeCTLContext
0xebeb9485,0xebeb9485,CertFreeCertificateChain
0x3febbebb,0x3febbebb,CertFreeCertificateChainEngine
0xa6681247,0xa6681247,CertFreeCertificateContext
0x86e5be68,0x86e5be68,CertGetCRLContextProperty
0xab340ff,0x0ab340ff,CertGetCRLFromStore
0xac99826a,0xac99826a,CertGetCTLContextProperty
0x4d5cb3a3,0x4d5cb3a3,CertGetCertificateChain
0x552ef22a,0x552ef22a,CertGetCertificateContextProperty
0x9f9274f1,0x9f9274f1,CertGetEnhancedKeyUsage
0x5a429b46,0x5a429b46,CertGetIntendedKeyUsage
0x98a4467c,0x98a4467c,CertGetIssuerCertificateFromStore
0x500cc036,0x500cc036,CertGetNameStringA
0x500cc04c,0x500cc04c,CertGetNameStringW
0xe1811247,0xe1811247,CertGetPublicKeyLength
0xf2b86a8f,0xf2b86a8f,CertGetStoreProperty
0x4849f471,0x4849f471,CertGetSubjectCertificateFromStore
0x37367d95,0x37367d95,CertGetValidUsages
0x3e8ac786,0x3e8ac786,CertIsRDNAttrsInCertificateName
0x1685f694,0x1685f694,CertIsValidCRLForCertificate
0x8ede74fb,0x8ede74fb,CertNameToStrA
0x8ede7511,0x8ede7511,CertNameToStrW
0x5e7a703d,0x5e7a703d,CertOIDToAlgId
0x439acb5c,0x439acb5c,CertOpenStore
0x90c0d122,0x90c0d122,CertOpenSystemStoreA
0x90c0d138,0x90c0d138,CertOpenSystemStoreW
0xab62821b,0xab62821b,CertRDNValueToStrA
0xab628231,0xab628231,CertRDNValueToStrW
0xf0405ac,0x0f0405ac,CertRegisterPhysicalStore
0x9982e174,0x9982e174,CertRegisterSystemStore
0xe00af442,0xe00af442,CertRemoveEnhancedKeyUsageIdentifier
0x59cfa978,0x59cfa978,CertRemoveStoreFromCollection
0x4550b159,0x4550b159,CertSaveStore
0xce7b561d,0xce7b561d,CertSerializeCRLStoreElement
0x44fbc95f,0x44fbc95f,CertSerializeCTLStoreElement
0x409ff91f,0x409ff91f,CertSerializeCertificateStoreElement
0x53817c74,0x53817c74,CertSetCRLContextProperty
0x79354076,0x79354076,CertSetCTLContextProperty
0x5e7dfc36,0x5e7dfc36,CertSetCertificateContextProperty
0xe9cf3ffd,0xe9cf3ffd,CertSetEnhancedKeyUsage
0x8536311b,0x8536311b,CertSetStoreProperty
0x5c7c837b,0x5c7c837b,CertStrToNameA
0x5c7c8391,0x5c7c8391,CertStrToNameW
0xfe95d40f,0xfe95d40f,CertUnregisterPhysicalStore
0xf877bb17,0xf877bb17,CertUnregisterSystemStore
0x8c3b302d,0x8c3b302d,CertVerifyCRLRevocation
0xc4197068,0xc4197068,CertVerifyCRLTimeValidity
0xb82cd94a,0xb82cd94a,CertVerifyCTLUsage
0x88b41d88,0x88b41d88,CertVerifyCertificateChainPolicy
0x2785cc4c,0x2785cc4c,CertVerifyRevocation
0x9c534b2a,0x9c534b2a,CertVerifySubjectCertificateContext
0x5c7b9047,0x5c7b9047,CertVerifyTimeValidity
0x9ee2c170,0x9ee2c170,CertVerifyValidityNesting
0x3ce20cf6,0x3ce20cf6,ChangeAccountPasswordA
0x3ce20d0c,0x3ce20d0c,ChangeAccountPasswordW
0x6e83e5a8,0x6e83e5a8,ChangeClipboardChain
0x2b50093d,0x2b50093d,ChangeDisplaySettingsA
0x3f77691a,0x3f77691a,ChangeDisplaySettingsExA
0x3f776930,0x3f776930,ChangeDisplaySettingsExW
0x2b500953,0x2b500953,ChangeDisplaySettingsW
0xfd92acb,0x0fd92acb,ChangeMenuA
0xfd92ae1,0x0fd92ae1,ChangeMenuW
0x9c2b5c8f,0x9c2b5c8f,ChangeServiceConfig2A
0x9c2b5ca5,0x9c2b5ca5,ChangeServiceConfig2W
0xbeea0a9d,0xbeea0a9d,ChangeServiceConfigA
0xbeea0ab3,0xbeea0ab3,ChangeServiceConfigW
0x226cc8bc,0x226cc8bc,ChangeTimerQueueTimer
0x8ae773f8,0x8ae773f8,ChangeWindowMessageFilter
0xe2945b35,0xe2945b35,ChangeWindowMessageFilterEx
0x390630b7,0x390630b7,CharLowerA
0xbdcf9bfa,0xbdcf9bfa,CharLowerBuffA
0xbdcf9c10,0xbdcf9c10,CharLowerBuffW
0x390630cd,0x390630cd,CharLowerW
0xb445b50d,0xb445b50d,CharNextA
0xdc8748ea,0xdc8748ea,CharNextExA
0xb445b523,0xb445b523,CharNextW
0xb470b66b,0xb470b66b,CharPrevA
0x937819c8,0x937819c8,CharPrevExA
0xb470b681,0xb470b681,CharPrevW
0x4bab1212,0x4bab1212,CharToOemA
0x706bb2d5,0x706bb2d5,CharToOemBuffA
0x706bb2eb,0x706bb2eb,CharToOemBuffW
0x4bab1228,0x4bab1228,CharToOemW
0x4e12e03a,0x4e12e03a,CharUpperA
0xe0de54fd,0xe0de54fd,CharUpperBuffA
0xe0de5513,0xe0de5513,CharUpperBuffW
0x4e12e050,0x4e12e050,CharUpperW
0x3afcc8f4,0x3afcc8f4,CheckColorsInGamut
0xb0e9ddc7,0xb0e9ddc7,CheckDesktopByThreadId
0xfaf05240,0xfaf05240,CheckDlgButton
0x2b55d74,0x02b55d74,CheckElevation
0xb761aa3f,0xb761aa3f,CheckElevationEnabled
0xee04a108,0xee04a108,CheckEscapesW
0x4f75b5a,0x04f75b5a,CheckForReadOnlyResource
0x160c16e,0x0160c16e,CheckInitDde
0x357305d1,0x357305d1,CheckMenuItem
0x6591a380,0x6591a380,CheckMenuRadioItem
0xa96cd2ec,0xa96cd2ec,CheckNameLegalDOS8Dot3A
0xa96cd302,0xa96cd302,CheckNameLegalDOS8Dot3W
0xb77dc118,0xb77dc118,CheckRadioButton
0xfbd712ff,0xfbd712ff,CheckRemoteDebuggerPresent
0xc8f77856,0xc8f77856,CheckSignatureInFile
0x291546fa,0x291546fa,CheckTokenMembership
0x4c121d7,0x04c121d7,CheckWindowThreadDesktop
0xb3e55e29,0xb3e55e29,ChildWindowFromPoint
0x42b595a6,0x42b595a6,ChildWindowFromPointEx
0x296892fb,0x296892fb,ChoosePixelFormat
0x69cd137f,0x69cd137f,Chord
0x43542ed6,0x43542ed6,ChrCmpIA
0x43542eec,0x43542eec,ChrCmpIW
0x4114312,0x04114312,ChromeMain
0xfe05589a,0xfe05589a,CleanROTForApartment
0x92e044a4,0x92e044a4,CleanupGroup
0x807312c7,0x807312c7,ClearCommBreak
0x80a9956c,0x80a9956c,ClearCommError
0x7afea39b,0x7afea39b,ClearEventLogA
0x7afea3b1,0x7afea3b1,ClearEventLogW
0x290a578b,0x290a578b,ClearPropVariantArray
0x35f7dd6a,0x35f7dd6a,ClearVariantArray
0x7a12720a,0x7a12720a,CliImmSetHotKey
0x8ac9b297,0x8ac9b297,ClientThreadSetup
0x4b1b4891,0x4b1b4891,ClientToScreen
0xbe7dc4f5,0xbe7dc4f5,ClipCursor
0x9f0613d3,0x9f0613d3,ClipboardProcessUninitialize
0xa43f6cb5,0xa43f6cb5,CloseClipboard
0x6c2db904,0x6c2db904,CloseCodeAuthzLevel
0xd6c15784,0xd6c15784,CloseConsoleHandle
0x6848023f,0x6848023f,CloseDesktop
0x802defb1,0x802defb1,CloseDriver
0xfbdc259d,0xfbdc259d,CloseEncryptedFileRaw
0x7dec1747,0x7dec1747,CloseEnhMetaFile
0x59b62be9,0x59b62be9,CloseEventLog
0x84344907,0x84344907,CloseFigure
0x8f6e7e3c,0x8f6e7e3c,CloseGestureInfoHandle
0x885163d1,0x885163d1,CloseHandle
0xc131328c,0xc131328c,CloseMetaFile
0x21a29a49,0x21a29a49,ClosePrinter
0x57e57ccd,0x57e57ccd,ClosePrivateNamespace
0xb500baa1,0xb500baa1,CloseProfileUserMapping
0xfb87b042,0xfb87b042,CloseServiceHandle
0x8816577e,0x8816577e,CloseSpoolFileHandle
0x8f840619,0x8f840619,CloseThreadWaitChainSession
0x9b6aba97,0x9b6aba97,CloseThreadpool
0x44fe3d0c,0x44fe3d0c,CloseThreadpoolCleanupGroup
0x8bdc9137,0x8bdc9137,CloseThreadpoolCleanupGroupMembers
0x2103c60f,0x2103c60f,CloseThreadpoolIo
0x938353b8,0x938353b8,CloseThreadpoolTimer
0x7115014c,0x7115014c,CloseThreadpoolWait
0x71153dfa,0x71153dfa,CloseThreadpoolWork
0xc0918ae4,0xc0918ae4,CloseTouchInputHandle
0x338f6314,0x338f6314,CloseTrace
0xabdf89bd,0xabdf89bd,CloseWindow
0x2060241f,0x2060241f,CloseWindowStation
0xa023d7a1,0xa023d7a1,CmdBatNotification
0x52e8acbd,0x52e8acbd,CoAddRefServerProcess
0x9421d0d5,0x9421d0d5,CoAicGetTokenForCOM
0x66e22c7f,0x66e22c7f,CoAllowSetForegroundWindow
0x5f6161f1,0x5f6161f1,CoAllowUnmarshalerCLSID
0xb765fe77,0xb765fe77,CoBuildVersion
0x97f241c3,0x97f241c3,CoCancelCall
0x59fde31,0x059fde31,CoCheckElevationEnabled
0xe50e981e,0xe50e981e,CoCopyProxy
0x714b9937,0x714b9937,CoCreateFreeThreadedMarshaler
0x8e72097e,0x8e72097e,CoCreateGuid
0xf97cb0aa,0xf97cb0aa,CoCreateInstance
0x4b6b8c67,0x4b6b8c67,CoCreateInstanceEx
0xed8295df,0xed8295df,CoCreateInstanceFromApp
0x8fca39e8,0x8fca39e8,CoCreateObjectInContext
0xa7d2f152,0xa7d2f152,CoDeactivateObject
0xe124d9e7,0xe124d9e7,CoDecodeProxy
0xb98bf2ef,0xb98bf2ef,CoDecrementMTAUsage
0x961b7ebe,0x961b7ebe,CoDisableCallCancellation
0x39b67cd0,0x39b67cd0,CoDisconnectContext
0x896b1462,0x896b1462,CoDisconnectObject
0xef4d4dc6,0xef4d4dc6,CoDosDateTimeToFileTime
0xbeac9051,0xbeac9051,CoEnableCallCancellation
0xb2912fe4,0xb2912fe4,CoFileTimeNow
0xb7a4c786,0xb7a4c786,CoFileTimeToDosDateTime
0x56c12479,0x56c12479,CoFreeAllLibraries
0x3ef72978,0x3ef72978,CoFreeLibrary
0xb70e2894,0xb70e2894,CoFreeUnusedLibraries
0xb33aa6d1,0xb33aa6d1,CoFreeUnusedLibrariesEx
0x32119614,0x32119614,CoGetActivationState
0xe7f74c1a,0xe7f74c1a,CoGetApartmentID
0xc30126af,0xc30126af,CoGetApartmentType
0x169244e2,0x169244e2,CoGetCallContext
0xb44a825e,0xb44a825e,CoGetCallState
0xb34c61f5,0xb34c61f5,CoGetCallerTID
0xcb36d89e,0xcb36d89e,CoGetCancelObject
0x863f9fee,0x863f9fee,CoGetClassObject
0x70a34b5d,0x70a34b5d,CoGetClassVersion
0xa9e1b27b,0xa9e1b27b,CoGetComCatalog
0x7b397827,0x7b397827,CoGetContextToken
0x9243e844,0x9243e844,CoGetCurrentLogicalThreadId
0xb47acc3,0x0b47acc3,CoGetCurrentProcess
0x91f9bf6b,0x91f9bf6b,CoGetDefaultContext
0x8eb54b4a,0x8eb54b4a,CoGetInstanceFromFile
0xdb60d88,0x0db60d88,CoGetInstanceFromIStorage
0xff657150,0xff657150,CoGetInterceptor
0x96a22dc,0x096a22dc,CoGetInterceptorForOle32
0x6af7e9f2,0x6af7e9f2,CoGetInterceptorFromTypeInfo
0x8ea090d2,0x8ea090d2,CoGetInterfaceAndReleaseStream
0x93464ef9,0x93464ef9,CoGetMalloc
0x4031c22a,0x4031c22a,CoGetMarshalSizeMax
0x6371969,0x06371969,CoGetModuleType
0x980180b8,0x980180b8,CoGetObject
0xa1aaa3d,0x0a1aaa3d,CoGetObjectContext
0xc58f533,0x0c58f533,CoGetPSClsid
0x91374703,0x91374703,CoGetProcessIdentifier
0xded637a,0x0ded637a,CoGetStandardMarshal
0x4b535e71,0x4b535e71,CoGetStdMarshalEx
0x5000839a,0x5000839a,CoGetSystemSecurityPermissions
0x30bfb279,0x30bfb279,CoGetSystemWow64DirectoryW
0x6bb2baeb,0x6bb2baeb,CoGetTreatAsClass
0x7ba7db5f,0x7ba7db5f,CoHandlePriorityEventsFromMessagePump
0xf6e3dca7,0xf6e3dca7,CoImpersonateClient
0x5abb1dd,0x05abb1dd,CoIncrementMTAUsage
0x226aee33,0x226aee33,CoInitialize
0x68df5030,0x68df5030,CoInitializeEx
0xcd87d3eb,0xcd87d3eb,CoInitializeSecurity
0x84c9a1f0,0x84c9a1f0,CoInitializeWOW
0x88f21c18,0x88f21c18,CoInstall
0xb90200f1,0xb90200f1,CoInvalidateRemoteMachineBindings
0x9528e88e,0x9528e88e,CoIsHandlerConnected
0x82fc6c84,0x82fc6c84,CoIsOle1Class
0x94d01cb6,0x94d01cb6,CoLoadLibrary
0xc73fe144,0xc73fe144,CoLockObjectExternal
0xd2acb210,0xd2acb210,CoMarshalHresult
0x30d02f77,0x30d02f77,CoMarshalInterThreadInterfaceInStream
0x55de0e5a,0x55de0e5a,CoMarshalInterface
0xb6975a19,0xb6975a19,CoPopServiceDomain
0x40a5bdea,0x40a5bdea,CoPushServiceDomain
0xbb5fda9b,0xbb5fda9b,CoQueryAuthenticationServices
0xf9f3d597,0xf9f3d597,CoQueryClientBlanket
0x5c2ffc7a,0x5c2ffc7a,CoQueryProxyBlanket
0xf15e61af,0xf15e61af,CoQueryReleaseObject
0x52bb03a0,0x52bb03a0,CoReactivateObject
0x193daa3e,0x193daa3e,CoRegisterActivationFilter
0x564cb910,0x564cb910,CoRegisterChannelHook
0x9b42e3b3,0x9b42e3b3,CoRegisterClassObject
0x6d1415b4,0x6d1415b4,CoRegisterInitializeSpy
0x663b129a,0x663b129a,CoRegisterMallocSpy
0xe63701b1,0xe63701b1,CoRegisterMessageFilter
0x8b8f1e78,0x8b8f1e78,CoRegisterPSClsid
0x72289fe2,0x72289fe2,CoRegisterSurrogate
0x9ed0299f,0x9ed0299f,CoRegisterSurrogateEx
0x767187a4,0x767187a4,CoReleaseMarshalData
0x2d887ef8,0x2d887ef8,CoReleaseServerProcess
0x1a6ed232,0x1a6ed232,CoResumeClassObjects
0x2e87a943,0x2e87a943,CoRetireServer
0xea5ef966,0xea5ef966,CoRevertToSelf
0x26736e7a,0x26736e7a,CoRevokeClassObject
0x86926e3b,0x86926e3b,CoRevokeInitializeSpy
0xa06c3fa1,0xa06c3fa1,CoRevokeMallocSpy
0x728ffdaa,0x728ffdaa,CoSetCancelObject
0xc5329f79,0xc5329f79,CoSetMessageDispatcher
0xc8a29610,0xc8a29610,CoSetProxyBlanket
0x2f491aee,0x2f491aee,CoSetState
0x48ff4243,0x48ff4243,CoSuspendClassObjects
0x1adef8b4,0x1adef8b4,CoSwitchCallContext
0xb455ee1e,0xb455ee1e,CoTaskMemAlloc
0x7214f4f5,0x7214f4f5,CoTaskMemFree
0x2d0b5815,0x2d0b5815,CoTaskMemRealloc
0x63138b27,0x63138b27,CoTestCancel
0x1a14734b,0x1a14734b,CoTreatAsClass
0xa857b576,0xa857b576,CoUninitialize
0xf82a219f,0xf82a219f,CoUnloadingWOW
0x846162d3,0x846162d3,CoUnmarshalHresult
0x4781fbdd,0x4781fbdd,CoUnmarshalInterface
0x41186546,0x41186546,CoVrfCheckThreadState
0x1dbd2408,0x1dbd2408,CoVrfGetThreadState
0xbe8602c9,0xbe8602c9,CoVrfReleaseThreadState
0x5c40f0a8,0x5c40f0a8,CoWaitForMultipleHandles
0x7925c893,0x7925c893,CoWaitForMultipleObjects
0xdaecf068,0xdaecf068,ColorAdjustLuma
0x179dfe6f,0x179dfe6f,ColorCorrectPalette
0x1ab2e253,0x1ab2e253,ColorHLSToRGB
0x7c2d47c5,0x7c2d47c5,ColorMatchToTarget
0xacba26d3,0xacba26d3,ColorRGBToHLS
0xc9f4cd59,0xc9f4cd59,ComPs_NdrDllCanUnloadNow
0x340838fd,0x340838fd,ComPs_NdrDllGetClassObject
0x6c1f4177,0x6c1f4177,ComPs_NdrDllRegisterProxy
0x1128ed9a,0x1128ed9a,ComPs_NdrDllUnregisterProxy
0xa4c43af3,0xa4c43af3,CombineRgn
0xce1f6768,0xce1f6768,CombineTransform
0x41eb43a2,0x41eb43a2,CommConfigDialogA
0x41eb43b8,0x41eb43b8,CommConfigDialogW
0xa8f839d2,0xa8f839d2,CommandLineFromMsiDescriptor
0x7a6b3080,0x7a6b3080,CommandLineToArgvW
0x56408e71,0x56408e71,CommitComplete
0x867ce17b,0x867ce17b,CommitEnlistment
0xe9f9b75f,0xe9f9b75f,CommitSpoolData
0xa5a36c9e,0xa5a36c9e,CommitTransaction
0x5fd407c,0x05fd407c,CommitTransactionAsync
0x6e844172,0x6e844172,CommitUrlCacheEntryA
0x7681cd5,0x07681cd5,CommitUrlCacheEntryBinaryBlob
0x6e844188,0x6e844188,CommitUrlCacheEntryW
0x4389f61,0x04389f61,CompareCalendarDates
0x77e652a3,0x77e652a3,CompareExchange64
0xdb25d9a5,0xdb25d9a5,CompareFileTime
0xf9ecacce,0xf9ecacce,CompareStringA
0x3782476a,0x3782476a,CompareStringEx
0xc708c3d6,0xc708c3d6,CompareStringOrdinal
0xf9ecace4,0xf9ecace4,CompareStringW
0x70173db,0x070173db,CompleteAuthToken
0xe55fef43,0xe55fef43,CompleteCreateSysmemSurface
0xc4214bd2,0xc4214bd2,ComputeAccessTokenFromCodeAuthzLevel
0x775f315c,0x775f315c,ConditionVariable
0xa3ed7065,0xa3ed7065,Config
0x68417f77,0x68417f77,ConfigurePortA
0x68417f8d,0x68417f8d,ConfigurePortW
0x8cef256,0x08cef256,ConnectEx
0x9a11e98c,0x9a11e98c,ConnectNamedPipe
0x3a972a36,0x3a972a36,ConnectToConnectionPoint
0xaff844d7,0xaff844d7,ConnectToPrinterDlg
0x5d0f94c3,0x5d0f94c3,ConsoleControl
0x47a39538,0x47a39538,ConsoleMenuControl
0xbb7796bd,0xbb7796bd,ContinueDebugEvent
0xfe8a1ff2,0xfe8a1ff2,ContinueHandler
0x3c2cf409,0x3c2cf409,ControlMagnification
0x7a67ab41,0x7a67ab41,ControlService
0x12f0a0bf,0x12f0a0bf,ControlServiceExA
0x12f0a0d5,0x12f0a0d5,ControlServiceExW
0xb196fee0,0xb196fee0,ControlTraceA
0xb196fef6,0xb196fef6,ControlTraceW
0x34a766e0,0x34a766e0,Control_RunDLL
0xc9944321,0xc9944321,Control_RunDLLA
0xda895aca,0xda895aca,Control_RunDLLAsUserW
0xc9944337,0xc9944337,Control_RunDLLW
0xcb3c87bd,0xcb3c87bd,ConvertAccessToSecurityDescriptorA
0xcb3c87d3,0xcb3c87d3,ConvertAccessToSecurityDescriptorW
0x9b86804d,0x9b86804d,ConvertAnsiDevModeToUnicodeDevmode
0x82ebcce4,0x82ebcce4,ConvertCalDateTimeToSystemTime
0x2aa92365,0x2aa92365,ConvertDefaultLocale
0x1dd52273,0x1dd52273,ConvertFiberToThread
0x64535671,0x64535671,ConvertNLSDayOfWeekToWin32DayOfWeek
0x465b9435,0x465b9435,ConvertSDToStringSDRootDomainA
0x465b944b,0x465b944b,ConvertSDToStringSDRootDomainW
0x3b93f53d,0x3b93f53d,ConvertSecurityDescriptorToAccessA
0xa0b67402,0xa0b67402,ConvertSecurityDescriptorToAccessNamedA
0xa0b67418,0xa0b67418,ConvertSecurityDescriptorToAccessNamedW
0x3b93f553,0x3b93f553,ConvertSecurityDescriptorToAccessW
0xa1640b61,0xa1640b61,ConvertSecurityDescriptorToString
0xcce64c6b,0xcce64c6b,ConvertSidToStringSidA
0xcce64c81,0xcce64c81,ConvertSidToStringSidW
0x831d3f11,0x831d3f11,ConvertStringSDToSDDomainA
0x831d3f27,0x831d3f27,ConvertStringSDToSDDomainW
0x7e35fc35,0x7e35fc35,ConvertStringSDToSDRootDomainA
0x7e35fc4b,0x7e35fc4b,ConvertStringSDToSDRootDomainW
0xdb57ebe,0x0db57ebe,ConvertStringSecurityDescriptor
0xaa6a608b,0xaa6a608b,ConvertStringSidToSidA
0xaa6a60a1,0xaa6a60a1,ConvertStringSidToSidW
0x9b079644,0x9b079644,ConvertSystemTimeToCalDateTime
0x8e8f0713,0x8e8f0713,ConvertThreadToFiber
0x6e6d2110,0x6e6d2110,ConvertThreadToFiberEx
0xd6382609,0xd6382609,ConvertToAutoInheritPrivateObjectSecurity
0x1527570d,0x1527570d,ConvertUnicodeDevModeToAnsiDevmode
0x71ba7d58,0x71ba7d58,CopyAcceleratorTableA
0x71ba7d6e,0x71ba7d6e,CopyAcceleratorTableW
0x9c6b70f,0x09c6b70f,CopyContext
0x5253108d,0x5253108d,CopyEnhMetaFileA
0x525310a3,0x525310a3,CopyEnhMetaFileW
0xbc816b6b,0xbc816b6b,CopyFileA
0xe28a0ec8,0xe28a0ec8,CopyFileExA
0xe28a0ede,0xe28a0ede,CopyFileExW
0xe1db16f4,0xe1db16f4,CopyFileTransactedA
0xe1db170a,0xe1db170a,CopyFileTransactedW
0xbc816b81,0xbc816b81,CopyFileW
0x5b0d39f3,0x5b0d39f3,CopyIcon
0xbcb9b7ed,0xbcb9b7ed,CopyImage
0x5bde3590,0x5bde3590,CopyLZFile
0x8a2ffe92,0x8a2ffe92,CopyMetaFileA
0x8a2ffea8,0x8a2ffea8,CopyMetaFileW
0x5b123058,0x5b123058,CopyRect
0x21ca444a,0x21ca444a,CopySid
0x30244109,0x30244109,CorePrinterDriverInstalledA
0x3024411f,0x3024411f,CorePrinterDriverInstalledW
0xa04e4bc4,0xa04e4bc4,CountClipboardFormats
0xd88c64c,0x0d88c64c,CounterValue
0x259c4bb3,0x259c4bb3,CrashForExceptionInNonABICompliantCodeRange
0xb9a1eb51,0xb9a1eb51,CreateAcceleratorTableA
0xb9a1eb67,0xb9a1eb67,CreateAcceleratorTableW
0x7f89c90b,0x7f89c90b,CreateActCtxA
0x7f89c921,0x7f89c921,CreateActCtxW
0xd94b07c4,0xd94b07c4,CreateAntiMoniker
0xda16aa2f,0xda16aa2f,CreateBindCtx
0x4c70bb40,0x4c70bb40,CreateBitmap
0x39121f52,0x39121f52,CreateBitmapIndirect
0x479dfee7,0x479dfee7,CreateBoundaryDescriptorA
0x479dfefd,0x479dfefd,CreateBoundaryDescriptorW
0x3d5eac79,0x3d5eac79,CreateBrushIndirect
0xf2dac8f2,0xf2dac8f2,CreateCaret
0xe2eacbac,0xe2eacbac,CreateCdmInstance
0x8c321b6e,0x8c321b6e,CreateClassMoniker
0xe956ef02,0xe956ef02,CreateCodeAuthzLevel
0x580df6cf,0x580df6cf,CreateColorSpaceA
0x580df6e5,0x580df6e5,CreateColorSpaceW
0x9e16cfa0,0x9e16cfa0,CreateCompatibleBitmap
0x5eb1d8ca,0x5eb1d8ca,CreateCompatibleDC
0x78d134f0,0x78d134f0,CreateConsoleScreenBuffer
0x4f9e0c81,0x4f9e0c81,CreateCursor
0xfb8581eb,0xfb8581eb,CreateDCA
0xfb858201,0xfb858201,CreateDCW
0xa381f914,0xa381f914,CreateDIBPatternBrush
0x8be498b8,0x8be498b8,CreateDIBPatternBrushPt
0x82c6a707,0x82c6a707,CreateDIBSection
0xd9d55ecd,0xd9d55ecd,CreateDIBitmap
0x46eceb97,0x46eceb97,CreateDataAdviseHolder
0x8276491,0x08276491,CreateDataCache
0xcdb859de,0xcdb859de,CreateDesktopA
0x1d3665fb,0x1d3665fb,CreateDesktopExA
0x1d366611,0x1d366611,CreateDesktopExW
0xcdb859f4,0xcdb859f4,CreateDesktopW
0x3aacfe77,0x3aacfe77,CreateDialogIndirectParamA
0xd6b6da0f,0xd6b6da0f,CreateDialogIndirectParamAorW
0x3aacfe8d,0x3aacfe8d,CreateDialogIndirectParamW
0x803231e5,0x803231e5,CreateDialogParamA
0x803231fb,0x803231fb,CreateDialogParamW
0xed163e17,0xed163e17,CreateDirect3D11DeviceFromDXGIDevice
0x26bd5429,0x26bd5429,CreateDirect3D11SurfaceFromDXGISurface
0xdbb5b79,0x0dbb5b79,CreateDirectoryA
0x6a003a56,0x6a003a56,CreateDirectoryExA
0x6a003a6c,0x6a003a6c,CreateDirectoryExW
0x352f082,0x0352f082,CreateDirectoryTransactedA
0x352f098,0x0352f098,CreateDirectoryTransactedW
0xdbb5b8f,0x0dbb5b8f,CreateDirectoryW
0x39fc8e0e,0x39fc8e0e,CreateDiscardableBitmap
0x35000d20,0x35000d20,CreateEllipticRgn
0x8d455132,0x8d455132,CreateEllipticRgnIndirect
0x68369ee6,0x68369ee6,CreateEnhMetaFileA
0x68369efc,0x68369efc,CreateEnhMetaFileW
0x27e35006,0x27e35006,CreateEnlistment
0xb4cab8f9,0xb4cab8f9,CreateErrorInfo
0x545340a6,0x545340a6,CreateEventA
0xb6261ec3,0xb6261ec3,CreateEventExA
0xb6261ed9,0xb6261ed9,CreateEventExW
0x545340bc,0x545340bc,CreateEventW
0x26a6f4c1,0x26a6f4c1,CreateFX
0xf315316b,0xf315316b,CreateFiber
0xd274168,0x0d274168,CreateFiberEx
0xf3155be4,0xf3155be4,CreateFileA
0x39cfb270,0x39cfb270,CreateFileMappingA
0x275e9561,0x275e9561,CreateFileMappingNumaA
0x275e9577,0x275e9577,CreateFileMappingNumaW
0x39cfb286,0x39cfb286,CreateFileMappingW
0xafae0d8,0x0afae0d8,CreateFileMoniker
0x9eecb2ad,0x9eecb2ad,CreateFileTransactedA
0x9eecb2c3,0x9eecb2c3,CreateFileTransactedW
0xf3155bf8,0xf3155bf8,CreateFileU
0xf3155bfa,0xf3155bfa,CreateFileW
0xf318b09b,0xf318b09b,CreateFontA
0x62c710ed,0x62c710ed,CreateFontIndirectA
0x30cf1cca,0x30cf1cca,CreateFontIndirectExA
0x30cf1ce0,0x30cf1ce0,CreateFontIndirectExW
0x62c71103,0x62c71103,CreateFontIndirectW
0xf318b0b1,0xf318b0b1,CreateFontW
0x6f61f813,0x6f61f813,CreateGenericComposite
0xe5fadac3,0xe5fadac3,CreateHalftonePalette
0x47cb97b1,0x47cb97b1,CreateHardLinkA
0xf825d2ba,0xf825d2ba,CreateHardLinkTransactedA
0xf825d2d0,0xf825d2d0,CreateHardLinkTransactedW
0x47cb97c7,0x47cb97c7,CreateHardLinkW
0xc2f70b6f,0xc2f70b6f,CreateHatchBrush
0xfb859730,0xfb859730,CreateICA
0xfb859746,0xfb859746,CreateICW
0x51141db2,0x51141db2,CreateILockBytesOnHGlobal
0x6c387f4c,0x6c387f4c,CreateIcon
0xccfe7d28,0xccfe7d28,CreateIconFromResource
0x6927065,0x06927065,CreateIconFromResourceEx
0xec332f5e,0xec332f5e,CreateIconIndirect
0x20661078,0x20661078,CreateInstance
0x9ba1f8fa,0x9ba1f8fa,CreateIoCompletionPort
0xfa2ccd07,0xfa2ccd07,CreateItemMoniker
0x1b7e9fd6,0x1b7e9fd6,CreateJobObjectA
0x1b7e9fec,0x1b7e9fec,CreateJobObjectW
0x5f7cce8a,0x5f7cce8a,CreateJobSet
0x82da6582,0x82da6582,CreateMD5SSOHash
0x148055d6,0x148055d6,CreateMDIWindowA
0x148055ec,0x148055ec,CreateMDIWindowW
0x9745eca,0x09745eca,CreateMRUListW
0xec974509,0xec974509,CreateMailslotA
0xec97451f,0xec97451f,CreateMailslotW
0xdad3e3b7,0xdad3e3b7,CreateMappedBitmap
0xf5a08b4b,0xf5a08b4b,CreateMemoryResourceNotification
0x6c3ab938,0x6c3ab938,CreateMenu
0xd1c9838b,0xd1c9838b,CreateMetaFileA
0xd1c983a1,0xd1c983a1,CreateMetaFileW
0x66f28117,0x66f28117,CreateMutexA
0xed973f74,0xed973f74,CreateMutexExA
0xed973f8a,0xed973f8a,CreateMutexExW
0x66f2812d,0x66f2812d,CreateMutexW
0xf701c797,0xf701c797,CreateNamedPipeA
0xf701c7ad,0xf701c7ad,CreateNamedPipeW
0x21bf4c70,0x21bf4c70,CreateObjrefMoniker
0xf5ceacfd,0xf5ceacfd,CreateOleAdviseHolder
0xfcf95b52,0xfcf95b52,CreatePalette
0xa0f79e85,0xa0f79e85,CreatePatternBrush
0xfb85b546,0xfb85b546,CreatePen
0xfd6bbf58,0xfd6bbf58,CreatePenIndirect
0x6c3c6f91,0x6c3c6f91,CreatePipe
0x247bbe99,0x247bbe99,CreatePointerMoniker
0xee9f5136,0xee9f5136,CreatePolyPolygonRgn
0x7c202a32,0x7c202a32,CreatePolygonRgn
0x65466aec,0x65466aec,CreatePopupMenu
0x2b40c40,0x02b40c40,CreatePrintAsyncNotifyChannel
0xff245973,0xff245973,CreatePrinterIC
0x4ab973ec,0x4ab973ec,CreatePrivateNamespaceA
0x4ab97402,0x4ab97402,CreatePrivateNamespaceW
0xed7aa9cd,0xed7aa9cd,CreatePrivateObjectSecurity
0x36cc5a4a,0x36cc5a4a,CreatePrivateObjectSecurityEx
0xbf95db63,0xbf95db63,CreateProcessA
0xf9e09c76,0xf9e09c76,CreateProcessAsUserA
0xf9e09c8c,0xf9e09c8c,CreateProcessAsUserW
0x8e5a9320,0x8e5a9320,CreateProcessInternalA
0x8e5a9336,0x8e5a9336,CreateProcessInternalW
0xbf95db79,0xbf95db79,CreateProcessW
0x24d7e5f4,0x24d7e5f4,CreateProcessWithLogonW
0x378331f6,0x378331f6,CreateProcessWithTokenW
0x67c177e,0x067c177e,CreatePropertySheetPage
0xd5ff077f,0xd5ff077f,CreatePropertySheetPageA
0xd5ff0795,0xd5ff0795,CreatePropertySheetPageW
0x9acefc7,0x09acefc7,CreateProxyFromTypeInfo
0x9fa7ca58,0x9fa7ca58,CreateRectRgn
0x992c66a,0x0992c66a,CreateRectRgnIndirect
0xb32aa527,0xb32aa527,CreateRemoteThread
0x28689424,0x28689424,CreateRemoteThreadEx
0xc1443366,0xc1443366,CreateResourceManager
0x790d2abd,0x790d2abd,CreateRestrictedToken
0x95e30e60,0x95e30e60,CreateRoundRectRgn
0x5a8041a,0x05a8041a,CreateScalableFontResourceA
0x5a80430,0x05a80430,CreateScalableFontResourceW
0xc4afe488,0xc4afe488,CreateSemaphoreA
0xb03b4325,0xb03b4325,CreateSemaphoreExA
0xb03b433b,0xb03b433b,CreateSemaphoreExW
0xc4afe49e,0xc4afe49e,CreateSemaphoreW
0xa3ff7b55,0xa3ff7b55,CreateServiceA
0xa3ff7b6b,0xa3ff7b6b,CreateServiceW
0xadb0f678,0xadb0f678,CreateSocketHandle
0xb0b398e2,0xb0b398e2,CreateSolidBrush
0xf37c8ebf,0xf37c8ebf,CreateStatusWindow
0x630e66e0,0x630e66e0,CreateStatusWindowA
0x630e66f6,0x630e66f6,CreateStatusWindowW
0x8a009bf3,0x8a009bf3,CreateStdAccessibleObject
0x8d7a5e1f,0x8d7a5e1f,CreateStdAccessibleProxyA
0x8d7a5e35,0x8d7a5e35,CreateStdAccessibleProxyW
0x6961cfc0,0x6961cfc0,CreateStdProgressIndicator
0x76204605,0x76204605,CreateStreamOnHGlobal
0x9e327e43,0x9e327e43,CreateStubFromTypeInfo
0xdae24d14,0xdae24d14,CreateSymbolicLinkA
0xfdbcdfdd,0xfdbcdfdd,CreateSymbolicLinkTransactedA
0xfdbcdff3,0xfdbcdff3,CreateSymbolicLinkTransactedW
0xdae24d2a,0xdae24d2a,CreateSymbolicLinkW
0xfe06bc93,0xfe06bc93,CreateSystemThreads
0x59923367,0x59923367,CreateTapePartition
0x765a433b,0x765a433b,CreateThread
0xd41ca195,0xd41ca195,CreateThreadpool
0x3204910a,0x3204910a,CreateThreadpoolCleanupGroup
0x4dcb648d,0x4dcb648d,CreateThreadpoolIo
0xb5d34976,0xb5d34976,CreateThreadpoolTimer
0xee3e374a,0xee3e374a,CreateThreadpoolWait
0xee3e73f8,0xee3e73f8,CreateThreadpoolWork
0xd3e56f89,0xd3e56f89,CreateTimerQueue
0x3d4eefea,0x3d4eefea,CreateTimerQueueTimer
0x51c45856,0x51c45856,CreateToolbar
0xd43bcf13,0xd43bcf13,CreateToolbarEx
0xaad5e75f,0xaad5e75f,CreateToolhelp32Snapshot
0xb79fbb94,0xb79fbb94,CreateTraceInstanceId
0x73d7ac89,0x73d7ac89,CreateTransaction
0x4ac50284,0x4ac50284,CreateTransactionManager
0x100b0ea1,0x100b0ea1,CreateUpDownControl
0x55e329ce,0x55e329ce,CreateUrlCacheContainerA
0x55e329e4,0x55e329e4,CreateUrlCacheContainerW
0x2344fd7d,0x2344fd7d,CreateUrlCacheEntryA
0x87a6d70,0x087a6d70,CreateUrlCacheEntryExW
0x2344fd93,0x2344fd93,CreateUrlCacheEntryW
0xabe29357,0xabe29357,CreateUrlCacheGroup
0xfbed7aee,0xfbed7aee,CreateWaitableTimerA
0xad380b0b,0xad380b0b,CreateWaitableTimerExA
0xad380b21,0xad380b21,CreateWaitableTimerExW
0xfbed7b04,0xfbed7b04,CreateWaitableTimerW
0xa24aea44,0xa24aea44,CreateWellKnownSid
0x4979bcf9,0x4979bcf9,CreateWindowExA
0x4979bd0f,0x4979bd0f,CreateWindowExW
0xa98dde3e,0xa98dde3e,CreateWindowStationA
0xa98dde54,0xa98dde54,CreateWindowStationW
0xfc87d031,0xfc87d031,CredBackupCredentials
0xe8a19201,0xe8a19201,CredDeleteA
0xe8a19217,0xe8a19217,CredDeleteW
0xdbd188f1,0xdbd188f1,CredEncryptAndMarshalBinaryBlob
0x318d1614,0x318d1614,CredEnumerateA
0x318d162a,0x318d162a,CredEnumerateW
0x97260538,0x97260538,CredFindBestCredentialA
0x9726054e,0x9726054e,CredFindBestCredentialW
0x26d5c80f,0x26d5c80f,CredFree
0xeda60106,0xeda60106,CredGetSessionTypes
0xfac1fde1,0xfac1fde1,CredGetTargetInfoA
0xfac1fdf7,0xfac1fdf7,CredGetTargetInfoW
0x92f48cf6,0x92f48cf6,CredIsMarshaledCredentialA
0x92f48d0c,0x92f48d0c,CredIsMarshaledCredentialW
0x36b16a34,0x36b16a34,CredIsProtectedA
0x36b16a4a,0x36b16a4a,CredIsProtectedW
0xd3dd4731,0xd3dd4731,CredMarshalCredentialA
0xd3dd4747,0xd3dd4747,CredMarshalCredentialW
0x27f57188,0x27f57188,CredMarshalTargetInfo
0x49518867,0x49518867,CredProfileLoaded
0xff99216a,0xff99216a,CredProfileUnloaded
0xa58c6f,0x00a58c6f,CredProtectA
0xa58c85,0x00a58c85,CredProtectW
0x260be2a,0x0260be2a,CredReadA
0x65d7a591,0x65d7a591,CredReadByTokenHandle
0x56c09c50,0x56c09c50,CredReadDomainCredentialsA
0x56c09c66,0x56c09c66,CredReadDomainCredentialsW
0x260be40,0x0260be40,CredReadW
0x1e72c646,0x1e72c646,CredRenameA
0x1e72c65c,0x1e72c65c,CredRenameW
0x299b4df,0x0299b4df,CredRestoreCredentials
0x64209c74,0x64209c74,CredUnmarshalCredentialA
0x64209c8a,0x64209c8a,CredUnmarshalCredentialW
0xa0b1aa6b,0xa0b1aa6b,CredUnmarshalTargetInfo
0x6d49e1f2,0x6d49e1f2,CredUnprotectA
0x6d49e208,0x6d49e208,CredUnprotectW
0x5b1234f9,0x5b1234f9,CredWriteA
0xff326aff,0xff326aff,CredWriteDomainCredentialsA
0xff326b15,0xff326b15,CredWriteDomainCredentialsW
0x5b12350f,0x5b12350f,CredWriteW
0x22405df9,0x22405df9,CredpConvertCredential
0xcf84176,0x0cf84176,CredpConvertOneCredentialSize
0x915da691,0x915da691,CredpConvertTargetInfo
0xb04b799c,0xb04b799c,CredpDecodeCredential
0x7a037b46,0x7a037b46,CredpEncodeCredential
0xa3f5dc91,0xa3f5dc91,CredpEncodeSecret
0xaa664acf,0xaa664acf,CriticalSection
0xacd9de66,0xacd9de66,CriticalSectionOnCompletion
0x26cf9ad2,0x26cf9ad2,CryptAcquireCertificatePrivateKey
0xd10a3c71,0xd10a3c71,CryptAcquireContextA
0xd10a3c85,0xd10a3c85,CryptAcquireContextU
0xd10a3c87,0xd10a3c87,CryptAcquireContextW
0xb6547c1,0x0b6547c1,CryptBinaryToStringA
0xb6547d7,0x0b6547d7,CryptBinaryToStringW
0xcad8e171,0xcad8e171,CryptCATAdminAcquireContext
0x25f50fc3,0x25f50fc3,CryptCATAdminAcquireContext2
0x57f78726,0x57f78726,CryptCATAdminAddCatalog
0x94f36df9,0x94f36df9,CryptCATAdminCalcHashFromFileHandle
0x3df1922a,0x3df1922a,CryptCATAdminEnumCatalogFromHash
0x69c4d7ce,0x69c4d7ce,CryptCATAdminPauseServiceForBackup
0x37963b83,0x37963b83,CryptCATAdminReleaseCatalogContext
0x62768928,0x62768928,CryptCATAdminReleaseContext
0x40b52dab,0x40b52dab,CryptCATAdminRemoveCatalog
0x8e13aaca,0x8e13aaca,CryptCATAdminResolveCatalogPath
0x20c5987c,0x20c5987c,CryptCATCDFClose
0x2a046c62,0x2a046c62,CryptCATCDFEnumAttributes
0xd473f67,0x0d473f67,CryptCATCDFEnumAttributesWithCDFTag
0xac1bc63a,0xac1bc63a,CryptCATCDFEnumCatAttributes
0x1057d4a6,0x1057d4a6,CryptCATCDFEnumMembers
0x5ad510aa,0x5ad510aa,CryptCATCDFEnumMembersByCDFTag
0x645bec67,0x645bec67,CryptCATCDFEnumMembersByCDFTagEx
0x27ce9198,0x27ce9198,CryptCATCDFOpen
0x6a419459,0x6a419459,CryptCATCatalogInfoFromContext
0x755bb4ef,0x755bb4ef,CryptCATClose
0xea257c3a,0xea257c3a,CryptCATEnumerateAttr
0xa5be5d92,0xa5be5d92,CryptCATEnumerateCatAttr
0x245fd937,0x245fd937,CryptCATEnumerateMember
0x8d77a0c0,0x8d77a0c0,CryptCATGetAttrInfo
0x71652bd8,0x71652bd8,CryptCATGetCatAttrInfo
0xd89bcabd,0xd89bcabd,CryptCATGetMemberInfo
0x97d91e6,0x097d91e6,CryptCATHandleFromStore
0xd5096bab,0xd5096bab,CryptCATOpen
0xaf392610,0xaf392610,CryptCATPersistStore
0x7e631219,0x7e631219,CryptCATPutAttrInfo
0x7c97ca91,0x7c97ca91,CryptCATPutCatAttrInfo
0xb228f656,0xb228f656,CryptCATPutMemberInfo
0xd8aba726,0xd8aba726,CryptCATStoreFromHandle
0x3fd35726,0x3fd35726,CryptCATVerifyMember
0xf8021a01,0xf8021a01,CryptCloseAsyncHandle
0x4da7d26c,0x4da7d26c,CryptContextAddRef
0x5e88ceff,0x5e88ceff,CryptCreateAsyncHandle
0x977e7cd9,0x977e7cd9,CryptCreateHash
0xd689b36a,0xd689b36a,CryptDecodeMessage
0x7f4c3f9c,0x7f4c3f9c,CryptDecodeObject
0x835a9fd9,0x835a9fd9,CryptDecodeObjectEx
0x2a26773c,0x2a26773c,CryptDecrypt
0xcb5470fb,0xcb5470fb,CryptDecryptAndVerifyMessageSignature
0x4b0d4861,0x4b0d4861,CryptDecryptMessage
0xbb0fe929,0xbb0fe929,CryptDeriveKey
0x3e68b26f,0x3e68b26f,CryptDestroyHash
0x4f779694,0x4f779694,CryptDestroyKey
0x937ec060,0x937ec060,CryptDuplicateHash
0x901b2a65,0x901b2a65,CryptDuplicateKey
0x6081fc46,0x6081fc46,CryptEncodeObject
0x88f22f03,0x88f22f03,CryptEncodeObjectEx
0x8c1f21a6,0x8c1f21a6,CryptEncrypt
0x50a4d78b,0x50a4d78b,CryptEncryptMessage
0xb893a098,0xb893a098,CryptEnumOIDFunction
0x64e7a71e,0x64e7a71e,CryptEnumOIDInfo
0xbd2ed5d7,0xbd2ed5d7,CryptEnumProviderTypesA
0xbd2ed5ed,0xbd2ed5ed,CryptEnumProviderTypesW
0xb4c6fd5,0x0b4c6fd5,CryptEnumProvidersA
0xb4c6fe9,0x0b4c6fe9,CryptEnumProvidersU
0xb4c6feb,0x0b4c6feb,CryptEnumProvidersW
0x2c3978cc,0x2c3978cc,CryptExportKey
0x20d84dec,0x20d84dec,CryptExportPKCS8
0x579e4c17,0x579e4c17,CryptExportPublicKeyInfo
0xb861b714,0xb861b714,CryptExportPublicKeyInfoEx
0x6339b141,0x6339b141,CryptFindCertificateKeyProvInfo
0xa5178b9a,0xa5178b9a,CryptFindLocalizedName
0x5857f3ca,0x5857f3ca,CryptFindOIDInfo
0x285bbe81,0x285bbe81,CryptFormatObject
0xfe1503cb,0xfe1503cb,CryptFreeOIDFunctionAddress
0xe9449ba4,0xe9449ba4,CryptGenKey
0xf823871c,0xf823871c,CryptGenRandom
0xf7ba34d0,0xf7ba34d0,CryptGetAsyncParam
0x2dca95da,0x2dca95da,CryptGetDefaultOIDDllList
0xb0e0244e,0xb0e0244e,CryptGetDefaultOIDFunctionAddress
0x5bba9812,0x5bba9812,CryptGetDefaultProviderA
0x5bba9828,0x5bba9828,CryptGetDefaultProviderW
0x89013a16,0x89013a16,CryptGetHashParam
0x22a2da9b,0x22a2da9b,CryptGetKeyParam
0x4841eb5c,0x4841eb5c,CryptGetMessageCertificates
0xf37d3897,0xf37d3897,CryptGetMessageSignerCount
0x58cccde9,0x58cccde9,CryptGetOIDFunctionAddress
0xbd632e00,0xbd632e00,CryptGetOIDFunctionValue
0xca032ad9,0xca032ad9,CryptGetProvParam
0x966fb889,0x966fb889,CryptGetUserKey
0x588c26a8,0x588c26a8,CryptHashCertificate
0x6a10fbda,0x6a10fbda,CryptHashCertificate2
0x10a590bf,0x10a590bf,CryptHashData
0x97fdf5ea,0x97fdf5ea,CryptHashMessage
0x289fa4d9,0x289fa4d9,CryptHashPublicKeyInfo
0xa535cd32,0xa535cd32,CryptHashSessionKey
0x66f18c29,0x66f18c29,CryptHashToBeSigned
0xd7571725,0xd7571725,CryptImportKey
0x9d6e685,0x09d6e685,CryptImportPKCS8
0xe0146db0,0xe0146db0,CryptImportPublicKeyInfo
0x36e6a2ed,0x36e6a2ed,CryptImportPublicKeyInfoEx
0x13bb00bf,0x13bb00bf,CryptImportPublicKeyInfoEx2
0x48932623,0x48932623,CryptInitOIDFunctionSet
0x79b71340,0x79b71340,CryptInstallOIDFunctionAddress
0xa91ffacd,0xa91ffacd,CryptLoadSip
0xd35e9e0b,0xd35e9e0b,CryptMemAlloc
0xdfa0db42,0xdfa0db42,CryptMemFree
0x30ffb742,0x30ffb742,CryptMemRealloc
0x9690ba4a,0x9690ba4a,CryptMsgCalculateEncodedLength
0xfb333b1e,0xfb333b1e,CryptMsgClose
0x9bdcaa29,0x9bdcaa29,CryptMsgControl
0x5a1fea19,0x5a1fea19,CryptMsgCountersign
0x9a901b2b,0x9a901b2b,CryptMsgCountersignEncoded
0x8a58e663,0x8a58e663,CryptMsgDuplicate
0x8e91ec9d,0x8e91ec9d,CryptMsgEncodeAndSignCTL
0xc0537998,0xc0537998,CryptMsgGetAndVerifySigner
0xd4602e39,0xd4602e39,CryptMsgGetParam
0xe56d761,0x0e56d761,CryptMsgOpenToDecode
0x114edc8b,0x114edc8b,CryptMsgOpenToEncode
0x5cff4d7c,0x5cff4d7c,CryptMsgSignCTL
0x8bd989ab,0x8bd989ab,CryptMsgUpdate
0xe02c76e1,0xe02c76e1,CryptMsgVerifyCountersignatureEncoded
0x9d25bc5e,0x9d25bc5e,CryptMsgVerifyCountersignatureEncodedEx
0xdc4922dc,0xdc4922dc,CryptProtectData
0x2860895b,0x2860895b,CryptProtectMemory
0x26adbe6e,0x26adbe6e,CryptQueryObject
0xf3ecdbcd,0xf3ecdbcd,CryptRegisterDefaultOIDFunction
0x28aa7d68,0x28aa7d68,CryptRegisterOIDFunction
0xc2f09bee,0xc2f09bee,CryptRegisterOIDInfo
0xb5391de7,0xb5391de7,CryptReleaseContext
0xbf2d9c81,0xbf2d9c81,CryptSIPAddProvider
0x8390d3ad,0x8390d3ad,CryptSIPCreateIndirectData
0x928bf839,0x928bf839,CryptSIPGetInfo
0x3ebf0cd9,0x3ebf0cd9,CryptSIPGetRegWorkingFlags
0x9f586f48,0x9f586f48,CryptSIPGetSignedDataMsg
0xb70c70cd,0xb70c70cd,CryptSIPLoad
0x41ada041,0x41ada041,CryptSIPPutSignedDataMsg
0x9d1ae3c6,0x9d1ae3c6,CryptSIPRemoveProvider
0xd8141e96,0xd8141e96,CryptSIPRemoveSignedDataMsg
0xbab7ecac,0xbab7ecac,CryptSIPRetrieveSubjectGuid
0x5736b04e,0x5736b04e,CryptSIPRetrieveSubjectGuidForCatalogFile
0x68fcd3ce,0x68fcd3ce,CryptSIPVerifyIndirectData
0xb02ea6dc,0xb02ea6dc,CryptSetAsyncParam
0xd4699aa2,0xd4699aa2,CryptSetHashParam
0x4c062c3e,0x4c062c3e,CryptSetKeyIdentifierProperty
0x62fb59a7,0x62fb59a7,CryptSetKeyParam
0x79ff90c,0x079ff90c,CryptSetOIDFunctionValue
0x156b8b65,0x156b8b65,CryptSetProvParam
0x14ee4fd9,0x14ee4fd9,CryptSetProviderA
0x9c1c6b6,0x09c1c6b6,CryptSetProviderExA
0x9c1c6cc,0x09c1c6cc,CryptSetProviderExW
0x14ee4fed,0x14ee4fed,CryptSetProviderU
0x14ee4fef,0x14ee4fef,CryptSetProviderW
0xf9fd4d16,0xf9fd4d16,CryptSignAndEncodeCertificate
0x28a0e80f,0x28a0e80f,CryptSignAndEncryptMessage
0xa3df6935,0xa3df6935,CryptSignCertificate
0xfb4ba457,0xfb4ba457,CryptSignHashA
0xfb4ba46b,0xfb4ba46b,CryptSignHashU
0xfb4ba46d,0xfb4ba46d,CryptSignHashW
0x8703f9f7,0x8703f9f7,CryptSignMessage
0xfaa2477c,0xfaa2477c,CryptSignMessageWithKey
0x9f3899c1,0x9f3899c1,CryptStringToBinaryA
0x9f3899d7,0x9f3899d7,CryptStringToBinaryW
0x12fe827f,0x12fe827f,CryptUnprotectData
0xe1ec5dbe,0xe1ec5dbe,CryptUnprotectMemory
0xb0e77910,0xb0e77910,CryptUnregisterDefaultOIDFunction
0x9d8ad00b,0x9d8ad00b,CryptUnregisterOIDFunction
0xec31511,0x0ec31511,CryptUnregisterOIDInfo
0x72121e8b,0x72121e8b,CryptVerifyCertificateSignature
0x3f13f688,0x3f13f688,CryptVerifyCertificateSignatureEx
0xc082cf51,0xc082cf51,CryptVerifyDetachedMessageHash
0xd50163bf,0xd50163bf,CryptVerifyDetachedMessageSignature
0x94934a5f,0x94934a5f,CryptVerifyMessageHash
0xbe3ef78d,0xbe3ef78d,CryptVerifyMessageSignature
0xa916052,0x0a916052,CryptVerifyMessageSignatureWithKey
0x34e31349,0x34e31349,CryptVerifySignatureA
0x34e3135d,0x34e3135d,CryptVerifySignatureU
0x34e3135f,0x34e3135f,CryptVerifySignatureW
0xa3fa82a,0x0a3fa82a,CsrAllocateCaptureBuffer
0xc36f8ec2,0xc36f8ec2,CsrAllocateMessagePointer
0x9c54c8a8,0x9c54c8a8,CsrBroadcastSystemMessageExW
0x5504040a,0x5504040a,CsrCaptureMessageBuffer
0xfa63ce28,0xfa63ce28,CsrCaptureMessageMultiUnicodeStringsInPlace
0x7ca040a7,0x7ca040a7,CsrCaptureMessageString
0x51f83712,0x51f83712,CsrCaptureTimeout
0xe1e22a9,0x0e1e22a9,CsrClientCallServer
0x6f1be65a,0x6f1be65a,CsrClientConnectToServer
0xb3539d47,0xb3539d47,CsrFreeCaptureBuffer
0x874910a3,0x874910a3,CsrGetProcessId
0x3b751917,0x3b751917,CsrIdentifyAlertableThread
0xf5cbe59b,0xf5cbe59b,CsrSetPriorityClass
0x3fb65830,0x3fb65830,CsrVerifyRegion
0x8ac4e9ca,0x8ac4e9ca,CtrlRoutine
0xbe417eb6,0xbe417eb6,CtxInitUser32
0x8722965c,0x8722965c,D2D1ComputeMaximumScaleFactor
0x3e3db086,0x3e3db086,D2D1ConvertColorSpace
0x3f5211de,0x3f5211de,D2D1CreateDevice
0xb2c3b4a3,0xb2c3b4a3,D2D1CreateDeviceContext
0xb8e29046,0xb8e29046,D2D1CreateFactory
0xc9043fc4,0xc9043fc4,D2D1GetGradientMeshInteriorPointsFromCoonsPatch
0x2513d3e7,0x2513d3e7,D2D1InvertMatrix
0x1f80fbdf,0x1f80fbdf,D2D1IsMatrixInvertible
0x6c34375c,0x6c34375c,D2D1MakeRotateMatrix
0x99ac3687,0x99ac3687,D2D1MakeSkewMatrix
0x22c546a9,0x22c546a9,D2D1SinCos
0x2a2fd4dd,0x2a2fd4dd,D2D1Tan
0x37cf9e8d,0x37cf9e8d,D2D1Vec3Length
0xef62bbdb,0xef62bbdb,D2DTkCreateAlgorithmFactory
0xb881612c,0xb881612c,D2DTkCreateOn12Device
0xf3b1688e,0xf3b1688e,D3D10CompileEffectFromMemory
0x293fb30b,0x293fb30b,D3D10CompileShader
0xdcae409e,0xdcae409e,D3D10CreateBlob
0xc570832f,0xc570832f,D3D10CreateDevice
0x1e5b5c40,0x1e5b5c40,D3D10CreateDeviceAndSwapChain
0xff9f3c79,0xff9f3c79,D3D10CreateEffectFromMemory
0xda2213d3,0xda2213d3,D3D10CreateEffectPoolFromMemory
0x452ed60b,0x452ed60b,D3D10CreateStateBlock
0xd7d1ea4,0x0d7d1ea4,D3D10DisassembleEffect
0x2e46c68e,0x2e46c68e,D3D10DisassembleShader
0x4f88fc7f,0x4f88fc7f,D3D10GetGeometryShaderProfile
0x756969b0,0x756969b0,D3D10GetInputAndOutputSignatureBlob
0xdb51cbcc,0xdb51cbcc,D3D10GetInputSignatureBlob
0x58bbe0cd,0x58bbe0cd,D3D10GetOutputSignatureBlob
0xd2949255,0xd2949255,D3D10GetPixelShaderProfile
0x1fd52f15,0x1fd52f15,D3D10GetShaderDebugInfo
0x8e05ff1,0x08e05ff1,D3D10GetVersion
0x10b62431,0x10b62431,D3D10GetVertexShaderProfile
0xbaed49e8,0xbaed49e8,D3D10PreprocessShader
0x9303b1e7,0x9303b1e7,D3D10ReflectShader
0x6db90e20,0x6db90e20,D3D10RegisterLayers
0x78b2eb6e,0x78b2eb6e,D3D10StateBlockMaskDifference
0xefbb4810,0xefbb4810,D3D10StateBlockMaskDisableAll
0xee0470eb,0xee0470eb,D3D10StateBlockMaskDisableCapture
0xe102ea83,0xe102ea83,D3D10StateBlockMaskEnableAll
0xa66e14de,0xa66e14de,D3D10StateBlockMaskEnableCapture
0x875bebc1,0x875bebc1,D3D10StateBlockMaskGetSetting
0x70fafaf4,0x70fafaf4,D3D10StateBlockMaskIntersect
0xa7a7870c,0xa7a7870c,D3D10StateBlockMaskUnion
0xd9ccf079,0xd9ccf079,D3D11CoreCreateDevice
0xdf85cfff,0xdf85cfff,D3D11CoreCreateLayeredDevice
0x4f56bd06,0x4f56bd06,D3D11CoreGetLayeredDeviceSize
0xae5f5ea,0x0ae5f5ea,D3D11CoreRegisterLayers
0x14cf8cb0,0x14cf8cb0,D3D11CreateDevice
0xca73af41,0xca73af41,D3D11CreateDeviceAndSwapChain
0xb694d6b5,0xb694d6b5,D3D11CreateDeviceForD3D12
0x41ae26f0,0x41ae26f0,D3D11On12CreateDevice
0xae6f46e0,0xae6f46e0,D3D12CoreCreateLayeredDevice
0xfb6f1007,0xfb6f1007,D3D12CoreGetLayeredDeviceSize
0xbbc05c2b,0xbbc05c2b,D3D12CoreRegisterLayers
0x642e9631,0x642e9631,D3D12CreateDevice
0xd318027a,0xd318027a,D3D12CreateRootSignatureDeserializer
0x2fa98329,0x2fa98329,D3D12CreateVersionedRootSignatureDeserializer
0xa3b92ac1,0xa3b92ac1,D3D12EnableExperimentalFeatures
0xf80825e5,0xf80825e5,D3D12GetDebugInterface
0xa1958e8b,0xa1958e8b,D3D12SerializeRootSignature
0x2881df3a,0x2881df3a,D3D12SerializeVersionedRootSignature
0x9c5a57ac,0x9c5a57ac,D3DKMTCheckVidPnExclusiveOwnership
0xa4fa702d,0xa4fa702d,D3DKMTCloseAdapter
0x1fb1b6f0,0x1fb1b6f0,D3DKMTCreateAllocation
0x437b1bef,0x437b1bef,D3DKMTCreateContext
0x98fc239e,0x98fc239e,D3DKMTCreateDCFromMemory
0x780cfbba,0x780cfbba,D3DKMTCreateDevice
0x17296c13,0x17296c13,D3DKMTCreateSynchronizationObject
0xd709efa6,0xd709efa6,D3DKMTDestroyAllocation
0xb2212065,0xb2212065,D3DKMTDestroyContext
0x874561d4,0x874561d4,D3DKMTDestroyDCFromMemory
0x83294970,0x83294970,D3DKMTDestroyDevice
0x90f30709,0x90f30709,D3DKMTDestroySynchronizationObject
0xf483a727,0xf483a727,D3DKMTEscape
0x71ed3523,0x71ed3523,D3DKMTGetContextSchedulingPriority
0x5ed11387,0x5ed11387,D3DKMTGetDeviceState
0xbf67c2d,0x0bf67c2d,D3DKMTGetDisplayModeList
0xa2e25340,0xa2e25340,D3DKMTGetMultisampleMethodList
0x4cfd4134,0x4cfd4134,D3DKMTGetRuntimeData
0xe7a2785d,0xe7a2785d,D3DKMTGetSharedPrimaryHandle
0x5b7315bf,0x5b7315bf,D3DKMTLock
0xab3b2408,0xab3b2408,D3DKMTOpenAdapterFromGdiDisplayName
0x6939004c,0x6939004c,D3DKMTOpenAdapterFromHdc
0xee3bf570,0xee3bf570,D3DKMTOpenResource
0xd191e237,0xd191e237,D3DKMTPresent
0x1b970b59,0x1b970b59,D3DKMTQueryAdapterInfo
0x7dd1bfd8,0x7dd1bfd8,D3DKMTQueryAllocationResidency
0xd9eead00,0xd9eead00,D3DKMTQueryResourceInfo
0x47c0b8b7,0x47c0b8b7,D3DKMTQueryStatistics
0x11df73d6,0x11df73d6,D3DKMTRender
0x7849446a,0x7849446a,D3DKMTSetAllocationPriority
0x913d2daf,0x913d2daf,D3DKMTSetContextSchedulingPriority
0xfa3600dd,0xfa3600dd,D3DKMTSetDisplayMode
0x16e08fe8,0x16e08fe8,D3DKMTSetDisplayPrivateDriverFormat
0xacb99735,0xacb99735,D3DKMTSetGammaRamp
0x1a1f55ca,0x1a1f55ca,D3DKMTSetQueuedLimit
0xedea8e1f,0xedea8e1f,D3DKMTSetVidPnSourceOwner
0xc749857d,0xc749857d,D3DKMTSignalSynchronizationObject
0x1980e002,0x1980e002,D3DKMTUnlock
0x47a001fb,0x47a001fb,D3DKMTWaitForSynchronizationObject
0x90f23496,0x90f23496,D3DKMTWaitForVerticalBlankEvent
0x99f847dd,0x99f847dd,D3DPERF_BeginEvent
0x6892ca4f,0x6892ca4f,D3DPERF_EndEvent
0x5ba369a,0x05ba369a,D3DPERF_GetStatus
0xaf417f18,0xaf417f18,D3DPERF_QueryRepeatFrame
0x6c41e764,0x6c41e764,D3DPERF_SetMarker
0xb193f16e,0xb193f16e,D3DPERF_SetOptions
0x782e0526,0x782e0526,D3DPERF_SetRegion
0x4fe00b4,0x04fe00b4,D3DParseUnknownCommand
0xbe050a22,0xbe050a22,D3DPerformance_BeginEvent
0xd7903754,0xd7903754,D3DPerformance_EndEvent
0x5465443f,0x5465443f,D3DPerformance_GetStatus
0xbaecf509,0xbaecf509,D3DPerformance_SetMarker
0xf3e2ed1f,0xf3e2ed1f,DAD_AutoScroll
0xd1042dd0,0xd1042dd0,DAD_DragEnterEx
0xf189e802,0xf189e802,DAD_DragEnterEx2
0x42f55142,0x42f55142,DAD_DragLeave
0x66e15eec,0x66e15eec,DAD_DragMove
0xf1ffd944,0xf1ffd944,DAD_SetDragImage
0xf595a5b9,0xf595a5b9,DAD_ShowDragImage
0x7f69c016,0x7f69c016,DCIBeginAccess
0x5980ef40,0x5980ef40,DCICloseProvider
0xd601612e,0xd601612e,DCICreateOffscreen
0xd5852695,0xd5852695,DCICreateOverlay
0x19703857,0x19703857,DCICreatePrimary
0x12f4b8c9,0x12f4b8c9,DCIDestroy
0x523c64cd,0x523c64cd,DCIDraw
0xb5c11a88,0xb5c11a88,DCIEndAccess
0x523ce2b4,0x523ce2b4,DCIEnum
0xf4cbb93c,0xf4cbb93c,DCIOpenProvider
0x34fd93af,0x34fd93af,DCISetClipList
0x8b45c10d,0x8b45c10d,DCISetDestination
0x5d68c3ab,0x5d68c3ab,DCISetSrcDestClip
0x80f8a3d9,0x80f8a3d9,DDGetAttachedSurfaceLcl
0xb1bf57dd,0xb1bf57dd,DDInternalLock
0x33e621a0,0x33e621a0,DDInternalUnlock
0x8c3e1724,0x8c3e1724,DER_AsciiToTime
0xe48550c1,0xe48550c1,DER_AsciiToTime_Util
0x880af287,0x880af287,DER_DecodeTimeChoice
0xe081c204,0xe081c204,DER_DecodeTimeChoice_Util
0x683ea3d7,0x683ea3d7,DER_Encode
0x51c2f431,0x51c2f431,DER_EncodeTimeChoice
0x5eef5dee,0x5eef5dee,DER_EncodeTimeChoice_Util
0x7448c554,0x7448c554,DER_Encode_Util
0xf12e82bd,0xf12e82bd,DER_GeneralizedDayToAscii
0xdc55e3fa,0xdc55e3fa,DER_GeneralizedDayToAscii_Util
0x4ca35b94,0x4ca35b94,DER_GeneralizedTimeToTime
0x5016db31,0x5016db31,DER_GeneralizedTimeToTime_Util
0xd6cbaa37,0xd6cbaa37,DER_GetInteger
0xe1d8c7b4,0xe1d8c7b4,DER_GetInteger_Util
0x3583260c,0x3583260c,DER_GetUInteger
0xa9ec796d,0xa9ec796d,DER_LengthLength
0x76af499e,0x76af499e,DER_Lengths
0xbc1b1f7b,0xbc1b1f7b,DER_Lengths_Util
0x74a77c3,0x074a77c3,DER_SetInteger
0x75dba518,0x75dba518,DER_SetUInteger
0x644cddbf,0x644cddbf,DER_StoreHeader
0xfdaed2ad,0xfdaed2ad,DER_TimeChoiceDayToAscii
0x3035a9ea,0x3035a9ea,DER_TimeChoiceDayToAscii_Util
0xbc4970d4,0xbc4970d4,DER_TimeToGeneralizedTime
0x6fb74fb,0x06fb74fb,DER_TimeToGeneralizedTimeArena
0x82a9ecf8,0x82a9ecf8,DER_TimeToGeneralizedTimeArena_Util
0x91c3871,0x091c3871,DER_TimeToGeneralizedTime_Util
0xe5a5ccf6,0xe5a5ccf6,DER_TimeToUTCTime
0x53c0b65d,0x53c0b65d,DER_TimeToUTCTimeArena
0x55e179d3,0x55e179d3,DER_TimeToUTCTime_Util
0x525d425f,0x525d425f,DER_UTCDayToAscii
0x2d77b8dc,0x2d77b8dc,DER_UTCDayToAscii_Util
0x66c30270,0x66c30270,DER_UTCTimeToAscii
0xcf1d2b8d,0xcf1d2b8d,DER_UTCTimeToAscii_Util
0xadd21b36,0xadd21b36,DER_UTCTimeToTime
0xa138b013,0xa138b013,DER_UTCTimeToTime_Util
0x64fd9c29,0x64fd9c29,DEVICECAPABILITIES
0x767d0cc4,0x767d0cc4,DEVICEMODE
0x812eefa,0x0812eefa,DG
0xa8607f54,0xa8607f54,DPA_Clone
0xb4d74bf7,0xb4d74bf7,DPA_Create
0x47da2ef4,0x47da2ef4,DPA_CreateEx
0x4ede698,0x04ede698,DPA_DeleteAllPtrs
0xdc71296c,0xdc71296c,DPA_DeletePtr
0x7f6fb2cd,0x7f6fb2cd,DPA_Destroy
0x6438f83a,0x6438f83a,DPA_DestroyCallback
0x24cafba5,0x24cafba5,DPA_EnumCallback
0xbd492979,0xbd492979,DPA_GetPtr
0x35ffe9f1,0x35ffe9f1,DPA_GetPtrIndex
0x71b7a442,0x71b7a442,DPA_Grow
0x8beb8c4e,0x8beb8c4e,DPA_InsertPtr
0xa2b4058f,0xa2b4058f,DPA_LoadStream
0xa911a993,0xa911a993,DPA_Merge
0xe90829e,0x0e90829e,DPA_SaveStream
0xd93cac19,0xd93cac19,DPA_Search
0xd9471105,0xd9471105,DPA_SetPtr
0x71be2c6b,0x71be2c6b,DPA_Sort
0xceb2ed70,0xceb2ed70,DPCache_Lookup
0xa6582282,0xa6582282,DPtoLP
0x44746d26,0x44746d26,DSAU_ConvertSignedToFixedUnsigned
0x2f2336d6,0x2f2336d6,DSAU_ConvertUnsignedToSigned
0x4791affd,0x4791affd,DSAU_DecodeDerSig
0x353cdedf,0x353cdedf,DSAU_DecodeDerSigToLen
0x28c76ca7,0x28c76ca7,DSAU_EncodeDerSig
0x6113d862,0x6113d862,DSAU_EncodeDerSigWithLen
0x124c9efa,0x124c9efa,DSA_Create
0x5ab97c54,0x5ab97c54,DSA_DeleteAllItems
0x58af9b68,0x58af9b68,DSA_DeleteItem
0x8b8f6630,0x8b8f6630,DSA_Destroy
0x2e7b5e9d,0x2e7b5e9d,DSA_DestroyCallback
0xea144e8,0x0ea144e8,DSA_EnumCallback
0x728a33f5,0x728a33f5,DSA_GetItem
0xfac90b4b,0xfac90b4b,DSA_GetItemPtr
0xf7765a8a,0xf7765a8a,DSA_InsertItem
0xe450d01,0x0e450d01,DSA_SetItem
0x860e6e14,0x860e6e14,DSA_SignatureTemplate
0x14cd00c5,0x14cd00c5,DSoundHelp
0x65ec1953,0x65ec1953,DTLS_GetHandshakeTimeout
0x8b328b0a,0x8b328b0a,DTLS_ImportFD
0xf7e55dab,0xf7e55dab,DbgBreakPoint
0x1a574c4e,0x1a574c4e,DbgHelpCreateUserDump
0x6540d665,0x6540d665,DbgHelpCreateUserDumpW
0x48fdb7a9,0x48fdb7a9,DbgPrint
0x7f4a4f26,0x7f4a4f26,DbgPrintEx
0x6bfd610d,0x6bfd610d,DbgPrintReturnControlC
0x68b7f29e,0x68b7f29e,DbgPrompt
0x90be3400,0x90be3400,DbgQueryDebugFilterState
0xbe17c062,0xbe17c062,DbgReadRegistrySettings
0x4b2d75d6,0x4b2d75d6,DbgSetDebugFilterState
0xaedcdf34,0xaedcdf34,DbgUiConnectToDbg
0x90be7a9f,0x90be7a9f,DbgUiContinue
0xd2325773,0xd2325773,DbgUiConvertStateChangeStructure
0x653d8dc,0x0653d8dc,DbgUiDebugActiveProcess
0xb4e012d0,0xb4e012d0,DbgUiGetThreadDebugObject
0x842946b,0x0842946b,DbgUiIssueRemoteBreakin
0x30bc902,0x030bc902,DbgUiRemoteBreakin
0x46b63f5c,0x46b63f5c,DbgUiSetThreadDebugObject
0xfed1240c,0xfed1240c,DbgUiStopDebugging
0xf83af36,0x0f83af36,DbgUiWaitStateChange
0xacc7dcea,0xacc7dcea,DbgUserBreakPoint
0xf5fe64d3,0xf5fe64d3,DceErrorInqTextA
0xf5fe64e9,0xf5fe64e9,DceErrorInqTextW
0x13adb41e,0x13adb41e,DcomChannelSetHResult
0xda546d95,0xda546d95,DdeAbandonTransaction
0xe5fc2c08,0xe5fc2c08,DdeAccessData
0xec0d79ff,0xec0d79ff,DdeAddData
0x30dd0dd3,0x30dd0dd3,DdeBindToObject
0x16bf4e01,0x16bf4e01,DdeClientTransaction
0x12cf8cb2,0x12cf8cb2,DdeCmpStringHandles
0xa0653226,0xa0653226,DdeConnect
0xd688c382,0xd688c382,DdeConnectList
0x52762416,0x52762416,DdeCreateDataHandle
0xa879fd94,0xa879fd94,DdeCreateStringHandleA
0xa879fdaa,0xa879fdaa,DdeCreateStringHandleW
0xcd85c7a6,0xcd85c7a6,DdeDisconnect
0x24f81902,0x24f81902,DdeDisconnectList
0x8bc580b0,0x8bc580b0,DdeEnableCallback
0xc693de4,0x0c693de4,DdeFreeDataHandle
0x74d6e441,0x74d6e441,DdeFreeStringHandle
0xbd619736,0xbd619736,DdeGetData
0x8338d15a,0x8338d15a,DdeGetLastError
0x4f1743eb,0x4f1743eb,DdeGetQualityOfService
0xc5b57942,0xc5b57942,DdeImpersonateClient
0x6473b92f,0x6473b92f,DdeInitializeA
0x6473b945,0x6473b945,DdeInitializeW
0xd0557764,0xd0557764,DdeKeepStringHandle
0xd05e9d0e,0xd05e9d0e,DdeNameService
0xb4348c3e,0xb4348c3e,DdePostAdvise
0x16fbeeb4,0x16fbeeb4,DdeQueryConvInfo
0x1c9f8aa8,0x1c9f8aa8,DdeQueryNextServer
0x67e4226a,0x67e4226a,DdeQueryStringA
0x67e42280,0x67e42280,DdeQueryStringW
0x9b6fdc1d,0x9b6fdc1d,DdeReconnect
0x99540ef7,0x99540ef7,DdeSetQualityOfService
0x7821d593,0x7821d593,DdeSetUserHandle
0x1d161e0b,0x1d161e0b,DdeUnaccessData
0x32634531,0x32634531,DdeUninitialize
0xe02d1d0,0x0e02d1d0,DeactivateActCtx
0xd809a31,0x0d809a31,DebugActiveProcess
0xb3e33df7,0xb3e33df7,DebugActiveProcessStop
0xa634303b,0xa634303b,DebugBreak
0xc1ffbd7a,0xc1ffbd7a,DebugBreakProcess
0x56712f10,0x56712f10,DebugHr
0x249726bd,0x249726bd,DebugMsg
0x6f93333a,0x6f93333a,DebugSetLevel
0x3625d5d,0x03625d5d,DebugSetMute
0x5ddef464,0x5ddef464,DebugSetProcessKillOnExit
0xd686f8f4,0xd686f8f4,DecodePointer
0xc44c6699,0xc44c6699,DecodeSystemPointer
0x81a78dab,0x81a78dab,DecryptFileA
0x81a78dc1,0x81a78dc1,DecryptFileW
0x9bcb0d6f,0x9bcb0d6f,DecryptMessage
0x1abcfe4a,0x1abcfe4a,DefDlgProcA
0x1abcfe60,0x1abcfe60,DefDlgProcW
0x12c221e,0x012c221e,DefDriverProc
0xf24353fe,0xf24353fe,DefFrameProcA
0xf2435414,0xf2435414,DefFrameProcW
0x1f502091,0x1f502091,DefMDIChildProcA
0x1f5020a7,0x1f5020a7,DefMDIChildProcW
0xdd513b8c,0xdd513b8c,DefRawInputProc
0x9d09172,0x09d09172,DefSubclassProc
0x9f7027ab,0x9f7027ab,DefWindowProcA
0x9f7027c1,0x9f7027c1,DefWindowProcW
0x9f980f3f,0x9f980f3f,DeferWindowPos
0xbed177b1,0xbed177b1,DefineDosDeviceA
0xbed177c7,0xbed177c7,DefineDosDeviceW
0xe3d73737,0xe3d73737,DelayLoadFailureHook
0x94d6628b,0x94d6628b,DeleteAce
0x2fa2fdd3,0x2fa2fdd3,DeleteAtom
0xf6001d65,0xf6001d65,DeleteBoundaryDescriptor
0xfd94a94d,0xfd94a94d,DeleteColorSpace
0x751580a2,0x751580a2,DeleteCriticalSection
0x3ad031e9,0x3ad031e9,DeleteDC
0x24f6ba64,0x24f6ba64,DeleteEnhMetaFile
0x2456f28a,0x2456f28a,DeleteFiber
0x24571d03,0x24571d03,DeleteFileA
0x204da68c,0x204da68c,DeleteFileTransactedA
0x204da6a2,0x204da6a2,DeleteFileTransactedW
0x24571d19,0x24571d19,DeleteFileW
0x245a81d7,0x245a81d7,DeleteFormA
0x245a81ed,0x245a81ed,DeleteFormW
0xbf482b97,0xbf482b97,DeleteIE3Cache
0xbfed3137,0xbfed3137,DeleteInstance
0x62556767,0x62556767,DeleteJobNamedProperty
0x2fa95277,0x2fa95277,DeleteMenu
0xbd2862c9,0xbd2862c9,DeleteMetaFile
0xb1885a2b,0xb1885a2b,DeleteMonitorA
0xb1885a41,0xb1885a41,DeleteMonitorW
0xc3b96759,0xc3b96759,DeleteObject
0xd3b95a4b,0xd3b95a4b,DeletePatternAndExtensionTables
0x250f77c8,0x250f77c8,DeletePortA
0x250f77de,0x250f77de,DeletePortW
0x3c0d54d0,0x3c0d54d0,DeletePrintProcessorA
0x3c0d54e6,0x3c0d54e6,DeletePrintProcessorW
0x5cef9a45,0x5cef9a45,DeletePrintProvidorA
0x5cef9a5b,0x5cef9a5b,DeletePrintProvidorW
0xad2636e6,0xad2636e6,DeletePrinter
0xbc134db7,0xbc134db7,DeletePrinterConnectionA
0xbc134dcd,0xbc134dcd,DeletePrinterConnectionW
0xe8ee0b81,0xe8ee0b81,DeletePrinterDataA
0xdc9f0c5e,0xdc9f0c5e,DeletePrinterDataExA
0xdc9f0c74,0xdc9f0c74,DeletePrinterDataExW
0xe8ee0b97,0xe8ee0b97,DeletePrinterDataW
0x38b34b3,0x038b34b3,DeletePrinterDriverA
0x132b4a10,0x132b4a10,DeletePrinterDriverExA
0x132b4a26,0x132b4a26,DeletePrinterDriverExW
0xcf911f3f,0xcf911f3f,DeletePrinterDriverPackageA
0xcf911f55,0xcf911f55,DeletePrinterDriverPackageW
0x38b34c9,0x038b34c9,DeletePrinterDriverW
0x8f8f9212,0x8f8f9212,DeletePrinterIC
0xb1bd8b90,0xb1bd8b90,DeletePrinterKeyA
0xb1bd8ba6,0xb1bd8ba6,DeletePrinterKeyW
0x434c155e,0x434c155e,DeleteProcThreadAttributeList
0xb18f545f,0xb18f545f,DeleteSecurityContext
0x92d44627,0x92d44627,DeleteSecurityPackageA
0x92d4463d,0x92d4463d,DeleteSecurityPackageW
0x7668ed73,0x7668ed73,DeleteService
0x71b7bc08,0x71b7bc08,DeleteTimerQueue
0xbe96e745,0xbe96e745,DeleteTimerQueueEx
0xbeafe3c9,0xbeafe3c9,DeleteTimerQueueTimer
0x60fd854d,0x60fd854d,DeleteUrlCacheContainerA
0x60fd8563,0x60fd8563,DeleteUrlCacheContainerW
0x7a40b5db,0x7a40b5db,DeleteUrlCacheEntry
0xc257717c,0xc257717c,DeleteUrlCacheEntryA
0xc2577192,0xc2577192,DeleteUrlCacheEntryW
0x7a670376,0x7a670376,DeleteUrlCacheGroup
0x2df233b8,0x2df233b8,DeleteVolumeMountPointA
0x2df233ce,0x2df233ce,DeleteVolumeMountPointW
0x6413b506,0x6413b506,DeleteWpadCacheForNetworks
0xb1d41d10,0xb1d41d10,DeregisterEventSource
0xb9936fe,0x0b9936fe,DeregisterShellHookWindow
0x602d5f7b,0x602d5f7b,DescribePixelFormat
0x1d387166,0x1d387166,DestroyAcceleratorTable
0xf3f1ab08,0xf3f1ab08,DestroyCaret
0x73913157,0x73913157,DestroyCursor
0xaa5076a2,0xaa5076a2,DestroyIcon
0xaa52b08e,0xaa52b08e,DestroyMenu
0x52cef7e3,0x52cef7e3,DestroyPrivateObjectSecurity
0x1120ca94,0x1120ca94,DestroyPropertySheetPage
0x41dac0b4,0x41dac0b4,DestroyReasons
0x7f530739,0x7f530739,DestroyRunningObjectTable
0xa15cc691,0xa15cc691,DestroyWindow
0x86ceabf6,0x86ceabf6,DetectAutoProxyUrl
0x3289cf51,0x3289cf51,DevQueryPrint
0xfc3af0ce,0xfc3af0ce,DevQueryPrintEx
0x64fd9c29,0x64fd9c29,DeviceCapabilities
0x4b1218a,0x04b1218a,DeviceCapabilitiesA
0x9ad553a6,0x9ad553a6,DeviceCapabilitiesEx
0xf57fc8a7,0xf57fc8a7,DeviceCapabilitiesExA
0xf57fc8bd,0xf57fc8bd,DeviceCapabilitiesExW
0x4b121a0,0x04b121a0,DeviceCapabilitiesW
0x6740503b,0x6740503b,DeviceEventWorker
0xd1d22b38,0xd1d22b38,DeviceIoControl
0x767d0cc4,0x767d0cc4,DeviceMode
0xd5adc890,0xd5adc890,DevicePropertySheets
0x86e4a2ac,0x86e4a2ac,DialogBoxIndirectParamA
0x25990e24,0x25990e24,DialogBoxIndirectParamAorW
0x86e4a2c2,0x86e4a2c2,DialogBoxIndirectParamW
0x39d7711a,0x39d7711a,DialogBoxParamA
0x39d77130,0x39d77130,DialogBoxParamW
0x796b377f,0x796b377f,Direct3D8EnableMaximizedWindowedModeShim
0xdec9ff60,0xdec9ff60,Direct3D9EnableMaximizedWindowedModeShim
0xd6f454ad,0xd6f454ad,Direct3DCreate8
0xd6f454ae,0xd6f454ae,Direct3DCreate9
0x655c416b,0x655c416b,Direct3DCreate9Ex
0x1b3c7acb,0x1b3c7acb,Direct3DShaderValidatorCreate9
0xfde14a0c,0xfde14a0c,DirectDrawCreate
0x6d7c337b,0x6d7c337b,DirectDrawCreateClipper
0xfb5c0649,0xfb5c0649,DirectDrawCreateEx
0xb65de59f,0xb65de59f,DirectDrawEnumerateA
0xc56de5fc,0xc56de5fc,DirectDrawEnumerateExA
0xc56de612,0xc56de612,DirectDrawEnumerateExW
0xb65de5b5,0xb65de5b5,DirectDrawEnumerateW
0x9c5a0e6,0x09c5a0e6,DirectInput8Create
0x7a967d6f,0x7a967d6f,DirectInputCreateA
0xcd662c2b,0xcd662c2b,DirectInputCreateEx
0x7a967d85,0x7a967d85,DirectInputCreateW
0xd69eb14,0x0d69eb14,DirectPlayCreate
0x243d15a6,0x243d15a6,DirectPlayEnumerate
0xabdfcaa7,0xabdfcaa7,DirectPlayEnumerateA
0xabdfcabd,0xabdfcabd,DirectPlayEnumerateW
0xc9f130ad,0xc9f130ad,DirectPlayLobbyCreateA
0xc9f130c3,0xc9f130c3,DirectPlayLobbyCreateW
0x269eef7b,0x269eef7b,DirectSoundCaptureCreate
0xfa7cdf13,0xfa7cdf13,DirectSoundCaptureCreate8
0xa73eaa8e,0xa73eaa8e,DirectSoundCaptureEnumerateA
0xa73eaaa4,0xa73eaaa4,DirectSoundCaptureEnumerateW
0x74abcbe7,0x74abcbe7,DirectSoundCreate
0xa2548ff,0x0a2548ff,DirectSoundCreate8
0xaffbdcfa,0xaffbdcfa,DirectSoundEnumerateA
0xaffbdd10,0xaffbdd10,DirectSoundEnumerateW
0x5bede84c,0x5bede84c,DirectSoundFullDuplexCreate
0x3bb2b5d0,0x3bb2b5d0,DisableProcessWindowsGhosting
0x2d202ebf,0x2d202ebf,DisableThreadLibraryCalls
0x244ce725,0x244ce725,DisableThreadProfiling
0x334bd127,0x334bd127,DisassociateCurrentThreadFromCallback
0x21ddd6f6,0x21ddd6f6,DisconnectEx
0x821d5a2c,0x821d5a2c,DisconnectNamedPipe
0x9087ba95,0x9087ba95,DispatchAPICall
0x7e4973e5,0x7e4973e5,DispatchMessageA
0x7e4973fb,0x7e4973fb,DispatchMessageW
0x5a4e30d7,0x5a4e30d7,DisplayConfigGetDeviceInfo
0x12c2a2e3,0x12c2a2e3,DisplayConfigSetDeviceInfo
0xff56c7f3,0xff56c7f3,DisplayExitWindowsWarnings
0xddf031a2,0xddf031a2,DlgDirListA
0xee8e231b,0xee8e231b,DlgDirListComboBoxA
0xee8e2331,0xee8e2331,DlgDirListComboBoxW
0xddf031b8,0xddf031b8,DlgDirListW
0xbcc8f51c,0xbcc8f51c,DlgDirSelectComboBoxExA
0xbcc8f532,0xbcc8f532,DlgDirSelectComboBoxExW
0x18f25d63,0x18f25d63,DlgDirSelectExA
0x18f25d79,0x18f25d79,DlgDirSelectExW
0x883a6354,0x883a6354,DllCanUnloadNow
0x5c3040ff,0x5c3040ff,DllDebugObjectRPCHook
0xb3bb0115,0xb3bb0115,DllGetActivationFactory
0x9a0b39b8,0x9a0b39b8,DllGetClassObject
0x81d2fb55,0x81d2fb55,DllGetClassObjectWOW
0xc0a38a31,0xc0a38a31,DllGetVersion
0x286d32fd,0x286d32fd,DllInitialize
0x85fb8522,0x85fb8522,DllInstall
0x6775c410,0x6775c410,DllMain
0xf2f1ccc2,0xf2f1ccc2,DllOnCompletion
0x5c2046c7,0x5c2046c7,DllRegisterServer
0x2f22920a,0x2f22920a,DllUnregisterServer
0xec6814a7,0xec6814a7,DnsHostnameToComputerNameA
0xec6814bd,0xec6814bd,DnsHostnameToComputerNameW
0x16f9a055,0x16f9a055,DoDragDrop
0xcd06c029,0xcd06c029,DoEnvironmentSubstA
0xcd06c03f,0xcd06c03f,DoEnvironmentSubstW
0x8c90bd15,0x8c90bd15,DoSoundConnect
0x1a002035,0x1a002035,DoSoundDisconnect
0x62191290,0x62191290,DocumentEvent
0x8c90e5c,0x08c90e5c,DocumentPropertiesA
0x8c90e72,0x08c90e72,DocumentPropertiesW
0x37911a5f,0x37911a5f,DocumentPropertySheets
0xa10f19d4,0xa10f19d4,DosDateTimeToFileTime
0x1bcea5b7,0x1bcea5b7,DosPathToSessionPathA
0x1bcea5cd,0x1bcea5cd,DosPathToSessionPathW
0xdadf0c70,0xdadf0c70,DragAcceptFiles
0x67ccae86,0x67ccae86,DragDetect
0x84280fac,0x84280fac,DragDropSetFDT
0x6cbc2a8e,0x6cbc2a8e,DragFinish
0x8139a824,0x8139a824,DragObject
0x8f9fa323,0x8f9fa323,DragQueryFile
0x839407c4,0x839407c4,DragQueryFileA
0xcf577c3c,0xcf577c3c,DragQueryFileAorW
0x839407da,0x839407da,DragQueryFileW
0x844c3b8d,0x844c3b8d,DragQueryPoint
0xf24b0161,0xf24b0161,DrawAnimatedRects
0xcef0deeb,0xcef0deeb,DrawCaption
0xa86f1c62,0xa86f1c62,DrawCaptionTempA
0xa86f1c78,0xa86f1c78,DrawCaptionTempW
0xdf303171,0xdf303171,DrawDibBegin
0x4bb0ede1,0x4bb0ede1,DrawDibChangePalette
0xdf4643e2,0xdf4643e2,DrawDibClose
0x2d8e681a,0x2d8e681a,DrawDibDraw
0x37aeff23,0x37aeff23,DrawDibEnd
0x9552f166,0x9552f166,DrawDibGetBuffer
0x47258b1b,0x47258b1b,DrawDibGetPalette
0x2d94683e,0x2d94683e,DrawDibOpen
0x51c3bad3,0x51c3bad3,DrawDibProfileDisplay
0x3b3b2678,0x3b3b2678,DrawDibRealize
0x77a458a7,0x77a458a7,DrawDibSetPalette
0xe06bf35a,0xe06bf35a,DrawDibStart
0x2d96ac12,0x2d96ac12,DrawDibStop
0x2d97095b,0x2d97095b,DrawDibTime
0xb1a0452,0x0b1a0452,DrawEdge
0x3ab9986e,0x3ab9986e,DrawEscape
0xb209ccab,0xb209ccab,DrawFocusRect
0x6e743c28,0x6e743c28,DrawFrame
0x5f9a5dc9,0x5f9a5dc9,DrawFrameControl
0xb1c32a6,0x0b1c32a6,DrawIcon
0x42f37d63,0x42f37d63,DrawIconEx
0x43bc97d2,0x43bc97d2,DrawInsert
0xd9e81cc7,0xd9e81cc7,DrawMenuBar
0x96d667dd,0x96d667dd,DrawMenuBarTemp
0x5b73205f,0x5b73205f,DrawStateA
0x5b732075,0x5b732075,DrawStateW
0x4d81bc06,0x4d81bc06,DrawStatusText
0xfdb93d07,0xfdb93d07,DrawStatusTextA
0xfdb93d1d,0xfdb93d1d,DrawStatusTextW
0x6f6ad503,0x6f6ad503,DrawTextA
0xf5743e60,0xf5743e60,DrawTextExA
0xf5743e76,0xf5743e76,DrawTextExW
0x6f6ad519,0x6f6ad519,DrawTextW
0xd3e0604b,0xd3e0604b,DriveType
0x3a9d3ba8,0x3a9d3ba8,DriverCallback
0xba8de153,0xba8de153,DriverCleanupPolicy
0xca6192b5,0xca6192b5,DriverFinalPolicy
0x256ba43d,0x256ba43d,DriverInitializePolicy
0xcb1f6aed,0xcb1f6aed,DrvGetModuleHandle
0x6a9f6d5c,0x6a9f6d5c,DumpCompleteHeap
0x2023b6b8,0x2023b6b8,DumpJSStack
0xe5c2c669,0xe5c2c669,DuplicateConsoleHandle
0x2aa00561,0x2aa00561,DuplicateEncryptionInfoFile
0xd6a3fa56,0xd6a3fa56,DuplicateHandle
0x95f1b013,0x95f1b013,DuplicateIcon
0x54f542ab,0x54f542ab,DuplicateToken
0x6750a2a8,0x6750a2a8,DuplicateTokenEx
0x9d29b789,0x9d29b789,DwmAttachMilContent
0x248abd92,0x248abd92,DwmDefWindowProc
0x3099badd,0x3099badd,DwmDetachMilContent
0xd4a84fd5,0xd4a84fd5,DwmEnableBlurBehindWindow
0xfa591372,0xfa591372,DwmEnableComposition
0x6a7c46c1,0x6a7c46c1,DwmEnableMMCSS
0x10b5c85c,0x10b5c85c,DwmExtendFrameIntoClientArea
0xa6cb9b99,0xa6cb9b99,DwmFlush
0xb9de96d3,0xb9de96d3,DwmGetColorizationColor
0x58a7087f,0x58a7087f,DwmGetCompositionTimingInfo
0xf6434ab3,0xf6434ab3,DwmGetDxSharedSurface
0x80d27073,0x80d27073,DwmGetGraphicsStreamClient
0x54b2c1e3,0x54b2c1e3,DwmGetGraphicsStreamTransformHint
0x15cb642b,0x15cb642b,DwmGetTransportAttributes
0xc600661b,0xc600661b,DwmGetUnmetTabRequirements
0xe1ecbfe3,0xe1ecbfe3,DwmGetWindowAttribute
0x1756075d,0x1756075d,DwmInvalidateIconicBitmaps
0x2a00ddd2,0x2a00ddd2,DwmIsCompositionEnabled
0xe8ec48c9,0xe8ec48c9,DwmModifyPreviousDxFrameDuration
0xad8df1bd,0xad8df1bd,DwmQueryThumbnailSourceSize
0x216307c0,0x216307c0,DwmRegisterThumbnail
0x844b356,0x0844b356,DwmRenderGesture
0x7e8f68d0,0x7e8f68d0,DwmSetDxFrameDuration
0x91782f67,0x91782f67,DwmSetIconicLivePreviewBitmap
0x546c84fc,0x546c84fc,DwmSetIconicThumbnail
0xd6079d38,0xd6079d38,DwmSetPresentParameters
0xaf6596f,0x0af6596f,DwmSetWindowAttribute
0xc020c624,0xc020c624,DwmShowContact
0xd40c3dd,0x0d40c3dd,DwmStartRedirection
0x5692cc35,0x5692cc35,DwmStopRedirection
0xba691c2f,0xba691c2f,DwmTetherContact
0xba395f14,0xba395f14,DwmTetherTextContact
0xee551757,0xee551757,DwmTransitionOwnedWindow
0x16a79b23,0x16a79b23,DwmUnregisterThumbnail
0xd6269f8b,0xd6269f8b,DwmUpdateThumbnailProperties
0x1bde6d83,0x1bde6d83,DwmpAllocateSecurityDescriptor
0x98f4e45e,0x98f4e45e,DwmpDxBindSwapChain
0xec1b3e7b,0xec1b3e7b,DwmpDxGetWindowSharedSurface
0x6466d141,0x6466d141,DwmpDxUnbindSwapChain
0x4876e101,0x4876e101,DwmpDxUpdateWindowRedirectionBltSurface
0x6690e9e,0x06690e9e,DwmpDxUpdateWindowSharedSurface
0x41680598,0x41680598,DwmpDxgiIsThreadDesktopComposited
0x4f429074,0x4f429074,DwmpEnableDDASupport
0x5044a4c0,0x5044a4c0,DwmpFreeSecurityDescriptor
0x32c0c718,0x32c0c718,DwmpGetColorizationParameters
0x190dc350,0x190dc350,DwmpRenderFlick
0x43e4ab24,0x43e4ab24,DwmpSetColorizationParameters
0x6466bcd5,0x6466bcd5,EXTDEVICEMODE
0x1bdc4bb2,0x1bdc4bb2,EditWndProc
0x4c7c7b01,0x4c7c7b01,ElfBackupEventLogFileA
0x4c7c7b17,0x4c7c7b17,ElfBackupEventLogFileW
0xfeec79c5,0xfeec79c5,ElfChangeNotify
0x2e2634b2,0x2e2634b2,ElfClearEventLogFileA
0x2e2634c8,0x2e2634c8,ElfClearEventLogFileW
0x66aee280,0x66aee280,ElfCloseEventLog
0x64897aa7,0x64897aa7,ElfDeregisterEventSource
0xd26d918c,0xd26d918c,ElfFlushEventLog
0xa0b0376,0x0a0b0376,ElfNumberOfRecords
0xf1dd6990,0xf1dd6990,ElfOldestRecord
0x9a43413,0x09a43413,ElfOpenBackupEventLogA
0x9a43429,0x09a43429,ElfOpenBackupEventLogW
0x4244a35d,0x4244a35d,ElfOpenEventLogA
0x4244a373,0x4244a373,ElfOpenEventLogW
0xd8103c67,0xd8103c67,ElfReadEventLogA
0xd8103c7d,0xd8103c7d,ElfReadEventLogW
0x51e346bf,0x51e346bf,ElfRegisterEventSourceA
0x51e346d5,0x51e346d5,ElfRegisterEventSourceW
0x932994c5,0x932994c5,ElfReportEventA
0x5c5238df,0x5c5238df,ElfReportEventAndSourceW
0x932994db,0x932994db,ElfReportEventW
0xb46e105d,0xb46e105d,Ellipse
0x714252ae,0x714252ae,EmptyClipboard
0x2ba39b57,0x2ba39b57,EnableEUDC
0x67606e42,0x67606e42,EnableFeatureLevelUpgrade
0x62ad371e,0x62ad371e,EnableHookObject
0xeb4d0f5a,0xeb4d0f5a,EnableMenuItem
0x5d71ce9a,0x5d71ce9a,EnableScrollBar
0x712f1098,0x712f1098,EnableThreadProfiling
0xa124c425,0xa124c425,EnableTrace
0x7d666aa2,0x7d666aa2,EnableTraceEx
0x2a33bf14,0x2a33bf14,EnableTraceEx2
0xcc210cee,0xcc210cee,EnableWindow
0xde744ade,0xde744ade,EncodePointer
0xd3ee0003,0xd3ee0003,EncodeSystemPointer
0x62dd4a55,0x62dd4a55,EncryptFileA
0x62dd4a6b,0x62dd4a6b,EncryptFileW
0xa1629c99,0xa1629c99,EncryptMessage
0x2585d532,0x2585d532,EncryptedFileKeyInfo
0x8441cc2e,0x8441cc2e,EncryptionDisable
0x1d8308f6,0x1d8308f6,EndDeferWindowPos
0xecb33216,0xecb33216,EndDialog
0xa880259c,0xa880259c,EndDoc
0x67316ee0,0x67316ee0,EndDocPrinter
0xb8899fbb,0xb8899fbb,EndMenu
0xb88b32e3,0xb88b32e3,EndPage
0x7aede647,0x7aede647,EndPagePrinter
0xc9f19942,0xc9f19942,EndPaint
0xb88b3493,0xb88b3493,EndPath
0xb88d65f9,0xb88d65f9,EndTask
0xdd6a58b2,0xdd6a58b2,EndUpdateResourceA
0xdd6a58c8,0xdd6a58c8,EndUpdateResourceW
0x89efb4d,0x089efb4d,EnterCriticalSection
0x865e7a05,0x865e7a05,EnterReaderModeHelper
0x69dc5e2b,0x69dc5e2b,EnumCalendarInfoA
0x526cb188,0x526cb188,EnumCalendarInfoExA
0xa002e364,0xa002e364,EnumCalendarInfoExEx
0x526cb19e,0x526cb19e,EnumCalendarInfoExW
0x69dc5e41,0x69dc5e41,EnumCalendarInfoW
0x52a1fe33,0x52a1fe33,EnumChildWindows
0xdb1a6b70,0xdb1a6b70,EnumClipboardFormats
0x60b6149f,0x60b6149f,EnumDateFormatsA
0x668dd4fc,0x668dd4fc,EnumDateFormatsExA
0x38487558,0x38487558,EnumDateFormatsExEx
0x668dd512,0x668dd512,EnumDateFormatsExW
0x60b614b5,0x60b614b5,EnumDateFormatsW
0x591c65e0,0x591c65e0,EnumDependentServicesA
0x591c65f6,0x591c65f6,EnumDependentServicesW
0x74e2589,0x074e2589,EnumDesktopWindows
0x15458592,0x15458592,EnumDesktopsA
0x154585a8,0x154585a8,EnumDesktopsW
0x8311aab3,0x8311aab3,EnumDirTree
0xe547016a,0xe547016a,EnumDirTreeW
0xddec0e3e,0xddec0e3e,EnumDisplayDevicesA
0xddec0e54,0xddec0e54,EnumDisplayDevicesW
0x1b632195,0x1b632195,EnumDisplayMonitors
0xeede0c6c,0xeede0c6c,EnumDisplaySettingsA
0x1e92f409,0x1e92f409,EnumDisplaySettingsExA
0x1e92f41f,0x1e92f41f,EnumDisplaySettingsExW
0xeede0c82,0xeede0c82,EnumDisplaySettingsW
0x858da7a6,0x858da7a6,EnumEnhMetaFile
0x6ae76e06,0x6ae76e06,EnumFontFamiliesA
0xc27b2423,0xc27b2423,EnumFontFamiliesExA
0xc27b2439,0xc27b2439,EnumFontFamiliesExW
0x6ae76e1c,0x6ae76e1c,EnumFontFamiliesW
0xe243c78f,0xe243c78f,EnumFontsA
0xe243c7a5,0xe243c7a5,EnumFontsW
0xe245db4c,0xe245db4c,EnumFormsA
0xe245db62,0xe245db62,EnumFormsW
0x3c14ae82,0x3c14ae82,EnumICMProfilesA
0x3c14ae98,0x3c14ae98,EnumICMProfilesW
0x442fd151,0x442fd151,EnumJobNamedProperties
0x1e694453,0x1e694453,EnumJobsA
0x1e694469,0x1e694469,EnumJobsW
0xd7030c59,0xd7030c59,EnumLanguageGroupLocalesA
0xd7030c6f,0xd7030c6f,EnumLanguageGroupLocalesW
0xeecda40b,0xeecda40b,EnumMRUListW
0x2fa874b,0x02fa874b,EnumMetaFile
0xe2aa56e0,0xe2aa56e0,EnumMonitorsA
0xe2aa56f6,0xe2aa56f6,EnumMonitorsW
0xc0e4ef0e,0xc0e4ef0e,EnumObjects
0xf9998f5d,0xf9998f5d,EnumPortsA
0xf9998f73,0xf9998f73,EnumPortsW
0x36653b41,0x36653b41,EnumPrintProcessorDatatypesA
0x36653b57,0x36653b57,EnumPrintProcessorDatatypesW
0x5c9f77e5,0x5c9f77e5,EnumPrintProcessorsA
0x5c9f77fb,0x5c9f77fb,EnumPrintProcessorsW
0x5c62a103,0x5c62a103,EnumPrinterDataA
0xff8f0a60,0xff8f0a60,EnumPrinterDataExA
0xff8f0a76,0xff8f0a76,EnumPrinterDataExW
0x5c62a119,0x5c62a119,EnumPrinterDataW
0xf5e18be8,0xf5e18be8,EnumPrinterDriversA
0xf5e18bfe,0xf5e18bfe,EnumPrinterDriversW
0x125478d2,0x125478d2,EnumPrinterKeyA
0x125478e8,0x125478e8,EnumPrinterKeyW
0x8fa6481c,0x8fa6481c,EnumPrintersA
0x8fa64832,0x8fa64832,EnumPrintersW
0xf9ce22b9,0xf9ce22b9,EnumPropsA
0xa5e1d196,0xa5e1d196,EnumPropsExA
0xa5e1d1ac,0xa5e1d1ac,EnumPropsExW
0xf9ce22cf,0xf9ce22cf,EnumPropsW
0x6b270789,0x6b270789,EnumProtocols
0xd007f8ea,0xd007f8ea,EnumProtocolsA
0xd007f900,0xd007f900,EnumProtocolsW
0x731ea6a4,0x731ea6a4,EnumResourceLanguagesA
0xb562fc41,0xb562fc41,EnumResourceLanguagesExA
0xb562fc57,0xb562fc57,EnumResourceLanguagesExW
0x731ea6ba,0x731ea6ba,EnumResourceLanguagesW
0x5d974161,0x5d974161,EnumResourceNamesA
0x206d3a3e,0x206d3a3e,EnumResourceNamesExA
0x206d3a54,0x206d3a54,EnumResourceNamesExW
0x5d974177,0x5d974177,EnumResourceNamesW
0x6d4a2662,0x6d4a2662,EnumResourceTypesA
0xe86d637f,0xe86d637f,EnumResourceTypesExA
0xe86d6395,0xe86d6395,EnumResourceTypesExW
0x6d4a2678,0x6d4a2678,EnumResourceTypesW
0x70ae2199,0x70ae2199,EnumServiceGroupW
0xbf0f382d,0xbf0f382d,EnumServicesStatusA
0xbfbe140a,0xbfbe140a,EnumServicesStatusExA
0xbfbe1420,0xbfbe1420,EnumServicesStatusExW
0xbf0f3843,0xbf0f3843,EnumServicesStatusW
0x5df05155,0x5df05155,EnumSystemCodePagesA
0x5df0516b,0x5df0516b,EnumSystemCodePagesW
0x8906f0c1,0x8906f0c1,EnumSystemFirmwareTables
0x64517e31,0x64517e31,EnumSystemGeoID
0x74302c6e,0x74302c6e,EnumSystemLanguageGroupsA
0x74302c84,0x74302c84,EnumSystemLanguageGroupsW
0x166a0c6d,0x166a0c6d,EnumSystemLocalesA
0xe3ab9ae9,0xe3ab9ae9,EnumSystemLocalesEx
0x166a0c83,0x166a0c83,EnumSystemLocalesW
0xc48600e7,0xc48600e7,EnumThreadWindows
0x7e879cd0,0x7e879cd0,EnumTimeFormatsA
0x4f7b37ac,0x4f7b37ac,EnumTimeFormatsEx
0x7e879ce6,0x7e879ce6,EnumTimeFormatsW
0xd9e4c45a,0xd9e4c45a,EnumUILanguagesA
0xd9e4c470,0xd9e4c470,EnumUILanguagesW
0xdd9a5ab2,0xdd9a5ab2,EnumWindowStationsA
0xdd9a5ac8,0xdd9a5ac8,EnumWindowStationsW
0x3952fa8f,0x3952fa8f,EnumWindows
0x2970e37,0x02970e37,EnumerateLoadedModules
0x4937f21,0x04937f21,EnumerateLoadedModules64
0x4938134,0x04938134,EnumerateLoadedModulesEx
0x9703a80b,0x9703a80b,EnumerateLoadedModulesExW
0x9703f018,0x9703f018,EnumerateLoadedModulesW64
0x5c83da84,0x5c83da84,EnumerateLocalComputerNamesA
0x5c83da9a,0x5c83da9a,EnumerateLocalComputerNamesW
0x5a52846d,0x5a52846d,EnumerateSecurityPackagesA
0x5a528483,0x5a528483,EnumerateSecurityPackagesW
0xb6f118e0,0xb6f118e0,EnumerateTraceGuids
0x379ada1d,0x379ada1d,EnumerateTraceGuidsEx
0xd3c064df,0xd3c064df,EqualDomainSid
0xb2389075,0xb2389075,EqualPrefixSid
0xc756bc55,0xc756bc55,EqualRect
0xd77ec02e,0xd77ec02e,EqualRgn
0xd77ec4a7,0xd77ec4a7,EqualSid
0xd98b0b49,0xd98b0b49,EraseTape
0xa8da0720,0xa8da0720,Escape
0x60db3812,0x60db3812,EscapeCommFunction
0x497303e4,0x497303e4,EtwCreateTraceInstanceId
0x28afc72f,0x28afc72f,EtwDeliverDataBlock
0x1e99fd7e,0x1e99fd7e,EtwEnumerateProcessRegGuids
0x7d83571c,0x7d83571c,EtwEventActivityIdControl
0xd9b1774c,0xd9b1774c,EtwEventEnabled
0x8b06d937,0x8b06d937,EtwEventProviderEnabled
0x68edc3a6,0x68edc3a6,EtwEventRegister
0x561aee29,0x561aee29,EtwEventUnregister
0xea71984c,0xea71984c,EtwEventWrite
0x6d37c8f7,0x6d37c8f7,EtwEventWriteEndScenario
0x4d38e489,0x4d38e489,EtwEventWriteEx
0x7f04b47f,0x7f04b47f,EtwEventWriteFull
0xe05369a4,0xe05369a4,EtwEventWriteNoRegistration
0xe538642e,0xe538642e,EtwEventWriteStartScenario
0x71480fc3,0x71480fc3,EtwEventWriteString
0xe8df291,0x0e8df291,EtwEventWriteTransfer
0xb18a0d62,0xb18a0d62,EtwGetTraceEnableFlags
0xb1f322cd,0xb1f322cd,EtwGetTraceEnableLevel
0x9450333a,0x9450333a,EtwGetTraceLoggerHandle
0x289a7e92,0x289a7e92,EtwLogTraceEvent
0xd8dae38b,0xd8dae38b,EtwNotificationRegister
0x75cf9b4e,0x75cf9b4e,EtwNotificationUnregister
0xd5f36d82,0xd5f36d82,EtwProcessPrivateLoggerRequest
0xc4bbd07,0x0c4bbd07,EtwRegisterSecurityProvider
0x2b7415f0,0x2b7415f0,EtwRegisterTraceGuidsA
0x2b741606,0x2b741606,EtwRegisterTraceGuidsW
0xfe5c8152,0xfe5c8152,EtwReplyNotification
0x191ed3d0,0x191ed3d0,EtwSendNotification
0x4193f876,0x4193f876,EtwSetMark
0xad228185,0xad228185,EtwTraceEventInstance
0xd44d793,0x0d44d793,EtwTraceMessage
0x71d913aa,0x71d913aa,EtwTraceMessageVa
0xa2cab592,0xa2cab592,EtwUnregisterTraceGuids
0xf75a46a6,0xf75a46a6,EtwWriteUMSecurityEvent
0x43a2278b,0x43a2278b,EtwpCreateEtwThread
0x8ea56008,0x8ea56008,EtwpGetCpuSpeed
0xb1f0810e,0xb1f0810e,EtwpNotificationThread
0x1f120164,0x1f120164,EventAccessControl
0x4225a379,0x4225a379,EventAccessQuery
0x88120951,0x88120951,EventAccessRemove
0xb14704cc,0xb14704cc,EventActivityIdControl
0xc97f48fc,0xc97f48fc,EventEnabled
0xa5a35ae7,0xa5a35ae7,EventProviderEnabled
0x5275cb56,0x5275cb56,EventRegister
0xc1c3a1d9,0xc1c3a1d9,EventUnregister
0x303f3dfc,0x303f3dfc,EventWrite
0xdb6480a7,0xdb6480a7,EventWriteEndScenario
0x3d06b639,0x3d06b639,EventWriteEx
0x9171c7de,0x9171c7de,EventWriteStartScenario
0x52073973,0x52073973,EventWriteString
0x1bbe4841,0x1bbe4841,EventWriteTransfer
0xa6739c15,0xa6739c15,EvtIntReportAuthzEventAndSourceAsync
0xee1e3889,0xee1e3889,EvtIntReportEventAndSourceAsync
0xcd58ebbc,0xcd58ebbc,ExceptionHandler
0xa80cc0cf,0xa80cc0cf,ExcludeClipRect
0xe7affe83,0xe7affe83,ExcludeUpdateRgn
0x5bec5168,0x5bec5168,ExitProcess
0x970d5d01,0x970d5d01,ExitThread
0xd03bce30,0xd03bce30,ExitVDM
0x9f6f0231,0x9f6f0231,ExitWindowsEx
0xbf6ca677,0xbf6ca677,ExpInterlockedPopEntrySListEnd
0x4d3b6a3c,0x4d3b6a3c,ExpInterlockedPopEntrySListFault
0x10ee0831,0x10ee0831,ExpInterlockedPopEntrySListResume
0xeb6670f,0x0eb6670f,ExpandEnvironmentStringsA
0xeb66725,0x0eb66725,ExpandEnvironmentStringsW
0xcb35228e,0xcb35228e,ExportSecurityContext
0x586b0cb0,0x586b0cb0,ExpungeConsoleCommandHistoryA
0x586b0cc6,0x586b0cc6,ExpungeConsoleCommandHistoryW
0x1a012737,0x1a012737,ExtCreatePen
0x8089ab78,0x8089ab78,ExtCreateRegion
0x6466bcd5,0x6466bcd5,ExtDeviceMode
0xf9f456b1,0xf9f456b1,ExtEscape
0xf38fcbb,0x0f38fcbb,ExtFloodFill
0x6a71c6ef,0x6a71c6ef,ExtSelectClipRgn
0x1ce4d71e,0x1ce4d71e,ExtTextOutA
0x1ce4d734,0x1ce4d734,ExtTextOutW
0x222dc30c,0x222dc30c,ExtensionApiVersion
0x44c9c414,0x44c9c414,ExtractAssociatedIconA
0x9e4b35b1,0x9e4b35b1,ExtractAssociatedIconExA
0x9e4b35c7,0x9e4b35c7,ExtractAssociatedIconExW
0x44c9c42a,0x44c9c42a,ExtractAssociatedIconW
0xce820454,0xce820454,ExtractIconA
0x9ec28fb0,0x9ec28fb0,ExtractIconEx
0x771485f1,0x771485f1,ExtractIconExA
0x77148607,0x77148607,ExtractIconExW
0xce82046a,0xce82046a,ExtractIconW
0xe2ca2399,0xe2ca2399,FC_GetFunctionList
0x6af22228,0x6af22228,FC_GetInterface
0xfe31e484,0xfe31e484,FC_GetInterfaceList
0xd6f58a91,0xd6f58a91,FREEBL_GetVector
0x48f9f9f3,0x48f9f9f3,FatalAppExitA
0x48f9fa09,0x48f9fa09,FatalAppExitW
0x2ab4d331,0x2ab4d331,FatalExit
0x7a6fd4df,0x7a6fd4df,FileEncryptionStatusA
0x7a6fd4f5,0x7a6fd4f5,FileEncryptionStatusW
0x69669394,0x69669394,FileTimeToDosDateTime
0xad2181bb,0xad2181bb,FileTimeToLocalFileTime
0x86269ed5,0x86269ed5,FileTimeToSystemTime
0x2d1ba58e,0x2d1ba58e,FillConsoleOutputAttribute
0xc7556a08,0xc7556a08,FillConsoleOutputCharacterA
0xc7556a1e,0xc7556a1e,FillConsoleOutputCharacterW
0x47b939c3,0x47b939c3,FillPath
0x47ba6164,0x47ba6164,FillRect
0xfa6a7f5d,0xfa6a7f5d,FillRgn
0xe7bba495,0xe7bba495,FindActCtxSectionGuid
0x6277884,0x06277884,FindActCtxSectionStringA
0x627789a,0x0627789a,FindActCtxSectionStringW
0xc5268de2,0xc5268de2,FindAtomA
0xc5268df8,0xc5268df8,FindAtomW
0xe5287307,0xe5287307,FindCertsByIssuer
0xf6b67526,0xf6b67526,FindCertsEmailCallback
0xc5465ca6,0xc5465ca6,FindClose
0x3a08b273,0x3a08b273,FindCloseChangeNotification
0xd8bc8577,0xd8bc8577,FindClosePrinterChangeNotification
0xbcc00bed,0xbcc00bed,FindCloseUrlCache
0x8cae7463,0x8cae7463,FindDebugInfoFile
0x721d2260,0x721d2260,FindDebugInfoFileEx
0xb5c16eb7,0xb5c16eb7,FindDebugInfoFileExW
0x7c701833,0x7c701833,FindExecutableA
0xeb1314d5,0xeb1314d5,FindExecutableImage
0xfc2ba752,0xfc2ba752,FindExecutableImageEx
0x81a091e9,0x81a091e9,FindExecutableImageExW
0x7c701849,0x7c701849,FindExecutableW
0xfa8a1841,0xfa8a1841,FindExt
0xe212db54,0xe212db54,FindFileInPath
0xf42998ea,0xf42998ea,FindFileInSearchPath
0xdd8b2106,0xdd8b2106,FindFirstChangeNotificationA
0xdd8b211c,0xdd8b211c,FindFirstChangeNotificationW
0xba617c39,0xba617c39,FindFirstFileA
0xd8b18b16,0xd8b18b16,FindFirstFileExA
0xd8b18b2c,0xd8b18b2c,FindFirstFileExW
0x5a7156f9,0x5a7156f9,FindFirstFileNameTransactedW
0xcbd724b0,0xcbd724b0,FindFirstFileNameW
0xd3a90142,0xd3a90142,FindFirstFileTransactedA
0xd3a90158,0xd3a90158,FindFirstFileTransactedW
0xba617c4f,0xba617c4f,FindFirstFileW
0xed313983,0xed313983,FindFirstFreeAce
0x6e1152e9,0x6e1152e9,FindFirstPrinterChangeNotification
0xbfff8c84,0xbfff8c84,FindFirstStreamTransactedW
0xdb7be07b,0xdb7be07b,FindFirstStreamW
0x4c366c43,0x4c366c43,FindFirstUrlCacheContainerA
0x4c366c59,0x4c366c59,FindFirstUrlCacheContainerW
0x89b74d72,0x89b74d72,FindFirstUrlCacheEntryA
0xd4c08e8f,0xd4c08e8f,FindFirstUrlCacheEntryExA
0xd4c08ea5,0xd4c08ea5,FindFirstUrlCacheEntryExW
0x89b74d88,0x89b74d88,FindFirstUrlCacheEntryW
0x3aa038ac,0x3aa038ac,FindFirstUrlCacheGroup
0xb65d3091,0xb65d3091,FindFirstVolumeA
0x258f13ee,0x258f13ee,FindFirstVolumeMountPointA
0x258f1404,0x258f1404,FindFirstVolumeMountPointW
0xb65d30a7,0xb65d30a7,FindFirstVolumeW
0xbb4fb534,0xbb4fb534,FindNLSString
0xce11db71,0xce11db71,FindNLSStringEx
0x8dd935dc,0x8dd935dc,FindNextChangeNotification
0xc7b90090,0xc7b90090,FindNextFileA
0x776fc87,0x0776fc87,FindNextFileNameW
0xc7b900a6,0xc7b900a6,FindNextFileW
0x597bf8c0,0x597bf8c0,FindNextPrinterChangeNotification
0x9cc5d692,0x9cc5d692,FindNextStreamW
0x4f7805fa,0x4f7805fa,FindNextUrlCacheContainerA
0x4f780610,0x4f780610,FindNextUrlCacheContainerW
0x5b5aa3a9,0x5b5aa3a9,FindNextUrlCacheEntryA
0x9c924e86,0x9c924e86,FindNextUrlCacheEntryExA
0x9c924e9c,0x9c924e9c,FindNextUrlCacheEntryExW
0x5b5aa3bf,0x5b5aa3bf,FindNextUrlCacheEntryW
0x6f862403,0x6f862403,FindNextUrlCacheGroup
0x77a726a8,0x77a726a8,FindNextVolumeA
0xe798d2c5,0xe798d2c5,FindNextVolumeMountPointA
0xe798d2db,0xe798d2db,FindNextVolumeMountPointW
0x77a726be,0x77a726be,FindNextVolumeW
0xe320259,0x0e320259,FindResourceA
0x62bc1936,0x62bc1936,FindResourceExA
0x62bc194c,0x62bc194c,FindResourceExW
0xe32026f,0x0e32026f,FindResourceW
0xf5e53f30,0xf5e53f30,FindStringOrdinal
0x749b8a1e,0x749b8a1e,FindVolumeClose
0x68f179fb,0x68f179fb,FindVolumeMountPointClose
0x2cc34729,0x2cc34729,FindWindowA
0x6ab1d206,0x6ab1d206,FindWindowExA
0x6ab1d21c,0x6ab1d21c,FindWindowExW
0x2cc3473f,0x2cc3473f,FindWindowW
0xef18a45f,0xef18a45f,FixBrushOrgEx
0xc41631b5,0xc41631b5,FlashWindow
0x22697c32,0x22697c32,FlashWindowEx
0x4d87bd75,0x4d87bd75,FlatSB_EnableScrollBar
0x9b91f965,0x9b91f965,FlatSB_GetScrollInfo
0x5a0c4c4b,0x5a0c4c4b,FlatSB_GetScrollPos
0x9b95e23a,0x9b95e23a,FlatSB_GetScrollProp
0xeb83cf70,0xeb83cf70,FlatSB_GetScrollPropPtr
0xe6d02e6,0x0e6d02e6,FlatSB_GetScrollRange
0x54066b71,0x54066b71,FlatSB_SetScrollInfo
0xa574acd7,0xa574acd7,FlatSB_SetScrollPos
0x540a5446,0x540a5446,FlatSB_SetScrollProp
0xd56fb672,0xd56fb672,FlatSB_SetScrollRange
0xba16764f,0xba16764f,FlatSB_ShowScrollBar
0x22718b6a,0x22718b6a,FlattenPath
0xf0bd8aca,0xf0bd8aca,FloodFill
0x3e32fb7f,0x3e32fb7f,FlsAlloc
0x1e55a36,0x01e55a36,FlsFree
0xf4b63971,0xf4b63971,FlsGetValue
0x7cc33fd,0x07cc33fd,FlsSetValue
0x67d0d56e,0x67d0d56e,FlushConsoleInputBuffer
0x15a7a7c3,0x15a7a7c3,FlushEfsCache
0x95b2d41e,0x95b2d41e,FlushFileBuffers
0x801e2707,0x801e2707,FlushInstructionCache
0x918197d5,0x918197d5,FlushPrinter
0xe6167c48,0xe6167c48,FlushProcessWriteBuffers
0xd0244f00,0xd0244f00,FlushSList
0xd76b41e1,0xd76b41e1,FlushTraceA
0xd76b41f7,0xd76b41f7,FlushTraceW
0xf92a3a21,0xf92a3a21,FlushViewOfFile
0x23fc6916,0x23fc6916,FmtIdToPropStgName
0x4214b16c,0x4214b16c,FoldStringA
0x4214b182,0x4214b182,FoldStringW
0x3efba1b9,0x3efba1b9,FontIsLinked
0xa1f340eb,0xa1f340eb,ForceNexusLookup
0x64ad4e3f,0x64ad4e3f,ForceNexusLookupExW
0x2368b21e,0x2368b21e,FormatMessageA
0x2368b234,0x2368b234,FormatMessageW
0x40077f28,0x40077f28,FrameRect
0xe2e8f4a1,0xe2e8f4a1,FrameRgn
0xa536bfb5,0xa536bfb5,FreeAddrInfoEx
0xf57dc7cf,0xf57dc7cf,FreeAddrInfoW
0x2f7eaa24,0x2f7eaa24,FreeConsole
0x29297f0,0x029297f0,FreeContextBuffer
0xfd5d670b,0xfd5d670b,FreeCredentialsHandle
0x92661f9b,0x92661f9b,FreeDDElParam
0xfc2d1234,0xfc2d1234,FreeEncryptedFileKeyInfo
0x4e12e320,0x4e12e320,FreeEncryptedFileMetadata
0x229520ff,0x229520ff,FreeEncryptionCertificateHashList
0x57c0bbb1,0x57c0bbb1,FreeEnvironmentStringsA
0x57c0bbc7,0x57c0bbc7,FreeEnvironmentStringsW
0xf1d1136,0x0f1d1136,FreeIconList
0xb8668d77,0xb8668d77,FreeImageColorMatcher
0xb4e8a6a0,0xb4e8a6a0,FreeInheritedFromArray
0xd571ec06,0xd571ec06,FreeLibrary
0x752c06b,0x0752c06b,FreeLibraryAndExitThread
0xbdfe3338,0xbdfe3338,FreeLibraryWhenCallbackReturns
0x38bf3fe1,0x38bf3fe1,FreeMRUList
0x32f30e27,0x32f30e27,FreePrintNamedPropertyArray
0x1ccb3bc0,0x1ccb3bc0,FreePrintPropertyValue
0x3a865fa,0x03a865fa,FreePrinterNotifyInfo
0x2a257b66,0x2a257b66,FreePropVariantArray
0xcdd539,0x00cdd539,FreeResource
0xee66f51,0x0ee66f51,FreeSid
0x61f909c5,0x61f909c5,FreeUrlCacheSpaceA
0x61f909db,0x61f909db,FreeUrlCacheSpaceW
0x9759c93d,0x9759c93d,FreeUserPhysicalPages
0x89674e2f,0x89674e2f,FrostCrashedWindow
0xf75d88d9,0xf75d88d9,FtpCommandA
0xf75d88ef,0xf75d88ef,FtpCommandW
0xd9e16a03,0xd9e16a03,FtpCreateDirectoryA
0xd9e16a19,0xd9e16a19,FtpCreateDirectoryW
0x96d6d4d,0x096d6d4d,FtpDeleteFileA
0x96d6d63,0x096d6d63,FtpDeleteFileW
0xbbbe6043,0xbbbe6043,FtpFindFirstFileA
0xbbbe6059,0xbbbe6059,FtpFindFirstFileW
0xbfb50f92,0xbfb50f92,FtpGetCurrentDirectoryA
0xbfb50fa8,0xbfb50fa8,FtpGetCurrentDirectoryW
0xb678485a,0xb678485a,FtpGetFileA
0x85815476,0x85815476,FtpGetFileEx
0xeb2fc354,0xeb2fc354,FtpGetFileSize
0xb6784870,0xb6784870,FtpGetFileW
0xe000e6ec,0xe000e6ec,FtpOpenFileA
0xe000e702,0xe000e702,FtpOpenFileW
0xd46c9053,0xd46c9053,FtpPutFileA
0x61fe9b8f,0x61fe9b8f,FtpPutFileEx
0xd46c9069,0xd46c9069,FtpPutFileW
0xd9791c3d,0xd9791c3d,FtpRemoveDirectoryA
0xd9791c53,0xd9791c53,FtpRemoveDirectoryW
0x71993c12,0x71993c12,FtpRenameFileA
0x71993c28,0x71993c28,FtpRenameFileW
0x518b3c1e,0x518b3c1e,FtpSetCurrentDirectoryA
0x518b3c34,0x518b3c34,FtpSetCurrentDirectoryW
0x672efb3e,0x672efb3e,GIFFT_TimingDistributionAccumulateRawMillis
0x3d84c4c,0x03d84c4c,GIFFT_TimingDistributionCancel
0x852a89f4,0x852a89f4,GIFFT_TimingDistributionStart
0xa25100c3,0xa25100c3,GIFFT_TimingDistributionStopAndAccumulate
0xbd0693ae,0xbd0693ae,GdiAlphaBlend
0x97b8fe76,0x97b8fe76,GdiAssociateObject
0x51877dc1,0x51877dc1,GdiCleanCacheDC
0x5d799596,0x5d799596,GdiComment
0xf76eba7c,0xf76eba7c,GdiConvertAndCheckDC
0x8e44e761,0x8e44e761,GdiConvertBitmap
0xf4d0bd68,0xf4d0bd68,GdiConvertBrush
0x430380b,0x0430380b,GdiConvertDC
0x4324c6c6,0x4324c6c6,GdiConvertEnhMetaFile
0xd11fbcfb,0xd11fbcfb,GdiConvertFont
0xf0db55bb,0xf0db55bb,GdiConvertMetaFilePict
0x79530b93,0x79530b93,GdiConvertPalette
0xb347df48,0xb347df48,GdiConvertRegion
0x73e7de42,0x73e7de42,GdiConvertToDevmodeW
0x9b2b3e7f,0x9b2b3e7f,GdiCreateLocalBitmap
0x8899a8c6,0x8899a8c6,GdiCreateLocalBrush
0x869440a4,0x869440a4,GdiCreateLocalEnhMetaFile
0x13a9b499,0x13a9b499,GdiCreateLocalFont
0xa23a0b59,0xa23a0b59,GdiCreateLocalMetaFilePict
0x23044671,0x23044671,GdiCreateLocalPalette
0xc02e3666,0xc02e3666,GdiCreateLocalRegion
0xd95a27ca,0xd95a27ca,GdiDciBeginAccess
0xab59b9eb,0xab59b9eb,GdiDciCreateOffscreenSurface
0x76ed2872,0x76ed2872,GdiDciCreateOverlaySurface
0x2d7e6bf4,0x2d7e6bf4,GdiDciCreatePrimarySurface
0xd74f2126,0xd74f2126,GdiDciDestroySurface
0xf9e74d2a,0xf9e74d2a,GdiDciDrawSurface
0x14c053c,0x014c053c,GdiDciEndAccess
0x4e404131,0x4e404131,GdiDciEnumSurface
0x9cb10c05,0x9cb10c05,GdiDciInitialize
0x8eedfb63,0x8eedfb63,GdiDciSetClipList
0x18137c41,0x18137c41,GdiDciSetDestination
0x2eb23508,0x2eb23508,GdiDeleteLocalDC
0x1115e1f8,0x1115e1f8,GdiDeleteLocalObject
0x5756b7af,0x5756b7af,GdiDescribePixelFormat
0xe5557431,0xe5557431,GdiDllInitialize
0x5a24e03d,0x5a24e03d,GdiDrawStream
0xf59aa119,0xf59aa119,GdiEntry13
0xaba9f565,0xaba9f565,GdiFlush
0xa9bb63a4,0xa9bb63a4,GdiGetBatchLimit
0x96dbad1a,0x96dbad1a,GdiGetCharDimensions
0xd044b67b,0xd044b67b,GdiGetCodePage
0xd72cf3eb,0xd72cf3eb,GdiGetLocalBitmap
0xef4460b2,0xef4460b2,GdiGetLocalBrush
0xab838f95,0xab838f95,GdiGetLocalDC
0x9aa71f05,0x9aa71f05,GdiGetLocalFont
0x6d79da75,0x6d79da75,GdiGetSpoolMessage
0x9efd3c78,0x9efd3c78,GdiGradientFill
0x4e47b2a4,0x4e47b2a4,GdiInitSpool
0xffa740b8,0xffa740b8,GdiInitializeLanguagePack
0xaba034d,0x0aba034d,GdiIsMetaFileDC
0x788e247a,0x788e247a,GdiIsMetaPrintDC
0x4d2f88a3,0x4d2f88a3,GdiIsPlayMetafileDC
0x98d3a835,0x98d3a835,GdiPlayDCScript
0xdf255c74,0xdf255c74,GdiPlayJournal
0x6879f3ae,0x6879f3ae,GdiPlayScript
0xa40cf451,0xa40cf451,GdiRealizationInfo
0x13e20fd6,0x13e20fd6,GdiReleaseLocalDC
0xde86807d,0xde86807d,GdiSetAttrs
0x622fd5b0,0x622fd5b0,GdiSetBatchLimit
0xe45fcb1a,0xe45fcb1a,GdiSetPixelFormat
0x504ceac1,0x504ceac1,GdiSetServerAttr
0xf276224b,0xf276224b,GdiSwapBuffers
0x19a00e17,0x19a00e17,GdiTransparentBlt
0x9789ebbe,0x9789ebbe,GdiWinWatchClose
0xce0f7a3,0x0ce0f7a3,GdiWinWatchDidStatusChange
0x7833dc2c,0x7833dc2c,GdiWinWatchGetClipList
0xddd4849a,0xddd4849a,GdiWinWatchOpen
0x5bdd66df,0x5bdd66df,GdipAddPathArc
0xd78a4308,0xd78a4308,GdipAddPathArcI
0xe49db50a,0xe49db50a,GdipAddPathBezier
0x78545693,0x78545693,GdipAddPathBezierI
0x7854569d,0x7854569d,GdipAddPathBeziers
0x82df2a86,0x82df2a86,GdipAddPathBeziersI
0x5aeec388,0x5aeec388,GdipAddPathClosedCurve
0xb8c734ba,0xb8c734ba,GdipAddPathClosedCurve2
0xd1adcc43,0xd1adcc43,GdipAddPathClosedCurve2I
0xb8c734d1,0xb8c734d1,GdipAddPathClosedCurveI
0xc8f8bbee,0xc8f8bbee,GdipAddPathCurve
0xe81039e0,0xe81039e0,GdipAddPathCurve2
0xea177629,0xea177629,GdipAddPathCurve2I
0xe81039e1,0xe81039e1,GdipAddPathCurve3
0xea17764a,0xea17764a,GdipAddPathCurve3I
0xe81039f7,0xe81039f7,GdipAddPathCurveI
0x6e9a0117,0x6e9a0117,GdipAddPathEllipse
0x41da2440,0x41da2440,GdipAddPathEllipseI
0xd7902651,0xd7902651,GdipAddPathLine
0xc994f0a3,0xc994f0a3,GdipAddPathLine2
0xfc33054c,0xfc33054c,GdipAddPathLine2I
0xc994f0ba,0xc994f0ba,GdipAddPathLineI
0xd7923696,0xd7923696,GdipAddPathPath
0x5bdda587,0x5bdda587,GdipAddPathPie
0xd79256b0,0xd79256b0,GdipAddPathPieI
0xc462b691,0xc462b691,GdipAddPathPolygon
0x50b988fa,0x50b988fa,GdipAddPathPolygonI
0x556e0efe,0x556e0efe,GdipAddPathRectangle
0x32fef07,0x032fef07,GdipAddPathRectangleI
0x32fef11,0x032fef11,GdipAddPathRectangles
0x692dd17a,0x692dd17a,GdipAddPathRectanglesI
0xd507560,0x0d507560,GdipAddPathString
0xb75f21a9,0xb75f21a9,GdipAddPathStringI
0x37701ebe,0x37701ebe,GdipAlloc
0x9b4b675b,0x9b4b675b,GdipBeginContainer
0x4b852ed,0x04b852ed,GdipBeginContainer2
0x4b85304,0x04b85304,GdipBeginContainerI
0xa934ef2,0x0a934ef2,GdipBitmapGetPixel
0x819c952b,0x819c952b,GdipBitmapLockBits
0x1da9497e,0x1da9497e,GdipBitmapSetPixel
0x1e9af150,0x1e9af150,GdipBitmapSetResolution
0x8fa1ff6e,0x8fa1ff6e,GdipBitmapUnlockBits
0xaf938a5c,0xaf938a5c,GdipClearPathMarkers
0xb66df0da,0xb66df0da,GdipCloneBitmapArea
0x842c0c63,0x842c0c63,GdipCloneBitmapAreaI
0x9cca77c8,0x9cca77c8,GdipCloneBrush
0x4585391b,0x4585391b,GdipCloneCustomLineCap
0x699bab5b,0x699bab5b,GdipCloneFont
0x1d70523d,0x1d70523d,GdipCloneFontFamily
0x9d460ec7,0x9d460ec7,GdipCloneImage
0x4628a2ce,0x4628a2ce,GdipCloneImageAttributes
0x4e8dfef9,0x4e8dfef9,GdipCloneMatrix
0x69a0ec51,0x69a0ec51,GdipClonePath
0x31bf0f67,0x31bf0f67,GdipClonePen
0x5a78e5a8,0x5a78e5a8,GdipCloneRegion
0x80d23144,0x80d23144,GdipCloneStringFormat
0xca2a7418,0xca2a7418,GdipClosePathFigure
0xf78f76b,0x0f78f76b,GdipClosePathFigures
0x774db741,0x774db741,GdipCombineRegionPath
0x774edee2,0x774edee2,GdipCombineRegionRect
0x612abb6b,0x612abb6b,GdipCombineRegionRectI
0x86842c98,0x86842c98,GdipCombineRegionRegion
0x74f7cc46,0x74f7cc46,GdipComment
0x7bf42785,0x7bf42785,GdipCreateAdjustableArrowCap
0x5fc1a08a,0x5fc1a08a,GdipCreateBitmapFromDirectDrawSurface
0xbb022598,0xbb022598,GdipCreateBitmapFromFile
0x8609e11,0x08609e11,GdipCreateBitmapFromFileICM
0x861af9fb,0x861af9fb,GdipCreateBitmapFromGdiDib
0x9ca032a9,0x9ca032a9,GdipCreateBitmapFromGraphics
0x91d2fc1d,0x91d2fc1d,GdipCreateBitmapFromHBITMAP
0x1b6ae4e9,0x1b6ae4e9,GdipCreateBitmapFromHICON
0x4b14c80,0x04b14c80,GdipCreateBitmapFromResource
0x1c2e9f6d,0x1c2e9f6d,GdipCreateBitmapFromScan0
0xa33f5c44,0xa33f5c44,GdipCreateBitmapFromStream
0x8178653d,0x8178653d,GdipCreateBitmapFromStreamICM
0xe92b219c,0xe92b219c,GdipCreateCachedBitmap
0x445f189e,0x445f189e,GdipCreateCustomLineCap
0x579ab37e,0x579ab37e,GdipCreateFont
0xb9c6c0b5,0xb9c6c0b5,GdipCreateFontFamilyFromName
0xa80071d9,0xa80071d9,GdipCreateFontFromDC
0x575d16c,0x0575d16c,GdipCreateFontFromLogfontA
0x575d182,0x0575d182,GdipCreateFontFromLogfontW
0xd2d5e1ca,0xd2d5e1ca,GdipCreateFromHDC
0x2d921b3c,0x2d921b3c,GdipCreateFromHDC2
0x2d926d8c,0x2d926d8c,GdipCreateFromHWND
0x58655185,0x58655185,GdipCreateFromHWNDICM
0xde5887fd,0xde5887fd,GdipCreateHBITMAPFromBitmap
0xa684f809,0xa684f809,GdipCreateHICONFromBitmap
0xfb1b3aa7,0xfb1b3aa7,GdipCreateHalftonePalette
0xc1beecd3,0xc1beecd3,GdipCreateHatchBrush
0x62f86f11,0x62f86f11,GdipCreateImageAttributes
0xec679673,0xec679673,GdipCreateLineBrush
0xa19312d5,0xa19312d5,GdipCreateLineBrushFromRect
0xd3f56dbe,0xd3f56dbe,GdipCreateLineBrushFromRectI
0x15d5c0f8,0x15d5c0f8,GdipCreateLineBrushFromRectWithAngle
0xd08de041,0xd08de041,GdipCreateLineBrushFromRectWithAngleI
0x795a651c,0x795a651c,GdipCreateLineBrushI
0xb86f9bdc,0xb86f9bdc,GdipCreateMatrix
0xc663178e,0xc663178e,GdipCreateMatrix2
0xc663178f,0xc663178f,GdipCreateMatrix3
0x92c609b8,0x92c609b8,GdipCreateMatrix3I
0x788a4bba,0x788a4bba,GdipCreateMetafileFromEmf
0x89d43f62,0x89d43f62,GdipCreateMetafileFromFile
0x6eff108e,0x6eff108e,GdipCreateMetafileFromStream
0x788a984c,0x788a984c,GdipCreateMetafileFromWmf
0x719d816c,0x719d816c,GdipCreateMetafileFromWmfFile
0x579ff474,0x579ff474,GdipCreatePath
0x4b9e8326,0x4b9e8326,GdipCreatePath2
0xbf6ee82f,0xbf6ee82f,GdipCreatePath2I
0xb5b7b362,0xb5b7b362,GdipCreatePathGradient
0x176b8723,0x176b8723,GdipCreatePathGradientFromPath
0x6cae1feb,0x6cae1feb,GdipCreatePathGradientI
0x56d684a8,0x56d684a8,GdipCreatePathIter
0x57a0049b,0x57a0049b,GdipCreatePen1
0x57a0049c,0x57a0049c,GdipCreatePen2
0xc45a828b,0xc45a828b,GdipCreateRegion
0x9bc7b19a,0x9bc7b19a,GdipCreateRegionHrgn
0x9bcbcdf8,0x9bcbcdf8,GdipCreateRegionPath
0x9bccf599,0x9bccf599,GdipCreateRegionRect
0x156ba902,0x156ba902,GdipCreateRegionRectI
0x2462734c,0x2462734c,GdipCreateRegionRgnData
0x14d73c49,0x14d73c49,GdipCreateSolidFill
0xdfd63670,0xdfd63670,GdipCreateStreamOnFile
0xce5cac67,0xce5cac67,GdipCreateStringFormat
0xead91078,0xead91078,GdipCreateTexture
0x45fb1faa,0x45fb1faa,GdipCreateTexture2
0x55f1533,0x055f1533,GdipCreateTexture2I
0x55f1822,0x055f1822,GdipCreateTextureIA
0xb1421cab,0xb1421cab,GdipCreateTextureIAI
0x7bec456a,0x7bec456a,GdipDeleteBrush
0x44c289db,0x44c289db,GdipDeleteCachedBitmap
0x12e388bd,0x12e388bd,GdipDeleteCustomLineCap
0x1b094cbd,0x1b094cbd,GdipDeleteFont
0x449df51f,0x449df51f,GdipDeleteFontFamily
0x98e936f7,0x98e936f7,GdipDeleteGraphics
0x11e980db,0x11e980db,GdipDeleteMatrix
0x1b0e8db3,0x1b0e8db3,GdipDeletePath
0xf65da567,0xf65da567,GdipDeletePathIter
0x6d6d0c89,0x6d6d0c89,GdipDeletePen
0x4dda5f64,0x4dda5f64,GdipDeletePrivateFontCollection
0x1dd4678a,0x1dd4678a,GdipDeleteRegion
0x29f414a6,0x29f414a6,GdipDeleteStringFormat
0xcb48b2ad,0xcb48b2ad,GdipDisposeImage
0x375dde34,0x375dde34,GdipDisposeImageAttributes
0xc81dc817,0xc81dc817,GdipDrawArc
0xcbd6cb40,0xcbd6cb40,GdipDrawArcI
0x1e2d2b42,0x1e2d2b42,GdipDrawBezier
0xe3d293cb,0xe3d293cb,GdipDrawBezierI
0xe3d293d5,0xe3d293d5,GdipDrawBeziers
0x5e250ebe,0x5e250ebe,GdipDrawBeziersI
0xe053a5f6,0xe053a5f6,GdipDrawCachedBitmap
0xa938dcc0,0xa938dcc0,GdipDrawClosedCurve
0xd05474f2,0xd05474f2,GdipDrawClosedCurve2
0xdae3137b,0xdae3137b,GdipDrawClosedCurve2I
0xd0547509,0xd0547509,GdipDrawClosedCurveI
0x46d64b26,0x46d64b26,GdipDrawCurve
0x219fb018,0x219fb018,GdipDrawCurve2
0x5595b361,0x5595b361,GdipDrawCurve2I
0x219fb019,0x219fb019,GdipDrawCurve3
0x5595b382,0x5595b382,GdipDrawCurve3I
0x219fb02f,0x219fb02f,GdipDrawCurveI
0xc1998c24,0xc1998c24,GdipDrawDriverString
0xda183e4f,0xda183e4f,GdipDrawEllipse
0x1d200878,0x1d200878,GdipDrawEllipseI
0x473e30e4,0x473e30e4,GdipDrawImage
0x2f044dad,0x2f044dad,GdipDrawImageI
0xe03d571c,0xe03d571c,GdipDrawImagePointRect
0xe7e83ae5,0xe7e83ae5,GdipDrawImagePointRectI
0x785beca1,0x785beca1,GdipDrawImagePoints
0x83d9810a,0x83d9810a,GdipDrawImagePointsI
0xe8017aaf,0xe8017aaf,GdipDrawImagePointsRect
0xe830d0d8,0xe830d0d8,GdipDrawImagePointsRectI
0x2b222872,0x2b222872,GdipDrawImageRect
0x8f6736fb,0x8f6736fb,GdipDrawImageRectI
0xc8333700,0xc8333700,GdipDrawImageRectRect
0xce9a1749,0xce9a1749,GdipDrawImageRectRectI
0xcbdcae89,0xcbdcae89,GdipDrawLine
0x47727ff2,0x47727ff2,GdipDrawLineI
0x47727ffc,0x47727ffc,GdipDrawLines
0x35c27fc5,0x35c27fc5,GdipDrawLinesI
0xcbdebece,0xcbdebece,GdipDrawPath
0xc81e06bf,0xc81e06bf,GdipDrawPie
0xcbdedee8,0xcbdedee8,GdipDrawPieI
0x2fe0f3c9,0x2fe0f3c9,GdipDrawPolygon
0x2bff6d32,0x2bff6d32,GdipDrawPolygonI
0x99707a36,0x99707a36,GdipDrawRectangle
0xc77fc13f,0xc77fc13f,GdipDrawRectangleI
0xc77fc149,0xc77fc149,GdipDrawRectangles
0xb777eab2,0xb777eab2,GdipDrawRectanglesI
0x46dfeb98,0x46dfeb98,GdipDrawString
0xf56d548a,0xf56d548a,GdipEmfToWmfBits
0x11a2cf8d,0x11a2cf8d,GdipEndContainer
0x3b7a19a,0x03b7a19a,GdipEnumerateMetafileDestPoint
0x7aabd523,0x7aabd523,GdipEnumerateMetafileDestPointI
0x7aabd52d,0x7aabd52d,GdipEnumerateMetafileDestPoints
0xd0267b16,0xd0267b16,GdipEnumerateMetafileDestPointsI
0xa3067dfe,0xa3067dfe,GdipEnumerateMetafileDestRect
0x3d63e07,0x03d63e07,GdipEnumerateMetafileDestRectI
0x3124c7d0,0x3124c7d0,GdipEnumerateMetafileSrcRectDestPoint
0x55bdc219,0x55bdc219,GdipEnumerateMetafileSrcRectDestPointI
0x55bdc223,0x55bdc223,GdipEnumerateMetafileSrcRectDestPoints
0xd7606cc,0x0d7606cc,GdipEnumerateMetafileSrcRectDestPointsI
0xbbacb574,0xbbacb574,GdipEnumerateMetafileSrcRectDestRect
0x3143643d,0x3143643d,GdipEnumerateMetafileSrcRectDestRectI
0x292616f9,0x292616f9,GdipFillClosedCurve
0x4de8f64b,0x4de8f64b,GdipFillClosedCurve2
0xb07bff4,0x0b07bff4,GdipFillClosedCurve2I
0x4de8f662,0x4de8f662,GdipFillClosedCurveI
0x9af74408,0x9af74408,GdipFillEllipse
0xf9dfc551,0xf9dfc551,GdipFillEllipseI
0x877f727,0x0877f727,GdipFillPath
0x4dd517f8,0x4dd517f8,GdipFillPie
0x8781741,0x08781741,GdipFillPieI
0xf0bff982,0xf0bff982,GdipFillPolygon
0x8bf29f4,0x08bf29f4,GdipFillPolygon2
0x20a468bd,0x20a468bd,GdipFillPolygon2I
0x8bf2a0b,0x08bf2a0b,GdipFillPolygonI
0xe27d22f,0x0e27d22f,GdipFillRectangle
0xd3221858,0xd3221858,GdipFillRectangleI
0xd3221862,0xd3221862,GdipFillRectangles
0x376524eb,0x376524eb,GdipFillRectanglesI
0xb3dfdfe,0x0b3dfdfe,GdipFillRegion
0x7a49fe4e,0x7a49fe4e,GdipFlattenPath
0x37cac015,0x37cac015,GdipFlush
0xac5b9195,0xac5b9195,GdipFree
0xcf5dcd59,0xcf5dcd59,GdipGetAdjustableArrowCapFillState
0xe99aa18a,0xe99aa18a,GdipGetAdjustableArrowCapHeight
0x80560123,0x80560123,GdipGetAdjustableArrowCapMiddleInset
0xf8a1dff1,0xf8a1dff1,GdipGetAdjustableArrowCapWidth
0xfc8e9af3,0xfc8e9af3,GdipGetAllPropertyItems
0x6d40af39,0x6d40af39,GdipGetBrushType
0xb574d2b1,0xb574d2b1,GdipGetCellAscent
0x2b75eed9,0x2b75eed9,GdipGetCellDescent
0x920675db,0x920675db,GdipGetClip
0x56162886,0x56162886,GdipGetClipBounds
0x18db398f,0x18db398f,GdipGetClipBoundsI
0x6dfe2be4,0x6dfe2be4,GdipGetCompositingMode
0xef060708,0xef060708,GdipGetCompositingQuality
0xc5ef3019,0xc5ef3019,GdipGetCustomLineCapBaseCap
0xfeef6448,0xfeef6448,GdipGetCustomLineCapBaseInset
0xe04f1ba9,0xe04f1ba9,GdipGetCustomLineCapStrokeCaps
0xe0532cf2,0xe0532cf2,GdipGetCustomLineCapStrokeJoin
0xd664e10c,0xd664e10c,GdipGetCustomLineCapType
0x7e67ed32,0x7e67ed32,GdipGetCustomLineCapWidthScale
0x37d8fbba,0x37d8fbba,GdipGetDC
0x92071348,0x92071348,GdipGetDpiX
0x92071349,0x92071349,GdipGetDpiY
0x9c3edafe,0x9c3edafe,GdipGetEmHeight
0xba5bff30,0xba5bff30,GdipGetEncoderParameterList
0x79d6dd0b,0x79d6dd0b,GdipGetEncoderParameterListSize
0x33b5e2d5,0x33b5e2d5,GdipGetFamily
0xf112996,0x0f112996,GdipGetFamilyName
0x30d587c1,0x30d587c1,GdipGetFontCollectionFamilyCount
0x8560a374,0x8560a374,GdipGetFontCollectionFamilyList
0x9e209743,0x9e209743,GdipGetFontHeight
0xe89eb9f9,0xe89eb9f9,GdipGetFontHeightGivenDPI
0x31891345,0x31891345,GdipGetFontSize
0x62b180fb,0x62b180fb,GdipGetFontStyle
0x318a3f2a,0x318a3f2a,GdipGetFontUnit
0x8ded5b2e,0x8ded5b2e,GdipGetGenericFontFamilyMonospace
0x668d4057,0x668d4057,GdipGetGenericFontFamilySansSerif
0xa2401462,0xa2401462,GdipGetGenericFontFamilySerif
0xaff2601a,0xaff2601a,GdipGetHatchBackgroundColor
0xfb709c35,0xfb709c35,GdipGetHatchForegroundColor
0xb5582c2c,0xb5582c2c,GdipGetHatchStyle
0xb4ea512e,0xb4ea512e,GdipGetHemfFromMetafile
0xe9232220,0xe9232220,GdipGetImageAttributesAdjustedPalette
0x131118a1,0x131118a1,GdipGetImageBounds
0xc88c1b9f,0xc88c1b9f,GdipGetImageDecoders
0x228d98fa,0x228d98fa,GdipGetImageDecodersSize
0x7646281c,0x7646281c,GdipGetImageDimension
0x699a1349,0x699a1349,GdipGetImageEncoders
0x3c355a4,0x03c355a4,GdipGetImageEncodersSize
0xd24ead83,0xd24ead83,GdipGetImageFlags
0x957c168c,0x957c168c,GdipGetImageGraphicsContext
0x2054658f,0x2054658f,GdipGetImageHeight
0x7fea5ab4,0x7fea5ab4,GdipGetImageHorizontalResolution
0x8993bf05,0x8993bf05,GdipGetImagePalette
0x9be47f60,0x9be47f60,GdipGetImagePaletteSize
0xaa48ac21,0xaa48ac21,GdipGetImagePixelFormat
0x7732d2a9,0x7732d2a9,GdipGetImageRawFormat
0x4b6a879a,0x4b6a879a,GdipGetImageThumbnail
0xdf9dadb8,0xdf9dadb8,GdipGetImageType
0x8f175064,0x8f175064,GdipGetImageVerticalResolution
0xd380b756,0xd380b756,GdipGetImageWidth
0x15a466c0,0x15a466c0,GdipGetInterpolationMode
0x6fdb6fe0,0x6fdb6fe0,GdipGetLineBlend
0x8cc58b89,0x8cc58b89,GdipGetLineBlendCount
0x6dd8bb0d,0x6dd8bb0d,GdipGetLineColors
0x7c2a7076,0x7c2a7076,GdipGetLineGammaCorrection
0x99c31013,0x99c31013,GdipGetLinePresetBlend
0xaf68439c,0xaf68439c,GdipGetLinePresetBlendCount
0xec269429,0xec269429,GdipGetLineRect
0x70f91992,0x70f91992,GdipGetLineRectI
0xfa1b48a0,0xfa1b48a0,GdipGetLineSpacing
0x55698937,0x55698937,GdipGetLineTransform
0x896d9dda,0x896d9dda,GdipGetLineWrapMode
0xa9c0800d,0xa9c0800d,GdipGetLogFontA
0xa9c08023,0xa9c08023,GdipGetLogFontW
0x33a62d05,0x33a62d05,GdipGetMatrixElements
0x11873bf8,0x11873bf8,GdipGetMetafileDownLevelRasterizationLimit
0x10d48faf,0x10d48faf,GdipGetMetafileHeaderFromEmf
0x2b6701f7,0x2b6701f7,GdipGetMetafileHeaderFromFile
0xfee18abe,0xfee18abe,GdipGetMetafileHeaderFromMetafile
0xc04ccc63,0xc04ccc63,GdipGetMetafileHeaderFromStream
0x10d4dc41,0x10d4dc41,GdipGetMetafileHeaderFromWmf
0x676af9c4,0x676af9c4,GdipGetNearestColor
0xc6158378,0xc6158378,GdipGetPageScale
0x2509b170,0x2509b170,GdipGetPageUnit
0x438982ba,0x438982ba,GdipGetPathData
0x4c3f3a4c,0x4c3f3a4c,GdipGetPathFillMode
0x11cd62f3,0x11cd62f3,GdipGetPathGradientBlend
0xf39627c,0x0f39627c,GdipGetPathGradientBlendCount
0x707e8aae,0x707e8aae,GdipGetPathGradientCenterColor
0x7169bc59,0x7169bc59,GdipGetPathGradientCenterPoint
0x9ea147c2,0x9ea147c2,GdipGetPathGradientCenterPointI
0x4be41c29,0x4be41c29,GdipGetPathGradientFocusScales
0xe5499749,0xe5499749,GdipGetPathGradientGammaCorrection
0xe94bc93b,0xe94bc93b,GdipGetPathGradientPath
0x7b9c82e1,0x7b9c82e1,GdipGetPathGradientPointCount
0x6ab1c566,0x6ab1c566,GdipGetPathGradientPresetBlend
0x3c6c44cf,0x3c6c44cf,GdipGetPathGradientPresetBlendCount
0xe94cf0dc,0xe94cf0dc,GdipGetPathGradientRect
0x12eb0ca5,0x12eb0ca5,GdipGetPathGradientRectI
0xb71b6a98,0xb71b6a98,GdipGetPathGradientSurroundColorCount
0x8d9d1dc7,0x8d9d1dc7,GdipGetPathGradientSurroundColorsWithCount
0xb674cdca,0xb674cdca,GdipGetPathGradientTransform
0x37091c0d,0x37091c0d,GdipGetPathGradientWrapMode
0x5ab9d15e,0x5ab9d15e,GdipGetPathLastPoint
0x68ea921d,0x68ea921d,GdipGetPathPoints
0x863cd606,0x863cd606,GdipGetPathPointsI
0xb5e87af5,0xb5e87af5,GdipGetPathTypes
0x53dab273,0x53dab273,GdipGetPathWorldBounds
0xcf31011c,0xcf31011c,GdipGetPathWorldBoundsI
0x4d60a161,0x4d60a161,GdipGetPenBrushFill
0x691f3dd5,0x691f3dd5,GdipGetPenColor
0x6007c7da,0x6007c7da,GdipGetPenCompoundArray
0x602a6224,0x602a6224,GdipGetPenCompoundCount
0xdebfca3c,0xdebfca3c,GdipGetPenCustomEndCap
0x416c8c53,0x416c8c53,GdipGetPenCustomStartCap
0xd1e535f5,0xd1e535f5,GdipGetPenDashArray
0x83f7f16d,0x83f7f16d,GdipGetPenDashCap197819
0xd207d03f,0xd207d03f,GdipGetPenDashCount
0x2e54bd1d,0x2e54bd1d,GdipGetPenDashOffset
0xd32c26e7,0xd32c26e7,GdipGetPenDashStyle
0x919a9941,0x919a9941,GdipGetPenEndCap
0xe15b503f,0xe15b503f,GdipGetPenFillType
0x6f0c4c0e,0x6f0c4c0e,GdipGetPenLineJoin
0x35816f6,0x035816f6,GdipGetPenMiterLimit
0xb5a193db,0xb5a193db,GdipGetPenMode
0x16373098,0x16373098,GdipGetPenStartCap
0x6fb13112,0x6fb13112,GdipGetPenTransform
0xb5a5f356,0xb5a5f356,GdipGetPenUnit
0x6a85bc36,0x6a85bc36,GdipGetPenWidth
0xa8219f21,0xa8219f21,GdipGetPixelOffsetMode
0x7740eac6,0x7740eac6,GdipGetPointCount
0xf9190be1,0xf9190be1,GdipGetPropertyCount
0x296d69c1,0x296d69c1,GdipGetPropertyIdList
0x9332ab67,0x9332ab67,GdipGetPropertyItem
0xfa06ccc2,0xfa06ccc2,GdipGetPropertyItemSize
0x9337fb13,0x9337fb13,GdipGetPropertySize
0xbba69a22,0xbba69a22,GdipGetRegionBounds
0x3079deab,0x3079deab,GdipGetRegionBoundsI
0x8e29af51,0x8e29af51,GdipGetRegionData
0xdf51b5ac,0xdf51b5ac,GdipGetRegionDataSize
0x8e2c2786,0x8e2c2786,GdipGetRegionHRgn
0x546fd2ef,0x546fd2ef,GdipGetRegionScans
0x7f8d2ff8,0x7f8d2ff8,GdipGetRegionScansCount
0xe26a3118,0xe26a3118,GdipGetRegionScansI
0x5892c9b9,0x5892c9b9,GdipGetRenderingOrigin
0x1f00e5d0,0x1f00e5d0,GdipGetSmoothingMode
0x3233e754,0x3233e754,GdipGetSolidFillColor
0x110dbebe,0x110dbebe,GdipGetStringFormatAlign
0x57174921,0x57174921,GdipGetStringFormatDigitSubstitution
0x11681740,0x11681740,GdipGetStringFormatFlags
0xfa9e355,0x0fa9e355,GdipGetStringFormatHotkeyPrefix
0x336d6e6,0x0336d6e6,GdipGetStringFormatLineAlign
0xcff109b7,0xcff109b7,GdipGetStringFormatMeasurableCharacterRangeCount
0x40311459,0x40311459,GdipGetStringFormatTabStopCount
0x25310d03,0x25310d03,GdipGetStringFormatTabStops
0x51b2aeba,0x51b2aeba,GdipGetStringFormatTrimming
0xb9d49ce6,0xb9d49ce6,GdipGetTextContrast
0x33750de9,0x33750de9,GdipGetTextRenderingHint
0x279c1047,0x279c1047,GdipGetTextureImage
0x6c441020,0x6c441020,GdipGetTextureTransform
0xc82e6ba3,0xc82e6ba3,GdipGetTextureWrapMode
0x5ac825b4,0x5ac825b4,GdipGetVisibleClipBounds
0xb3ccdc7d,0xb3ccdc7d,GdipGetVisibleClipBoundsI
0x39242297,0x39242297,GdipGetWorldTransform
0x8d3c6e0b,0x8d3c6e0b,GdipGraphicsClear
0x51f986d0,0x51f986d0,GdipImageForceValidation
0x535a99ea,0x535a99ea,GdipImageGetFrameCount
0xb0fc9d83,0xb0fc9d83,GdipImageGetFrameDimensionsCount
0x6a3b08f6,0x6a3b08f6,GdipImageGetFrameDimensionsList
0xa2e724b0,0xa2e724b0,GdipImageRotateFlip
0xfb3a3f3d,0xfb3a3f3d,GdipImageSelectActiveFrame
0x897c43e0,0x897c43e0,GdipInvertMatrix
0x77d831c6,0x77d831c6,GdipIsClipEmpty
0xcc4643a2,0xcc4643a2,GdipIsEmptyRegion
0xb146daab,0xb146daab,GdipIsEqualRegion
0x78d86609,0x78d86609,GdipIsInfiniteRegion
0xfe7c0f1c,0xfe7c0f1c,GdipIsMatrixEqual
0xe935a08e,0xe935a08e,GdipIsMatrixIdentity
0x91a5c298,0x91a5c298,GdipIsMatrixInvertible
0xbb3abe34,0xbb3abe34,GdipIsOutlineVisiblePathPoint
0x229284fd,0x229284fd,GdipIsOutlineVisiblePathPointI
0x9f8fd741,0x9f8fd741,GdipIsStyleAvailable
0x5f4419b4,0x5f4419b4,GdipIsVisibleClipEmpty
0x5fa11014,0x5fa11014,GdipIsVisiblePathPoint
0x53c312dd,0x53c312dd,GdipIsVisiblePathPointI
0x836a6f87,0x836a6f87,GdipIsVisiblePoint
0xf0b860b0,0xf0b860b0,GdipIsVisiblePointI
0xd570c24b,0xd570c24b,GdipIsVisibleRect
0x83890bf4,0x83890bf4,GdipIsVisibleRectI
0x9a28da0b,0x9a28da0b,GdipIsVisibleRegionPoint
0xdf441bb4,0xdf441bb4,GdipIsVisibleRegionPointI
0x7909ec4f,0x7909ec4f,GdipIsVisibleRegionRect
0x9a477678,0x9a477678,GdipIsVisibleRegionRectI
0xc5b6634a,0xc5b6634a,GdipLoadImageFromFile
0xa8695683,0xa8695683,GdipLoadImageFromFileICM
0x2bf9ce76,0x2bf9ce76,GdipLoadImageFromStream
0x4691022f,0x4691022f,GdipLoadImageFromStreamICM
0x2e7da52,0x02e7da52,GdipMeasureCharacterRanges
0xab680808,0xab680808,GdipMeasureDriverString
0xcd084c7c,0xcd084c7c,GdipMeasureString
0xfe6e31d7,0xfe6e31d7,GdipMultiplyLineTransform
0x1c851868,0x1c851868,GdipMultiplyMatrix
0x9b68166a,0x9b68166a,GdipMultiplyPathGradientTransform
0x7345b2,0x007345b2,GdipMultiplyPenTransform
0x33f74c0,0x033f74c0,GdipMultiplyTextureTransform
0x2bddf37,0x02bddf37,GdipMultiplyWorldTransform
0x79bc0d20,0x79bc0d20,GdipNewInstalledFontCollection
0x3526cabb,0x3526cabb,GdipNewPrivateFontCollection
0x92cac829,0x92cac829,GdipPathIterCopyData
0x4ddb3f7a,0x4ddb3f7a,GdipPathIterEnumerate
0x49d8a01d,0x49d8a01d,GdipPathIterGetCount
0xe101af34,0xe101af34,GdipPathIterGetSubpathCount
0xffdf97d5,0xffdf97d5,GdipPathIterHasCurve
0x86af06e0,0x86af06e0,GdipPathIterIsValid
0x65e48b5,0x065e48b5,GdipPathIterNextMarker
0x293a9922,0x293a9922,GdipPathIterNextMarkerPath
0xe0553262,0xe0553262,GdipPathIterNextPathType
0xcd8d1dca,0xcd8d1dca,GdipPathIterNextSubpath
0xe747f0b7,0xe747f0b7,GdipPathIterNextSubpathPath
0x2f5c685d,0x2f5c685d,GdipPathIterRewind
0xb6d8f76f,0xb6d8f76f,GdipPlayMetafileRecord
0xc287ee6e,0xc287ee6e,GdipPrivateAddFontFile
0xc3a22567,0xc3a22567,GdipPrivateAddMemoryFont
0xa302fad9,0xa302fad9,GdipRecordMetafile
0xc88db3a,0x0c88db3a,GdipRecordMetafileFileName
0x9da442c3,0x9da442c3,GdipRecordMetafileFileNameI
0x3625642,0x03625642,GdipRecordMetafileI
0xc3ae5565,0xc3ae5565,GdipRecordMetafileStream
0x3979024e,0x3979024e,GdipRecordMetafileStreamI
0xcaeae75b,0xcaeae75b,GdipReleaseDC
0xba263335,0xba263335,GdipRemovePropertyItem
0xe711ba9e,0xe711ba9e,GdipResetClip
0xac485d60,0xac485d60,GdipResetImageAttributes
0x696dd95a,0x696dd95a,GdipResetLineTransform
0x79c61f8f,0x79c61f8f,GdipResetPageTransform
0xe718ae23,0xe718ae23,GdipResetPath
0x5ecc90ed,0x5ecc90ed,GdipResetPathGradientTransform
0x688a88d5,0x688a88d5,GdipResetPenTransform
0x5db99163,0x5db99163,GdipResetTextureTransform
0xcdb2771a,0xcdb2771a,GdipResetWorldTransform
0x31f19528,0x31f19528,GdipRestoreGraphics
0xdac3341c,0xdac3341c,GdipReversePath
0xba29a046,0xba29a046,GdipRotateLineTransform
0x433a75b7,0x433a75b7,GdipRotateMatrix
0xdca683d9,0xdca683d9,GdipRotatePathGradientTransform
0x44332241,0x44332241,GdipRotatePenTransform
0xa5a900cf,0xa5a900cf,GdipRotateTextureTransform
0x35e71b86,0x35e71b86,GdipRotateWorldTransform
0x2491c6ab,0x2491c6ab,GdipSaveAdd
0x18d3fd6e,0x18d3fd6e,GdipSaveAddImage
0xd18ae293,0xd18ae293,GdipSaveGraphics
0x3549a508,0x3549a508,GdipSaveImageToFile
0xcd6477b4,0xcd6477b4,GdipSaveImageToStream
0x54442d7f,0x54442d7f,GdipScaleLineTransform
0x48a86110,0x48a86110,GdipScaleMatrix
0x6ab33a12,0x6ab33a12,GdipScalePathGradientTransform
0x60246c5a,0x60246c5a,GdipScalePenTransform
0x8ef3af68,0x8ef3af68,GdipScaleTextureTransform
0x13534fdf,0x13534fdf,GdipScaleWorldTransform
0x28e18e5,0x028e18e5,GdipSetAdjustableArrowCapFillState
0xd347b896,0xd347b896,GdipSetAdjustableArrowCapHeight
0x40c75faf,0x40c75faf,GdipSetAdjustableArrowCapMiddleInset
0x2e42457d,0x2e42457d,GdipSetAdjustableArrowCapWidth
0x31527a18,0x31527a18,GdipSetClipGraphics
0xba354bf6,0xba354bf6,GdipSetClipHrgn
0xba396854,0xba396854,GdipSetClipPath
0xba3a8ff5,0xba3a8ff5,GdipSetClipRect
0x18c8ede,0x018c8ede,GdipSetClipRectI
0x33206e6b,0x33206e6b,GdipSetClipRegion
0x9707c570,0x9707c570,GdipSetCompositingMode
0xbba1c514,0xbba1c514,GdipSetCompositingQuality
0x2872a125,0x2872a125,GdipSetCustomLineCapBaseCap
0x10134854,0x10134854,GdipSetCustomLineCapBaseInset
0x15ef8135,0x15ef8135,GdipSetCustomLineCapStrokeCaps
0x15f3927e,0x15f3927e,GdipSetCustomLineCapStrokeJoin
0xb40852be,0xb40852be,GdipSetCustomLineCapWidthScale
0xe61007ce,0xe61007ce,GdipSetEmpty
0xc2c760c1,0xc2c760c1,GdipSetImageAttributesCachedBackground
0x77166ee4,0x77166ee4,GdipSetImageAttributesColorKeys
0x9acceebd,0x9acceebd,GdipSetImageAttributesColorMatrix
0x99c81cc,0x099c81cc,GdipSetImageAttributesGamma
0xca010ea5,0xca010ea5,GdipSetImageAttributesNoOp
0xdee42293,0xdee42293,GdipSetImageAttributesOutputChannel
0x24de4e83,0x24de4e83,GdipSetImageAttributesOutputChannelColorProfile
0xbc2edbe6,0xbc2edbe6,GdipSetImageAttributesRemapTable
0x74279036,0x74279036,GdipSetImageAttributesThreshold
0x6cfd0316,0x6cfd0316,GdipSetImageAttributesToIdentity
0x4464c8,0x004464c8,GdipSetImageAttributesWrapMode
0x30ece411,0x30ece411,GdipSetImagePalette
0xd639c2f5,0xd639c2f5,GdipSetInfinite
0xa77a934c,0xa77a934c,GdipSetInterpolationMode
0xbb43d06c,0xbb43d06c,GdipSetLineBlend
0x264d2d19,0x264d2d19,GdipSetLineColors
0xdc3df002,0xdc3df002,GdipSetLineGammaCorrection
0x7d2dcae7,0x7d2dcae7,GdipSetLineLinearBlend
0xc2cca99f,0xc2cca99f,GdipSetLinePresetBlend
0xdab0651d,0xdab0651d,GdipSetLineSigmaBlend
0xe7e74fc3,0xe7e74fc3,GdipSetLineTransform
0x30c6c2e6,0x30c6c2e6,GdipSetLineWrapMode
0x15dcc511,0x15dcc511,GdipSetMatrixElements
0x9de05384,0x9de05384,GdipSetMetafileDownLevelRasterizationLimit
0x117de404,0x117de404,GdipSetPageScale
0x6562307c,0x6562307c,GdipSetPageUnit
0xf3985f58,0xf3985f58,GdipSetPathFillMode
0xa3a38f7f,0xa3a38f7f,GdipSetPathGradientBlend
0xa61ef03a,0xa61ef03a,GdipSetPathGradientCenterColor
0xa70a21e5,0xa70a21e5,GdipSetPathGradientCenterPoint
0x884e5ece,0x884e5ece,GdipSetPathGradientCenterPointI
0x818481b5,0x818481b5,GdipSetPathGradientFocusScales
0x1879e2d5,0x1879e2d5,GdipSetPathGradientGammaCorrection
0x5ab34c3a,0x5ab34c3a,GdipSetPathGradientLinearBlend
0x33889447,0x33889447,GdipSetPathGradientPath
0xa0522af2,0xa0522af2,GdipSetPathGradientPresetBlend
0x8c118810,0x8c118810,GdipSetPathGradientSigmaBlend
0x19f63553,0x19f63553,GdipSetPathGradientSurroundColorsWithCount
0x69666056,0x69666056,GdipSetPathGradientTransform
0x998c8d19,0x998c8d19,GdipSetPathGradientWrapMode
0x196713ee,0x196713ee,GdipSetPathMarker
0xf4b9c66d,0xf4b9c66d,GdipSetPenBrushFill
0xa977bce1,0xa977bce1,GdipSetPenColor
0xaa4492e6,0xaa4492e6,GdipSetPenCompoundArray
0x7c963c8,0x07c963c8,GdipSetPenCustomEndCap
0xd342b8df,0xd342b8df,GdipSetPenCustomStartCap
0x793e5b01,0x793e5b01,GdipSetPenDashArray
0xce34bc79,0xce34bc79,GdipSetPenDashCap197819
0xc0d283a9,0xc0d283a9,GdipSetPenDashOffset
0x7a854bf3,0x7a854bf3,GdipSetPenDashStyle
0xdd02f9cd,0xdd02f9cd,GdipSetPenEndCap
0x29d8b5e1,0x29d8b5e1,GdipSetPenLineCap197819
0x360eff9a,0x360eff9a,GdipSetPenLineJoin
0x95d5dd82,0x95d5dd82,GdipSetPenMiterLimit
0xe6206167,0xe6206167,GdipSetPenMode
0xdd39e424,0xdd39e424,GdipSetPenStartCap
0x170a561e,0x170a561e,GdipSetPenTransform
0xe624c0e2,0xe624c0e2,GdipSetPenUnit
0xaade3b42,0xaade3b42,GdipSetPenWidth
0xd12b38ad,0xd12b38ad,GdipSetPixelOffsetMode
0x3a8bd073,0x3a8bd073,GdipSetPropertyItem
0x819c6345,0x819c6345,GdipSetRenderingOrigin
0xb17eac5c,0xb17eac5c,GdipSetSmoothingMode
0x146a7f60,0x146a7f60,GdipSetSolidFillColor
0xa2e3eb4a,0xa2e3eb4a,GdipSetStringFormatAlign
0x1788a7ad,0x1788a7ad,GdipSetStringFormatDigitSubstitution
0xa33e43cc,0xa33e43cc,GdipSetStringFormatFlags
0xf956fa61,0xf956fa61,GdipSetStringFormatHotkeyPrefix
0xb6286972,0xb6286972,GdipSetStringFormatLineAlign
0xe23e2ded,0xe23e2ded,GdipSetStringFormatMeasurableCharacterRanges
0x87b47e0f,0x87b47e0f,GdipSetStringFormatTabStops
0xb4361fc6,0xb4361fc6,GdipSetStringFormatTrimming
0x612dc1f2,0x612dc1f2,GdipSetTextContrast
0xc54b3a75,0xc54b3a75,GdipSetTextRenderingHint
0xb680db2c,0xb680db2c,GdipSetTextureTransform
0xf138052f,0xf138052f,GdipSetTextureWrapMode
0x1b5abaa3,0x1b5abaa3,GdipSetWorldTransform
0xf0afeadb,0xf0afeadb,GdipShearMatrix
0x20ebd990,0x20ebd990,GdipStartPathFigure
0x9ebbff15,0x9ebbff15,GdipStringFormatGetGenericDefault
0x8259247a,0x8259247a,GdipStringFormatGetGenericTypographic
0xd489e8b4,0xd489e8b4,GdipTestControl
0x729bd141,0x729bd141,GdipTransformMatrixPoints
0xc615f9aa,0xc615f9aa,GdipTransformMatrixPointsI
0x63aaec1c,0x63aaec1c,GdipTransformPath
0xfb0dd6ac,0xfb0dd6ac,GdipTransformPoints
0x5cc8ac75,0x5cc8ac75,GdipTransformPointsI
0xff020433,0xff020433,GdipTransformRegion
0xbb993089,0xbb993089,GdipTranslateClip
0x2ebf41f2,0x2ebf41f2,GdipTranslateClipI
0xcfdc27a5,0xcfdc27a5,GdipTranslateLineTransform
0x1d3a19f6,0x1d3a19f6,GdipTranslateMatrix
0x5e1dfa38,0x5e1dfa38,GdipTranslatePathGradientTransform
0xa1f2b9c0,0xa1f2b9c0,GdipTranslatePenTransform
0x292500a5,0x292500a5,GdipTranslateRegion
0x4dc5158e,0x4dc5158e,GdipTranslateRegionI
0x80563fce,0x80563fce,GdipTranslateTextureTransform
0x1ea8ec5,0x01ea8ec5,GdipTranslateWorldTransform
0xa3d29374,0xa3d29374,GdipVectorTransformMatrixPoints
0x1e25023d,0x1e25023d,GdipVectorTransformMatrixPointsI
0x5f4c89da,0x5f4c89da,GdipWarpPath
0x5b781457,0x5b781457,GdipWidenPath
0xce0e8d68,0xce0e8d68,GdipWindingModeOutline
0xf7005f9f,0xf7005f9f,GdiplusNotificationHook
0xd6d3ffe2,0xd6d3ffe2,GdiplusNotificationUnhook
0x8d5160a3,0x8d5160a3,GdiplusShutdown
0x2e5f533a,0x2e5f533a,GdiplusStartup
0xbd4dde84,0xbd4dde84,GenerateConsoleCtrlEvent
0x1f538fb4,0x1f538fb4,GenericChainCertificateTrust
0x8f65a9e0,0x8f65a9e0,GenericChainFinalProv
0xac905223,0xac905223,GetACP
0x32ff41a,0x032ff41a,GetAcceptExSockaddrs
0x9ad90ff7,0x9ad90ff7,GetAcceptLanguagesA
0x9ad9100d,0x9ad9100d,GetAcceptLanguagesW
0xd5f2e6dc,0xd5f2e6dc,GetAccessPermissionsForObjectA
0xd5f2e6f2,0xd5f2e6f2,GetAccessPermissionsForObjectW
0xac905218,0xac905218,GetAce
0xf97d17e5,0xf97d17e5,GetAclInformation
0x280e5653,0x280e5653,GetActiveObjectExt
0xa3ed8d74,0xa3ed8d74,GetActiveProcessorCount
0x1084e6a1,0x1084e6a1,GetActiveProcessorGroupCount
0xf3fa87c3,0xf3fa87c3,GetActiveWindow
0x741e213,0x0741e213,GetAddrInfoEx
0xf543aaf9,0xf543aaf9,GetAddrInfoExCancel
0x9f9f4d64,0x9f9f4d64,GetAddrInfoExOverlappedResult
0x9b5f166d,0x9b5f166d,GetAddrInfoW
0x5eb80431,0x5eb80431,GetAddressByName
0x35b88a92,0x35b88a92,GetAddressByNameA
0x35b88aa8,0x35b88aa8,GetAddressByNameW
0xf5b66793,0xf5b66793,GetAltTabInfo
0xac835a34,0xac835a34,GetAltTabInfoA
0xac835a4a,0xac835a4a,GetAltTabInfoW
0xd4b53a2e,0xd4b53a2e,GetAncestor
0xb8b14e81,0xb8b14e81,GetAppCompatFlags
0xcedb1ed3,0xcedb1ed3,GetAppCompatFlags2
0x2f1bddf,0x02f1bddf,GetApplicationRecoveryCallback
0x9309fb59,0x9309fb59,GetApplicationRestartSettings
0xf83e85e6,0xf83e85e6,GetArcDirection
0xfe048d11,0xfe048d11,GetAspectRatioFilterEx
0xf83db69,0x0f83db69,GetAsymmetricEncryptionInterface
0xd1f199b7,0xd1f199b7,GetAsyncKeyState
0xa2e6aba2,0xa2e6aba2,GetAtomNameA
0xa2e6abb8,0xa2e6abb8,GetAtomNameW
0x11a4f990,0x11a4f990,GetAuditedPermissionsFromAclA
0x11a4f9a6,0x11a4f9a6,GetAuditedPermissionsFromAclW
0x22a7299c,0x22a7299c,GetBehaviorValue
0x857c4496,0x857c4496,GetBinaryType
0x3504d797,0x3504d797,GetBinaryTypeA
0x3504d7ad,0x3504d7ad,GetBinaryTypeW
0x826d695e,0x826d695e,GetBitmapBits
0xd132758f,0xd132758f,GetBitmapDimensionEx
0xa1c78e9b,0xa1c78e9b,GetBkColor
0x527fe3e1,0x527fe3e1,GetBkMode
0x7dd29748,0x7dd29748,GetBoundsRect
0x65376358,0x65376358,GetBrushOrgEx
0x552d518e,0x552d518e,GetCPInfo
0xec6bfec,0x0ec6bfec,GetCPInfoExA
0xec6c002,0x0ec6c002,GetCPInfoExW
0x90a80250,0x90a80250,GetCalendarDateFormat
0x5ab1df8d,0x5ab1df8d,GetCalendarDateFormatEx
0xbbf08917,0xbbf08917,GetCalendarDaysInMonth
0x424e357c,0x424e357c,GetCalendarDifferenceInDays
0x5c159c36,0x5c159c36,GetCalendarInfoA
0xdec923d2,0xdec923d2,GetCalendarInfoEx
0x5c159c4c,0x5c159c4c,GetCalendarInfoW
0x10ea7a2a,0x10ea7a2a,GetCalendarMonthsInYear
0x3c6cb45a,0x3c6cb45a,GetCalendarSupportedDateRange
0xb8776afe,0xb8776afe,GetCalendarWeekNumber
0xd85c5823,0xd85c5823,GetCapture
0xb146f21d,0xb146f21d,GetCaretBlinkTime
0xe781aaf0,0xe781aaf0,GetCaretPos
0xf0d9cc87,0xf0d9cc87,GetCharABCWidthsA
0x88f73bdd,0x88f73bdd,GetCharABCWidthsFloatA
0x88f73bf3,0x88f73bf3,GetCharABCWidthsFloatW
0xf0d9cc8f,0xf0d9cc8f,GetCharABCWidthsI
0xf0d9cc9d,0xf0d9cc9d,GetCharABCWidthsW
0xb0e43b73,0xb0e43b73,GetCharWidth32A
0xb0e43b89,0xb0e43b89,GetCharWidth32W
0x3cd004ce,0x3cd004ce,GetCharWidthA
0x52eb884,0x052eb884,GetCharWidthFloatA
0x52eb89a,0x052eb89a,GetCharWidthFloatW
0x3cd004d6,0x3cd004d6,GetCharWidthI
0xcd783239,0xcd783239,GetCharWidthInfo
0x3cd004e4,0x3cd004e4,GetCharWidthW
0xb0e4d86a,0xb0e4d86a,GetCharWidthWOW
0x8d8f3836,0x8d8f3836,GetCharacterPlacementA
0x8d8f384c,0x8d8f384c,GetCharacterPlacementW
0x1809c01b,0x1809c01b,GetCipherInterface
0x27db025,0x027db025,GetClassFile
0x526ca432,0x526ca432,GetClassInfoA
0xa026954f,0xa026954f,GetClassInfoExA
0xa0269565,0xa0269565,GetClassInfoExW
0x526ca448,0x526ca448,GetClassInfoW
0x52a39b16,0x52a39b16,GetClassLongA
0x52a39b2c,0x52a39b2c,GetClassLongW
0x52c01a47,0x52c01a47,GetClassNameA
0x52c01a5d,0x52c01a5d,GetClassNameW
0x2871ce1,0x02871ce1,GetClassWord
0x73eb66dc,0x73eb66dc,GetClientRect
0xf183e8e0,0xf183e8e0,GetClipBox
0xa91599d5,0xa91599d5,GetClipCursor
0xf1842bde,0xf1842bde,GetClipRgn
0xc3878ab9,0xc3878ab9,GetClipboardData
0xa088c1ea,0xa088c1ea,GetClipboardFormatNameA
0xa088c200,0xa088c200,GetClipboardFormatNameW
0x354be70a,0x354be70a,GetClipboardOwner
0xe62f1f81,0xe62f1f81,GetClipboardSequenceNumber
0xee1ae971,0xee1ae971,GetClipboardViewer
0x8c0d19cd,0x8c0d19cd,GetColorAdjustment
0xa12df83a,0xa12df83a,GetColorSpace
0x53e38339,0x53e38339,GetComPlusPackageInstallStatus
0xdc30c034,0xdc30c034,GetComboBoxInfo
0xd0348d71,0xd0348d71,GetCommConfig
0x1213e067,0x1213e067,GetCommMask
0x12286bd1,0x12286bd1,GetCommModemStatus
0x41587ea8,0x41587ea8,GetCommProperties
0x5506a05c,0x5506a05c,GetCommState
0x8fabb3f5,0x8fabb3f5,GetCommTimeouts
0x7328ead7,0x7328ead7,GetCommandLineA
0x7328eaed,0x7328eaed,GetCommandLineW
0xec5059e0,0xec5059e0,GetCompressedFileSizeA
0xcf0a5ba9,0xcf0a5ba9,GetCompressedFileSizeTransactedA
0xcf0a5bbf,0xcf0a5bbf,GetCompressedFileSizeTransactedW
0xec5059f6,0xec5059f6,GetCompressedFileSizeW
0xe2f67760,0xe2f67760,GetComputerNameA
0x7a71ebfd,0x7a71ebfd,GetComputerNameExA
0x7a71ec13,0x7a71ec13,GetComputerNameExW
0xe2f67776,0xe2f67776,GetComputerNameW
0x2fb1e10d,0x2fb1e10d,GetConsoleAliasA
0x891f7362,0x891f7362,GetConsoleAliasExesA
0x7ad559a4,0x7ad559a4,GetConsoleAliasExesLengthA
0x7ad559ba,0x7ad559ba,GetConsoleAliasExesLengthW
0x891f7378,0x891f7378,GetConsoleAliasExesW
0x2fb1e123,0x2fb1e123,GetConsoleAliasW
0xe3ae7445,0xe3ae7445,GetConsoleAliasesA
0x868838c7,0x868838c7,GetConsoleAliasesLengthA
0x868838dd,0x868838dd,GetConsoleAliasesLengthW
0xe3ae745b,0xe3ae745b,GetConsoleAliasesW
0xafb31ab5,0xafb31ab5,GetConsoleCP
0x76d467a2,0x76d467a2,GetConsoleCharType
0x58c73654,0x58c73654,GetConsoleCommandHistoryA
0x92540a16,0x92540a16,GetConsoleCommandHistoryLengthA
0x92540a2c,0x92540a2c,GetConsoleCommandHistoryLengthW
0x58c7366a,0x58c7366a,GetConsoleCommandHistoryW
0x590bd72c,0x590bd72c,GetConsoleCursorInfo
0x590e0ca5,0x590e0ca5,GetConsoleCursorMode
0x71a64e9d,0x71a64e9d,GetConsoleDisplayMode
0x74e29885,0x74e29885,GetConsoleFontInfo
0x74e80194,0x74e80194,GetConsoleFontSize
0x48a330f1,0x48a330f1,GetConsoleHardwareState
0x46b4aaa0,0x46b4aaa0,GetConsoleHistoryInfo
0x6f62e976,0x6f62e976,GetConsoleInputExeNameA
0x6f62e98c,0x6f62e98c,GetConsoleInputExeNameW
0x33b7e8d3,0x33b7e8d3,GetConsoleInputWaitHandle
0xba6b76d3,0xba6b76d3,GetConsoleKeyboardLayoutNameA
0xba6b76e9,0xba6b76e9,GetConsoleKeyboardLayoutNameW
0x68ea1c87,0x68ea1c87,GetConsoleMode
0xf5e91b4,0x0f5e91b4,GetConsoleNlsMode
0x3671137a,0x3671137a,GetConsoleOriginalTitleA
0x36711390,0x36711390,GetConsoleOriginalTitleW
0x9ecdc066,0x9ecdc066,GetConsoleOutputCP
0x13cc4f7d,0x13cc4f7d,GetConsoleProcessList
0x10b354a8,0x10b354a8,GetConsoleScreenBufferInfo
0xadb27e5,0x0adb27e5,GetConsoleScreenBufferInfoEx
0x2ab57f94,0x2ab57f94,GetConsoleSelectionInfo
0x5bd3d0a5,0x5bd3d0a5,GetConsoleTitleA
0x5bd3d0bb,0x5bd3d0bb,GetConsoleTitleW
0x62cfdf9a,0x62cfdf9a,GetConsoleWindow
0x7626a2de,0x7626a2de,GetConvertStg
0x75f15d5c,0x75f15d5c,GetCorePrinterDriversA
0x75f15d72,0x75f15d72,GetCorePrinterDriversW
0xa4b38424,0xa4b38424,GetCurrencyFormatA
0x3b240980,0x3b240980,GetCurrencyFormatEx
0xa4b3843a,0xa4b3843a,GetCurrencyFormatW
0x34825899,0x34825899,GetCurrentActCtx
0xaf0d13df,0xaf0d13df,GetCurrentClockTransactionManager
0xad30c0bc,0xad30c0bc,GetCurrentConsoleFont
0xbc63e8f9,0xbc63e8f9,GetCurrentConsoleFontEx
0x4976cc08,0x4976cc08,GetCurrentDirectoryA
0x4976cc1e,0x4976cc1e,GetCurrentDirectoryW
0xe39dd4c3,0xe39dd4c3,GetCurrentHwProfileA
0xe39dd4d9,0xe39dd4d9,GetCurrentHwProfileW
0x55130369,0x55130369,GetCurrentObject
0x7beb9924,0x7beb9924,GetCurrentPositionEx
0x6a19a1d1,0x6a19a1d1,GetCurrentProcess
0xbec5e151,0xbec5e151,GetCurrentProcessExplicitAppUserModelID
0x570963be,0x570963be,GetCurrentProcessId
0x1c5ae91b,0x1c5ae91b,GetCurrentProcessorNumber
0x9eb9a518,0x9eb9a518,GetCurrentProcessorNumberEx
0x612dc44a,0x612dc44a,GetCurrentThread
0x63b00877,0x63b00877,GetCurrentThreadId
0x558cd1ed,0x558cd1ed,GetCursor
0x7c9dffe4,0x7c9dffe4,GetCursorFrameInfo
0x12775d39,0x12775d39,GetCursorInfo
0x6d2a859f,0x6d2a859f,GetCursorPos
0x6a13e3d6,0x6a13e3d6,GetDC
0x7c7a9c39,0x7c7a9c39,GetDCBrushColor
0x3e9c3a93,0x3e9c3a93,GetDCEx
0x5696b4a7,0x5696b4a7,GetDCHook
0x29ed77bb,0x29ed77bb,GetDCOrgEx
0xd42daab8,0xd42daab8,GetDCPenColor
0xf686e0f4,0xf686e0f4,GetDCRegionData
0x219edb2b,0x219edb2b,GetDDSurfaceLocal
0x2559fc5,0x02559fc5,GetDIBColorTable
0x56ffe48e,0x56ffe48e,GetDIBits
0xd8223fd7,0xd8223fd7,GetDateFormatA
0xdc6a3b93,0xdc6a3b93,GetDateFormatEx
0xd8223fed,0xd8223fed,GetDateFormatW
0x86922e17,0x86922e17,GetDefaultCommConfigA
0x86922e2d,0x86922e2d,GetDefaultCommConfigW
0xe47a53f9,0xe47a53f9,GetDefaultPrinterA
0xe47a540f,0xe47a540f,GetDefaultPrinterW
0x9d1c9481,0x9d1c9481,GetDesktopWindow
0x610f2be6,0x610f2be6,GetDeviceCaps
0xaa8ef432,0xaa8ef432,GetDeviceGammaRamp
0x113ff54c,0x113ff54c,GetDeviceID
0x7a1f318d,0x7a1f318d,GetDevicePowerState
0x66399a8d,0x66399a8d,GetDialogBaseUnits
0x2a162fa9,0x2a162fa9,GetDiskFreeSpaceA
0x860da86,0x0860da86,GetDiskFreeSpaceExA
0x860da9c,0x0860da9c,GetDiskFreeSpaceExW
0x2a162fbf,0x2a162fbf,GetDiskFreeSpaceW
0x25683503,0x25683503,GetDisplayConfigBufferSizes
0x1f9dbd08,0x1f9dbd08,GetDlgCtrlID
0x3e566935,0x3e566935,GetDlgItem
0xe0481a00,0xe0481a00,GetDlgItemInt
0x1378d43b,0x1378d43b,GetDlgItemTextA
0x1378d451,0x1378d451,GetDlgItemTextW
0x78bde6e1,0x78bde6e1,GetDllDirectoryA
0x78bde6f7,0x78bde6f7,GetDllDirectoryW
0x790403b,0x0790403b,GetDocumentBitStg
0xfa904bf,0x0fa904bf,GetDoubleClickTime
0x3a843ecc,0x3a843ecc,GetDriveTypeA
0x3a843ee2,0x3a843ee2,GetDriveTypeW
0xaaec8ead,0xaaec8ead,GetDriverModuleHandle
0x6d2eedfe,0x6d2eedfe,GetDurationFormat
0x74a26ebb,0x74a26ebb,GetDurationFormatEx
0x8c7c92e5,0x8c7c92e5,GetDynamicTimeZoneInformation
0xac906555,0xac906555,GetETM
0x76d5576d,0x76d5576d,GetEffectiveClientRect
0x55390796,0x55390796,GetEffectiveRightsFromAclA
0x553907ac,0x553907ac,GetEffectiveRightsFromAclW
0x5a708d92,0x5a708d92,GetEnabledXStateFeatures
0xbf010ebe,0xbf010ebe,GetEncryptedFileMetadata
0xb2f6c552,0xb2f6c552,GetEnhMetaFileA
0xc36b6a23,0xc36b6a23,GetEnhMetaFileBits
0xd402c376,0xd402c376,GetEnhMetaFileDescriptionA
0xd402c38c,0xd402c38c,GetEnhMetaFileDescriptionW
0x599a6eda,0x599a6eda,GetEnhMetaFileHeader
0x8950ce1a,0x8950ce1a,GetEnhMetaFilePaletteEntries
0xb2f6c568,0xb2f6c568,GetEnhMetaFileW
0xf8b7999f,0xf8b7999f,GetEnlistmentId
0x79d31d07,0x79d31d07,GetEnlistmentRecoveryInformation
0x659dadce,0x659dadce,GetEnvironmentStrings
0x195367cf,0x195367cf,GetEnvironmentStringsA
0x195367e5,0x195367e5,GetEnvironmentStringsW
0x1764ce8b,0x1764ce8b,GetEnvironmentVariableA
0x1764cea1,0x1764cea1,GetEnvironmentVariableW
0xe0eb4d1,0x0e0eb4d1,GetEraNameCountedString
0x883a96e5,0x883a96e5,GetErrorInfo
0x883ccc5e,0x883ccc5e,GetErrorMode
0x2480d919,0x2480d919,GetEventLogInformation
0xebe60d78,0xebe60d78,GetExecutionEnvironment
0x35c58ce3,0x35c58ce3,GetExitCodeProcess
0x7e9f951c,0x7e9f951c,GetExitCodeThread
0x798dd3ba,0x798dd3ba,GetExpandedNameA
0x798dd3d0,0x798dd3d0,GetExpandedNameW
0x416de3b0,0x416de3b0,GetExplicitEntriesFromAclA
0x416de3c6,0x416de3c6,GetExplicitEntriesFromAclW
0x810a3ab7,0x810a3ab7,GetFileAttributesA
0xec83e114,0xec83e114,GetFileAttributesExA
0xec83e12a,0xec83e12a,GetFileAttributesExW
0x7e787540,0x7e787540,GetFileAttributesTransactedA
0x7e787556,0x7e787556,GetFileAttributesTransactedW
0x810a3acd,0x810a3acd,GetFileAttributesW
0xdc1d3716,0xdc1d3716,GetFileBandwidthReservation
0x8580167c,0x8580167c,GetFileInformationByHandle
0xe5dfaeb9,0xe5dfaeb9,GetFileInformationByHandleEx
0x877e6fe6,0x877e6fe6,GetFileMUIInfo
0x87821107,0x87821107,GetFileMUIPath
0xf111816,0x0f111816,GetFileNameFromBrowse
0xa611fc88,0xa611fc88,GetFileSecurityA
0xa611fc9e,0xa611fc9e,GetFileSecurityW
0x619730a,0x0619730a,GetFileSize
0xf24266c7,0xf24266c7,GetFileSizeEx
0x619fdbe,0x0619fdbe,GetFileTime
0x61a4231,0x061a4231,GetFileType
0x19df9082,0x19df9082,GetFileVersionInfoA
0xc6243528,0xc6243528,GetFileVersionInfoByHandle
0x1005d59f,0x1005d59f,GetFileVersionInfoExA
0x1005d5b5,0x1005d5b5,GetFileVersionInfoExW
0x29c74a3d,0x29c74a3d,GetFileVersionInfoSizeA
0xb8c2ea1a,0xb8c2ea1a,GetFileVersionInfoSizeExA
0xb8c2ea30,0xb8c2ea30,GetFileVersionInfoSizeExW
0x29c74a53,0x29c74a53,GetFileVersionInfoSizeW
0x19df9098,0x19df9098,GetFileVersionInfoW
0x545cc68f,0x545cc68f,GetFinalPathNameByHandleA
0x545cc6a5,0x545cc6a5,GetFinalPathNameByHandleW
0xf6b1dd48,0xf6b1dd48,GetFirmwareEnvironmentVariableA
0xf6b1dd5e,0xf6b1dd5e,GetFirmwareEnvironmentVariableW
0x124e49ef,0x124e49ef,GetFocus
0xd9a843e0,0xd9a843e0,GetFontData
0x68024a00,0x68024a00,GetFontFileData
0x68053d72,0x68053d72,GetFontFileInfo
0x5271a616,0x5271a616,GetFontLanguageInfo
0x56033e94,0x56033e94,GetFontRealizationInfo
0x58fa6f5a,0x58fa6f5a,GetFontResourceInfo
0x78485af1,0x78485af1,GetFontResourceInfoW
0xca085c0d,0xca085c0d,GetFontUnicodeRanges
0x78e05862,0x78e05862,GetForegroundWindow
0x124e88a4,0x124e88a4,GetFormA
0x124e88ba,0x124e88ba,GetFormW
0xfd45c1b1,0xfd45c1b1,GetFullPathNameA
0x83dc7cba,0x83dc7cba,GetFullPathNameTransactedA
0x83dc7cd0,0x83dc7cd0,GetFullPathNameTransactedW
0xfd45c1c7,0xfd45c1c7,GetFullPathNameW
0x55b09618,0x55b09618,GetGUIThreadInfo
0xc5b764b7,0xc5b764b7,GetGeoInfoA
0xc5b764cd,0xc5b764cd,GetGeoInfoW
0x6bdf8ca4,0x6bdf8ca4,GetGestureConfig
0x4130041f,0x4130041f,GetGestureExtraArgs
0x647d7afa,0x647d7afa,GetGestureInfo
0x50958993,0x50958993,GetGlyphIndicesA
0x509589a9,0x509589a9,GetGlyphIndicesW
0x1fd577d3,0x1fd577d3,GetGlyphOutline
0x1a847274,0x1a847274,GetGlyphOutlineA
0x1a84728a,0x1a84728a,GetGlyphOutlineW
0xcd6b4790,0xcd6b4790,GetGlyphOutlineWow
0xe7186085,0xe7186085,GetGraphicsMode
0xd9a16fcf,0xd9a16fcf,GetGuiResources
0x34fee4f5,0x34fee4f5,GetHGlobalFromILockBytes
0x4ad9d768,0x4ad9d768,GetHGlobalFromStream
0x863b5960,0x863b5960,GetHandleContext
0x25e1dd81,0x25e1dd81,GetHandleInformation
0xdd50d277,0xdd50d277,GetHandleVerifier
0x279b6484,0x279b6484,GetHashInterface
0xcb975e31,0xcb975e31,GetHookInterface
0x7941a9c5,0x7941a9c5,GetHostNameW
0xd53a95a,0x0d53a95a,GetICMProfileA
0xd53a970,0x0d53a970,GetICMProfileW
0x49e7284,0x049e7284,GetIconInfo
0x66aac522,0x66aac522,GetIconInfoExA
0x66aac538,0x66aac538,GetIconInfoExW
0x86a1298b,0x86a1298b,GetInformationCodeAuthzLevelW
0xa54ffb03,0xa54ffb03,GetInformationCodeAuthzPolicyW
0x2ecde9cb,0x2ecde9cb,GetInheritanceSourceA
0x2ecde9e1,0x2ecde9e1,GetInheritanceSourceW
0x4d751639,0x4d751639,GetInputDesktop
0x3571217b,0x3571217b,GetInputLocaleInfo
0xc8823300,0xc8823300,GetInputState
0xb2f96a56,0xb2f96a56,GetInternalWindowPos
0x3e9fb76b,0x3e9fb76b,GetJobA
0x63044f11,0x63044f11,GetJobNamedPropertyValue
0x3e9fb781,0x3e9fb781,GetJobW
0x673ab8f4,0x673ab8f4,GetKBCodePage
0xd65e4b7f,0xd65e4b7f,GetKernelObjectSecurity
0xb728145c,0xb728145c,GetKerningPairs
0x9c2aa01d,0x9c2aa01d,GetKerningPairsA
0x9c2aa033,0x9c2aa033,GetKerningPairsW
0x2009aabf,0x2009aabf,GetKeyNameTextA
0x2009aad5,0x2009aad5,GetKeyNameTextW
0x8eca7939,0x8eca7939,GetKeyState
0x9f06c1e,0x09f06c1e,GetKeyboardLayout
0x2690397a,0x2690397a,GetKeyboardLayoutList
0xf8b71b80,0xf8b71b80,GetKeyboardLayoutNameA
0xf8b71b96,0xf8b71b96,GetKeyboardLayoutNameW
0xd5cbc1,0x00d5cbc1,GetKeyboardState
0x174cef82,0x174cef82,GetKeyboardType
0xb51e5cb3,0xb51e5cb3,GetLargePageMinimum
0x1a0134c7,0x1a0134c7,GetLargestConsoleWindowSize
0xe0e422b3,0xe0e422b3,GetLastActivePopup
0x5f0055ed,0x5f0055ed,GetLastError
0x8725fcff,0x8725fcff,GetLastInputInfo
0x9c9af374,0x9c9af374,GetLayeredWindowAttributes
0x69251bed,0x69251bed,GetLayout
0x71db60b1,0x71db60b1,GetLengthSid
0x533d1f20,0x533d1f20,GetListBoxInfo
0x2e9c4555,0x2e9c4555,GetLocalManagedApplicationData
0x904be62e,0x904be62e,GetLocalManagedApplications
0x4f23c7e9,0x4f23c7e9,GetLocalTime
0x84389fcc,0x84389fcc,GetLocaleInfoA
0xb4c9a28,0x0b4c9a28,GetLocaleInfoEx
0x84389fe2,0x84389fe2,GetLocaleInfoW
0xf6c005dd,0xf6c005dd,GetLogColorSpaceA
0xf6c005f3,0xf6c005f3,GetLogColorSpaceW
0xfdb170ef,0xfdb170ef,GetLogicalDriveStringsA
0xfdb17105,0xfdb17105,GetLogicalDriveStringsW
0xb1b13297,0xb1b13297,GetLogicalDrives
0x9dd7e050,0x9dd7e050,GetLogicalProcessorInformation
0x73513d8d,0x73513d8d,GetLogicalProcessorInformationEx
0xaa505f4e,0xaa505f4e,GetLongPathNameA
0x2a6a8297,0x2a6a8297,GetLongPathNameTransactedA
0x2a6a82ad,0x2a6a82ad,GetLongPathNameTransactedW
0xaa505f64,0xaa505f64,GetLongPathNameW
0xc9b0e83e,0xc9b0e83e,GetMUILanguage
0xf223be6e,0xf223be6e,GetMagnificationDesktopColorEffect
0x8b2c1e9b,0x8b2c1e9b,GetMagnificationDesktopMagnification
0xd8c659af,0xd8c659af,GetMagnificationLensCtxInformation
0xa9d7f300,0xa9d7f300,GetMailslotInfo
0xd6c62076,0xd6c62076,GetManagedApplicationCategories
0x77f5b0c3,0x77f5b0c3,GetManagedApplications
0xda1ec5b2,0xda1ec5b2,GetMapMode
0x351ab436,0x351ab436,GetMaximumProcessorCount
0xce6296a3,0xce6296a3,GetMaximumProcessorGroupCount
0x3ea133a4,0x3ea133a4,GetMenu
0x4d2e63e5,0x4d2e63e5,GetMenuBarInfo
0xab5e0626,0xab5e0626,GetMenuCheckMarkDimensions
0x5ed7c93f,0x5ed7c93f,GetMenuContextHelpId
0xb0321818,0xb0321818,GetMenuDefaultItem
0x4dc3c270,0x4dc3c270,GetMenuInfo
0x2a7e675c,0x2a7e675c,GetMenuItemCount
0xce2a2640,0xce2a2640,GetMenuItemID
0x2aea2e40,0x2aea2e40,GetMenuItemInfoA
0x2aea2e56,0x2aea2e56,GetMenuItemInfoW
0x151b2e1,0x0151b2e1,GetMenuItemRect
0xe306d8f7,0xe306d8f7,GetMenuPosFromID
0x6f43b65,0x06f43b65,GetMenuState
0x961e70bc,0x961e70bc,GetMenuStringA
0x961e70d2,0x961e70d2,GetMenuStringW
0x5944db95,0x5944db95,GetMessageA
0xad151a64,0xad151a64,GetMessageExtraInfo
0xbdea5f26,0xbdea5f26,GetMessagePos
0x7b385b63,0x7b385b63,GetMessageTime
0x5944dbab,0x5944dbab,GetMessageW
0xa5396177,0xa5396177,GetMetaFileA
0x32818365,0x32818365,GetMetaFileBitsEx
0xa539618d,0xa539618d,GetMetaFileW
0xe3b542dd,0xe3b542dd,GetMetaRgn
0x6e72f6af,0x6e72f6af,GetMiterLimit
0xae60f757,0xae60f757,GetModuleFileNameA
0xae60f76d,0xae60f76d,GetModuleFileNameW
0x2fac7f02,0x2fac7f02,GetModuleHandleA
0xccc8641f,0xccc8641f,GetModuleHandleExA
0xccc86435,0xccc86435,GetModuleHandleExW
0x2fac7f18,0x2fac7f18,GetModuleHandleW
0x8514f3a4,0x8514f3a4,GetMonitorInfoA
0x8514f3ba,0x8514f3ba,GetMonitorInfoW
0xc3b29e89,0xc3b29e89,GetMouseMovePointsEx
0xa39ff668,0xa39ff668,GetMultipleTrusteeA
0x85557f39,0x85557f39,GetMultipleTrusteeOperationA
0x85557f4f,0x85557f4f,GetMultipleTrusteeOperationW
0xa39ff67e,0xa39ff67e,GetMultipleTrusteeW
0xe26dfd22,0xe26dfd22,GetNLSVersion
0x35e1d6df,0x35e1d6df,GetNLSVersionEx
0x346c1e2d,0x346c1e2d,GetNameByType
0xc1efe40e,0xc1efe40e,GetNameByTypeA
0xc1efe424,0xc1efe424,GetNameByTypeW
0x57646773,0x57646773,GetNameInfoW
0x5ee12536,0x5ee12536,GetNamedPipeAttribute
0xadcfa192,0xadcfa192,GetNamedPipeClientComputerNameA
0xadcfa1a8,0xadcfa1a8,GetNamedPipeClientComputerNameW
0x9a09082d,0x9a09082d,GetNamedPipeClientProcessId
0x51a82412,0x51a82412,GetNamedPipeClientSessionId
0xb46a4710,0xb46a4710,GetNamedPipeHandleStateA
0xb46a4726,0xb46a4726,GetNamedPipeHandleStateW
0x339de04e,0x339de04e,GetNamedPipeInfo
0x81e75845,0x81e75845,GetNamedPipeServerProcessId
0x3986742a,0x3986742a,GetNamedPipeServerSessionId
0xa9ee75d9,0xa9ee75d9,GetNamedSecurityInfoA
0xdf636cb6,0xdf636cb6,GetNamedSecurityInfoExA
0xdf636ccc,0xdf636ccc,GetNamedSecurityInfoExW
0xa9ee75ef,0xa9ee75ef,GetNamedSecurityInfoW
0xde7d53a7,0xde7d53a7,GetNativeSystemInfo
0xc48bb4e0,0xc48bb4e0,GetNearestColor
0x42c95c88,0x42c95c88,GetNearestPaletteIndex
0x4d42e661,0x4d42e661,GetNextDlgGroupItem
0x4f5765eb,0x4f5765eb,GetNextDlgTabItem
0x82902ed4,0x82902ed4,GetNextVDMCommand
0xa3e028f9,0xa3e028f9,GetNotificationResourceManager
0xa7d4edb7,0xa7d4edb7,GetNotificationResourceManagerAsync
0x3f4f1d20,0x3f4f1d20,GetNumaAvailableMemoryNode
0x4f8aee5d,0x4f8aee5d,GetNumaAvailableMemoryNodeEx
0x589374db,0x589374db,GetNumaHighestNodeNumber
0xb7eecc8f,0xb7eecc8f,GetNumaNodeNumberFromHandle
0x6b0230d2,0x6b0230d2,GetNumaNodeProcessorMask
0x3451b68f,0x3451b68f,GetNumaNodeProcessorMaskEx
0x730bca66,0x730bca66,GetNumaProcessorNode
0x65280523,0x65280523,GetNumaProcessorNodeEx
0x1ab28ffb,0x1ab28ffb,GetNumaProximityNode
0x919683f8,0x919683f8,GetNumaProximityNodeEx
0x5f2aeee2,0x5f2aeee2,GetNumberFormatA
0x4488cbfe,0x4488cbfe,GetNumberFormatEx
0x5f2aeef8,0x5f2aeef8,GetNumberFormatW
0xd556aa6a,0xd556aa6a,GetNumberOfConsoleFonts
0x5f3b3005,0x5f3b3005,GetNumberOfConsoleInputEvents
0xfafa9b38,0xfafa9b38,GetNumberOfConsoleMouseButtons
0x45ea7643,0x45ea7643,GetNumberOfEventLogRecords
0x12ebd2e3,0x12ebd2e3,GetOEMCP
0xe570bf93,0xe570bf93,GetOLEThunkData
0x75f740c7,0x75f740c7,GetObjectA
0x4a052137,0x4a052137,GetObjectFromRotByPath
0xea284fc8,0xea284fc8,GetObjectType
0x75f740dd,0x75f740dd,GetObjectW
0xbd35857d,0xbd35857d,GetOldestEventLogRecord
0x2d9445e8,0x2d9445e8,GetOleaccVersionInfo
0x3c245ea9,0x3c245ea9,GetOpenClipboardWindow
0x55f14324,0x55f14324,GetOpenFileNamePreview
0x1419a7e5,0x1419a7e5,GetOpenFileNamePreviewA
0x1419a7fb,0x1419a7fb,GetOpenFileNamePreviewW
0x386ea32c,0x386ea32c,GetOutlineTextMetricsA
0x386ea342,0x386ea342,GetOutlineTextMetricsW
0x3a8a97c5,0x3a8a97c5,GetOverlappedAccessResults
0xe038be60,0xe038be60,GetOverlappedResult
0x15819eb8,0x15819eb8,GetPaletteEntries
0x7275bc59,0x7275bc59,GetParent
0x3ea2c87c,0x3ea2c87c,GetPath
0x470c64fc,0x470c64fc,GetPhysicalCursorPos
0x14732cef,0x14732cef,GetPhysicallyInstalledSystemMemory
0x13004bf1,0x13004bf1,GetPixel
0xc36cafda,0xc36cafda,GetPixelFormat
0x9060d6ff,0x9060d6ff,GetPolyFillMode
0xb2a76a0a,0xb2a76a0a,GetPrintExecutionData
0x274620f9,0x274620f9,GetPrintOutputInfo
0x95570c32,0x95570c32,GetPrintProcessorDirectoryA
0x95570c48,0x95570c48,GetPrintProcessorDirectoryW
0xef1bc394,0xef1bc394,GetPrinterA
0xd816c9ae,0xd816c9ae,GetPrinterDataA
0x38f009cb,0x38f009cb,GetPrinterDataExA
0x38f009e1,0x38f009e1,GetPrinterDataExW
0xd816c9c4,0xd816c9c4,GetPrinterDataW
0x5b627472,0x5b627472,GetPrinterDriver2A
0x5b627488,0x5b627488,GetPrinterDriver2W
0x5fdc3220,0x5fdc3220,GetPrinterDriverA
0xdb9179d5,0xdb9179d5,GetPrinterDriverDirectoryA
0xdb9179eb,0xdb9179eb,GetPrinterDriverDirectoryW
0xcbe8c919,0xcbe8c919,GetPrinterDriverPackagePathA
0xcbe8c92f,0xcbe8c92f,GetPrinterDriverPackagePathW
0x5fdc3236,0x5fdc3236,GetPrinterDriverW
0xef1bc3aa,0xef1bc3aa,GetPrinterW
0x7219a167,0x7219a167,GetPriorityClass
0x4410b9aa,0x4410b9aa,GetPriorityClipboardFormat
0x963ac9b9,0x963ac9b9,GetPrivateObjectSecurity
0xb516d0a7,0xb516d0a7,GetPrivateProfileIntA
0xb516d0bd,0xb516d0bd,GetPrivateProfileIntW
0x6f6c7b11,0x6f6c7b11,GetPrivateProfileSectionA
0x282fc045,0x282fc045,GetPrivateProfileSectionNamesA
0x282fc05b,0x282fc05b,GetPrivateProfileSectionNamesW
0x6f6c7b27,0x6f6c7b27,GetPrivateProfileSectionW
0x27673dd3,0x27673dd3,GetPrivateProfileStringA
0x27673de9,0x27673de9,GetPrivateProfileStringW
0x276da541,0x276da541,GetPrivateProfileStructA
0x276da557,0x276da557,GetPrivateProfileStructW
0xa2b60c69,0xa2b60c69,GetProcAddress
0x7f1e2674,0x7f1e2674,GetProcessAffinityMask
0x4129e937,0x4129e937,GetProcessDEPPolicy
0xd4c5a431,0xd4c5a431,GetProcessDefaultLayout
0x8fee35b5,0x8fee35b5,GetProcessGroupAffinity
0x44d9ef23,0x44d9ef23,GetProcessHandleCount
0xe2f8d0bf,0xe2f8d0bf,GetProcessHandleFromHwnd
0xfaa6524c,0xfaa6524c,GetProcessHeap
0x4f709c1f,0x4f709c1f,GetProcessHeaps
0x85c126fb,0x85c126fb,GetProcessId
0x237d9e88,0x237d9e88,GetProcessIdOfThread
0xc94f7879,0xc94f7879,GetProcessIoCounters
0x5960e442,0x5960e442,GetProcessPreferredUILanguages
0xce64beb7,0xce64beb7,GetProcessPriorityBoost
0xbcd220be,0xbcd220be,GetProcessShutdownParameters
0x504c2550,0x504c2550,GetProcessTimes
0xe567b531,0xe567b531,GetProcessUserModeExceptionPolicy
0x24ec9814,0x24ec9814,GetProcessVersion
0xe53bdb68,0xe53bdb68,GetProcessWindowStation
0x4af25b36,0x4af25b36,GetProcessWorkingSetSize
0xd0f609f3,0xd0f609f3,GetProcessWorkingSetSizeEx
0x64fc37b3,0x64fc37b3,GetProcessorSystemCycleTime
0x914c34fc,0x914c34fc,GetProductInfo
0xe204058c,0xe204058c,GetProfileIntA
0xe20405a2,0xe20405a2,GetProfileIntW
0x8039a76,0x08039a76,GetProfileSectionA
0x8039a8c,0x08039a8c,GetProfileSectionW
0xe6358498,0xe6358498,GetProfileStringA
0xe63584ae,0xe63584ae,GetProfileStringW
0xf75a761b,0xf75a761b,GetProgmanWindow
0x13051671,0x13051671,GetPropA
0x13051687,0x13051687,GetPropW
0xc017a099,0xc017a099,GetProxyDllInfo
0x9bf5ccf8,0x9bf5ccf8,GetQueueStatus
0x1589e296,0x1589e296,GetQueuedCompletionStatus
0x9f8ce953,0x9f8ce953,GetQueuedCompletionStatusEx
0x3ea41c32,0x3ea41c32,GetROP2
0x74677837,0x74677837,GetRandomRgn
0x79e431e1,0x79e431e1,GetRasterizerCaps
0xfc8d2c63,0xfc8d2c63,GetRawInputBuffer
0x1e532da3,0x1e532da3,GetRawInputData
0x8a41b646,0x8a41b646,GetRawInputDeviceInfoA
0x8a41b65c,0x8a41b65c,GetRawInputDeviceInfoW
0x4321af5,0x04321af5,GetRawInputDeviceList
0x300b7c30,0x300b7c30,GetReasonTitleFromReasonCode
0xde68f36d,0xde68f36d,GetRegionData
0xb74daa7a,0xb74daa7a,GetRegisteredRawInputDevices
0x776512c8,0x776512c8,GetRelAbs
0x778a627f,0x778a627f,GetRgnBox
0xb1d29e67,0xb1d29e67,GetRngInterface
0xc8b7fe47,0xc8b7fe47,GetRoleTextA
0xc8b7fe5d,0xc8b7fe5d,GetRoleTextW
0x196e38cf,0x196e38cf,GetRunningObjectTable
0x8db9b5c2,0x8db9b5c2,GetSaveFileNamePreviewA
0x8db9b5d8,0x8db9b5d8,GetSaveFileNamePreviewW
0x9b8b687f,0x9b8b687f,GetScrollBarInfo
0xe70b7d4a,0xe70b7d4a,GetScrollInfo
0xec26790,0x0ec26790,GetScrollPos
0xc917036b,0xc917036b,GetScrollRange
0x8792a97e,0x8792a97e,GetSecretAgreementInterface
0xc2da2967,0xc2da2967,GetSecurityDescriptorControl
0xeda0b7ba,0xeda0b7ba,GetSecurityDescriptorDacl
0xa1f77f73,0xa1f77f73,GetSecurityDescriptorGroup
0xeba53348,0xeba53348,GetSecurityDescriptorLength
0xa28afb11,0xa28afb11,GetSecurityDescriptorOwner
0x82212ce6,0x82212ce6,GetSecurityDescriptorRMControl
0xeda8f169,0xeda8f169,GetSecurityDescriptorSacl
0x1df34513,0x1df34513,GetSecurityInfo
0x62f4c151,0x62f4c151,GetSecurityInfoExA
0x62f4c167,0x62f4c167,GetSecurityInfoExW
0x53693e92,0x53693e92,GetSecurityUserInfo
0x2d11e613,0x2d11e613,GetSendMessageReceiver
0xb179db80,0xb179db80,GetService
0xe0b54bc1,0xe0b54bc1,GetServiceA
0xee5c2338,0xee5c2338,GetServiceDisplayNameA
0xee5c234e,0xee5c234e,GetServiceDisplayNameW
0x995ca60b,0x995ca60b,GetServiceKeyNameA
0x995ca621,0x995ca621,GetServiceKeyNameW
0xe0b54bd7,0xe0b54bd7,GetServiceW
0x4741773f,0x4741773f,GetShellWindow
0x3ca68a0e,0x3ca68a0e,GetShortPathNameA
0x3ca68a24,0x3ca68a24,GetShortPathNameW
0x6b38919b,0x6b38919b,GetSidIdentifierAuthority
0xba5c3c72,0xba5c3c72,GetSidLengthRequired
0x9c5ca2a2,0x9c5ca2a2,GetSidSubAuthority
0x185ec78b,0x185ec78b,GetSidSubAuthorityCount
0xeeea4df2,0xeeea4df2,GetSignatureInterface
0x1237ec28,0x1237ec28,GetSpoolFileHandle
0xf2a263cf,0xf2a263cf,GetStartupInfoA
0xf2a263e5,0xf2a263e5,GetStartupInfoW
0x640dad96,0x640dad96,GetStateTextA
0x640dadac,0x640dadac,GetStateTextW
0x7857f346,0x7857f346,GetStdHandle
0x5627d6ca,0x5627d6ca,GetStockObject
0xedea81f3,0xedea81f3,GetStretchBltMode
0x306d532e,0x306d532e,GetStringScripts
0x12bbba09,0x12bbba09,GetStringTypeA
0xb0927ce6,0xb0927ce6,GetStringTypeExA
0xb0927cfc,0xb0927cfc,GetStringTypeExW
0x12bbba1f,0x12bbba1f,GetStringTypeW
0xd5a5de8e,0xd5a5de8e,GetSubMenu
0x8b3b4f53,0x8b3b4f53,GetSurfaceFromDC
0x45ec4932,0x45ec4932,GetSymLoadError
0xe542d3cd,0xe542d3cd,GetSysColor
0x9208f8d1,0x9208f8d1,GetSysColorBrush
0x76a31b7d,0x76a31b7d,GetSystemDEPPolicy
0x15c92115,0x15c92115,GetSystemDefaultLCID
0xac745da8,0xac745da8,GetSystemDefaultLangID
0xd695042a,0xd695042a,GetSystemDefaultLocaleName
0x932c4c5b,0x932c4c5b,GetSystemDefaultUILanguage
0x8b51c36a,0x8b51c36a,GetSystemDirectoryA
0x8b51c380,0x8b51c380,GetSystemDirectoryW
0xc21ad1c3,0xc21ad1c3,GetSystemFileCacheSize
0x9903f4f9,0x9903f4f9,GetSystemFirmwareTable
0x46a03420,0x46a03420,GetSystemInfo
0x46a24069,0x46a24069,GetSystemMenu
0x7f20012b,0x7f20012b,GetSystemMetrics
0xcb9925bd,0xcb9925bd,GetSystemPaletteEntries
0xb6044e90,0xb6044e90,GetSystemPaletteUse
0x1535c7e5,0x1535c7e5,GetSystemPowerStatus
0x7c025ec8,0x7c025ec8,GetSystemPreferredUILanguages
0xa7f1fed7,0xa7f1fed7,GetSystemRegistryQuota
0x46a627e3,0x46a627e3,GetSystemTime
0x4889d202,0x4889d202,GetSystemTimeAdjustment
0xbdb2a006,0xbdb2a006,GetSystemTimeAsFileTime
0x1b6b2496,0x1b6b2496,GetSystemTimes
0x8f06a6d5,0x8f06a6d5,GetSystemWindowsDirectoryA
0x8f06a6eb,0x8f06a6eb,GetSystemWindowsDirectoryW
0x86c5abb1,0x86c5abb1,GetSystemWow64DirectoryA
0x86c5abc7,0x86c5abc7,GetSystemWow64DirectoryW
0x249b5e4f,0x249b5e4f,GetTabbedTextExtentA
0x249b5e65,0x249b5e65,GetTabbedTextExtentW
0xd8f4a0cd,0xd8f4a0cd,GetTapeParameters
0x181f222e,0x181f222e,GetTapePosition
0x38b3bbfd,0x38b3bbfd,GetTapeStatus
0x1a4a8236,0x1a4a8236,GetTaskmanWindow
0x412a4787,0x412a4787,GetTempFileNameA
0x412a479d,0x412a479d,GetTempFileNameW
0xdd76e513,0xdd76e513,GetTempPathA
0xdd76e529,0xdd76e529,GetTempPathW
0x34828d9f,0x34828d9f,GetTextAlign
0x79143ac5,0x79143ac5,GetTextCharacterExtra
0xef71aafe,0xef71aafe,GetTextCharset
0x565456ca,0x565456ca,GetTextCharsetInfo
0x34a87193,0x34a87193,GetTextColor
0x8d6639b4,0x8d6639b4,GetTextExtentExPointA
0x8d6639bc,0x8d6639bc,GetTextExtentExPointI
0x8d6639ca,0x8d6639ca,GetTextExtentExPointW
0xef0d989c,0xef0d989c,GetTextExtentPoint32A
0xef0d98b2,0xef0d98b2,GetTextExtentPoint32W
0x177e03b7,0x177e03b7,GetTextExtentPointA
0x177e03bf,0x177e03bf,GetTextExtentPointI
0x177e03cd,0x177e03cd,GetTextExtentPointW
0x34d6e624,0x34d6e624,GetTextFaceA
0x34d6e63a,0x34d6e63a,GetTextFaceW
0x5d97250c,0x5d97250c,GetTextMetricsA
0x5d972522,0x5d972522,GetTextMetricsW
0xc13a0f4c,0xc13a0f4c,GetThreadContext
0xf7367f81,0xf7367f81,GetThreadDesktop
0xceddc4f6,0xceddc4f6,GetThreadErrorMode
0x5cae652e,0x5cae652e,GetThreadGroupAffinity
0x8282115e,0x8282115e,GetThreadIOPendingFlag
0xb2add814,0xb2add814,GetThreadId
0x52630323,0x52630323,GetThreadIdealProcessorEx
0x8f302577,0x8f302577,GetThreadLocale
0xf53d19b,0x0f53d19b,GetThreadPreferredUILanguages
0xc2c51a49,0xc2c51a49,GetThreadPriority
0x9b24ee30,0x9b24ee30,GetThreadPriorityBoost
0x371acdfa,0x371acdfa,GetThreadSelectorEntry
0xc6d4ebc9,0xc6d4ebc9,GetThreadTimes
0x9e73569,0x09e73569,GetThreadUILanguage
0xa509d41f,0xa509d41f,GetThreadWaitChain
0x802a81c3,0x802a81c3,GetTickCount
0x34d205ad,0x34d205ad,GetTickCount64
0x1edb05e8,0x1edb05e8,GetTimeFormatA
0xfa3bc3c4,0xfa3bc3c4,GetTimeFormatEx
0x1edb05fe,0x1edb05fe,GetTimeFormatW
0x67455180,0x67455180,GetTimeZoneInformation
0xa79c9d38,0xa79c9d38,GetTimeZoneInformationForYear
0x5f58f168,0x5f58f168,GetTimestampForLoadedLibrary
0x49acf972,0x49acf972,GetTitleBarInfo
0x5e270216,0x5e270216,GetTokenInformation
0x9e729992,0x9e729992,GetTopLevelWindow
0xed43ada,0x0ed43ada,GetTopWindow
0x83129a2e,0x83129a2e,GetTouchInputInfo
0x64c51912,0x64c51912,GetTraceEnableFlags
0x652e2e7d,0x652e2e7d,GetTraceEnableLevel
0xaeecb4ea,0xaeecb4ea,GetTraceLoggerHandle
0x6b39f062,0x6b39f062,GetTransactionId
0xdac0f97b,0xdac0f97b,GetTransactionInformation
0xb8158f9d,0xb8158f9d,GetTransactionManagerId
0x3ca27dab,0x3ca27dab,GetTransform
0xf4aa08f0,0xf4aa08f0,GetTrusteeFormA
0xf4aa0906,0xf4aa0906,GetTrusteeFormW
0xf533095d,0xf533095d,GetTrusteeNameA
0xf5330973,0xf5330973,GetTrusteeNameW
0xf5acd23e,0xf5acd23e,GetTrusteeTypeA
0xf5acd254,0xf5acd254,GetTrusteeTypeW
0xfd17eaed,0xfd17eaed,GetTypeByName
0xa01548ce,0xa01548ce,GetTypeByNameA
0xa01548e4,0xa01548e4,GetTypeByNameW
0x1f83071d,0x1f83071d,GetUILanguageInfo
0xca58c800,0xca58c800,GetUpdateRect
0xa1488279,0xa1488279,GetUpdateRgn
0x8e896c82,0x8e896c82,GetUpdatedClipboardFormats
0xad9fccd9,0xad9fccd9,GetUrlCacheConfigInfoA
0xad9fccef,0xad9fccef,GetUrlCacheConfigInfoW
0xdc78602c,0xdc78602c,GetUrlCacheEntryBinaryBlob
0xa647935,0x0a647935,GetUrlCacheEntryInfoA
0x3567b712,0x3567b712,GetUrlCacheEntryInfoExA
0x3567b728,0x3567b728,GetUrlCacheEntryInfoExW
0xa64794b,0x0a64794b,GetUrlCacheEntryInfoW
0xf2a7e638,0xf2a7e638,GetUrlCacheGroupAttributeA
0xf2a7e64e,0xf2a7e64e,GetUrlCacheGroupAttributeW
0x118833d9,0x118833d9,GetUrlCacheHeaderData
0xaac09c8f,0xaac09c8f,GetUserDefaultLCID
0x5d389fa2,0x5d389fa2,GetUserDefaultLangID
0xf33db324,0xf33db324,GetUserDefaultLocaleName
0xafd4fb55,0xafd4fb55,GetUserDefaultUILanguage
0xd9c4a576,0xd9c4a576,GetUserGeoID
0xda411670,0xda411670,GetUserNameA
0x6ee08f0d,0x6ee08f0d,GetUserNameExA
0x6ee08f23,0x6ee08f23,GetUserNameExW
0xda411686,0xda411686,GetUserNameW
0x21f0ccac,0x21f0ccac,GetUserObjectInformationA
0x21f0ccc2,0x21f0ccc2,GetUserObjectInformationW
0xd46d18bd,0xd46d18bd,GetUserObjectSecurity
0x979d6382,0x979d6382,GetUserPreferredUILanguages
0xb26fc616,0xb26fc616,GetVDMCurrentDirectories
0x9866ee35,0x9866ee35,GetVersion
0x9466f33,0x09466f33,GetVersionExA
0x9466f49,0x09466f49,GetVersionExW
0x9bc6313d,0x9bc6313d,GetViewportExtEx
0x9c77a4b4,0x9c77a4b4,GetViewportOrgEx
0xe9d1ff6e,0xe9d1ff6e,GetVolumeInformationA
0x7e3756b,0x07e3756b,GetVolumeInformationByHandleW
0xe9d1ff84,0xe9d1ff84,GetVolumeInformationW
0x7de7cac5,0x7de7cac5,GetVolumeNameForVolumeMountPointA
0x7de7cadb,0x7de7cadb,GetVolumeNameForVolumeMountPointW
0x5d7f756,0x05d7f756,GetVolumePathNameA
0x5d7f76c,0x05d7f76c,GetVolumePathNameW
0x72edf569,0x72edf569,GetVolumePathNamesForVolumeNameA
0x72edf57f,0x72edf57f,GetVolumePathNamesForVolumeNameW
0xf26a3a96,0xf26a3a96,GetWinMetaFileBits
0x449fe72b,0x449fe72b,GetWinStationInfo
0x83586727,0x83586727,GetWindow
0x50ae61cf,0x50ae61cf,GetWindowCompositionAttribute
0x7c439947,0x7c439947,GetWindowCompositionInfo
0x724759a2,0x724759a2,GetWindowContextHelpId
0xbb0ed5ee,0xbb0ed5ee,GetWindowDC
0x820ee197,0x820ee197,GetWindowDisplayAffinity
0xfdbc4235,0xfdbc4235,GetWindowExtEx
0xba1eff73,0xba1eff73,GetWindowInfo
0xfe35e4f8,0xfe35e4f8,GetWindowLongA
0xfe35e50e,0xfe35e50e,GetWindowLongW
0xa923f457,0xa923f457,GetWindowMinimizeRect
0x8fd2426e,0x8fd2426e,GetWindowModuleFileName
0x8a1a906f,0x8a1a906f,GetWindowModuleFileNameA
0x8a1a9085,0x8a1a9085,GetWindowModuleFileNameW
0xfe6db5ac,0xfe6db5ac,GetWindowOrgEx
0x5ba5f920,0x5ba5f920,GetWindowPlacement
0xba23c835,0xba23c835,GetWindowRect
0x17e07d85,0x17e07d85,GetWindowRegionData
0x1ce9d00e,0x1ce9d00e,GetWindowRgn
0xd260a097,0xd260a097,GetWindowRgnBox
0xfe9e14cb,0xfe9e14cb,GetWindowRgnEx
0xfec1596d,0xfec1596d,GetWindowTextA
0x68c5bef,0x068c5bef,GetWindowTextLengthA
0x68c5c05,0x068c5c05,GetWindowTextLengthW
0xfec15983,0xfec15983,GetWindowTextW
0xa81bb8ab,0xa81bb8ab,GetWindowThreadProcessId
0xba26b283,0xba26b283,GetWindowWord
0x11866f7f,0x11866f7f,GetWindowsAccountDomainSid
0xb245c1f0,0xb245c1f0,GetWindowsDirectoryA
0xb245c206,0xb245c206,GetWindowsDirectoryW
0x616014b3,0x616014b3,GetWorldTransform
0xed81bbf1,0xed81bbf1,GetWriteWatch
0x8e461213,0x8e461213,GetXStateFeaturesMask
0xca54b6d6,0xca54b6d6,GetdfDIJoystick
0x4e185aea,0x4e185aea,GhostWindowFromHungWindow
0xfa89a1bb,0xfa89a1bb,GlobalAddAtomA
0xfa89a1d1,0xfa89a1d1,GlobalAddAtomW
0xc2cfcf0b,0xc2cfcf0b,GlobalAlloc
0x57065687,0x57065687,GlobalCompact
0xd9518ca4,0xd9518ca4,GlobalDeleteAtom
0x36e60693,0x36e60693,GlobalFindAtomA
0x36e606a9,0x36e606a9,GlobalFindAtomW
0x46b3df47,0x46b3df47,GlobalFix
0xc32a19cd,0xc32a19cd,GlobalFlags
0x1d2fec42,0x1d2fec42,GlobalFree
0x727432b3,0x727432b3,GlobalGetAtomNameA
0x727432c9,0x727432c9,GlobalGetAtomNameW
0x2c57aaac,0x2c57aaac,GlobalHandle
0x1d332989,0x1d332989,GlobalLock
0x125af59d,0x125af59d,GlobalMemoryStatus
0x14eeda1a,0x14eeda1a,GlobalMemoryStatusEx
0xc1812842,0xc1812842,GlobalReAlloc
0x1d36e99b,0x1d36e99b,GlobalSize
0x4b9afeda,0x4b9afeda,GlobalUnWire
0xc43ab7aa,0xc43ab7aa,GlobalUnfix
0x4b950e4c,0x4b950e4c,GlobalUnlock
0x1d391a17,0x1d391a17,GlobalWire
0x6ad33bdd,0x6ad33bdd,GopherCreateLocatorA
0x6ad33bf3,0x6ad33bf3,GopherCreateLocatorW
0x19aed67e,0x19aed67e,GopherFindFirstFileA
0x19aed694,0x19aed694,GopherFindFirstFileW
0x6a8e0ea9,0x6a8e0ea9,GopherGetAttributeA
0x6a8e0ebf,0x6a8e0ebf,GopherGetAttributeW
0xcd8fb3ab,0xcd8fb3ab,GopherGetLocatorTypeA
0xcd8fb3c1,0xcd8fb3c1,GopherGetLocatorTypeW
0x7c74cc47,0x7c74cc47,GopherOpenFileA
0x7c74cc5d,0x7c74cc5d,GopherOpenFileW
0x537251c4,0x537251c4,GradientFill
0x339eb57a,0x339eb57a,GrayStringA
0x339eb590,0x339eb590,GrayStringW
0x10691fe7,0x10691fe7,GroupMembers
0xd3fe15cf,0xd3fe15cf,HACCEL_UserFree
0xcbdaccb9,0xcbdaccb9,HACCEL_UserFree64
0x3b5794d5,0x3b5794d5,HACCEL_UserMarshal
0x6f90253f,0x6f90253f,HACCEL_UserMarshal64
0xd4051328,0xd4051328,HACCEL_UserSize
0xe9968452,0xe9968452,HACCEL_UserSize64
0x68aa35f8,0x68aa35f8,HACCEL_UserUnmarshal
0x3c0f9b22,0x3c0f9b22,HACCEL_UserUnmarshal64
0xe40b7597,0xe40b7597,HASH_Begin
0xe4218763,0xe4218763,HASH_Clone
0x68b955e6,0x68b955e6,HASH_Create
0xaf92fa9c,0xaf92fa9c,HASH_Destroy
0xc87f01c9,0xc87f01c9,HASH_End
0x304def3a,0x304def3a,HASH_GetHMACOidTagByHashOidTag
0x778da697,0x778da697,HASH_GetHMACOidTagByHashOidTag_Util
0xb51feaed,0xb51feaed,HASH_GetHashObject
0x642dc740,0x642dc740,HASH_GetHashObjectByOidTag
0x8b0897ba,0x8b0897ba,HASH_GetHashOidTagByHMACOidTag
0xa3c59f17,0xa3c59f17,HASH_GetHashOidTagByHMACOidTag_Util
0xfdb522cf,0xfdb522cf,HASH_GetHashOidTagByHashType
0xffd5f4c,0x0ffd5f4c,HASH_GetHashOidTagByHashType_Util
0x2a1ec44b,0x2a1ec44b,HASH_GetHashTypeByOidTag
0x15d34e48,0x15d34e48,HASH_GetHashTypeByOidTag_Util
0x9693e734,0x9693e734,HASH_GetType
0xda207333,0xda207333,HASH_HashBuf
0x40f56510,0x40f56510,HASH_ResultLen
0x2fe0b463,0x2fe0b463,HASH_ResultLenByOidTag
0x9be73b95,0x9be73b95,HASH_ResultLenContext
0x929173d5,0x929173d5,HASH_Update
0xad68f854,0xad68f854,HBITMAP_UserFree
0xab88647e,0xab88647e,HBITMAP_UserFree64
0x10b8253a,0x10b8253a,HBITMAP_UserMarshal
0x1f5662e4,0x1f5662e4,HBITMAP_UserMarshal64
0xad6ff5ad,0xad6ff5ad,HBITMAP_UserSize
0xc9441c17,0xc9441c17,HBITMAP_UserSize64
0x1870739d,0x1870739d,HBITMAP_UserUnmarshal
0xf65bd607,0xf65bd607,HBITMAP_UserUnmarshal64
0x61d413db,0x61d413db,HBRUSH_UserFree
0x27287dc5,0x27287dc5,HBRUSH_UserFree64
0x5b6761,0x005b6761,HBRUSH_UserMarshal
0x84d2cacb,0x84d2cacb,HBRUSH_UserMarshal64
0x61db1134,0x61db1134,HBRUSH_UserSize
0x44e4355e,0x44e4355e,HBRUSH_UserSize64
0x7decdb84,0x7decdb84,HBRUSH_UserUnmarshal
0xac91d3ae,0xac91d3ae,HBRUSH_UserUnmarshal64
0xbe2ba6be,0xbe2ba6be,HDC_UserFree
0xf7b05568,0xf7b05568,HDC_UserFree64
0xe1de3364,0xe1de3364,HDC_UserMarshal
0xd238a38e,0xd238a38e,HDC_UserMarshal64
0xbe32a417,0xbe32a417,HDC_UserSize
0x156c0d01,0x156c0d01,HDC_UserSize64
0xcb52b447,0xcb52b447,HDC_UserUnmarshal
0xead0e931,0xead0e931,HDC_UserUnmarshal64
0x4f4ca939,0x4f4ca939,HENHMETAFILE_UserFree
0x551be2a3,0x551be2a3,HENHMETAFILE_UserFree64
0xecbb67ff,0xecbb67ff,HENHMETAFILE_UserMarshal
0x9356ae9,0x09356ae9,HENHMETAFILE_UserMarshal64
0x4f53a692,0x4f53a692,HENHMETAFILE_UserSize
0x72d79a3c,0x72d79a3c,HENHMETAFILE_UserSize64
0x24f7ba2,0x024f7ba2,HENHMETAFILE_UserUnmarshal
0xd41cf34c,0xd41cf34c,HENHMETAFILE_UserUnmarshal64
0xd81452c8,0xd81452c8,HGLOBAL_UserFree
0x2e742bf2,0x2e742bf2,HGLOBAL_UserFree64
0xf11cdb2e,0xf11cdb2e,HGLOBAL_UserMarshal
0xabc065d8,0xabc065d8,HGLOBAL_UserMarshal64
0xd81b5021,0xd81b5021,HGLOBAL_UserSize
0x4c2fe38b,0x4c2fe38b,HGLOBAL_UserSize64
0xa4da7691,0xa4da7691,HGLOBAL_UserUnmarshal
0x455265fb,0x455265fb,HGLOBAL_UserUnmarshal64
0x970eace0,0x970eace0,HICON_UserFree
0x956d6c0a,0x956d6c0a,HICON_UserFree64
0x373e1e46,0x373e1e46,HICON_UserMarshal
0xff3ecef0,0xff3ecef0,HICON_UserMarshal64
0x9715aa39,0x9715aa39,HICON_UserSize
0xb32923a3,0xb32923a3,HICON_UserSize64
0xf858dfa9,0xf858dfa9,HICON_UserUnmarshal
0x720f7513,0x720f7513,HICON_UserUnmarshal64
0xcd5ed04c,0xcd5ed04c,HMENU_UserFree
0xa0541a76,0xa0541a76,HMENU_UserFree64
0x9efa9a32,0x9efa9a32,HMENU_UserMarshal
0x4809f5dc,0x4809f5dc,HMENU_UserMarshal64
0xcd65cda5,0xcd65cda5,HMENU_UserSize
0xbe0fd20f,0xbe0fd20f,HMENU_UserSize64
0x41240695,0x41240695,HMENU_UserUnmarshal
0x1a4006ff,0x1a4006ff,HMENU_UserUnmarshal64
0x699f962e,0x699f962e,HMETAFILEPICT_UserFree
0x4fdde0d8,0x4fdde0d8,HMETAFILEPICT_UserFree64
0x3fbd2cd4,0x3fbd2cd4,HMETAFILEPICT_UserMarshal
0x23bbb8fe,0x23bbb8fe,HMETAFILEPICT_UserMarshal64
0x69a69387,0x69a69387,HMETAFILEPICT_UserSize
0x6d999871,0x6d999871,HMETAFILEPICT_UserSize64
0x1cd5c9b7,0x1cd5c9b7,HMETAFILEPICT_UserUnmarshal
0xa96f1aa1,0xa96f1aa1,HMETAFILEPICT_UserUnmarshal64
0x974f5f5e,0x974f5f5e,HMETAFILE_UserFree
0xa8a4b608,0xa8a4b608,HMETAFILE_UserFree64
0xb15ea804,0xb15ea804,HMETAFILE_UserMarshal
0x83a8c02e,0x83a8c02e,HMETAFILE_UserMarshal64
0x97565cb7,0x97565cb7,HMETAFILE_UserSize
0xc6606da1,0xc6606da1,HMETAFILE_UserSize64
0x7cc2d0e7,0x7cc2d0e7,HMETAFILE_UserUnmarshal
0xb8baadd1,0xb8baadd1,HMETAFILE_UserUnmarshal64
0x7938afbf,0x7938afbf,HMONITOR_UserFree
0xaa23a2a9,0xaa23a2a9,HMONITOR_UserFree64
0xe2bb28c5,0xe2bb28c5,HMONITOR_UserMarshal
0x7e28752f,0x7e28752f,HMONITOR_UserMarshal64
0x793fad18,0x793fad18,HMONITOR_UserSize
0xc7df5a42,0xc7df5a42,HMONITOR_UserSize64
0x774285e8,0x774285e8,HMONITOR_UserUnmarshal
0x51fba712,0x51fba712,HMONITOR_UserUnmarshal64
0x6239b326,0x6239b326,HPALETTE_UserFree
0xd7731bd0,0xd7731bd0,HPALETTE_UserFree64
0xc5d6da97,0xc5d6da97,HPALETTE_UserFreeExt
0xb9f9c6cc,0xb9f9c6cc,HPALETTE_UserMarshal
0x1f86b0f6,0x1f86b0f6,HPALETTE_UserMarshal64
0x105d147d,0x105d147d,HPALETTE_UserMarshalExt
0x6240b07f,0x6240b07f,HPALETTE_UserSize
0xf52ed369,0xf52ed369,HPALETTE_UserSize64
0x9b098550,0x9b098550,HPALETTE_UserSizeExt
0x18a0c1af,0x18a0c1af,HPALETTE_UserUnmarshal
0xc3d7f099,0xc3d7f099,HPALETTE_UserUnmarshal64
0x3ed64880,0x3ed64880,HPALETTE_UserUnmarshalExt
0x7f3deade,0x7f3deade,HRGN_UserFree
0x70b8384,0x070b8384,HRGN_UserMarshal
0x7f44e837,0x7f44e837,HRGN_UserSize
0xf1148c67,0xf1148c67,HRGN_UserUnmarshal
0xf3c1da67,0xf3c1da67,HTTPSCertificateTrust
0xdc02e7f3,0xdc02e7f3,HTTPSFinalProv
0xf11e0740,0xf11e0740,HWND_UserFree
0xb0bcde6a,0xb0bcde6a,HWND_UserFree64
0x41336f5b,0x41336f5b,HWND_UserFree64Ext
0xc858f071,0xc858f071,HWND_UserFreeExt
0xbc7bdca6,0xbc7bdca6,HWND_UserMarshal
0xcae5a550,0xcae5a550,HWND_UserMarshal64
0x776c9481,0x776c9481,HWND_UserMarshal64Ext
0x279a9417,0x279a9417,HWND_UserMarshalExt
0xf1250499,0xf1250499,HWND_UserSize
0xce789603,0xce789603,HWND_UserSize64
0x2dbbac54,0x2dbbac54,HWND_UserSize64Ext
0x9d8b9b2a,0x9d8b9b2a,HWND_UserSizeExt
0xc3ffb609,0xc3ffb609,HWND_UserUnmarshal
0xc2c56373,0xc2c56373,HWND_UserUnmarshal64
0xbf2ec3c4,0xbf2ec3c4,HWND_UserUnmarshal64Ext
0x1b72169a,0x1b72169a,HWND_UserUnmarshalExt
0xc870234d,0xc870234d,HashData
0x46b17f3a,0x46b17f3a,Heap32First
0x3ed8b016,0x3ed8b016,Heap32ListFirst
0x66c5124d,0x66c5124d,Heap32ListNext
0x196e8cf1,0x196e8cf1,Heap32Next
0x305c7e98,0x305c7e98,HeapAlloc
0x5a7d1d54,0x5a7d1d54,HeapCompact
0x40ff2621,0x40ff2621,HeapCreate
0x9092d237,0x9092d237,HeapDestroy
0xd2ee5e2f,0xd2ee5e2f,HeapFree
0xd2f19b76,0xd2f19b76,HeapLock
0x1f7b009,0x01f7b009,HeapQueryInformation
0xc4f7ef0f,0xc4f7ef0f,HeapReAlloc
0xa741ebdf,0xa741ebdf,HeapSetInformation
0xd2f55b88,0xd2f55b88,HeapSize
0x381e39fb,0x381e39fb,HeapSummary
0x6ab7af79,0x6ab7af79,HeapUnlock
0xfa820ab7,0xfa820ab7,HeapValidate
0xd2f7693c,0xd2f7693c,HeapWalk
0xaec80a98,0xaec80a98,HideCaret
0xf0850db2,0xf0850db2,HiliteMenuItem
0x8812e69e,0x8812e69e,HkOleRegisterObject
0xc07874a8,0xc07874a8,HrFromLastErrorDbg
0xa58f61be,0xa58f61be,HttpAddRequestHeadersA
0xa58f61d4,0xa58f61d4,HttpAddRequestHeadersW
0x2aeef403,0x2aeef403,HttpCheckDavCompliance
0xbedeab30,0xbedeab30,HttpCloseDependencyHandle
0x2f568bf5,0x2f568bf5,HttpDuplicateDependencyHandle
0xdc21cd10,0xdc21cd10,HttpEndRequestA
0xdc21cd26,0xdc21cd26,HttpEndRequestW
0x56a31e34,0x56a31e34,HttpGetServerCredentials
0xac1112e,0x0ac1112e,HttpGetTunnelSocket
0x36bebdc6,0x36bebdc6,HttpIndicatePageLoadComplete
0x1ab8a7b6,0x1ab8a7b6,HttpIsHostHstsEnabled
0x72b7432c,0x72b7432c,HttpOpenDependencyHandle
0xe211798b,0xe211798b,HttpOpenRequestA
0xe21179a1,0xe21179a1,HttpOpenRequestW
0xe197a6c5,0xe197a6c5,HttpPushClose
0x19530d36,0x19530d36,HttpPushEnable
0xa2079e84,0xa2079e84,HttpPushWait
0x61de3df2,0x61de3df2,HttpQueryInfoA
0x61de3e08,0x61de3e08,HttpQueryInfoW
0x8265d563,0x8265d563,HttpSendRequestA
0xb330d6c0,0xb330d6c0,HttpSendRequestExA
0xb330d6d6,0xb330d6d6,HttpSendRequestExW
0x8265d579,0x8265d579,HttpSendRequestW
0xf8c83d0c,0xf8c83d0c,HttpWebSocketClose
0x5c54c437,0x5c54c437,HttpWebSocketCompleteUpgrade
0xfd468346,0xfd468346,HttpWebSocketQueryCloseStatus
0xbd406bf9,0xbd406bf9,HttpWebSocketReceive
0xe0c8e800,0xe0c8e800,HttpWebSocketSend
0x6387e812,0x6387e812,HttpWebSocketShutdown
0x3f59796a,0x3f59796a,HungWindowFromGhostWindow
0xd2b75a11,0xd2b75a11,ICClose
0xfed0d967,0xfed0d967,ICCompress
0x5ab0ab09,0x5ab0ab09,ICCompressorChoose
0xaf39362a,0xaf39362a,ICCompressorFree
0xdb2aee30,0xdb2aee30,ICDecompress
0xb10df469,0xb10df469,ICDraw
0x85a57d2e,0x85a57d2e,ICDrawBegin
0x9ec2b5da,0x9ec2b5da,ICGetDisplayFormat
0x81e02747,0x81e02747,ICGetInfo
0xf738392a,0xf738392a,ICImageCompress
0x8ae94ab3,0x8ae94ab3,ICImageDecompress
0xb110a1e7,0xb110a1e7,ICInfo
0x30c6c792,0x30c6c792,ICInstall
0x3ed07473,0x3ed07473,ICLocate
0xaef4ed17,0xaef4ed17,ICMThunk32
0xb113f48d,0xb113f48d,ICOpen
0xbc46aed3,0xbc46aed3,ICOpenFunction
0x4c202ac9,0x4c202ac9,ICRemove
0xd1ecc16a,0xd1ecc16a,ICSendMessage
0xf16d45db,0xf16d45db,ICSeqCompressFrame
0x3c9c6bd2,0x3c9c6bd2,ICSeqCompressFrameEnd
0xd66747c9,0xd66747c9,ICSeqCompressFrameStart
0x44bcb590,0x44bcb590,IIDFromString
0x7512361b,0x7512361b,IID_IAccessible
0xde555e79,0xde555e79,IID_IAccessibleHandler
0x91dd9aa9,0x91dd9aa9,ILAppendID
0xe7b5c715,0xe7b5c715,ILClone
0x69829efd,0x69829efd,ILCloneFirst
0xb318b001,0xb318b001,ILCombine
0xbe3d7599,0xbe3d7599,ILCreateFromPath
0x85ec28fa,0x85ec28fa,ILCreateFromPathA
0x85ec2910,0x85ec2910,ILCreateFromPathW
0x123d5c9,0x0123d5c9,ILFindChild
0x3a23efc6,0x3a23efc6,ILFindLastID
0xb1b1ea26,0xb1b1ea26,ILFree
0xd0333d23,0xd0333d23,ILGetNext
0xd0360c3f,0xd0360c3f,ILGetSize
0x89c26618,0x89c26618,ILIsEqual
0xda94cc6a,0xda94cc6a,ILIsParent
0x8fb3e301,0x8fb3e301,ILLoadFromStreamEx
0xe2f7ee13,0xe2f7ee13,ILRemoveLastID
0xd0e8fd22,0xd0e8fd22,ILSaveToStream
0x10cd7a91,0x10cd7a91,IMPGetIMEA
0x10cd7aa7,0x10cd7aa7,IMPGetIMEW
0x5e408d07,0x5e408d07,IMPQueryIMEA
0x5e408d1d,0x5e408d1d,IMPQueryIMEW
0xac88539d,0xac88539d,IMPSetIMEA
0xac8853b3,0xac8853b3,IMPSetIMEW
0xffccc89e,0xffccc89e,IStream_Copy
0xffd4d5bf,0xffd4d5bf,IStream_Read
0xe5e4bb28,0xe5e4bb28,IStream_ReadPidl
0x548add98,0x548add98,IStream_ReadStr
0xfa6fdaa6,0xfa6fdaa6,IStream_Reset
0xffd5765e,0xffd5765e,IStream_Size
0xfad14d6e,0xfad14d6e,IStream_Write
0x74a37257,0x74a37257,IStream_WritePidl
0x7fa7eae7,0x7fa7eae7,IStream_WriteStr
0xd536a38e,0xd536a38e,IUnknown_AddRef_Proxy
0x3c63df05,0x3c63df05,IUnknown_AtomicRelease
0xb0e3713c,0xb0e3713c,IUnknown_GetSite
0x80d60ebf,0x80d60ebf,IUnknown_GetWindow
0x76de706f,0x76de706f,IUnknown_QueryInterface_Proxy
0xe4f8f14e,0xe4f8f14e,IUnknown_QueryService
0x6780eee9,0x6780eee9,IUnknown_Release_Proxy
0x5d0ee3b3,0x5d0ee3b3,IUnknown_Set
0x4c9e4a48,0x4c9e4a48,IUnknown_SetSite
0x9c71ed75,0x9c71ed75,I_CertUpdateStore
0x413e3c07,0x413e3c07,I_CryptAllocTls
0x196a9424,0x196a9424,I_CryptCreateLruCache
0x19962fc2,0x19962fc2,I_CryptCreateLruEntry
0x97d177e5,0x97d177e5,I_CryptDetachTls
0x226b30af,0x226b30af,I_CryptFindLruEntry
0xd1085989,0xd1085989,I_CryptFindLruEntryData
0xc6e82c72,0xc6e82c72,I_CryptFlushLruCache
0x229f4b32,0x229f4b32,I_CryptFreeLruCache
0xd629d8be,0xd629d8be,I_CryptFreeTls
0xab444092,0xab444092,I_CryptGetAsn1Decoder
0xd3ceafc,0x0d3ceafc,I_CryptGetAsn1Encoder
0xec4d8967,0xec4d8967,I_CryptGetDefaultCryptProv
0xea8a1bb3,0xea8a1bb3,I_CryptGetDefaultCryptProvForEncrypt
0xfa21ba0f,0xfa21ba0f,I_CryptGetOssGlobal
0x3e3d599c,0x3e3d599c,I_CryptGetTls
0xcd92d0a3,0xcd92d0a3,I_CryptInsertLruEntry
0x3249a439,0x3249a439,I_CryptInstallAsn1Module
0xa7dbad86,0xa7dbad86,I_CryptInstallOssGlobal
0x344545e8,0x344545e8,I_CryptReadTrustedPublisherDWORDValueFromRegistry
0xa22d7dcf,0xa22d7dcf,I_CryptReleaseLruEntry
0x5a3b4128,0x5a3b4128,I_CryptSetTls
0xd016f41c,0xd016f41c,I_CryptUninstallAsn1Module
0x117d0d09,0x117d0d09,I_CryptUninstallOssGlobal
0xa46889ef,0xa46889ef,I_QueryTagInformation
0xd08cdec1,0xd08cdec1,I_RpcAllocate
0x5ffdc84e,0x5ffdc84e,I_RpcAsyncAbortCall
0xbdc115d2,0xbdc115d2,I_RpcAsyncSetHandle
0x581d8037,0x581d8037,I_RpcBCacheAllocate
0x5c45ecb4,0x5c45ecb4,I_RpcBCacheFree
0x35d93172,0x35d93172,I_RpcBindingCopy
0xc4db8569,0xc4db8569,I_RpcBindingCreateNP
0xa6edf4b0,0xa6edf4b0,I_RpcBindingHandleToAsyncHandle
0xc568e845,0xc568e845,I_RpcBindingInqDynamicEndpoint
0x7285f126,0x7285f126,I_RpcBindingInqDynamicEndpointA
0x7285f13c,0x7285f13c,I_RpcBindingInqDynamicEndpointW
0x79d68d86,0x79d68d86,I_RpcBindingInqLocalClientPID
0xd1b8176f,0xd1b8176f,I_RpcBindingInqMarshalledTargetInfo
0xb68005bc,0xb68005bc,I_RpcBindingInqSecurityContext
0x64b85bd1,0x64b85bd1,I_RpcBindingInqSecurityContextKeyInfo
0x861a1ece,0x861a1ece,I_RpcBindingInqTransportType
0xe86d5a66,0xe86d5a66,I_RpcBindingInqWireIdForSnego
0x75343cbd,0x75343cbd,I_RpcBindingIsClientLocal
0xbdfe40d5,0xbdfe40d5,I_RpcBindingIsServerLocal
0x2fe53eab,0x2fe53eab,I_RpcBindingToStaticStringBindingW
0xa7afed76,0xa7afed76,I_RpcClearMutex
0xeec9478a,0xeec9478a,I_RpcCompleteAndFree
0x6de9fea2,0x6de9fea2,I_RpcDeleteMutex
0x91c6e51f,0x91c6e51f,I_RpcEnableWmiTrace
0x78233151,0x78233151,I_RpcExceptionFilter
0xaae22e97,0xaae22e97,I_RpcFilterDCOMActivation
0xa41325af,0xa41325af,I_RpcFixTransferSyntax
0xc047963e,0xc047963e,I_RpcFree
0x7dd8fe98,0x7dd8fe98,I_RpcFreeBuffer
0x529ba786,0x529ba786,I_RpcFreePipeBuffer
0x71ae3089,0x71ae3089,I_RpcFwThisIsTheManager
0x720d9c56,0x720d9c56,I_RpcGetBuffer
0xf20f98e9,0xf20f98e9,I_RpcGetBufferWithObject
0xfb52b8e7,0xfb52b8e7,I_RpcGetCurrentCallHandle
0xd528a557,0xd528a557,I_RpcGetExtendedError
0x55a8f2a1,0x55a8f2a1,I_RpcGetPortAllocationData
0x30dea257,0x30dea257,I_RpcIfInqTransferSyntaxes
0xc1e1965e,0xc1e1965e,I_RpcInitHttpImports
0xd1fb7600,0xd1fb7600,I_RpcLogEvent
0xfeb71251,0xfeb71251,I_RpcMapWin32Status
0x2ee3cbae,0x2ee3cbae,I_RpcMarshalBindingHandleAndInterfaceForNDF
0xe8110aad,0xe8110aad,I_RpcNDRCGetWireRepresentation
0xe7fbbfbf,0xe7fbbfbf,I_RpcNDRSContextEmergencyCleanup
0x7c1742a8,0x7c1742a8,I_RpcNegotiateTransferSyntax
0xfd75c9b7,0xfd75c9b7,I_RpcNsBindingSetEntryName
0xac2f00d8,0xac2f00d8,I_RpcNsBindingSetEntryNameA
0xac2f00ee,0xac2f00ee,I_RpcNsBindingSetEntryNameW
0x185fb439,0x185fb439,I_RpcNsInterfaceExported
0xebe4edfc,0xebe4edfc,I_RpcNsInterfaceUnexported
0x209bc0ac,0x209bc0ac,I_RpcOpenClientProcess
0x6464a3af,0x6464a3af,I_RpcParseSecurity
0x1e1b906e,0x1e1b906e,I_RpcPauseExecution
0x4da19206,0x4da19206,I_RpcReallocPipeBuffer
0x7e8eaf3f,0x7e8eaf3f,I_RpcReceive
0x4cd16197,0x4cd16197,I_RpcRecordCalloutFailure
0xa20ccfb8,0xa20ccfb8,I_RpcRequestMutex
0xcdbf6c1,0x0cdbf6c1,I_RpcSNCHOption
0xc04e8106,0xc04e8106,I_RpcSend
0xa05d4949,0xa05d4949,I_RpcSendReceive
0x5e121156,0x5e121156,I_RpcServerAllocateIpPort
0x35246c26,0x35246c26,I_RpcServerCheckClientRestriction
0x4187573b,0x4187573b,I_RpcServerInqAddressChangeFn
0xe04fc69a,0xe04fc69a,I_RpcServerInqLocalConnAddress
0x37a19c1b,0x37a19c1b,I_RpcServerInqRemoteConnAddress
0xdad9f2ca,0xdad9f2ca,I_RpcServerInqTransportType
0xfb4c4ac1,0xfb4c4ac1,I_RpcServerIsClientDisconnected
0xdc70e3b3,0xdc70e3b3,I_RpcServerRegisterForwardFunction
0x895b2c1f,0x895b2c1f,I_RpcServerSetAddressChangeFn
0x2ced42f2,0x2ced42f2,I_RpcServerStartService
0xfa43ad9d,0xfa43ad9d,I_RpcServerTurnOnOffKeepalives
0x47425581,0x47425581,I_RpcServerUseProtseq2A
0x47425597,0x47425597,I_RpcServerUseProtseq2W
0x21386b76,0x21386b76,I_RpcServerUseProtseqEp2A
0x21386b8c,0x21386b8c,I_RpcServerUseProtseqEp2W
0xe4dcd6a,0x0e4dcd6a,I_RpcSessionStrictContextHandle
0x53fb1b9,0x053fb1b9,I_RpcSetDCOMAppId
0x28b23024,0x28b23024,I_RpcSsDontSerializeContext
0x1a206738,0x1a206738,I_RpcSystemFunction001
0x60c69951,0x60c69951,I_RpcTransConnectionAllocatePacket
0x7c7b6e8e,0x7c7b6e8e,I_RpcTransConnectionFreePacket
0x132ba20e,0x132ba20e,I_RpcTransConnectionReallocPacket
0xb401cc4a,0xb401cc4a,I_RpcTransDatagramAllocate
0x343b55bc,0x343b55bc,I_RpcTransDatagramAllocate2
0x92b92747,0x92b92747,I_RpcTransDatagramFree
0xe89345e,0x0e89345e,I_RpcTransGetThreadEvent
0xdc145cfc,0xdc145cfc,I_RpcTransGetThreadEventThreadOptional
0x88117d17,0x88117d17,I_RpcTransIoCancelled
0x73948355,0x73948355,I_RpcTransServerNewConnection
0xf80914fc,0xf80914fc,I_RpcTurnOnEEInfoPropagation
0xb450785f,0xb450785f,I_RpcVerifierCorruptionExpected
0xb9677bd5,0xb9677bd5,I_ScGetCurrentGroupStateW
0x47e027a0,0x47e027a0,I_ScIsSecurityProcess
0x92307e8d,0x92307e8d,I_ScPnPGetServiceName
0xe3d115ea,0xe3d115ea,I_ScQueryServiceConfig
0x5604728a,0x5604728a,I_ScSendPnPMessage
0xbf0cba03,0xbf0cba03,I_ScSendTSMessage
0x74558c3d,0x74558c3d,I_ScSetServiceBitsA
0x74558c53,0x74558c53,I_ScSetServiceBitsW
0xb8e01ef6,0xb8e01ef6,I_ScValidatePnPService
0x215d3e62,0x215d3e62,I_UuidCreate
0x51846b01,0x51846b01,IdentifyCodeAuthzLevelW
0x1ea00416,0x1ea00416,IdnToAscii
0xbad213ec,0xbad213ec,IdnToNameprepUnicode
0x3efdc0d4,0x3efdc0d4,IdnToUnicode
0xd1b18396,0xd1b18396,ImageDirectoryEntryToData
0x420ca53,0x0420ca53,ImageDirectoryEntryToDataEx
0x99856b56,0x99856b56,ImageList_Add
0x6a80557f,0x6a80557f,ImageList_AddIcon
0x151e50ab,0x151e50ab,ImageList_AddMasked
0x5459cc70,0x5459cc70,ImageList_BeginDrag
0xca341f88,0xca341f88,ImageList_Copy
0x27ea07e1,0x27ea07e1,ImageList_Create
0x54d9ebf7,0x54d9ebf7,ImageList_Destroy
0x69856869,0x69856869,ImageList_DragEnter
0x69fed5d8,0x69fed5d8,ImageList_DragLeave
0xade1a8c2,0xade1a8c2,ImageList_DragMove
0xf8786c12,0xf8786c12,ImageList_DragShowNolock
0xca34b6bb,0xca34b6bb,ImageList_Draw
0x2a3d5ab8,0x2a3d5ab8,ImageList_DrawEx
0xc46b65cd,0xc46b65cd,ImageList_DrawIndirect
0xbce04c68,0xbce04c68,ImageList_Duplicate
0xb5ba5ee2,0xb5ba5ee2,ImageList_EndDrag
0xd1354ed9,0xd1354ed9,ImageList_GetBkColor
0xa5b4bd8e,0xa5b4bd8e,ImageList_GetDragImage
0xb631333a,0xb631333a,ImageList_GetFlags
0x3bd472b6,0x3bd472b6,ImageList_GetIcon
0x21c9a391,0x21c9a391,ImageList_GetIconSize
0x201162b9,0x201162b9,ImageList_GetImageCount
0x4e8f6ddc,0x4e8f6ddc,ImageList_GetImageInfo
0x4e94369e,0x4e94369e,ImageList_GetImageRect
0x41eb7cf0,0x41eb7cf0,ImageList_LoadImage
0x7f5b1b31,0x7f5b1b31,ImageList_LoadImageA
0x7f5b1b47,0x7f5b1b47,ImageList_LoadImageW
0x1167903d,0x1167903d,ImageList_Merge
0xca3c2ca9,0xca3c2ca9,ImageList_Read
0x4a00c99b,0x4a00c99b,ImageList_Remove
0x8a4e4809,0x8a4e4809,ImageList_Replace
0x18fe53b2,0x18fe53b2,ImageList_ReplaceIcon
0x1b41c65,0x01b41c65,ImageList_SetBkColor
0x4d4945b8,0x4d4945b8,ImageList_SetDragCursorImage
0xf1fcdaff,0xf1fcdaff,ImageList_SetFilter
0xc9472dc6,0xc9472dc6,ImageList_SetFlags
0x6222229d,0x6222229d,ImageList_SetIconSize
0xd885d4c5,0xd885d4c5,ImageList_SetImageCount
0xeb19be3e,0xeb19be3e,ImageList_SetOverlayImage
0x12238198,0x12238198,ImageList_Write
0xa6011c7d,0xa6011c7d,ImageNtHeader
0xb4efaf13,0xb4efaf13,ImageRvaToSection
0xc105d315,0xc105d315,ImageRvaToVa
0x2e6711f6,0x2e6711f6,ImagehlpApiVersion
0x647370b3,0x647370b3,ImagehlpApiVersionEx
0x1da90be1,0x1da90be1,ImmActivateLayout
0x1da53113,0x1da53113,ImmAssociateContext
0x1bb5cb10,0x1bb5cb10,ImmAssociateContextEx
0x2da5ded0,0x2da5ded0,ImmConfigureIMEA
0x2da5dee6,0x2da5dee6,ImmConfigureIMEW
0xb4eef90b,0xb4eef90b,ImmCreateContext
0xd7a08662,0xd7a08662,ImmCreateIMCC
0xba35ad93,0xba35ad93,ImmCreateSoftKeyboard
0x5210a101,0x5210a101,ImmDestroyContext
0x82b44218,0x82b44218,ImmDestroyIMCC
0x7f4cbf49,0x7f4cbf49,ImmDestroySoftKeyboard
0x856451c1,0x856451c1,ImmDisableIME
0x856451c1,0x856451c1,ImmDisableIme
0x682dcd16,0x682dcd16,ImmDisableLegacyIME
0x76b6b147,0x76b6b147,ImmDisableTextFrameService
0x3f5129bc,0x3f5129bc,ImmEnumInputContext
0x9e2ae069,0x9e2ae069,ImmEnumRegisterWordA
0x9e2ae07f,0x9e2ae07f,ImmEnumRegisterWordW
0xd183c464,0xd183c464,ImmEscapeA
0xd183c47a,0xd183c47a,ImmEscapeW
0x4c056b2,0x04c056b2,ImmFreeLayout
0xbd613182,0xbd613182,ImmGenerateMessage
0x4cbdea6c,0x4cbdea6c,ImmGetCandidateListA
0xa85d2215,0xa85d2215,ImmGetCandidateListCountA
0xa85d222b,0xa85d222b,ImmGetCandidateListCountW
0x4cbdea82,0x4cbdea82,ImmGetCandidateListW
0xfe20f707,0xfe20f707,ImmGetCandidateWindow
0x9827e15e,0x9827e15e,ImmGetCompositionFontA
0x9827e174,0x9827e174,ImmGetCompositionFontW
0xbbd39c7d,0xbbd39c7d,ImmGetCompositionString
0x36472c5e,0x36472c5e,ImmGetCompositionStringA
0x36472c74,0x36472c74,ImmGetCompositionStringW
0xc45eeade,0xc45eeade,ImmGetCompositionWindow
0x6447fad7,0x6447fad7,ImmGetContext
0xc6c953b5,0xc6c953b5,ImmGetConversionListA
0xc6c953cb,0xc6c953cb,ImmGetConversionListW
0xb105185c,0xb105185c,ImmGetConversionStatus
0x15c5d11b,0x15c5d11b,ImmGetDefaultIMEWnd
0x14920097,0x14920097,ImmGetDescriptionA
0x149200ad,0x149200ad,ImmGetDescriptionW
0xb9bdbc49,0xb9bdbc49,ImmGetGuideLineA
0xb9bdbc5f,0xb9bdbc5f,ImmGetGuideLineW
0x6bce2546,0x6bce2546,ImmGetHotKey
0x35fd3a80,0x35fd3a80,ImmGetIMCCLockCount
0xc208e889,0xc208e889,ImmGetIMCCSize
0x6c72717d,0x6c72717d,ImmGetIMCLockCount
0xd79e5c6f,0xd79e5c6f,ImmGetIMEFileNameA
0xd79e5c85,0xd79e5c85,ImmGetIMEFileNameW
0xaabd18d6,0xaabd18d6,ImmGetImeInfoEx
0xb3935c05,0xb3935c05,ImmGetImeMenuItemsA
0xb3935c1b,0xb3935c1b,ImmGetImeMenuItemsW
0x597d1c8,0x0597d1c8,ImmGetOpenStatus
0xd59a88d7,0xd59a88d7,ImmGetProperty
0x7f7ffe65,0x7f7ffe65,ImmGetRegisterWordStyleA
0x7f7ffe7b,0x7f7ffe7b,ImmGetRegisterWordStyleW
0x817ed940,0x817ed940,ImmGetStatusWindowPos
0xc3084e22,0xc3084e22,ImmGetVirtualKey
0x7c3558b4,0x7c3558b4,ImmIMPGetIMEA
0x7c3558ca,0x7c3558ca,ImmIMPGetIMEW
0x43187fea,0x43187fea,ImmIMPQueryIMEA
0x43188000,0x43188000,ImmIMPQueryIMEW
0x17f031c0,0x17f031c0,ImmIMPSetIMEA
0x17f031d6,0x17f031d6,ImmIMPSetIMEW
0x1d5a2585,0x1d5a2585,ImmInstallIMEA
0x1d5a259b,0x1d5a259b,ImmInstallIMEW
0x428850c9,0x428850c9,ImmIsIME
0x736b7f12,0x736b7f12,ImmIsUIMessageA
0x736b7f28,0x736b7f28,ImmIsUIMessageW
0xe2e4228d,0xe2e4228d,ImmLoadIME
0xc188da30,0xc188da30,ImmLoadLayout
0x7a2fae13,0x7a2fae13,ImmLockClientImc
0xe30c2a34,0xe30c2a34,ImmLockIMC
0x449170f7,0x449170f7,ImmLockIMCC
0xaeb2b253,0xaeb2b253,ImmLockImeDpi
0xd77c8f86,0xd77c8f86,ImmNotifyIME
0xee8a2853,0xee8a2853,ImmPenAuxInput
0xbeb6189a,0xbeb6189a,ImmProcessKey
0x2c08728e,0x2c08728e,ImmPutImeMenuItemsIntoMappedFile
0x8b57c860,0x8b57c860,ImmReSizeIMCC
0xc5052f56,0xc5052f56,ImmRegisterClient
0xf260c14,0x0f260c14,ImmRegisterWordA
0xf260c2a,0x0f260c2a,ImmRegisterWordW
0x80971a98,0x80971a98,ImmReleaseContext
0x5caa0fa1,0x5caa0fa1,ImmRequestMessageA
0x5caa0fb7,0x5caa0fb7,ImmRequestMessageW
0x3085b47a,0x3085b47a,ImmSendIMEMessageExA
0x3085b490,0x3085b490,ImmSendIMEMessageExW
0x9b39bc6a,0x9b39bc6a,ImmSendMessageToActiveDefImeWndW
0xb3d0c3bf,0xb3d0c3bf,ImmSetActiveContext
0x86350f6d,0x86350f6d,ImmSetActiveContextConsoleIME
0x272a9093,0x272a9093,ImmSetCandidateWindow
0xe264ac6a,0xe264ac6a,ImmSetCompositionFontA
0xe264ac80,0xe264ac80,ImmSetCompositionFontW
0x2e2ea6a,0x02e2ea6a,ImmSetCompositionStringA
0x2e2ea80,0x02e2ea80,ImmSetCompositionStringW
0x5635176a,0x5635176a,ImmSetCompositionWindow
0xfb41e368,0xfb41e368,ImmSetConversionStatus
0xbe0c43d4,0xbe0c43d4,ImmSetOpenStatus
0xaa8872cc,0xaa8872cc,ImmSetStatusWindowPos
0xd58ba0,0x00d58ba0,ImmShowSoftKeyboard
0xdd547bea,0xdd547bea,ImmSimulateHotKey
0x885821f5,0x885821f5,ImmSystemHandler
0x72851625,0x72851625,ImmTranslateMessage
0xe8906ab6,0xe8906ab6,ImmUnlockClientImc
0xc090e897,0xc090e897,ImmUnlockIMC
0xd2adfbba,0xd2adfbba,ImmUnlockIMCC
0x361cf9d6,0x361cf9d6,ImmUnlockImeDpi
0x7d86c8b7,0x7d86c8b7,ImmUnregisterWordA
0x7d86c8cd,0x7d86c8cd,ImmUnregisterWordW
0x97be852f,0x97be852f,ImmWINNLSEnableIME
0x608b93d8,0x608b93d8,ImmWINNLSGetEnableStatus
0xc7f4c1fc,0xc7f4c1fc,ImmWINNLSGetIMEHotkey
0x6953b9a0,0x6953b9a0,ImpersonateAnonymousToken
0x73f9a45a,0x73f9a45a,ImpersonateDdeClientWindow
0x8b8a6ce4,0x8b8a6ce4,ImpersonateLoggedOnUser
0xea9ed748,0xea9ed748,ImpersonateNamedPipeClient
0xfe294ab3,0xfe294ab3,ImpersonateSecurityContext
0x84ee7f40,0x84ee7f40,ImpersonateSelf
0x80fbdb88,0x80fbdb88,ImportSecurityContextA
0x80fbdb9e,0x80fbdb9e,ImportSecurityContextW
0xec61c495,0xec61c495,InSendMessage
0x8be54712,0x8be54712,InSendMessageEx
0x865cede,0x0865cede,IncrementUrlCacheHeaderData
0x7d9dc740,0x7d9dc740,InetNtop
0x7d9ee000,0x7d9ee000,InetPton
0xac585a0,0x0ac585a0,InflateRect
0x79d2bf1c,0x79d2bf1c,InitAtomTable
0x614b1f58,0x614b1f58,InitCRLCache
0x83db5560,0x83db5560,InitCommonControls
0xe806369d,0xe806369d,InitCommonControlsEx
0x3ed57b92,0x3ed57b92,InitMUILanguage
0x27cd1234,0x27cd1234,InitNetworkAddressControl
0xe582d7f,0x0e582d7f,InitOnceBeginInitialize
0xc16497a1,0xc16497a1,InitOnceComplete
0xaca79260,0xaca79260,InitOnceExecuteOnce
0xcc41771a,0xcc41771a,InitOnceInitialize
0x76045ae0,0x76045ae0,InitPropVariantFromBooleanVector
0x7ef7c507,0x7ef7c507,InitPropVariantFromBuffer
0xbe14e2dc,0xbe14e2dc,InitPropVariantFromCLSID
0x4ef090db,0x4ef090db,InitPropVariantFromDoubleVector
0x3f3e961c,0x3f3e961c,InitPropVariantFromFileTime
0xe58292f,0x0e58292f,InitPropVariantFromFileTimeVector
0xc3642a41,0xc3642a41,InitPropVariantFromGUIDAsString
0x1c479112,0x1c479112,InitPropVariantFromInt16Vector
0xc0e247d0,0xc0e247d0,InitPropVariantFromInt32Vector
0x1f9c3ff5,0x1f9c3ff5,InitPropVariantFromInt64Vector
0xa1fa1159,0xa1fa1159,InitPropVariantFromPropVariantVectorElem
0x2f756075,0x2f756075,InitPropVariantFromResource
0xa69426d1,0xa69426d1,InitPropVariantFromStrRet
0xd638936b,0xd638936b,InitPropVariantFromStringAsVector
0x5dc21ab7,0x5dc21ab7,InitPropVariantFromStringVector
0x15c87be7,0x15c87be7,InitPropVariantFromUInt16Vector
0xba6332a5,0xba6332a5,InitPropVariantFromUInt32Vector
0x191d2aca,0x191d2aca,InitPropVariantFromUInt64Vector
0xd4ad2bd6,0xd4ad2bd6,InitPropVariantVectorFromPropVariant
0x76d25a8d,0x76d25a8d,InitSecurityInterfaceA
0x76d25aa3,0x76d25aa3,InitSecurityInterfaceW
0x16c02a8b,0x16c02a8b,InitVariantFromBooleanArray
0x5d197fc6,0x5d197fc6,InitVariantFromBuffer
0x97c6c946,0x97c6c946,InitVariantFromDoubleArray
0x2cb9fc9b,0x2cb9fc9b,InitVariantFromFileTime
0x4aadaada,0x4aadaada,InitVariantFromFileTimeArray
0x351cb840,0x351cb840,InitVariantFromGUIDAsString
0xadb2d6bd,0xadb2d6bd,InitVariantFromInt16Array
0x3e52adbb,0x3e52adbb,InitVariantFromInt32Array
0x29ebb540,0x29ebb540,InitVariantFromInt64Array
0x1cf0c6f4,0x1cf0c6f4,InitVariantFromResource
0x84b5e190,0x84b5e190,InitVariantFromStrRet
0x336087a2,0x336087a2,InitVariantFromStringArray
0x868782d2,0x868782d2,InitVariantFromUInt16Array
0x172759d0,0x172759d0,InitVariantFromUInt32Array
0x2c06155,0x02c06155,InitVariantFromUInt64Array
0x5cc945a3,0x5cc945a3,InitVariantFromVariantArrayElem
0xa4fee0d1,0xa4fee0d1,InitializeAcl
0xb889220e,0xb889220e,InitializeCdmModule_4
0x3774286e,0x3774286e,InitializeConditionVariable
0x8e7ab466,0x8e7ab466,InitializeContext
0x504e5561,0x504e5561,InitializeCriticalSection
0x4072f877,0x4072f877,InitializeCriticalSectionAndSpinCount
0x9d393ade,0x9d393ade,InitializeCriticalSectionEx
0xf3cd8afd,0xf3cd8afd,InitializeFlatSB
0xf148ae8c,0xf148ae8c,InitializeLpkHooks
0xccf1391d,0xccf1391d,InitializeProcThreadAttributeList
0x18c91142,0x18c91142,InitializeSListHead
0x65bc9ba6,0x65bc9ba6,InitializeSRWLock
0x25cd4d1f,0x25cd4d1f,InitializeSecurityContextA
0x25cd4d35,0x25cd4d35,InitializeSecurityContextW
0xe37021f8,0xe37021f8,InitializeSecurityDescriptor
0xa4ff2e21,0xa4ff2e21,InitializeSid
0xb31f2a83,0xb31f2a83,InitiateShutdownA
0xb31f2a99,0xb31f2a99,InitiateShutdownW
0xff2db7a8,0xff2db7a8,InitiateSystemShutdownA
0x817a5e45,0x817a5e45,InitiateSystemShutdownExA
0x817a5e5b,0x817a5e5b,InitiateSystemShutdownExW
0xff2db7be,0xff2db7be,InitiateSystemShutdownW
0x9c7244fa,0x9c7244fa,InsertMenuA
0x66603589,0x66603589,InsertMenuItemA
0x6660359f,0x6660359f,InsertMenuItemW
0x9c724510,0x9c724510,InsertMenuW
0x7a7c559a,0x7a7c559a,InstallApplication
0xe82df9d7,0xe82df9d7,InstallPrinterDriverFromPackageA
0xe82df9ed,0xe82df9ed,InstallPrinterDriverFromPackageW
0x9e3ec404,0x9e3ec404,Instance
0x30e926ed,0x30e926ed,InterlockedCompareExchange
0xfce9d57,0x0fce9d57,InterlockedCompareExchange64
0xd5452c9a,0xd5452c9a,InterlockedDecrement
0x5aaf0a6,0x05aaf0a6,InterlockedExchange
0xa161146f,0xa161146f,InterlockedExchangeAdd
0xa671fc34,0xa671fc34,InterlockedFlushSList
0x6a03dd88,0x6a03dd88,InterlockedIncrement
0xdaa34cd3,0xdaa34cd3,InterlockedPopEntrySList
0x1b18b284,0x1b18b284,InterlockedPushEntrySList
0xce10ba2e,0xce10ba2e,InterlockedPushListSList
0x5a505acd,0x5a505acd,InternalExtractIconListA
0x5a505ae3,0x5a505ae3,InternalExtractIconListW
0xfde82a0d,0xfde82a0d,InternalGetWindowIcon
0xfdee3be9,0xfdee3be9,InternalGetWindowText
0x1c14394,0x01c14394,InternetAlgIdToStringA
0x1c143aa,0x01c143aa,InternetAlgIdToStringW
0xf7c59501,0xf7c59501,InternetAttemptConnect
0x1a66ceab,0x1a66ceab,InternetAutodial
0x2a051218,0x2a051218,InternetAutodialCallback
0x43a787ce,0x43a787ce,InternetAutodialHangup
0xe3ee01dc,0xe3ee01dc,InternetCanonicalizeUrlA
0xe3ee01f2,0xe3ee01f2,InternetCanonicalizeUrlW
0x64f29b27,0x64f29b27,InternetCheckConnectionA
0x64f29b3d,0x64f29b3d,InternetCheckConnectionW
0xfcf09d8f,0xfcf09d8f,InternetClearAllPerSiteCookieDecisions
0xd59499da,0xd59499da,InternetCloseHandle
0x8a90a349,0x8a90a349,InternetCombineUrlA
0x8a90a35f,0x8a90a35f,InternetCombineUrlW
0x340f8e4a,0x340f8e4a,InternetConfirmZoneCrossing
0xb60157cb,0xb60157cb,InternetConfirmZoneCrossingA
0xb60157e1,0xb60157e1,InternetConfirmZoneCrossingW
0x16fc74e3,0x16fc74e3,InternetConnectA
0x16fc74f9,0x16fc74f9,InternetConnectW
0x542545a1,0x542545a1,InternetConvertUrlFromWireToWideChar
0xb9692630,0xb9692630,InternetCrackUrlA
0xb9692646,0xb9692646,InternetCrackUrlW
0x117f6c20,0x117f6c20,InternetCreateUrlA
0x117f6c36,0x117f6c36,InternetCreateUrlW
0x4f4884d2,0x4f4884d2,InternetDial
0x38591f53,0x38591f53,InternetDialA
0x38591f69,0x38591f69,InternetDialW
0xca09ba72,0xca09ba72,InternetEnumPerSiteCookieDecisionA
0xca09ba88,0xca09ba88,InternetEnumPerSiteCookieDecisionW
0xdfdcb419,0xdfdcb419,InternetErrorDlg
0x72a1dcd9,0x72a1dcd9,InternetFindNextFileA
0x72a1dcef,0x72a1dcef,InternetFindNextFileW
0x7e982e0c,0x7e982e0c,InternetFortezzaCommand
0x7ccf7b47,0x7ccf7b47,InternetFreeCookies
0x20d254e4,0x20d254e4,InternetFreeProxyInfoList
0xa0250514,0xa0250514,InternetGetCertByURL
0xa4c5a7d5,0xa4c5a7d5,InternetGetCertByURLA
0xb54eea6c,0xb54eea6c,InternetGetConnectedState
0x44b33ea9,0x44b33ea9,InternetGetConnectedStateEx
0xdb1b140a,0xdb1b140a,InternetGetConnectedStateExA
0xdb1b1420,0xdb1b1420,InternetGetConnectedStateExW
0x9e2d6d33,0x9e2d6d33,InternetGetCookieA
0xdf3da281,0xdf3da281,InternetGetCookieEx2
0xdf3da290,0xdf3da290,InternetGetCookieExA
0xdf3da2a6,0xdf3da2a6,InternetGetCookieExW
0x9e2d6d49,0x9e2d6d49,InternetGetCookieW
0x1e3c2d28,0x1e3c2d28,InternetGetLastResponseInfoA
0x1e3c2d3e,0x1e3c2d3e,InternetGetLastResponseInfoW
0x626abbbd,0x626abbbd,InternetGetPerSiteCookieDecisionA
0x626abbd3,0x626abbd3,InternetGetPerSiteCookieDecisionW
0x49083d14,0x49083d14,InternetGetProxyForUrl
0x3a940c8a,0x3a940c8a,InternetGetSecurityInfoByURL
0x8d159e0b,0x8d159e0b,InternetGetSecurityInfoByURLA
0x8d159e21,0x8d159e21,InternetGetSecurityInfoByURLW
0xca5ce073,0xca5ce073,InternetGoOnline
0x15f8ef14,0x15f8ef14,InternetGoOnlineA
0x15f8ef2a,0x15f8ef2a,InternetGoOnlineW
0x4c47f6bb,0x4c47f6bb,InternetHangUp
0x8ab2c81,0x08ab2c81,InternetInitializeAutoProxyDll
0x6484f16a,0x6484f16a,InternetLockRequestFile
0x392414cb,0x392414cb,InternetOpenA
0x6217435e,0x6217435e,InternetOpenUrlA
0x62174374,0x62174374,InternetOpenUrlW
0x392414e1,0x392414e1,InternetOpenW
0x42d2e729,0x42d2e729,InternetQueryDataAvailable
0x8d40f027,0x8d40f027,InternetQueryFortezzaStatus
0xfc3c3ec8,0xfc3c3ec8,InternetQueryOptionA
0xfc3c3ede,0xfc3c3ede,InternetQueryOptionW
0xce0a2e34,0xce0a2e34,InternetReadFile
0xa32122d2,0xa32122d2,InternetReadFileExA
0xa32122e8,0xa32122e8,InternetReadFileExW
0x2b35edbd,0x2b35edbd,InternetSecurityProtocolToStringA
0x2b35edd3,0x2b35edd3,InternetSecurityProtocolToStringW
0xceac3abf,0xceac3abf,InternetSetCookieA
0x2aa6030d,0x2aa6030d,InternetSetCookieEx2
0x2aa6031c,0x2aa6031c,InternetSetCookieExA
0x2aa60332,0x2aa60332,InternetSetCookieExW
0xceac3ad5,0xceac3ad5,InternetSetCookieW
0xe2fa6a1f,0xe2fa6a1f,InternetSetDialState
0x4247ae40,0x4247ae40,InternetSetDialStateA
0x4247ae56,0x4247ae56,InternetSetDialStateW
0x2f7822a5,0x2f7822a5,InternetSetFilePointer
0x6d15b8de,0x6d15b8de,InternetSetOptionA
0x96784fb,0x096784fb,InternetSetOptionExA
0x9678511,0x09678511,InternetSetOptionExW
0x6d15b8f4,0x6d15b8f4,InternetSetOptionW
0x738e9fc9,0x738e9fc9,InternetSetPerSiteCookieDecisionA
0x738e9fdf,0x738e9fdf,InternetSetPerSiteCookieDecisionW
0x327d9255,0x327d9255,InternetSetStatusCallback
0x822fdd36,0x822fdd36,InternetSetStatusCallbackA
0x822fdd4c,0x822fdd4c,InternetSetStatusCallbackW
0x329052ab,0x329052ab,InternetShowSecurityInfoByURL
0x849aa84c,0x849aa84c,InternetShowSecurityInfoByURLA
0x849aa862,0x849aa862,InternetShowSecurityInfoByURLW
0x5819858f,0x5819858f,InternetTimeFromSystemTime
0x5b4a37b0,0x5b4a37b0,InternetTimeFromSystemTimeA
0x5b4a37c6,0x5b4a37c6,InternetTimeFromSystemTimeW
0x7f0f9fde,0x7f0f9fde,InternetTimeToSystemTime
0x61039bdf,0x61039bdf,InternetTimeToSystemTimeA
0x61039bf5,0x61039bf5,InternetTimeToSystemTimeW
0x101b1c4d,0x101b1c4d,InternetUnlockRequestFile
0x6226a003,0x6226a003,InternetWriteFile
0x50257641,0x50257641,InternetWriteFileExA
0x50257657,0x50257657,InternetWriteFileExW
0xaaf68ad6,0xaaf68ad6,IntersectClipRect
0xaf211c6e,0xaf211c6e,IntersectRect
0x4b007b70,0x4b007b70,IntlStrEqWorkerA
0x4b007b86,0x4b007b86,IntlStrEqWorkerW
0xe5412bc2,0xe5412bc2,InvalidateConsoleDIBits
0xb38259be,0xb38259be,InvalidateRect
0x6287d477,0x6287d477,InvalidateRgn
0x93384cb5,0x93384cb5,InvertRect
0x2b3fc48e,0x2b3fc48e,InvertRgn
0x28c6c6c1,0x28c6c6c1,IoCompletion
0x165bce50,0x165bce50,IsAccelerator
0xab409103,0xab409103,IsBadCodePtr
0x11c5bf4d,0x11c5bf4d,IsBadHugeReadPtr
0xe4409b9c,0xe4409b9c,IsBadHugeWritePtr
0x165fb424,0x165fb424,IsBadReadPtr
0xd3c93c20,0xd3c93c20,IsBadStringPtrA
0xd3c93c36,0xd3c93c36,IsBadStringPtrW
0x7c192b53,0x7c192b53,IsBadWritePtr
0x763e9ac5,0x763e9ac5,IsCalendarLeapDay
0xfac62d,0x00fac62d,IsCalendarLeapMonth
0x3e1d8598,0x3e1d8598,IsCalendarLeapYear
0x3acb5b86,0x3acb5b86,IsCatalogFile
0x7c84b8b0,0x7c84b8b0,IsCharAlphaA
0xc56217e3,0xc56217e3,IsCharAlphaNumericA
0xc56217f9,0xc56217f9,IsCharAlphaNumericW
0x7c84b8c6,0x7c84b8c6,IsCharAlphaW
0x96678d33,0x96678d33,IsCharLowerA
0x96678d49,0x96678d49,IsCharLowerW
0xa6c1a796,0xa6c1a796,IsCharSpaceA
0xa6c1a7ac,0xa6c1a7ac,IsCharSpaceW
0xab743cb6,0xab743cb6,IsCharUpperA
0xab743ccc,0xab743ccc,IsCharUpperW
0xf807982f,0xf807982f,IsChild
0x8816a765,0x8816a765,IsClipboardFormatAvailable
0x26a60c51,0x26a60c51,IsDBCSLeadByte
0x685a6dce,0x685a6dce,IsDBCSLeadByteEx
0x8714f8f1,0x8714f8f1,IsDebuggerPresent
0x44c620,0x0044c620,IsDialogMessage
0x8dd8a61,0x08dd8a61,IsDialogMessageA
0x8dd8a77,0x08dd8a77,IsDialogMessageW
0x21dcc305,0x21dcc305,IsDlgButtonChecked
0x1f7ab5ec,0x1f7ab5ec,IsEqualGUID
0x49cf7768,0x49cf7768,IsGUIThread
0xf610c4b0,0xf610c4b0,IsHostInProxyBypassList
0x3a5fe5b6,0x3a5fe5b6,IsHungAppWindow
0x6a26b00,0x06a26b00,IsIconic
0x2e6885ba,0x2e6885ba,IsInternetESCEnabled
0xe1985685,0xe1985685,IsLFNDrive
0x14a32766,0x14a32766,IsLFNDriveA
0x14a3277c,0x14a3277c,IsLFNDriveW
0xb2343640,0xb2343640,IsMenu
0x1fe2b8fe,0x1fe2b8fe,IsNLSDefinedString
0x7b20b74c,0x7b20b74c,IsNetDrive
0x6b043437,0x6b043437,IsNormalizedString
0x588d90ed,0x588d90ed,IsOS
0x4b1d33f7,0x4b1d33f7,IsProcessDPIAware
0x9ad1a8bc,0x9ad1a8bc,IsProcessInJob
0xc6f4bcd8,0xc6f4bcd8,IsProcessorFeaturePresent
0xb8f4c1c8,0xb8f4c1c8,IsRectEmpty
0xb7886000,0xb7886000,IsRoInitializeASTAAllowedInDesktop
0x1d6a9582,0x1d6a9582,IsSETEnabled
0x1f018502,0x1f018502,IsSandboxedProcess
0x7477fda2,0x7477fda2,IsSecurityProcess
0xcafe931f,0xcafe931f,IsServerSideWindow
0x2ca9dd08,0x2ca9dd08,IsSystemResumeAutomatic
0x338bd897,0x338bd897,IsTextUnicode
0xc031b64c,0xc031b64c,IsThreadAFiber
0xecc26a74,0xecc26a74,IsThreadDesktopComposited
0x31c8730a,0x31c8730a,IsThreadpoolTimerSet
0xcec029f9,0xcec029f9,IsTimeZoneRedirectionEnabled
0xb9976865,0xb9976865,IsTokenRestricted
0xa49c2e1a,0xa49c2e1a,IsTokenUntrusted
0xe3ae8f2e,0xe3ae8f2e,IsTopLevelWindow
0x7a7040a6,0x7a7040a6,IsTouchWindow
0xf7bf8776,0xf7bf8776,IsUrlCacheEntryExpiredA
0xf7bf878c,0xf7bf878c,IsUrlCacheEntryExpiredW
0x6f9f7242,0x6f9f7242,IsUserAnAdmin
0x96efcf0b,0x96efcf0b,IsValidAcl
0xcf532b38,0xcf532b38,IsValidCalDateTime
0xa074c2b3,0xa074c2b3,IsValidCodePage
0xb57d5780,0xb57d5780,IsValidDevmodeA
0xb57d5796,0xb57d5796,IsValidDevmodeW
0x96eff1d1,0x96eff1d1,IsValidIid
0x4d808bac,0x4d808bac,IsValidInterface
0xd9a72ecc,0xd9a72ecc,IsValidLanguageGroup
0x70958b4b,0x70958b4b,IsValidLocale
0x8bdc1d0c,0x8bdc1d0c,IsValidLocaleName
0x1338a308,0x1338a308,IsValidPtrIn
0x7a4d1ec9,0x7a4d1ec9,IsValidPtrOut
0x88ed14d7,0x88ed14d7,IsValidRelative
0xfdab594e,0xfdab594e,IsValidRelativeSecurityDescriptor
0x64a1e4f2,0x64a1e4f2,IsValidSecurityDescriptor
0x96f01c5b,0x96f01c5b,IsValidSid
0x3854ef4c,0x3854ef4c,IsWellKnownSid
0x11719a8c,0x11719a8c,IsWinEventHookInstalled
0x27b680c3,0x27b680c3,IsWindow
0xf9ae1eae,0xf9ae1eae,IsWindowEnabled
0xde17a1a4,0xde17a1a4,IsWindowInDestroy
0x41898252,0x41898252,IsWindowRedirectedForPrint
0xc9e347ca,0xc9e347ca,IsWindowUnicode
0xbebc271,0x0bebc271,IsWindowVisible
0xf938a5f7,0xf938a5f7,IsWow64Message
0xfe2956f1,0xfe2956f1,IsWow64Process
0x2f233ef9,0x2f233ef9,IsZoomed
0x316ce7c7,0x316ce7c7,IssuerCache_Destroy
0x9b7c9897,0x9b7c9897,JOG_RegisterMetric
0x5aa78d81,0x5aa78d81,JOG_RegisterPing
0x9c9f6e7b,0x9c9f6e7b,K32EmptyWorkingSet
0x2f9adf03,0x2f9adf03,K32EnumDeviceDrivers
0x44de3365,0x44de3365,K32EnumPageFilesA
0x44de337b,0x44de337b,K32EnumPageFilesW
0x4596a0cc,0x4596a0cc,K32EnumProcessModules
0x5c20d09,0x05c20d09,K32EnumProcessModulesEx
0x60c976b,0x060c976b,K32EnumProcesses
0x3b2d7bb8,0x3b2d7bb8,K32GetDeviceDriverBaseNameA
0x3b2d7bce,0x3b2d7bce,K32GetDeviceDriverBaseNameW
0x54563d7d,0x54563d7d,K32GetDeviceDriverFileNameA
0x54563d93,0x54563d93,K32GetDeviceDriverFileNameW
0x837db138,0x837db138,K32GetMappedFileNameA
0x837db14e,0x837db14e,K32GetMappedFileNameW
0x8db7fd02,0x8db7fd02,K32GetModuleBaseNameA
0x8db7fd18,0x8db7fd18,K32GetModuleBaseNameW
0xe20ba924,0xe20ba924,K32GetModuleFileNameExA
0xe20ba93a,0xe20ba93a,K32GetModuleFileNameExW
0x5514476b,0x5514476b,K32GetModuleInformation
0xdfc875bd,0xdfc875bd,K32GetPerformanceInfo
0x70b084c3,0x70b084c3,K32GetProcessImageFileNameA
0x70b084d9,0x70b084d9,K32GetProcessImageFileNameW
0x9880b763,0x9880b763,K32GetProcessMemoryInfo
0xd8e8a502,0xd8e8a502,K32GetWsChanges
0xb5a5f6bf,0xb5a5f6bf,K32GetWsChangesEx
0x331405d8,0x331405d8,K32InitializeProcessForWsWatch
0x52fe3d42,0x52fe3d42,K32QueryWorkingSet
0xb829eff,0x0b829eff,K32QueryWorkingSetEx
0xd5dadeaf,0xd5dadeaf,KEAPQGCompare
0x8412e632,0x8412e632,KiFastSystemCall
0x610df6fd,0x610df6fd,KiFastSystemCallRet
0x346d84ef,0x346d84ef,KiIntSystemCall
0xd308ff4c,0xd308ff4c,KiRaiseUserExceptionDispatcher
0xd432929d,0xd432929d,KiUserApcDispatcher
0x60714476,0x60714476,KiUserCallbackDispatcher
0x59be7878,0x59be7878,KiUserExceptionDispatcher
0x859b4e5c,0x859b4e5c,KillTimer
0xfe858724,0xfe858724,LBItemFromPt
0xde90445f,0xde90445f,LCIDToLocaleName
0x426a194,0x0426a194,LCMapStringA
0x88fad4f0,0x88fad4f0,LCMapStringEx
0x426a1aa,0x0426a1aa,LCMapStringW
0x426fd992,0x426fd992,LDAPFilterTemplate
0x7f0fdc1a,0x7f0fdc1a,LIBID_Accessibility
0x76754137,0x76754137,LL_MaxInt
0x4523e6ec,0x4523e6ec,LL_MaxUint
0x77008975,0x77008975,LL_MinInt
0xd0a6aec6,0xd0a6aec6,LL_Zero
0x845a7f13,0x845a7f13,LPFN_WSARECVMSG (WSARecvMsg)
0xb9016682,0xb9016682,LPtoDP
0xef4cb6cb,0xef4cb6cb,LZClose
0xa138c76b,0xa138c76b,LZCloseFile
0xb9ad0ab0,0xb9ad0ab0,LZCopy
0x4166f220,0x4166f220,LZCreateFileW
0xb9ad96bb,0xb9ad96bb,LZDone
0xb9b04fc9,0xb9b04fc9,LZInit
0xbab905c8,0xbab905c8,LZOpenFileA
0xbab905de,0xbab905de,LZOpenFileW
0xb9b517d1,0xb9b517d1,LZRead
0xb9b5a4bd,0xb9b5a4bd,LZSeek
0xf0726643,0xf0726643,LZStart
0x927ef4e0,0x927ef4e0,LastWin32Error
0x1dde3fda,0x1dde3fda,LaunchMSHelp_RunDLLW
0xa08d5a8b,0xa08d5a8b,LdrAccessResource
0x771010f0,0x771010f0,LdrAddLoadAsDataTable
0x26143d3,0x026143d3,LdrAddRefDll
0x1b0c0e87,0x1b0c0e87,LdrDisableThreadCalloutsForDll
0x8cafe001,0x8cafe001,LdrEnumResources
0xabda1db9,0xabda1db9,LdrEnumerateLoadedModules
0x2fa93cf1,0x2fa93cf1,LdrFindEntryForAddress
0x80e3e3e3,0x80e3e3e3,LdrFindResourceDirectory_U
0xefd55a2b,0xefd55a2b,LdrFindResourceEx_U
0xca26ff2e,0xca26ff2e,LdrFindResource_U
0x69d1a174,0x69d1a174,LdrFlushAlternateResourceModules
0xf117f839,0xf117f839,LdrGetDllHandle
0x2d99cb40,0x2d99cb40,LdrGetDllHandleByMapping
0x55546195,0x55546195,LdrGetDllHandleByName
0x96f6f3b6,0x96f6f3b6,LdrGetDllHandleEx
0xd5bd2a33,0xd5bd2a33,LdrGetFailureData
0xf233805c,0xf233805c,LdrGetFileNameFromLoadAsDataTable
0x9a1ac060,0x9a1ac060,LdrGetProcedureAddress
0x8bcc619d,0x8bcc619d,LdrGetProcedureAddressEx
0x97fbad92,0x97fbad92,LdrHotPatchRoutine
0x9ab7ddb1,0x9ab7ddb1,LdrInitShimEngineDynamic
0x8ddf76ed,0x8ddf76ed,LdrInitializeThunk
0x17f395ff,0x17f395ff,LdrLoadAlternateResourceModule
0xe3311afc,0xe3311afc,LdrLoadAlternateResourceModuleEx
0x73ecefed,0x73ecefed,LdrLoadDll
0xf8e47efa,0xf8e47efa,LdrLockLoaderLock
0xd7a0aa9b,0xd7a0aa9b,LdrOpenImageFileOptionsKey
0x5aad93ab,0x5aad93ab,LdrProcessRelocationBlock
0xba9ab4ea,0xba9ab4ea,LdrQueryImageFileExecutionOptions
0xcc1ba0a7,0xcc1ba0a7,LdrQueryImageFileExecutionOptionsEx
0x7d4131cc,0x7d4131cc,LdrQueryImageFileKeyOption
0x8d3282ad,0x8d3282ad,LdrQueryModuleServiceTags
0xeb5d41d2,0xeb5d41d2,LdrQueryProcessModuleInformation
0x472bc659,0x472bc659,LdrRegisterDllNotification
0x937c2e15,0x937c2e15,LdrRemoveLoadAsDataTable
0x514bb784,0x514bb784,LdrResFindResource
0x36b76239,0x36b76239,LdrResFindResourceDirectory
0xc51bf686,0xc51bf686,LdrResGetRCConfig
0xe0023d5c,0xe0023d5c,LdrResRelease
0x948cbd39,0x948cbd39,LdrResSearchResource
0xb2e2cde4,0xb2e2cde4,LdrRscIsTypeExist
0x18d91a43,0x18d91a43,LdrSetAppCompatDllRedirectionCallback
0x6df5853a,0x6df5853a,LdrSetDllManifestProber
0xed8f377e,0xed8f377e,LdrSetMUICacheType
0x9c32768c,0x9c32768c,LdrShutdownProcess
0xded16da5,0xded16da5,LdrShutdownThread
0x3a929c91,0x3a929c91,LdrSystemDllInitBlock
0xc3bb3fa2,0xc3bb3fa2,LdrUnloadAlternateResourceModule
0x9f89b95f,0x9f89b95f,LdrUnloadAlternateResourceModuleEx
0xb7355a10,0xb7355a10,LdrUnloadDll
0x4a51c3bd,0x4a51c3bd,LdrUnlockLoaderLock
0x65d2167c,0x65d2167c,LdrUnregisterDllNotification
0x77f5f781,0x77f5f781,LdrVerifyImageMatchesChecksum
0x4d51e4fe,0x4d51e4fe,LdrVerifyImageMatchesChecksumEx
0x99e39a01,0x99e39a01,LdrWx86FormatVirtualImage
0x7c1c05d2,0x7c1c05d2,LdrpResGetMappingSize
0xad405508,0xad405508,LdrpResGetResourceDirectory
0xdc2434dc,0xdc2434dc,LeaveCriticalSection
0xf13c404e,0xf13c404e,LeaveCriticalSectionWhenCallbackReturns
0xc8680a40,0xc8680a40,LineDDA
0xb87f483a,0xb87f483a,LineTo
0xaf1d7748,0xaf1d7748,LoadAcceleratorsA
0xaf1d775e,0xaf1d775e,LoadAcceleratorsW
0xcdbf8653,0xcdbf8653,LoadAppInitDlls
0x2ac77a8d,0x2ac77a8d,LoadBitmapA
0x2ac77aa3,0x2ac77aa3,LoadBitmapW
0x939ef3ee,0x939ef3ee,LoadCursorA
0x2a096662,0x2a096662,LoadCursorFromFileA
0x2a096678,0x2a096678,LoadCursorFromFileW
0x939ef404,0x939ef404,LoadCursorW
0x216e8d19,0x216e8d19,LoadIconA
0x216e8d2f,0x216e8d2f,LoadIconW
0x4fed5af3,0x4fed5af3,LoadImageA
0xa0a3ed16,0xa0a3ed16,LoadImageColorMatcherA
0xa0a3ed2c,0xa0a3ed2c,LoadImageColorMatcherW
0x4fed5b09,0x4fed5b09,LoadImageW
0xbfa7f43f,0xbfa7f43f,LoadKeyboardLayoutA
0xb4a67cfb,0xb4a67cfb,LoadKeyboardLayoutEx
0xbfa7f455,0xbfa7f455,LoadKeyboardLayoutW
0x94a6c805,0x94a6c805,LoadLibraryA
0x5978f9e2,0x5978f9e2,LoadLibraryExA
0x5978f9f8,0x5978f9f8,LoadLibraryExW
0x94a6c81b,0x94a6c81b,LoadLibraryW
0xfcd1aee4,0xfcd1aee4,LoadLocalFonts
0x21b80485,0x21b80485,LoadMenuA
0x92c8aed7,0x92c8aed7,LoadMenuIndirectA
0x92c8aeed,0x92c8aeed,LoadMenuIndirectW
0x21b8049b,0x21b8049b,LoadMenuW
0x59681015,0x59681015,LoadModule
0x6c1a8225,0x6c1a8225,LoadRemoteFonts
0x11c53037,0x11c53037,LoadResource
0x60e815e7,0x60e815e7,LoadStringA
0x564f2df5,0x564f2df5,LoadStringBaseExW
0x2175d8d8,0x2175d8d8,LoadStringBaseW
0x60e815fd,0x60e815fd,LoadStringW
0xd35531f1,0xd35531f1,LoadUrlCacheContent
0x47aec105,0x47aec105,LocalAlloc
0x8f69af01,0x8f69af01,LocalCompact
0xb957b83b,0xb957b83b,LocalFileTimeToFileTime
0x48090bc7,0x48090bc7,LocalFlags
0xb49b86fc,0xb49b86fc,LocalFree
0x4d14dbe6,0x4d14dbe6,LocalHandle
0xb49ec443,0xb49ec443,LocalLock
0xf9e480bc,0xf9e480bc,LocalReAlloc
0x673e8d69,0x673e8d69,LocalShrink
0xb4a28455,0xb4a28455,LocalSize
0x6c523f86,0x6c523f86,LocalUnlock
0xa23054df,0xa23054df,LocaleNameToLCID
0x18db350c,0x18db350c,LocateXStateFeature
0x395d0b90,0x395d0b90,LockExclusive
0x8a0bc298,0x8a0bc298,LockFile
0x3c06d1d5,0x3c06d1d5,LockFileEx
0x49416980,0x49416980,LockResource
0xd5e4039e,0xd5e4039e,LockServiceDatabase
0x8f7dc217,0x8f7dc217,LockSetForegroundWindow
0x5a41f88f,0x5a41f88f,LockShared
0xb54b7152,0xb54b7152,LockWindowStation
0x8dc2a573,0x8dc2a573,LockWindowUpdate
0x8fcb8bfd,0x8fcb8bfd,LockWorkStation
0xaae20f34,0xaae20f34,LogicalToPhysicalPoint
0x347d5bae,0x347d5bae,LogonUserA
0x49431bcb,0x49431bcb,LogonUserExA
0xa679573e,0xa679573e,LogonUserExExW
0x49431be1,0x49431be1,LogonUserExW
0x347d5bc4,0x347d5bc4,LogonUserW
0xff74d4fc,0xff74d4fc,LongCounterValue
0x6bcaa58,0x06bcaa58,LookupAccountNameA
0x6bcaa6e,0x06bcaa6e,LookupAccountNameW
0x3721f7,0x003721f7,LookupAccountSidA
0x37220d,0x0037220d,LookupAccountSidW
0xe17a2408,0xe17a2408,LookupIconIdFromDirectory
0x28934f45,0x28934f45,LookupIconIdFromDirectoryEx
0xc3ce0528,0xc3ce0528,LookupPrivilegeDisplayNameA
0xc3ce053e,0xc3ce053e,LookupPrivilegeDisplayNameW
0x905ca812,0x905ca812,LookupPrivilegeNameA
0x905ca828,0x905ca828,LookupPrivilegeNameW
0xae9aa7ce,0xae9aa7ce,LookupPrivilegeValueA
0xae9aa7e4,0xae9aa7e4,LookupPrivilegeValueW
0x478450ab,0x478450ab,LookupSecurityDescriptorPartsA
0x478450c1,0x478450c1,LookupSecurityDescriptorPartsW
0xaf2e76f7,0xaf2e76f7,LpkPresent
0x38c4f0e5,0x38c4f0e5,LresultFromObject
0x7fcdd576,0x7fcdd576,LsaAddAccountRights
0x786b6742,0x786b6742,LsaAddPrivilegesToAccount
0x1ea8b057,0x1ea8b057,LsaCallAuthenticationPackage
0x76190c8f,0x76190c8f,LsaClearAuditLog
0xb8bd0505,0xb8bd0505,LsaClose
0x6b9b1067,0x6b9b1067,LsaConnectUntrusted
0x2f7c5ff0,0x2f7c5ff0,LsaCreateAccount
0xed81f329,0xed81f329,LsaCreateSecret
0x288ebd46,0x288ebd46,LsaCreateTrustedDomain
0x87333003,0x87333003,LsaCreateTrustedDomainEx
0xd2324442,0xd2324442,LsaDelete
0xf7132d65,0xf7132d65,LsaDeleteTrustedDomain
0x2d7a6b5b,0x2d7a6b5b,LsaDeregisterLogonProcess
0xa72baa13,0xa72baa13,LsaEnumerateAccountRights
0xda551875,0xda551875,LsaEnumerateAccounts
0xf5a49b2e,0xf5a49b2e,LsaEnumerateAccountsWithUserRight
0x5f601dab,0x5f601dab,LsaEnumerateLogonSessions
0x5c1e542f,0x5c1e542f,LsaEnumeratePrivileges
0xcc90ccb1,0xcc90ccb1,LsaEnumeratePrivilegesOfAccount
0x17b67e0b,0x17b67e0b,LsaEnumerateTrustedDomains
0xdf4e3608,0xdf4e3608,LsaEnumerateTrustedDomainsEx
0xdad01a2a,0xdad01a2a,LsaFreeMemory
0xdf5c980b,0xdf5c980b,LsaFreeReturnBuffer
0xb99ce3ec,0xb99ce3ec,LsaGetLogonSessionData
0x761aec20,0x761aec20,LsaGetQuotasForAccount
0xb71a4a1b,0xb71a4a1b,LsaGetRemoteUserName
0x1b4e20d3,0x1b4e20d3,LsaGetSystemAccessAccount
0xeb45b42f,0xeb45b42f,LsaGetUserName
0x714cd969,0x714cd969,LsaICLookupNames
0x28308716,0x28308716,LsaICLookupNamesWithCreds
0xf3eded28,0xf3eded28,LsaICLookupSids
0xfc9941b5,0xfc9941b5,LsaICLookupSidsWithCreds
0x96e3d1ad,0x96e3d1ad,LsaLogonUser
0xd7571eb5,0xd7571eb5,LsaLookupAuthenticationPackage
0xe0cc4b7d,0xe0cc4b7d,LsaLookupNames
0xfa55bb4f,0xfa55bb4f,LsaLookupNames2
0xc799efe7,0xc799efe7,LsaLookupPrivilegeDisplayName
0x519e7991,0x519e7991,LsaLookupPrivilegeName
0x85fe6dcd,0x85fe6dcd,LsaLookupPrivilegeValue
0xb17d6cbc,0xb17d6cbc,LsaLookupSids
0x2cb06a45,0x2cb06a45,LsaManageSidNameMapping
0x2dc252d0,0x2dc252d0,LsaNtStatusToWinError
0x8a3704ae,0x8a3704ae,LsaOpenAccount
0xd2b63c31,0xd2b63c31,LsaOpenPolicy
0x7ff9048c,0x7ff9048c,LsaOpenPolicySce
0xd8fbf827,0xd8fbf827,LsaOpenSecret
0x976d7884,0x976d7884,LsaOpenTrustedDomain
0x5319ae20,0x5319ae20,LsaOpenTrustedDomainByName
0x82968253,0x82968253,LsaQueryDomainInformationPolicy
0xb0dca400,0xb0dca400,LsaQueryForestTrustInformation
0xe21ffdb4,0xe21ffdb4,LsaQueryInfoTrustedDomain
0x3e6ad19b,0x3e6ad19b,LsaQueryInformationPolicy
0xb712630b,0xb712630b,LsaQuerySecret
0x931977d4,0x931977d4,LsaQuerySecurityObject
0x8ca6cbb4,0x8ca6cbb4,LsaQueryTrustedDomainInfo
0x1fb0a550,0x1fb0a550,LsaQueryTrustedDomainInfoByName
0x1c90f412,0x1c90f412,LsaRegisterLogonProcess
0xfdc6c351,0xfdc6c351,LsaRegisterPolicyChangeNotification
0x762b009b,0x762b009b,LsaRemoveAccountRights
0xa46d8978,0xa46d8978,LsaRemovePrivilegesFromAccount
0x44ad7c6a,0x44ad7c6a,LsaRetrievePrivateData
0xd3f14ea9,0xd3f14ea9,LsaSetDomainInformationPolicy
0x75443d96,0x75443d96,LsaSetForestTrustInformation
0xd2909571,0xd2909571,LsaSetInformationPolicy
0xf17ee9c4,0xf17ee9c4,LsaSetInformationTrustedDomain
0xc057b72c,0xc057b72c,LsaSetQuotasForAccount
0x7d1590a1,0x7d1590a1,LsaSetSecret
0xcce3db6a,0xcce3db6a,LsaSetSecurityObject
0x7b61a05f,0x7b61a05f,LsaSetSystemAccessAccount
0x710b71a6,0x710b71a6,LsaSetTrustedDomainInfoByName
0x453ea824,0x453ea824,LsaSetTrustedDomainInformation
0xced61e31,0xced61e31,LsaStorePrivateData
0xd9deda54,0xd9deda54,LsaUnregisterPolicyChangeNotification
0x67cbd6eb,0x67cbd6eb,MBToWCSEx
0xd7601e94,0xd7601e94,MB_GetString
0xa4ca1da5,0xa4ca1da5,MCIWndCreate
0x3e0dd286,0x3e0dd286,MCIWndCreateA
0x3e0dd29c,0x3e0dd29c,MCIWndCreateW
0x1559180c,0x1559180c,MCIWndRegisterClass
0x436d83e,0x0436d83e,MD4Final
0x7e45b88,0x07e45b88,MD4Init
0xae887277,0xae887277,MD4Update
0x68c00df,0x068c00df,MD5Final
0x7f67409,0x07f67409,MD5Init
0xfb82af38,0xfb82af38,MD5Update
0xc5d3705f,0xc5d3705f,MLFreeLibrary
0x9138d77e,0x9138d77e,MLLoadLibraryA
0x9138d794,0x9138d794,MLLoadLibraryW
0x17653fa8,0x17653fa8,MOZ_CrashPrintf
0xbb30ae1f,0xbb30ae1f,MSChapSrvChangePassword
0x21467231,0x21467231,MSChapSrvChangePassword2
0x33d66ca3,0x33d66ca3,MakeAbsoluteSD
0xaea40135,0xaea40135,MakeAbsoluteSD2
0x67157ee7,0x67157ee7,MakeDragList
0x2bc9fbea,0x2bc9fbea,MakeSelfRelativeSD
0xac300aff,0xac300aff,MakeSignature
0x3b7a5fee,0x3b7a5fee,MakeSureDirectoryPathExists
0xd7ad7fcb,0xd7ad7fcb,MapDialogRect
0xac5c31f6,0xac5c31f6,MapGenericMask
0xaa9fca99,0xaa9fca99,MapUserPhysicalPages
0x5d43d04f,0x5d43d04f,MapUserPhysicalPagesScatter
0x201b08fd,0x201b08fd,MapViewOfFile
0x9301457a,0x9301457a,MapViewOfFileEx
0x14e7abcb,0x14e7abcb,MapViewOfFileExNuma
0xba9993e,0x0ba9993e,MapVirtualKeyA
0x9c74fd5b,0x9c74fd5b,MapVirtualKeyExA
0x9c74fd71,0x9c74fd71,MapVirtualKeyExW
0xba99954,0x0ba99954,MapVirtualKeyW
0x77740f22,0x77740f22,MapWindowPoints
0x316bf5d,0x0316bf5d,MaskBlt
0xfcbf1420,0xfcbf1420,MaxThreads
0x8ee5f3ad,0x8ee5f3ad,MenuHelp
0x612b89d1,0x612b89d1,MenuItemFromPoint
0xa94ec071,0xa94ec071,MenuWindowProcA
0xa94ec087,0xa94ec087,MenuWindowProcW
0x149828dd,0x149828dd,MesBufferHandleReset
0xb6cd5792,0xb6cd5792,MesDecodeBufferHandleCreate
0x444cfa6a,0x444cfa6a,MesDecodeIncrementalHandleCreate
0x884cc5c7,0x884cc5c7,MesEncodeDynBufferHandleCreate
0x1f73f2ec,0x1f73f2ec,MesEncodeFixedBufferHandleCreate
0xb1e4e054,0xb1e4e054,MesEncodeIncrementalHandleCreate
0x2833b302,0x2833b302,MesHandleFree
0x1d6ffe35,0x1d6ffe35,MesIncrementalHandleReset
0xf9bafc04,0xf9bafc04,MesInqProcEncodingId
0x3d9bf9b0,0x3d9bf9b0,MessageBeep
0x3d9c269e,0x3d9c269e,MessageBoxA
0x154062bb,0x154062bb,MessageBoxExA
0x154062d1,0x154062d1,MessageBoxExW
0x39d5d9f0,0x39d5d9f0,MessageBoxIndirectA
0x39d5da06,0x39d5da06,MessageBoxIndirectW
0x213f8265,0x213f8265,MessageBoxTimeoutA
0x213f827b,0x213f827b,MessageBoxTimeoutW
0x3d9c26b4,0x3d9c26b4,MessageBoxW
0xca54552e,0xca54552e,MigrateWinsockConfiguration
0xbaff8cf0,0xbaff8cf0,MiniDumpReadDumpStream
0xa4084733,0xa4084733,MiniDumpWriteDump
0x4a1b1b11,0x4a1b1b11,MirrorRgn
0x61cc3c99,0x61cc3c99,MkParseDisplayName
0x39b51ad,0x039b51ad,ModifyMenuA
0x39b51c3,0x039b51c3,ModifyMenuW
0xc5aaefb,0x0c5aaefb,ModifyWorldTransform
0xcfa80e22,0xcfa80e22,Module32First
0xc4a9d2b9,0xc4a9d2b9,Module32FirstW
0x34daded9,0x34daded9,Module32Next
0xd036ba50,0xd036ba50,Module32NextW
0x1521997,0x01521997,MonikerCommonPrefixWith
0xd3e1c7fd,0xd3e1c7fd,MonikerLoadTypeLib
0xe0a7e8f0,0xe0a7e8f0,MonikerRelativePathTo
0x57c1fd35,0x57c1fd35,MonitorFromPoint
0xb5165239,0xb5165239,MonitorFromRect
0x5febc043,0x5febc043,MonitorFromWindow
0xe8941567,0xe8941567,MoveFileA
0x5def27c4,0x5def27c4,MoveFileExA
0x5def27da,0x5def27da,MoveFileExW
0x47576bf0,0x47576bf0,MoveFileTransactedA
0x47576c06,0x47576c06,MoveFileTransactedW
0xe894157d,0xe894157d,MoveFileW
0x4f50c458,0x4f50c458,MoveFileWithProgressA
0x4f50c46e,0x4f50c46e,MoveFileWithProgressW
0xa23ace66,0xa23ace66,MoveToEx
0x22bf8b9e,0x22bf8b9e,MoveWindow
0x315b07cc,0x315b07cc,MsCatConstructHashTag
0x836b5da9,0x836b5da9,MsCatFreeHashTag
0x3ddc9dc8,0x3ddc9dc8,MsgWaitForMultipleObjects
0x277b3905,0x277b3905,MsgWaitForMultipleObjectsEx
0xbbac7880,0xbbac7880,MulDiv
0xf1ba79b8,0xf1ba79b8,MultiByteToWideChar
0x42c7e539,0x42c7e539,MutexOnCompletion
0xfa623056,0xfa623056,NDRCContextBinding
0x100dca0f,0x100dca0f,NDRCContextMarshall
0x67045b12,0x67045b12,NDRCContextUnmarshall
0xd360281f,0xd360281f,NDRSContextMarshall
0x3f652c31,0x3f652c31,NDRSContextMarshall2
0x2c0ab51c,0x2c0ab51c,NDRSContextMarshallEx
0x48667d22,0x48667d22,NDRSContextUnmarshall
0x55362194,0x55362194,NDRSContextUnmarshall2
0xfbfa56df,0xfbfa56df,NDRSContextUnmarshallEx
0x283bc8ed,0x283bc8ed,NPLoadNameSpaces
0x715184f4,0x715184f4,NSC_GetFunctionList
0xa85e8963,0xa85e8963,NSC_GetInterface
0x5da5713f,0x5da5713f,NSC_GetInterfaceList
0xda3a74ea,0xda3a74ea,NSC_ModuleDBFunc
0x9d526e73,0x9d526e73,NSPStartup
0x48082c4a,0x48082c4a,NSSAlgorithmAndParameters_CreateMD5Digest
0x843d9bd1,0x843d9bd1,NSSAlgorithmAndParameters_CreateSHA1Digest
0x754b61bd,0x754b61bd,NSSArena_Create
0x4e668153,0x4e668153,NSSArena_Destroy
0x69051631,0x69051631,NSSBase64Decoder_Create
0x9ed6bfee,0x9ed6bfee,NSSBase64Decoder_Create_Util
0xb956c447,0xb956c447,NSSBase64Decoder_Destroy
0xdeb6abc4,0xdeb6abc4,NSSBase64Decoder_Destroy_Util
0x92dd3420,0x92dd3420,NSSBase64Decoder_Update
0x82c9eb3d,0x82c9eb3d,NSSBase64Decoder_Update_Util
0x6e9ca55b,0x6e9ca55b,NSSBase64Encoder_Create
0xae785958,0xae785958,NSSBase64Encoder_Create_Util
0x71e038b1,0x71e038b1,NSSBase64Encoder_Destroy
0xe28b726e,0xe28b726e,NSSBase64Encoder_Destroy_Util
0x9874c34a,0x9874c34a,NSSBase64Encoder_Update
0x926b84a7,0x926b84a7,NSSBase64Encoder_Update_Util
0x4accc805,0x4accc805,NSSBase64_DecodeBuffer
0x849ab642,0x849ab642,NSSBase64_DecodeBuffer_Util
0x47c10fc4,0x47c10fc4,NSSBase64_EncodeItem
0x15dcad61,0x15dcad61,NSSBase64_EncodeItem_Util
0x52bfe205,0x52bfe205,NSSCMSDigestedDataTemplate
0x16d6bfaa,0x16d6bfaa,NSSCMSEncryptedDataTemplate
0x118943de,0x118943de,NSSCMSEnvelopedDataTemplate
0xf501e9da,0xf501e9da,NSSCMSGenericWrapperDataTemplate
0xa8eb4ee7,0xa8eb4ee7,NSSCMSMessageTemplate
0x8369b4c1,0x8369b4c1,NSSCMSOtherKeyAttributeTemplate
0x83ee1e51,0x83ee1e51,NSSCMSRecipientInfoTemplate
0x511c2131,0x511c2131,NSSCMSRecipientKeyIdentifierTemplate
0x2e1af6b6,0x2e1af6b6,NSSCMSSignedDataTemplate
0x65fdc136,0x65fdc136,NSSCMSSignerInfoTemplate
0x841512ee,0x841512ee,NSSCertificateArray_Destroy
0xba42bc58,0xba42bc58,NSSCertificate_BuildChain
0x6063ae5f,0x6063ae5f,NSSCertificate_CreateCryptoContext
0xc0da9a20,0xc0da9a20,NSSCertificate_DeleteStoredObject
0x6534d6cf,0x6534d6cf,NSSCertificate_Destroy
0x250807b3,0x250807b3,NSSCertificate_Encode
0xc60afe4a,0xc60afe4a,NSSCertificate_Encrypt
0x885d6f6a,0x885d6f6a,NSSCertificate_FindPrivateKey
0x1fa4e14b,0x1fa4e14b,NSSCertificate_GetModule
0x6085b08d,0x6085b08d,NSSCertificate_GetPublicKey
0x4c34ffa7,0x4c34ffa7,NSSCertificate_GetSlot
0xd2e89f86,0xd2e89f86,NSSCertificate_GetToken
0xe728c3f,0x0e728c3f,NSSCertificate_GetTrustDomain
0x8e2a4166,0x8e2a4166,NSSCertificate_IsPrivateKeyAvailable
0x6364a24f,0x6364a24f,NSSCertificate_Validate
0x9aa1b834,0x9aa1b834,NSSCertificate_ValidateAndDiscoverUsagesAndPolicies
0x9835da0d,0x9835da0d,NSSCertificate_ValidateCompletely
0x4c14fe5a,0x4c14fe5a,NSSCertificate_Verify
0x1bf4b110,0x1bf4b110,NSSCertificate_VerifyRecover
0x58151685,0x58151685,NSSCertificate_WrapSymmetricKey
0xfe3b5b48,0xfe3b5b48,NSSCryptoContext_BeginDecrypt
0x3e4c27ed,0x3e4c27ed,NSSCryptoContext_BeginDigest
0x603405b2,0x603405b2,NSSCryptoContext_BeginEncrypt
0xc2bbe51e,0xc2bbe51e,NSSCryptoContext_BeginSign
0xe383d354,0xe383d354,NSSCryptoContext_BeginSignRecover
0x6806b8c2,0x6806b8c2,NSSCryptoContext_BeginVerify
0xe2fa678,0x0e2fa678,NSSCryptoContext_BeginVerifyRecover
0x330364f9,0x330364f9,NSSCryptoContext_Clone
0x4ce473a8,0x4ce473a8,NSSCryptoContext_ContinueDecrypt
0x9603b44d,0x9603b44d,NSSCryptoContext_ContinueDigest
0xaedd1e12,0xaedd1e12,NSSCryptoContext_ContinueEncrypt
0xc64d97e,0x0c64d97e,NSSCryptoContext_ContinueSign
0x17c21bb4,0x17c21bb4,NSSCryptoContext_ContinueSignRecover
0xbfbe4522,0xbfbe4522,NSSCryptoContext_ContinueVerify
0x4b2186d8,0x4b2186d8,NSSCryptoContext_ContinueVerifyRecover
0x3d4012c3,0x3d4012c3,NSSCryptoContext_Decrypt
0xdb48da4d,0xdb48da4d,NSSCryptoContext_DeriveSymmetricKey
0x3e6295b2,0x3e6295b2,NSSCryptoContext_Destroy
0x958a5c08,0x958a5c08,NSSCryptoContext_Digest
0x9f38bd2d,0x9f38bd2d,NSSCryptoContext_Encrypt
0xdbf24d9d,0xdbf24d9d,NSSCryptoContext_FindBestCertificateByEmail
0x5111059c,0x5111059c,NSSCryptoContext_FindBestCertificateByNameComponents
0xf879871b,0xf879871b,NSSCryptoContext_FindBestCertificateByNickname
0xea275085,0xea275085,NSSCryptoContext_FindBestCertificateBySubject
0xd6473b99,0xd6473b99,NSSCryptoContext_FindBestUserCertificate
0xd27c6517,0xd27c6517,NSSCryptoContext_FindBestUserCertificateForEmailSigning
0xe3ed48a3,0xe3ed48a3,NSSCryptoContext_FindBestUserCertificateForSSLClientAuth
0x5fd45c1c,0x5fd45c1c,NSSCryptoContext_FindCertificateByEncodedCertificate
0x2c94841e,0x2c94841e,NSSCryptoContext_FindCertificateByIssuerAndSerialNumber
0xd84e67c0,0xd84e67c0,NSSCryptoContext_FindCertificateByOCSPHash
0x166e5282,0x166e5282,NSSCryptoContext_FindCertificatesByEmail
0xdec55c21,0xdec55c21,NSSCryptoContext_FindCertificatesByNameComponents
0xf4249de0,0xf4249de0,NSSCryptoContext_FindCertificatesByNickname
0xb3b822aa,0xb3b822aa,NSSCryptoContext_FindCertificatesBySubject
0x22db7668,0x22db7668,NSSCryptoContext_FindOrImportCertificate
0x28ddcf1a,0x28ddcf1a,NSSCryptoContext_FindSymmetricKeyByAlgorithmAndKeyID
0x6ebe4fe,0x06ebe4fe,NSSCryptoContext_FindUserCertificates
0x2d99dfdc,0x2d99dfdc,NSSCryptoContext_FindUserCertificatesForEmailSigning
0xa2ba1c08,0xa2ba1c08,NSSCryptoContext_FindUserCertificatesForSSLClientAuth
0x1a8bd184,0x1a8bd184,NSSCryptoContext_FinishDecrypt
0xc308c6a9,0xc308c6a9,NSSCryptoContext_FinishDigest
0x7c847bee,0x7c847bee,NSSCryptoContext_FinishEncrypt
0x7d09a4da,0x7d09a4da,NSSCryptoContext_FinishSign
0x35d0790,0x035d0790,NSSCryptoContext_FinishSignRecover
0xecc3577e,0xecc3577e,NSSCryptoContext_FinishVerify
0x8926d9b4,0x8926d9b4,NSSCryptoContext_FinishVerifyRecover
0xcede45e8,0xcede45e8,NSSCryptoContext_GenerateKeyPair
0x44ba1cb9,0x44ba1cb9,NSSCryptoContext_GenerateSymmetricKey
0x77277940,0x77277940,NSSCryptoContext_GenerateSymmetricKeyFromPassword
0xf5992ffa,0xf5992ffa,NSSCryptoContext_GetDefaultCallback
0x8d5e4dc2,0x8d5e4dc2,NSSCryptoContext_GetTrustDomain
0x9a90fc98,0x9a90fc98,NSSCryptoContext_ImportEncodedCertificate
0xd56ae077,0xd56ae077,NSSCryptoContext_ImportEncodedPKIXCertificateChain
0xda899522,0xda899522,NSSCryptoContext_ImportPKIXCertificate
0x1ea2c986,0x1ea2c986,NSSCryptoContext_SetDefaultCallback
0x11185679,0x11185679,NSSCryptoContext_Sign
0xfcbdd04f,0xfcbdd04f,NSSCryptoContext_SignRecover
0x5bc7580b,0x5bc7580b,NSSCryptoContext_UnwrapSymmetricKey
0xbf44ecdd,0xbf44ecdd,NSSCryptoContext_Verify
0x5ddcce33,0x5ddcce33,NSSCryptoContext_VerifyRecover
0x40f744c8,0x40f744c8,NSSCryptoContext_WrapSymmetricKey
0x3e57143e,0x3e57143e,NSSDBGC_CancelFunction
0xe02d7b58,0xe02d7b58,NSSDBGC_CloseAllSessions
0x890636ec,0x890636ec,NSSDBGC_CloseSession
0x55194f24,0x55194f24,NSSDBGC_CopyObject
0x84ff37d,0x084ff37d,NSSDBGC_CreateObject
0x4e0b5f4d,0x4e0b5f4d,NSSDBGC_Decrypt
0xebd70f0,0x0ebd70f0,NSSDBGC_DecryptDigestUpdate
0x1fb806d7,0x1fb806d7,NSSDBGC_DecryptFinal
0x183d9b01,0x183d9b01,NSSDBGC_DecryptInit
0xffbc5352,0xffbc5352,NSSDBGC_DecryptMessage
0x958095b7,0x958095b7,NSSDBGC_DecryptMessageBegin
0x61a5a311,0x61a5a311,NSSDBGC_DecryptMessageNext
0x3a2f7430,0x3a2f7430,NSSDBGC_DecryptUpdate
0xea588d85,0xea588d85,NSSDBGC_DecryptVerifyUpdate
0x6bcf197a,0x6bcf197a,NSSDBGC_DeriveKey
0xee513cb3,0xee513cb3,NSSDBGC_DestroyObject
0x48793f52,0x48793f52,NSSDBGC_Digest
0x314a529a,0x314a529a,NSSDBGC_DigestEncryptUpdate
0x357bb1fc,0x357bb1fc,NSSDBGC_DigestFinal
0x56f5f586,0x56f5f586,NSSDBGC_DigestInit
0xc4931e5b,0xc4931e5b,NSSDBGC_DigestKey
0x86883f5,0x086883f5,NSSDBGC_DigestUpdate
0xb00409b7,0xb00409b7,NSSDBGC_Encrypt
0xedc381,0x00edc381,NSSDBGC_EncryptFinal
0xc1f96a6b,0xc1f96a6b,NSSDBGC_EncryptInit
0x553e27c,0x0553e27c,NSSDBGC_EncryptMessage
0xa5222f21,0xa5222f21,NSSDBGC_EncryptMessageBegin
0x7964b73b,0x7964b73b,NSSDBGC_EncryptMessageNext
0x421cc61a,0x421cc61a,NSSDBGC_EncryptUpdate
0x3451c664,0x3451c664,NSSDBGC_Finalize
0x25ba947d,0x25ba947d,NSSDBGC_FindObjects
0x2e27fa07,0x2e27fa07,NSSDBGC_FindObjectsFinal
0xf1e3e831,0xf1e3e831,NSSDBGC_FindObjectsInit
0x6c7d7ce6,0x6c7d7ce6,NSSDBGC_GenerateKey
0x374a7c72,0x374a7c72,NSSDBGC_GenerateKeyPair
0xcbe0f91e,0xcbe0f91e,NSSDBGC_GenerateRandom
0x736edfc3,0x736edfc3,NSSDBGC_GetAttributeValue
0xa1458a74,0xa1458a74,NSSDBGC_GetFunctionList
0x19e34ddc,0x19e34ddc,NSSDBGC_GetFunctionStatus
0x3628969e,0x3628969e,NSSDBGC_GetInfo
0xc9d47ee3,0xc9d47ee3,NSSDBGC_GetInterface
0x8c1a26bf,0x8c1a26bf,NSSDBGC_GetInterfaceList
0x757e76f3,0x757e76f3,NSSDBGC_GetMechanismInfo
0x75800883,0x75800883,NSSDBGC_GetMechanismList
0x4a461624,0x4a461624,NSSDBGC_GetObjectSize
0x26780704,0x26780704,NSSDBGC_GetOperationState
0x7a6df4a2,0x7a6df4a2,NSSDBGC_GetSessionInfo
0x65ced1e0,0x65ced1e0,NSSDBGC_GetSlotInfo
0x65d06370,0x65d06370,NSSDBGC_GetSlotList
0x25c86df,0x025c86df,NSSDBGC_GetTokenInfo
0xe45a814d,0xe45a814d,NSSDBGC_InitPIN
0x654bb147,0x654bb147,NSSDBGC_InitToken
0xf41c6364,0xf41c6364,NSSDBGC_Initialize
0xf342660b,0xf342660b,NSSDBGC_Login
0xfafc7a0a,0xfafc7a0a,NSSDBGC_LoginUser
0x5b8f422c,0x5b8f422c,NSSDBGC_Logout
0x8d07f2bc,0x8d07f2bc,NSSDBGC_MessageDecryptFinal
0x599d1e46,0x599d1e46,NSSDBGC_MessageDecryptInit
0x6e3daf66,0x6e3daf66,NSSDBGC_MessageEncryptFinal
0x358edb0,0x0358edb0,NSSDBGC_MessageEncryptInit
0x9296de92,0x9296de92,NSSDBGC_MessageSignFinal
0x472e75c,0x0472e75c,NSSDBGC_MessageSignInit
0x9c8a9336,0x9c8a9336,NSSDBGC_MessageVerifyFinal
0xc6b09780,0xc6b09780,NSSDBGC_MessageVerifyInit
0x500c5308,0x500c5308,NSSDBGC_OpenSession
0x987a65d4,0x987a65d4,NSSDBGC_SeedRandom
0xda9cdfc,0x0da9cdfc,NSSDBGC_SessionCancel
0x55a577cf,0x55a577cf,NSSDBGC_SetAttributeValue
0x8ae9f10,0x08ae9f10,NSSDBGC_SetOperationState
0x6b358d25,0x6b358d25,NSSDBGC_SetPIN
0x8381df43,0x8381df43,NSSDBGC_Sign
0xc493922b,0xc493922b,NSSDBGC_SignEncryptUpdate
0xabeaf08d,0xabeaf08d,NSSDBGC_SignFinal
0x243f25f7,0x243f25f7,NSSDBGC_SignInit
0x64508288,0x64508288,NSSDBGC_SignMessage
0x1700b6ad,0x1700b6ad,NSSDBGC_SignMessageBegin
0x468a7d47,0x468a7d47,NSSDBGC_SignMessageNext
0xe41051d9,0xe41051d9,NSSDBGC_SignRecover
0x3550f38d,0x3550f38d,NSSDBGC_SignRecoverInit
0x4cbf94a6,0x4cbf94a6,NSSDBGC_SignUpdate
0xaceb978,0x0aceb978,NSSDBGC_UnwrapKey
0x7233d027,0x7233d027,NSSDBGC_Verify
0x5b2b0ff1,0x5b2b0ff1,NSSDBGC_VerifyFinal
0xa86e8db,0x0a86e8db,NSSDBGC_VerifyInit
0xe4160aec,0xe4160aec,NSSDBGC_VerifyMessage
0x60bf1d91,0x60bf1d91,NSSDBGC_VerifyMessageBegin
0xc4e597ab,0xc4e597ab,NSSDBGC_VerifyMessageNext
0x63d5da3d,0x63d5da3d,NSSDBGC_VerifyRecover
0xb3ac0df1,0xb3ac0df1,NSSDBGC_VerifyRecoverInit
0xe403a08a,0xe403a08a,NSSDBGC_VerifyUpdate
0xd248372,0x0d248372,NSSDBGC_WaitForSlotEvent
0x22cb6b15,0x22cb6b15,NSSDBGC_WrapKey
0xf4c69ce0,0xf4c69ce0,NSSPrivateKey_CreateCryptoContext
0xa456b8e1,0xa456b8e1,NSSPrivateKey_Decrypt
0x3693c81,0x03693c81,NSSPrivateKey_DeleteStoredObject
0x73b0b1ab,0x73b0b1ab,NSSPrivateKey_DeriveSymmetricKey
0xa5793bd0,0xa5793bd0,NSSPrivateKey_Destroy
0xc9e35094,0xc9e35094,NSSPrivateKey_Encode
0x9e083218,0x9e083218,NSSPrivateKey_FindBestCertificate
0x3ffdc35d,0x3ffdc35d,NSSPrivateKey_FindCertificates
0x474b7c2f,0x474b7c2f,NSSPrivateKey_FindPublicKey
0x82968a8c,0x82968a8c,NSSPrivateKey_GetModule
0x41e948ec,0x41e948ec,NSSPrivateKey_GetPrivateModulusLength
0xccb657a,0x0ccb657a,NSSPrivateKey_GetSignatureLength
0x8c7964a8,0x8c7964a8,NSSPrivateKey_GetSlot
0x1bb9a4a7,0x1bb9a4a7,NSSPrivateKey_GetToken
0xbf752620,0xbf752620,NSSPrivateKey_GetTrustDomain
0x95b6886b,0x95b6886b,NSSPrivateKey_IsStillPresent
0x80cd8157,0x80cd8157,NSSPrivateKey_Sign
0xbcd6556d,0xbcd6556d,NSSPrivateKey_SignRecover
0xf42f2f69,0xf42f2f69,NSSPrivateKey_UnwrapSymmetricKey
0xd4094e44,0xd4094e44,NSSPublicKey_CreateCryptoContext
0xfaa95165,0xfaa95165,NSSPublicKey_DeleteStoredObject
0xef0bb734,0xef0bb734,NSSPublicKey_Destroy
0xdba1ef78,0xdba1ef78,NSSPublicKey_Encode
0x4fe1deaf,0x4fe1deaf,NSSPublicKey_Encrypt
0x7d4ae37c,0x7d4ae37c,NSSPublicKey_FindBestCertificate
0x15ab4f41,0x15ab4f41,NSSPublicKey_FindCertificates
0xb5b14c2f,0xb5b14c2f,NSSPublicKey_FindPrivateKey
0x7ab56ef0,0x7ab56ef0,NSSPublicKey_GetModule
0xd60be00c,0xd60be00c,NSSPublicKey_GetSlot
0x979b8c8b,0x979b8c8b,NSSPublicKey_GetToken
0x3bc66904,0x3bc66904,NSSPublicKey_GetTrustDomain
0x2aee61f,0x02aee61f,NSSPublicKey_Verify
0x822d8935,0x822d8935,NSSPublicKey_VerifyRecover
0x29d3388a,0x29d3388a,NSSPublicKey_WrapSymmetricKey
0xdef44a3e,0xdef44a3e,NSSRWLock_Destroy
0x8cb9841b,0x8cb9841b,NSSRWLock_Destroy_Util
0x11d1ad0c,0x11d1ad0c,NSSRWLock_HaveWriteLock
0x8bcad7a9,0x8bcad7a9,NSSRWLock_HaveWriteLock_Util
0xfb5d0499,0xfb5d0499,NSSRWLock_LockRead
0x5debef56,0x5debef56,NSSRWLock_LockRead_Util
0x675f5788,0x675f5788,NSSRWLock_LockWrite
0xfb26fa5,0x0fb26fa5,NSSRWLock_LockWrite_Util
0xb1b5f59e,0xb1b5f59e,NSSRWLock_New
0x22d4b7b,0x022d4b7b,NSSRWLock_New_Util
0x564537dc,0x564537dc,NSSRWLock_UnlockRead
0x5d35a479,0x5d35a479,NSSRWLock_UnlockRead_Util
0x1f4df32b,0x1f4df32b,NSSRWLock_UnlockWrite
0xf832c928,0xf832c928,NSSRWLock_UnlockWrite_Util
0x448e6de3,0x448e6de3,NSSSMIME_GetVersion
0xd897c121,0xd897c121,NSSSMIME_VersionCheck
0xca74a51a,0xca74a51a,NSSSSL_GetVersion
0x5706450d,0x5706450d,NSSSlotArray_Destroy
0x3fa7798e,0x3fa7798e,NSSSlot_Destroy
0x285b37a2,0x285b37a2,NSSSymmetricKey_CreateCryptoContext
0x1653a0a3,0x1653a0a3,NSSSymmetricKey_Decrypt
0x71948703,0x71948703,NSSSymmetricKey_DeleteStoredObject
0xe1dbfc2d,0xe1dbfc2d,NSSSymmetricKey_DeriveSymmetricKey
0x17762392,0x17762392,NSSSymmetricKey_Destroy
0x784c4b0d,0x784c4b0d,NSSSymmetricKey_Encrypt
0x9201f873,0x9201f873,NSSSymmetricKey_GetKeyLength
0x1c0570c0,0x1c0570c0,NSSSymmetricKey_GetKeyStrength
0x676c6ace,0x676c6ace,NSSSymmetricKey_GetModule
0xfe764c6a,0xfe764c6a,NSSSymmetricKey_GetSlot
0xcd5384a9,0xcd5384a9,NSSSymmetricKey_GetToken
0xeeb7fa2,0x0eeb7fa2,NSSSymmetricKey_GetTrustDomain
0xe52ce1ed,0xe52ce1ed,NSSSymmetricKey_IsStillPresent
0xd4c3b059,0xd4c3b059,NSSSymmetricKey_Sign
0x2ea54e2f,0x2ea54e2f,NSSSymmetricKey_SignRecover
0xc09eaba9,0xc09eaba9,NSSSymmetricKey_UnwrapPrivateKey
0x625a79eb,0x625a79eb,NSSSymmetricKey_UnwrapSymmetricKey
0x1b2e3ebd,0x1b2e3ebd,NSSSymmetricKey_Verify
0xa79b4413,0xa79b4413,NSSSymmetricKey_VerifyRecover
0x66e4d26,0x066e4d26,NSSSymmetricKey_WrapPrivateKey
0x5a986ea8,0x5a986ea8,NSSSymmetricKey_WrapSymmetricKey
0x835749e2,0x835749e2,NSSTime_GetPRTime
0x5daf5c05,0x5daf5c05,NSSTime_Now
0xf92c95ee,0xf92c95ee,NSSTime_SetPRTime
0x6cb63c04,0x6cb63c04,NSSToken_GetName
0x7bd70670,0x7bd70670,NSSTrustDomain_Create
0x47a3ae76,0x47a3ae76,NSSTrustDomain_CreateCryptoContext
0xa6b89ac4,0xa6b89ac4,NSSTrustDomain_CreateCryptoContextForAlgorithm
0x17a9b7eb,0x17a9b7eb,NSSTrustDomain_CreateCryptoContextForAlgorithmAndParameters
0x2666bc66,0x2666bc66,NSSTrustDomain_Destroy
0x2a8a51b1,0x2a8a51b1,NSSTrustDomain_DisableToken
0x319681c4,0x319681c4,NSSTrustDomain_EnableToken
0xd9e54fd1,0xd9e54fd1,NSSTrustDomain_FindBestCertificateByEmail
0x97abc250,0x97abc250,NSSTrustDomain_FindBestCertificateByNameComponents
0x16c1cccf,0x16c1cccf,NSSTrustDomain_FindBestCertificateByNickname
0x30e3afb9,0x30e3afb9,NSSTrustDomain_FindBestCertificateBySubject
0xaaee51ed,0xaaee51ed,NSSTrustDomain_FindBestTokenForAlgorithms
0xdf0a4a4d,0xdf0a4a4d,NSSTrustDomain_FindBestUserCertificate
0x3250554b,0x3250554b,NSSTrustDomain_FindBestUserCertificateForEmailSigning
0x3e3f3f57,0x3e3f3f57,NSSTrustDomain_FindBestUserCertificateForSSLClientAuth
0xa66f18d0,0xa66f18d0,NSSTrustDomain_FindCertificateByEncodedCertificate
0x8c687452,0x8c687452,NSSTrustDomain_FindCertificateByIssuerAndSerialNumber
0x1e0ff374,0x1e0ff374,NSSTrustDomain_FindCertificateByOCSPHash
0x1f316136,0x1f316136,NSSTrustDomain_FindCertificatesByEmail
0xde463555,0xde463555,NSSTrustDomain_FindCertificatesByNameComponents
0xf217a014,0xf217a014,NSSTrustDomain_FindCertificatesByNickname
0xf979ae5e,0xf979ae5e,NSSTrustDomain_FindCertificatesBySubject
0x6a303f3b,0x6a303f3b,NSSTrustDomain_FindSlotByName
0x6f788bce,0x6f788bce,NSSTrustDomain_FindSymmetricKeyByAlgorithmAndKeyID
0xfec9815a,0xfec9815a,NSSTrustDomain_FindTokenByName
0x51ee081c,0x51ee081c,NSSTrustDomain_FindTokenBySlotName
0x6467c08c,0x6467c08c,NSSTrustDomain_FindTokenForAlgorithm
0x24d75e5c,0x24d75e5c,NSSTrustDomain_FindTokensByURI
0x7265032,0x07265032,NSSTrustDomain_FindUserCertificates
0x74349c90,0x74349c90,NSSTrustDomain_FindUserCertificatesForEmailSigning
0xbcac6f3c,0xbcac6f3c,NSSTrustDomain_FindUserCertificatesForSSLClientAuth
0xdb27e09c,0xdb27e09c,NSSTrustDomain_GenerateKeyPair
0x44f487ed,0x44f487ed,NSSTrustDomain_GenerateSymmetricKey
0x76a85274,0x76a85274,NSSTrustDomain_GenerateSymmetricKeyFromPassword
0xde173e2e,0xde173e2e,NSSTrustDomain_GetDefaultCallback
0x4ad0d5ba,0x4ad0d5ba,NSSTrustDomain_ImportCertificate
0xbbb5e1cc,0xbbb5e1cc,NSSTrustDomain_ImportEncodedCertificate
0xe4be48f,0x0e4be48f,NSSTrustDomain_ImportEncodedCertificateChain
0x4efd690d,0x4efd690d,NSSTrustDomain_ImportEncodedPrivateKey
0x66faebb1,0x66faebb1,NSSTrustDomain_ImportEncodedPublicKey
0xe21166d6,0xe21166d6,NSSTrustDomain_ImportPKIXCertificate
0x71f575a4,0x71f575a4,NSSTrustDomain_IsTokenEnabled
0xf12d7e62,0xf12d7e62,NSSTrustDomain_LoadModule
0xa74aadb5,0xa74aadb5,NSSTrustDomain_Login
0x90a07f16,0x90a07f16,NSSTrustDomain_Logout
0x720d7ba,0x0720d7ba,NSSTrustDomain_SetDefaultCallback
0x7440799e,0x7440799e,NSSTrustDomain_TraverseCertificates
0x9637938b,0x9637938b,NSSUTIL_AddNSSFlagToModuleSpec
0x63a59447,0x63a59447,NSSUTIL_ArgDecodeNumber
0x2e1f021,0x02e1f021,NSSUTIL_ArgFetchValue
0xf1fc1d92,0xf1fc1d92,NSSUTIL_ArgFindEnd
0xf866055a,0xf866055a,NSSUTIL_ArgGetLabel
0x3614cdc6,0x3614cdc6,NSSUTIL_ArgGetPair
0x4cce6448,0x4cce6448,NSSUTIL_ArgGetParamValue
0x79a30170,0x79a30170,NSSUTIL_ArgHasFlag
0xef69961e,0xef69961e,NSSUTIL_ArgIsBlank
0xe41b61a7,0xe41b61a7,NSSUTIL_ArgIsEscape
0xf07e3164,0xf07e3164,NSSUTIL_ArgIsQuote
0x781b25f3,0x781b25f3,NSSUTIL_ArgNextFlag
0x17d520bd,0x17d520bd,NSSUTIL_ArgParseCipherFlags
0x5c813806,0x5c813806,NSSUTIL_ArgParseModuleSpec
0x81af5ac3,0x81af5ac3,NSSUTIL_ArgParseModuleSpecEx
0x2daf5c64,0x2daf5c64,NSSUTIL_ArgParseSlotFlags
0x663d4c43,0x663d4c43,NSSUTIL_ArgParseSlotInfo
0xf25da3a6,0xf25da3a6,NSSUTIL_ArgReadLong
0x92e64f32,0x92e64f32,NSSUTIL_ArgSkipParameter
0x224f9bac,0x224f9bac,NSSUTIL_ArgStrip
0x2bbd0c65,0x2bbd0c65,NSSUTIL_DoModuleDBFunction
0xde25bf6c,0xde25bf6c,NSSUTIL_DoubleEscape
0xf0be5b47,0xf0be5b47,NSSUTIL_DoubleEscapeSize
0xa6b0b591,0xa6b0b591,NSSUTIL_Escape
0x5471dbec,0x5471dbec,NSSUTIL_EscapeSize
0xe5e16d26,0xe5e16d26,NSSUTIL_GetVersion
0xc83355a9,0xc83355a9,NSSUTIL_MkModuleSpec
0xa25f6d26,0xa25f6d26,NSSUTIL_MkModuleSpecEx
0x92e5fd63,0x92e5fd63,NSSUTIL_MkNSSString
0x6e3a3551,0x6e3a3551,NSSUTIL_MkSlotString
0xf663b00e,0xf663b00e,NSSUTIL_Quote
0xe1e7cce9,0xe1e7cce9,NSSUTIL_QuoteSize
0x7d49c57f,0x7d49c57f,NSSUserCertificate_Decrypt
0x8d57df89,0x8d57df89,NSSUserCertificate_DeriveSymmetricKey
0x65e57749,0x65e57749,NSSUserCertificate_IsStillPresent
0x70d4a2b5,0x70d4a2b5,NSSUserCertificate_Sign
0xbb9a810b,0xbb9a810b,NSSUserCertificate_SignRecover
0xdd65d47,0x0dd65d47,NSSUserCertificate_UnwrapSymmetricKey
0xe2c91f6b,0xe2c91f6b,NSS_CMSAlgArray_GetIndexByAlgID
0x3bed3b7a,0x3bed3b7a,NSS_CMSAlgArray_GetIndexByAlgTag
0x29d6d76c,0x29d6d76c,NSS_CMSArray_Add
0xfaeef1ee,0xfaeef1ee,NSS_CMSArray_Alloc
0xfb14ee4c,0xfb14ee4c,NSS_CMSArray_Count
0xea19a60e,0xea19a60e,NSS_CMSArray_IsEmpty
0x64bbd4ab,0x64bbd4ab,NSS_CMSArray_Sort
0xaafec101,0xaafec101,NSS_CMSArray_SortByDER
0xac0e451b,0xac0e451b,NSS_CMSAttributeArray_AddAttr
0x458d9445,0x458d9445,NSS_CMSAttributeArray_Encode
0x2d881826,0x2d881826,NSS_CMSAttributeArray_FindAttrByOidTag
0xcbd1908a,0xcbd1908a,NSS_CMSAttributeArray_Reorder
0x191d3b5e,0x191d3b5e,NSS_CMSAttributeArray_SetAttr
0xe10e69e,0x0e10e69e,NSS_CMSAttribute_AddValue
0x1379747c,0x1379747c,NSS_CMSAttribute_CompareValue
0x8242902c,0x8242902c,NSS_CMSAttribute_Create
0xe1446a3a,0xe1446a3a,NSS_CMSAttribute_GetType
0x9e8aab5,0x09e8aab5,NSS_CMSAttribute_GetValue
0xb4eb619f,0xb4eb619f,NSS_CMSCipherContext_Decrypt
0xcff08621,0xcff08621,NSS_CMSCipherContext_DecryptLength
0xb60de48e,0xb60de48e,NSS_CMSCipherContext_Destroy
0x16e40c09,0x16e40c09,NSS_CMSCipherContext_Encrypt
0xd7ddd80b,0xd7ddd80b,NSS_CMSCipherContext_EncryptLength
0x8699b56d,0x8699b56d,NSS_CMSCipherContext_StartDecrypt
0xe8925fd7,0xe8925fd7,NSS_CMSCipherContext_StartEncrypt
0x716ffef5,0x716ffef5,NSS_CMSContentInfo_Destroy
0xd069a4e2,0xd069a4e2,NSS_CMSContentInfo_GetBulkKey
0x84c40bbd,0x84c40bbd,NSS_CMSContentInfo_GetBulkKeySize
0x140ffb6,0x0140ffb6,NSS_CMSContentInfo_GetChildContentInfo
0xf8df5e6,0x0f8df5e6,NSS_CMSContentInfo_GetContent
0x10e19110,0x10e19110,NSS_CMSContentInfo_GetContentEncAlg
0xc0ce250c,0xc0ce250c,NSS_CMSContentInfo_GetContentEncAlgTag
0xca537ea4,0xca537ea4,NSS_CMSContentInfo_GetContentTypeOID
0xca5392e4,0xca5392e4,NSS_CMSContentInfo_GetContentTypeTag
0xdfbe90a2,0xdfbe90a2,NSS_CMSContentInfo_GetInnerContent
0xe308c0f9,0xe308c0f9,NSS_CMSContentInfo_Private_Init
0xe8726e,0x00e8726e,NSS_CMSContentInfo_SetBulkKey
0x400cc372,0x400cc372,NSS_CMSContentInfo_SetContent
0xa35f579c,0xa35f579c,NSS_CMSContentInfo_SetContentEncAlg
0xf893b849,0xf893b849,NSS_CMSContentInfo_SetContentEncAlgID
0x16483beb,0x16483beb,NSS_CMSContentInfo_SetContent_Data
0xc439d994,0xc439d994,NSS_CMSContentInfo_SetContent_DigestedData
0x3d8ed399,0x3d8ed399,NSS_CMSContentInfo_SetContent_EncryptedData
0xe46a63cd,0xe46a63cd,NSS_CMSContentInfo_SetContent_EnvelopedData
0x71c66e85,0x71c66e85,NSS_CMSContentInfo_SetContent_SignedData
0x64d7d898,0x64d7d898,NSS_CMSContentInfo_SetDontStream
0x58e84a66,0x58e84a66,NSS_CMSContent_GetContentInfo
0x9072d0ee,0x9072d0ee,NSS_CMSDEREncode
0xff102280,0xff102280,NSS_CMSDecoder_Cancel
0x6a07bbb,0x06a07bbb,NSS_CMSDecoder_Finish
0x8e669a8,0x08e669a8,NSS_CMSDecoder_Start
0x2a16eafd,0x2a16eafd,NSS_CMSDecoder_Update
0xf6c0620f,0xf6c0620f,NSS_CMSDigestContext_Cancel
0x37191936,0x37191936,NSS_CMSDigestContext_FinishMultiple
0x4bf7b16c,0x4bf7b16c,NSS_CMSDigestContext_FinishSingle
0xff078e43,0xff078e43,NSS_CMSDigestContext_StartMultiple
0x13bb7f39,0x13bb7f39,NSS_CMSDigestContext_StartSingle
0x21c72a8c,0x21c72a8c,NSS_CMSDigestContext_Update
0xef4d00bb,0xef4d00bb,NSS_CMSDigestedData_Create
0xc7dd1cb6,0xc7dd1cb6,NSS_CMSDigestedData_Decode_AfterData
0xcfc0e7b3,0xcfc0e7b3,NSS_CMSDigestedData_Decode_AfterEnd
0x694efe57,0x694efe57,NSS_CMSDigestedData_Decode_BeforeData
0x89c0011,0x089c0011,NSS_CMSDigestedData_Destroy
0x91951e60,0x91951e60,NSS_CMSDigestedData_Encode_AfterData
0x6a073541,0x6a073541,NSS_CMSDigestedData_Encode_BeforeData
0xac0769d5,0xac0769d5,NSS_CMSDigestedData_Encode_BeforeStart
0xd69fff4e,0xd69fff4e,NSS_CMSDigestedData_GetContentInfo
0x4a7b1aa,0x04a7b1aa,NSS_CMSEncoder_Cancel
0xc380ae5,0x0c380ae5,NSS_CMSEncoder_Finish
0x10d3bb92,0x10d3bb92,NSS_CMSEncoder_Start
0x2fae7a27,0x2fae7a27,NSS_CMSEncoder_Update
0xdc74fda0,0xdc74fda0,NSS_CMSEncryptedData_Create
0x201e3bdb,0x201e3bdb,NSS_CMSEncryptedData_Decode_AfterData
0x7d183638,0x7d183638,NSS_CMSEncryptedData_Decode_AfterEnd
0xc9b4021c,0xc9b4021c,NSS_CMSEncryptedData_Decode_BeforeData
0x9ac39996,0x9ac39996,NSS_CMSEncryptedData_Destroy
0xe9d63d85,0xe9d63d85,NSS_CMSEncryptedData_Encode_AfterData
0xca6c3906,0xca6c3906,NSS_CMSEncryptedData_Encode_BeforeData
0x190ce63a,0x190ce63a,NSS_CMSEncryptedData_Encode_BeforeStart
0xad551133,0xad551133,NSS_CMSEncryptedData_GetContentInfo
0xf39fc90c,0xf39fc90c,NSS_CMSEnvelopedData_AddRecipient
0xe40dcb54,0xe40dcb54,NSS_CMSEnvelopedData_Create
0x880aba8f,0x880aba8f,NSS_CMSEnvelopedData_Decode_AfterData
0xdd55ae6c,0xdd55ae6c,NSS_CMSEnvelopedData_Decode_AfterEnd
0x2f305750,0x2f305750,NSS_CMSEnvelopedData_Decode_BeforeData
0x95761dca,0x95761dca,NSS_CMSEnvelopedData_Destroy
0x51c2bc39,0x51c2bc39,NSS_CMSEnvelopedData_Encode_AfterData
0x2fe88e3a,0x2fe88e3a,NSS_CMSEnvelopedData_Encode_BeforeData
0x2e13e1ee,0x2e13e1ee,NSS_CMSEnvelopedData_Encode_BeforeStart
0x5aea52e7,0x5aea52e7,NSS_CMSEnvelopedData_GetContentInfo
0x8b81176b,0x8b81176b,NSS_CMSGenericWrapperData_Decode_AfterData
0x32c5dfc8,0x32c5dfc8,NSS_CMSGenericWrapperData_Decode_AfterEnd
0xa1724fac,0xa1724fac,NSS_CMSGenericWrapperData_Decode_BeforeData
0xce68b326,0xce68b326,NSS_CMSGenericWrapperData_Destroy
0x55391915,0x55391915,NSS_CMSGenericWrapperData_Encode_AfterData
0xa22a8696,0xa22a8696,NSS_CMSGenericWrapperData_Encode_BeforeData
0xe894e5ca,0xe894e5ca,NSS_CMSGenericWrapperData_Encode_BeforeStart
0x66f90d5e,0x66f90d5e,NSS_CMSMessage_ContainsCertsOrCrls
0xa8d8971c,0xa8d8971c,NSS_CMSMessage_ContentLevel
0x71089845,0x71089845,NSS_CMSMessage_ContentLevelCount
0xc050bea4,0xc050bea4,NSS_CMSMessage_Copy
0x17aaddfd,0x17aaddfd,NSS_CMSMessage_Create
0xb7b4332c,0xb7b4332c,NSS_CMSMessage_CreateFromDER
0x3cb58593,0x3cb58593,NSS_CMSMessage_Destroy
0x9928e1f0,0x9928e1f0,NSS_CMSMessage_GetArena
0x1a845fc4,0x1a845fc4,NSS_CMSMessage_GetContent
0x819ffe90,0x819ffe90,NSS_CMSMessage_GetContentInfo
0xf044c10f,0xf044c10f,NSS_CMSMessage_IsContentEmpty
0x6fe19d33,0x6fe19d33,NSS_CMSMessage_IsEncrypted
0xa591969f,0xa591969f,NSS_CMSMessage_IsSigned
0x874406a0,0x874406a0,NSS_CMSMessage_SetEncodingParams
0x49ebbf52,0x49ebbf52,NSS_CMSRecipientEncryptedKey_Create
0xb137a367,0xb137a367,NSS_CMSRecipientInfo_Create
0x17d37d56,0x17d37d56,NSS_CMSRecipientInfo_CreateFromDER
0x93729311,0x93729311,NSS_CMSRecipientInfo_CreateNew
0x3001b6d,0x03001b6d,NSS_CMSRecipientInfo_CreateWithSubjKeyID
0xbbedba0f,0xbbedba0f,NSS_CMSRecipientInfo_CreateWithSubjKeyIDFromCert
0x7daf83d,0x07daf83d,NSS_CMSRecipientInfo_Destroy
0xb598b361,0xb598b361,NSS_CMSRecipientInfo_Encode
0xeb758c9d,0xeb758c9d,NSS_CMSRecipientInfo_GetCertAndKey
0x70a285ea,0x70a285ea,NSS_CMSRecipientInfo_GetEncryptedKey
0x2d2a010a,0x2d2a010a,NSS_CMSRecipientInfo_GetKeyEncryptionAlgorithmTag
0x2df09cf9,0x2df09cf9,NSS_CMSRecipientInfo_GetVersion
0xe26419a7,0xe26419a7,NSS_CMSRecipientInfo_UnwrapBulkKey
0x6724ad84,0x6724ad84,NSS_CMSRecipientInfo_WrapBulkKey
0x22f86a89,0x22f86a89,NSS_CMSRecipient_IsSupported
0x58e451d2,0x58e451d2,NSS_CMSSignedData_AddCertChain
0xb523270b,0xb523270b,NSS_CMSSignedData_AddCertList
0xed007724,0xed007724,NSS_CMSSignedData_AddCertificate
0x6d7b8ea1,0x6d7b8ea1,NSS_CMSSignedData_AddDigest
0x98bb8dd5,0x98bb8dd5,NSS_CMSSignedData_AddSignerInfo
0x4c25457a,0x4c25457a,NSS_CMSSignedData_AddTempCertificate
0x16af374d,0x16af374d,NSS_CMSSignedData_ContainsCertsOrCrls
0xc958378c,0xc958378c,NSS_CMSSignedData_Create
0xe3c0cd4f,0xe3c0cd4f,NSS_CMSSignedData_CreateCertsOnly
0x5a93ccc7,0x5a93ccc7,NSS_CMSSignedData_Decode_AfterData
0xad6959a4,0xad6959a4,NSS_CMSSignedData_Decode_AfterEnd
0x52dbb088,0x52dbb088,NSS_CMSSignedData_Decode_BeforeData
0x240e1102,0x240e1102,NSS_CMSSignedData_Destroy
0x244bce71,0x244bce71,NSS_CMSSignedData_Encode_AfterData
0x5393e772,0x5393e772,NSS_CMSSignedData_Encode_BeforeData
0xc72a6226,0xc72a6226,NSS_CMSSignedData_Encode_BeforeStart
0xc3cb6457,0xc3cb6457,NSS_CMSSignedData_GetCertificateList
0xe519771f,0xe519771f,NSS_CMSSignedData_GetContentInfo
0x2b11d2ff,0x2b11d2ff,NSS_CMSSignedData_GetDigestAlgs
0x8ec24315,0x8ec24315,NSS_CMSSignedData_GetDigestValue
0xfbb4784c,0xfbb4784c,NSS_CMSSignedData_GetSignerInfo
0x7243821f,0x7243821f,NSS_CMSSignedData_GetSignerInfos
0xb39d8127,0xb39d8127,NSS_CMSSignedData_HasDigests
0x797b4814,0x797b4814,NSS_CMSSignedData_ImportCerts
0x55c4f6a1,0x55c4f6a1,NSS_CMSSignedData_SetDigestValue
0x9e455677,0x9e455677,NSS_CMSSignedData_SetDigests
0xe2df4735,0xe2df4735,NSS_CMSSignedData_SignerInfoCount
0x94fad910,0x94fad910,NSS_CMSSignedData_VerifyCertsOnly
0x31ca9821,0x31ca9821,NSS_CMSSignedData_VerifySignerInfo
0x5952a5ce,0x5952a5ce,NSS_CMSSignerInfo_AddAuthAttr
0x89720993,0x89720993,NSS_CMSSignerInfo_AddCounterSignature
0x6f2be8bb,0x6f2be8bb,NSS_CMSSignerInfo_AddMSSMIMEEncKeyPrefs
0xf809843,0x0f809843,NSS_CMSSignerInfo_AddSMIMECaps
0x12e6023b,0x12e6023b,NSS_CMSSignerInfo_AddSMIMEEncKeyPrefs
0x3326b97f,0x3326b97f,NSS_CMSSignerInfo_AddSigningTime
0xa5406051,0xa5406051,NSS_CMSSignerInfo_AddUnauthAttr
0xd2cbb20c,0xd2cbb20c,NSS_CMSSignerInfo_Create
0xc8a00e32,0xc8a00e32,NSS_CMSSignerInfo_CreateWithSubjKeyID
0x5bf0db82,0x5bf0db82,NSS_CMSSignerInfo_Destroy
0xca651242,0xca651242,NSS_CMSSignerInfo_GetCertList
0xcb5187ac,0xcb5187ac,NSS_CMSSignerInfo_GetDigestAlg
0xa017e628,0xa017e628,NSS_CMSSignerInfo_GetDigestAlgTag
0xd76b53ea,0xd76b53ea,NSS_CMSSignerInfo_GetSignerCommonName
0xefb79cce,0xefb79cce,NSS_CMSSignerInfo_GetSignerEmailAddress
0xc2eb4f4a,0xc2eb4f4a,NSS_CMSSignerInfo_GetSigningCertificate
0xf53cf2d6,0xf53cf2d6,NSS_CMSSignerInfo_GetSigningTime
0xb178d25f,0xb178d25f,NSS_CMSSignerInfo_GetVerificationStatus
0x285761e,0x0285761e,NSS_CMSSignerInfo_GetVersion
0x67a8527d,0x67a8527d,NSS_CMSSignerInfo_IncludeCerts
0x65c7ee49,0x65c7ee49,NSS_CMSSignerInfo_Sign
0xfe39b8ad,0xfe39b8ad,NSS_CMSSignerInfo_Verify
0x77b2b570,0x77b2b570,NSS_CMSSignerInfo_VerifyCertificate
0x85e47c7c,0x85e47c7c,NSS_CMSType_GetContentSize
0x527a2aa2,0x527a2aa2,NSS_CMSType_GetTemplate
0x60f5e5bc,0x60f5e5bc,NSS_CMSType_IsData
0x13bad6e3,0x13bad6e3,NSS_CMSType_IsWrapper
0x45181a88,0x45181a88,NSS_CMSType_RegisterContentType
0xbea66f24,0xbea66f24,NSS_CMSUtil_DERCompare
0x258b8c12,0x258b8c12,NSS_CMSUtil_DecryptSymKey_ECDH
0x850473e4,0x850473e4,NSS_CMSUtil_DecryptSymKey_RSA
0xa38009e8,0xa38009e8,NSS_CMSUtil_DecryptSymKey_RSA_OAEP
0xbb95a774,0xbb95a774,NSS_CMSUtil_EncryptSymKey_ESECDH
0x85bcaace,0x85bcaace,NSS_CMSUtil_EncryptSymKey_RSA
0xc1355bbe,0xc1355bbe,NSS_CMSUtil_EncryptSymKey_RSAPubKey
0xd267109d,0xd267109d,NSS_CMSUtil_GetHashObjByAlgID
0x3da85d96,0x3da85d96,NSS_CMSUtil_GetSizeByTypeTag
0x937f14d7,0x937f14d7,NSS_CMSUtil_GetTemplateByTypeTag
0x32b03038,0x32b03038,NSS_CMSUtil_MapSignAlgs
0x9186883,0x09186883,NSS_CMSUtil_VerificationStatusToString
0x3071d242,0x3071d242,NSS_ERROR_ALREADY_INITIALIZED
0xac56e7a6,0xac56e7a6,NSS_ERROR_ARENA_MARKED_BY_ANOTHER_THREAD
0xe0bdec65,0xe0bdec65,NSS_ERROR_BUFFER_TOO_SHORT
0x912472ce,0x912472ce,NSS_ERROR_BUSY
0x7fe20477,0x7fe20477,NSS_ERROR_CERTIFICATE_IN_CACHE
0x6e44ecb3,0x6e44ecb3,NSS_ERROR_CERTIFICATE_ISSUER_NOT_FOUND
0xe3638ea4,0xe3638ea4,NSS_ERROR_DEVICE_ERROR
0x4c2b9546,0x4c2b9546,NSS_ERROR_DUPLICATE_POINTER
0xb21958fa,0xb21958fa,NSS_ERROR_HASH_COLLISION
0xa3495fb1,0xa3495fb1,NSS_ERROR_INTERNAL_ERROR
0x5b5f8b38,0x5b5f8b38,NSS_ERROR_INVALID_ARENA
0x1551bea2,0x1551bea2,NSS_ERROR_INVALID_ARENA_MARK
0xe4872174,0xe4872174,NSS_ERROR_INVALID_ARGUMENT
0xc21a11ba,0xc21a11ba,NSS_ERROR_INVALID_ASN1DECODER
0x2412bc24,0x2412bc24,NSS_ERROR_INVALID_ASN1ENCODER
0x298e901d,0x298e901d,NSS_ERROR_INVALID_ATAV
0xb7f8a0db,0xb7f8a0db,NSS_ERROR_INVALID_ATOB_CONTEXT
0xc87a0016,0xc87a0016,NSS_ERROR_INVALID_BASE64
0x1888354a,0x1888354a,NSS_ERROR_INVALID_BER
0x746f8d3b,0x746f8d3b,NSS_ERROR_INVALID_BTOA_CONTEXT
0x36cfb734,0x36cfb734,NSS_ERROR_INVALID_CERTIFICATE
0x2992f3a0,0x2992f3a0,NSS_ERROR_INVALID_ITEM
0xe5bdcdc1,0xe5bdcdc1,NSS_ERROR_INVALID_NSSOID
0xbba3ef24,0xbba3ef24,NSS_ERROR_INVALID_PASSWORD
0x2d620ab2,0x2d620ab2,NSS_ERROR_INVALID_POINTER
0xf1790c28,0xf1790c28,NSS_ERROR_INVALID_STRING
0x29998838,0x29998838,NSS_ERROR_INVALID_UTF8
0x84458ea4,0x84458ea4,NSS_ERROR_MAXIMUM_FOUND
0xa55bf7,0x00a55bf7,NSS_ERROR_NOT_FOUND
0x9813b1,0x009813b1,NSS_ERROR_NO_ERROR
0x2555d2c0,0x2555d2c0,NSS_ERROR_NO_MEMORY
0x8bf6c8fe,0x8bf6c8fe,NSS_ERROR_PKCS11
0xcf895c09,0xcf895c09,NSS_ERROR_POINTER_NOT_REGISTERED
0x642f0cd5,0x642f0cd5,NSS_ERROR_TRACKER_NOT_EMPTY
0xa17427c,0x0a17427c,NSS_ERROR_TRACKER_NOT_INITIALIZED
0xe0cdc6ce,0xe0cdc6ce,NSS_ERROR_UNKNOWN_ATTRIBUTE
0x3e1140d5,0x3e1140d5,NSS_ERROR_UNSUPPORTED_TYPE
0x7f589398,0x7f589398,NSS_ERROR_USER_CANCELED
0x3e9d5083,0x3e9d5083,NSS_ERROR_VALUE_TOO_LARGE
0x7aa93ba4,0x7aa93ba4,NSS_FindCertKEAType
0x306049f9,0x306049f9,NSS_GetAlgorithmPolicy
0xfcf151f2,0xfcf151f2,NSS_GetAlgorithmPolicyAll
0xf5c749cc,0xf5c749cc,NSS_GetError
0xd4a66862,0xd4a66862,NSS_GetErrorStack
0x24b9a844,0x24b9a844,NSS_GetSystemFIPSEnabled
0x830dfb28,0x830dfb28,NSS_GetVersion
0x4194d556,0x4194d556,NSS_Get_CERT_CertificateRequestTemplate
0xaee3d6ad,0xaee3d6ad,NSS_Get_CERT_CertificateTemplate
0x5afd4bab,0x5afd4bab,NSS_Get_CERT_CrlTemplate
0xf6145d39,0xf6145d39,NSS_Get_CERT_IssuerAndSNTemplate
0x940be1cb,0x940be1cb,NSS_Get_CERT_NameTemplate
0x519ed683,0x519ed683,NSS_Get_CERT_SequenceOfCertExtensionTemplate
0x2602d166,0x2602d166,NSS_Get_CERT_SetOfSignedCrlTemplate
0x204ddec5,0x204ddec5,NSS_Get_CERT_SignedCrlTemplate
0x6445663e,0x6445663e,NSS_Get_CERT_SignedDataTemplate
0xc1b5e2e,0x0c1b5e2e,NSS_Get_CERT_SubjectPublicKeyInfoTemplate
0x77ac10a4,0x77ac10a4,NSS_Get_CERT_TimeChoiceTemplate
0xe78763ac,0xe78763ac,NSS_Get_NSSCMSGenericWrapperDataTemplate
0x93c2ae4f,0x93c2ae4f,NSS_Get_NSS_PointerToCMSGenericWrapperDataTemplate
0xb27a9479,0xb27a9479,NSS_Get_PKIX_PL_LDAPMessageTemplate
0x12a4ada0,0x12a4ada0,NSS_Get_SECKEY_DSAPublicKeyTemplate
0x7af2efe,0x07af2efe,NSS_Get_SECKEY_EncryptedPrivateKeyInfoTemplate
0xb2f2e542,0xb2f2e542,NSS_Get_SECKEY_PointerToEncryptedPrivateKeyInfoTemplate
0x61e4fc34,0x61e4fc34,NSS_Get_SECKEY_PointerToPrivateKeyInfoTemplate
0xe3d08270,0xe3d08270,NSS_Get_SECKEY_PrivateKeyInfoTemplate
0x7c3316a0,0x7c3316a0,NSS_Get_SECKEY_RSAPSSParamsTemplate
0x3cc936ee,0x3cc936ee,NSS_Get_SECKEY_RSAPublicKeyTemplate
0x99e23e67,0x99e23e67,NSS_Get_SECOID_AlgorithmIDTemplate
0xae2379e4,0xae2379e4,NSS_Get_SECOID_AlgorithmIDTemplate_Util
0xac9257f,0x0ac9257f,NSS_Get_SEC_AnyTemplate
0xae6e8ffc,0xae6e8ffc,NSS_Get_SEC_AnyTemplate_Util
0x988f918d,0x988f918d,NSS_Get_SEC_BMPStringTemplate
0xd5c0b4ca,0xd5c0b4ca,NSS_Get_SEC_BMPStringTemplate_Util
0xf4d8b10d,0xf4d8b10d,NSS_Get_SEC_BitStringTemplate
0xc229844a,0xc229844a,NSS_Get_SEC_BitStringTemplate_Util
0x9821d257,0x9821d257,NSS_Get_SEC_BooleanTemplate
0x81ed03d4,0x81ed03d4,NSS_Get_SEC_BooleanTemplate_Util
0xaa452d01,0xaa452d01,NSS_Get_SEC_EnumeratedTemplate
0x12833c30,0x12833c30,NSS_Get_SEC_GeneralizedTimeTemplate
0x88c77d4d,0x88c77d4d,NSS_Get_SEC_GeneralizedTimeTemplate_Util
0xd17e65ad,0xd17e65ad,NSS_Get_SEC_IA5StringTemplate
0xa3b91cea,0xa3b91cea,NSS_Get_SEC_IA5StringTemplate_Util
0xf6deade5,0xf6deade5,NSS_Get_SEC_IntegerTemplate
0x9b274822,0x9b274822,NSS_Get_SEC_IntegerTemplate_Util
0x16bdd632,0x16bdd632,NSS_Get_SEC_NullTemplate
0x805ca88f,0x805ca88f,NSS_Get_SEC_NullTemplate_Util
0x2deb1c5b,0x2deb1c5b,NSS_Get_SEC_ObjectIDTemplate
0xc4693058,0xc4693058,NSS_Get_SEC_ObjectIDTemplate_Util
0xb775dd0d,0xb775dd0d,NSS_Get_SEC_OctetStringTemplate
0x51e2304a,0x51e2304a,NSS_Get_SEC_OctetStringTemplate_Util
0x11afefa3,0x11afefa3,NSS_Get_SEC_PointerToAnyTemplate
0x7b1d50a0,0x7b1d50a0,NSS_Get_SEC_PointerToAnyTemplate_Util
0x5da6a6a5,0x5da6a6a5,NSS_Get_SEC_PointerToEnumeratedTemplate
0xc9465c54,0xc9465c54,NSS_Get_SEC_PointerToGeneralizedTimeTemplate
0xd7068b31,0xd7068b31,NSS_Get_SEC_PointerToOctetStringTemplate
0xe10954ee,0xe10954ee,NSS_Get_SEC_PointerToOctetStringTemplate_Util
0xaacb388f,0xaacb388f,NSS_Get_SEC_PrintableStringTemplate
0xc64038cd,0xc64038cd,NSS_Get_SEC_SequenceOfAnyTemplate
0xb3b87069,0xb3b87069,NSS_Get_SEC_SequenceOfObjectIDTemplate
0x2315b80,0x02315b80,NSS_Get_SEC_SetOfAnyTemplate
0x7fbdae9d,0x7fbdae9d,NSS_Get_SEC_SetOfAnyTemplate_Util
0x3112d254,0x3112d254,NSS_Get_SEC_SignedCertificateTemplate
0x9bb1a52e,0x9bb1a52e,NSS_Get_SEC_SkipTemplate
0xd74c409,0x0d74c409,NSS_Get_SEC_T61StringTemplate
0xdb683a52,0xdb683a52,NSS_Get_SEC_UTCTimeTemplate
0x4dcaa0af,0x4dcaa0af,NSS_Get_SEC_UTCTimeTemplate_Util
0xc40c72b5,0xc40c72b5,NSS_Get_SEC_UTF8StringTemplate
0xc4c08ef2,0xc4c08ef2,NSS_Get_SEC_UTF8StringTemplate_Util
0x4e2f42e7,0x4e2f42e7,NSS_Get_SEC_UniversalStringTemplate
0xc9a66530,0xc9a66530,NSS_Get_sgn_DigestInfoTemplate
0xd14c464d,0xd14c464d,NSS_Get_sgn_DigestInfoTemplate_Util
0xbd368d96,0xbd368d96,NSS_Init
0x98c0d15b,0x98c0d15b,NSS_InitContext
0x582d8d9d,0x582d8d9d,NSS_InitReadWrite
0xece49a2,0x0ece49a2,NSS_InitWithMerge
0xead7a3f4,0xead7a3f4,NSS_Initialize
0xad188448,0xad188448,NSS_InitializePRErrorTable
0x54312f74,0x54312f74,NSS_IsInitialized
0x6f6cfe40,0x6f6cfe40,NSS_IsPolicyLocked
0x3e6e18db,0x3e6e18db,NSS_LockPolicy
0x42ecef38,0x42ecef38,NSS_NoDB_Init
0x8284351b,0x8284351b,NSS_OptionGet
0x82846827,0x82846827,NSS_OptionSet
0x781f7f73,0x781f7f73,NSS_PBE_DEFAULT_ITERATION_COUNT
0x9c859fe8,0x9c859fe8,NSS_PointerToCMSDigestedDataTemplate
0x995439ed,0x995439ed,NSS_PointerToCMSEncryptedDataTemplate
0x9406be21,0x9406be21,NSS_PointerToCMSEnvelopedDataTemplate
0xbf4545fd,0xbf4545fd,NSS_PointerToCMSGenericWrapperDataTemplate
0xc281dfd9,0xc281dfd9,NSS_PointerToCMSSignedDataTemplate
0xf5e8e5c4,0xf5e8e5c4,NSS_PutEnv
0xe45a4361,0xe45a4361,NSS_PutEnv_Util
0xfd059443,0xfd059443,NSS_RegisterShutdown
0x81f6b8cb,0x81f6b8cb,NSS_SMIMESignerInfo_SaveSMIMEProfile
0x4ab9f8f4,0x4ab9f8f4,NSS_SMIMEUtil_AllowCipher
0x1e959f28,0x1e959f28,NSS_SMIMEUtil_CreateMSSMIMEEncKeyPrefs
0xac04e733,0xac04e733,NSS_SMIMEUtil_CreateSMIMECapabilities
0x15a53968,0x15a53968,NSS_SMIMEUtil_CreateSMIMEEncKeyPrefs
0xa3e69e23,0xa3e69e23,NSS_SMIMEUtil_DecryptionAllowed
0xbe6120fc,0xbe6120fc,NSS_SMIMEUtil_EnableCipher
0xa49ed50d,0xa49ed50d,NSS_SMIMEUtil_EncryptionAllowed
0xdc63bc10,0xdc63bc10,NSS_SMIMEUtil_EncryptionEnabled
0x7d86bc6,0x07d86bc6,NSS_SMIMEUtil_EncryptionPossible
0xee375a7a,0xee375a7a,NSS_SMIMEUtil_FindBulkAlgForRecipients
0x2118610f,0x2118610f,NSS_SMIMEUtil_GetCertFromEncryptionKeyPreference
0xabe6d388,0xabe6d388,NSS_SMIMEUtil_KeyDecodingAllowed
0x647047f2,0x647047f2,NSS_SMIMEUtil_KeyEncodingAllowed
0x3e510371,0x3e510371,NSS_SMIMEUtil_SigningAllowed
0x190bd808,0x190bd808,NSS_SecureMemcmp
0xebfb2688,0xebfb2688,NSS_SecureMemcmpZero
0x270a46a9,0x270a46a9,NSS_SecureSelect
0x5969e385,0x5969e385,NSS_SetAlgorithmPolicy
0xc98d0ffe,0xc98d0ffe,NSS_SetAlgorithmPolicyAll
0xf328d9be,0xf328d9be,NSS_Shutdown
0xdfeee083,0xdfeee083,NSS_ShutdownContext
0xd1c42606,0xd1c42606,NSS_UnregisterShutdown
0xb52fb3a6,0xb52fb3a6,NSS_VersionCheck
0xbce4cc7,0x0bce4cc7,NSS_ZAlloc
0x91aa43ad,0x91aa43ad,NSS_ZFreeIf
0x441604fe,0x441604fe,NSS_ZRealloc
0xf6c9e4d3,0xf6c9e4d3,NT.DLL(Function Name)
0xef8c58e5,0xef8c58e5,NamedEscape
0x2a1ad516,0x2a1ad516,Ndr64AsyncClientCall
0x7e2f00d8,0x7e2f00d8,Ndr64AsyncServerCall64
0x440f4e07,0x440f4e07,Ndr64AsyncServerCallAll
0x714d4679,0x714d4679,Ndr64DcomAsyncClientCall
0x9e112a78,0x9e112a78,Ndr64DcomAsyncStubCall
0x8f08eb8,0x08f08eb8,NdrAllocate
0xf4ab166c,0xf4ab166c,NdrAsyncClientCall
0x5bb8f784,0x5bb8f784,NdrAsyncServerCall
0x894e7fc6,0x894e7fc6,NdrByteCountPointerBufferSize
0x3c153ad3,0x3c153ad3,NdrByteCountPointerFree
0xdfb436c5,0xdfb436c5,NdrByteCountPointerMarshall
0xb9f8cd48,0xb9f8cd48,NdrByteCountPointerUnmarshall
0x3d88204b,0x3d88204b,NdrCStdStubBuffer2_Release
0x926642f9,0x926642f9,NdrCStdStubBuffer_Release
0x6e772d06,0x6e772d06,NdrClearOutParameters
0xddc295e0,0xddc295e0,NdrClientCall2
0xddc295e1,0xddc295e1,NdrClientCall3
0x65b8022b,0x65b8022b,NdrClientContextMarshall
0xd01d0a2e,0xd01d0a2e,NdrClientContextUnmarshall
0x42329b84,0x42329b84,NdrClientInitialize
0xc23a720e,0xc23a720e,NdrClientInitializeNew
0xc1fe349f,0xc1fe349f,NdrComplexArrayBufferSize
0x457880ec,0x457880ec,NdrComplexArrayFree
0xd70ee15e,0xd70ee15e,NdrComplexArrayMarshall
0xf016119e,0xf016119e,NdrComplexArrayMemorySize
0xf2a88221,0xf2a88221,NdrComplexArrayUnmarshall
0x3833e845,0x3833e845,NdrComplexStructBufferSize
0xf771f012,0xf771f012,NdrComplexStructFree
0xb8d77384,0xb8d77384,NdrComplexStructMarshall
0x664bc544,0x664bc544,NdrComplexStructMemorySize
0x68de35c7,0x68de35c7,NdrComplexStructUnmarshall
0xf45ab35e,0xf45ab35e,NdrConformantArrayBufferSize
0xc7489c6b,0xc7489c6b,NdrConformantArrayFree
0xb26ea45d,0xb26ea45d,NdrConformantArrayMarshall
0x2272905d,0x2272905d,NdrConformantArrayMemorySize
0x250500e0,0x250500e0,NdrConformantArrayUnmarshall
0x526b9bb6,0x526b9bb6,NdrConformantStringBufferSize
0x1f996b5,0x01f996b5,NdrConformantStringMarshall
0x808378b5,0x808378b5,NdrConformantStringMemorySize
0x8315e938,0x8315e938,NdrConformantStringUnmarshall
0xb6203ee4,0xb6203ee4,NdrConformantStructBufferSize
0xb3457b71,0xb3457b71,NdrConformantStructFree
0x2f9663,0x002f9663,NdrConformantStructMarshall
0xe4381be3,0xe4381be3,NdrConformantStructMemorySize
0xe6ca8c66,0xe6ca8c66,NdrConformantStructUnmarshall
0xbf23e1be,0xbf23e1be,NdrConformantVaryingArrayBufferSize
0x9fe682cb,0x9fe682cb,NdrConformantVaryingArrayFree
0xda58babd,0xda58babd,NdrConformantVaryingArrayMarshall
0xed3bbebd,0xed3bbebd,NdrConformantVaryingArrayMemorySize
0xefce2f40,0xefce2f40,NdrConformantVaryingArrayUnmarshall
0xda0f3944,0xda0f3944,NdrConformantVaryingStructBufferSize
0x9fa02dd1,0x9fa02dd1,NdrConformantVaryingStructFree
0x255c78c3,0x255c78c3,NdrConformantVaryingStructMarshall
0x8271643,0x08271643,NdrConformantVaryingStructMemorySize
0xab986c6,0x0ab986c6,NdrConformantVaryingStructUnmarshall
0x44d009d6,0x44d009d6,NdrContextHandleInitialize
0x5d5e1a9f,0x5d5e1a9f,NdrContextHandleSize
0xc82b11d4,0xc82b11d4,NdrConvert
0xcd8d4c86,0xcd8d4c86,NdrConvert2
0x70d482d7,0x70d482d7,NdrCorrelationFree
0x95c19827,0x95c19827,NdrCorrelationInitialize
0x70d9b82c,0x70d9b82c,NdrCorrelationPass
0x3a2080e1,0x3a2080e1,NdrCreateServerInterfaceFromStub
0xa22a42cf,0xa22a42cf,NdrDcomAsyncClientCall
0x4db7194e,0x4db7194e,NdrDcomAsyncStubCall
0x10b10558,0x10b10558,NdrDllCanUnloadNow
0x1ab26cbc,0x1ab26cbc,NdrDllGetClassObject
0x8a627956,0x8a627956,NdrDllRegisterProxy
0xcd199939,0xcd199939,NdrDllUnregisterProxy
0xed0442aa,0xed0442aa,NdrEncapsulatedUnionBufferSize
0xdfba2b7,0x0dfba2b7,NdrEncapsulatedUnionFree
0x8c93f0a9,0x8c93f0a9,NdrEncapsulatedUnionMarshall
0x1b1c1fa9,0x1b1c1fa9,NdrEncapsulatedUnionMemorySize
0x1dae902c,0x1dae902c,NdrEncapsulatedUnionUnmarshall
0x79341977,0x79341977,NdrFixedArrayBufferSize
0x20b9a3c4,0x20b9a3c4,NdrFixedArrayFree
0xe155b036,0xe155b036,NdrFixedArrayMarshall
0xa74bf676,0xa74bf676,NdrFixedArrayMemorySize
0xa9de66f9,0xa9de66f9,NdrFixedArrayUnmarshall
0x5de8884f,0x5de8884f,NdrFreeBuffer
0xd5672c89,0xd5672c89,NdrFullPointerFree
0xec1e4f46,0xec1e4f46,NdrFullPointerInsertRefId
0x89fb3e9e,0x89fb3e9e,NdrFullPointerQueryPointer
0x832f5767,0x832f5767,NdrFullPointerQueryRefId
0x1d7269e2,0x1d7269e2,NdrFullPointerXlatFree
0x1d73fe94,0x1d73fe94,NdrFullPointerXlatInit
0xbba01171,0xbba01171,NdrGetBaseInterfaceFromStub
0xb6e74b2d,0xb6e74b2d,NdrGetBuffer
0x3647ee6e,0x3647ee6e,NdrGetDcomProtocolVersion
0x1f72c6b8,0x1f72c6b8,NdrGetSimpleTypeBufferAlignment
0xbab8ecd4,0xbab8ecd4,NdrGetSimpleTypeBufferSize
0xe8d0c9d3,0xe8d0c9d3,NdrGetSimpleTypeMemorySize
0xac0880c2,0xac0880c2,NdrGetTypeFlags
0xefec7f46,0xefec7f46,NdrGetUserMarshalInfo
0xcd1b613a,0xcd1b613a,NdrInterfacePointerBufferSize
0x49031547,0x49031547,NdrInterfacePointerFree
0xc322b39,0x0c322b39,NdrInterfacePointerMarshall
0xfb333e39,0xfb333e39,NdrInterfacePointerMemorySize
0xfdc5aebc,0xfdc5aebc,NdrInterfacePointerUnmarshall
0x7f690050,0x7f690050,NdrMapCommAndFaultStatus
0xe8d48bde,0xe8d48bde,NdrMesProcEncodeDecode
0x36607d0,0x036607d0,NdrMesProcEncodeDecode2
0x36607d1,0x036607d1,NdrMesProcEncodeDecode3
0x46f2da8a,0x46f2da8a,NdrMesSimpleTypeAlignSize
0xb18964e3,0xb18964e3,NdrMesSimpleTypeAlignSizeAll
0x6c4f6028,0x6c4f6028,NdrMesSimpleTypeDecode
0x72aa6dc1,0x72aa6dc1,NdrMesSimpleTypeDecodeAll
0x6f476552,0x6f476552,NdrMesSimpleTypeEncode
0x35775aab,0x35775aab,NdrMesSimpleTypeEncodeAll
0xb935b7c0,0xb935b7c0,NdrMesTypeAlignSize
0xdfecaff2,0xdfecaff2,NdrMesTypeAlignSize2
0xdfecaff3,0xdfecaff3,NdrMesTypeAlignSize3
0x7ece591e,0x7ece591e,NdrMesTypeDecode
0x58997d10,0x58997d10,NdrMesTypeDecode2
0x58997d11,0x58997d11,NdrMesTypeDecode3
0x81c65e48,0x81c65e48,NdrMesTypeEncode
0xba92277a,0xba92277a,NdrMesTypeEncode2
0xba92277b,0xba92277b,NdrMesTypeEncode3
0xcdb57ace,0xcdb57ace,NdrMesTypeFree2
0xcdb57acf,0xcdb57acf,NdrMesTypeFree3
0x80c310e1,0x80c310e1,NdrNonConformantStringBufferSize
0xa30bc520,0xa30bc520,NdrNonConformantStringMarshall
0xaedaede0,0xaedaede0,NdrNonConformantStringMemorySize
0xb16d5e63,0xb16d5e63,NdrNonConformantStringUnmarshall
0xe64a5d35,0xe64a5d35,NdrNonEncapsulatedUnionBufferSize
0xacf7102,0x0acf7102,NdrNonEncapsulatedUnionFree
0x4febec74,0x4febec74,NdrNonEncapsulatedUnionMarshall
0x14623a34,0x14623a34,NdrNonEncapsulatedUnionMemorySize
0x16f4aab7,0x16f4aab7,NdrNonEncapsulatedUnionUnmarshall
0x7138636e,0x7138636e,NdrNsGetBuffer
0x15563661,0x15563661,NdrNsSendReceive
0xef5e4ff8,0xef5e4ff8,NdrOleAllocate
0x5c3b03f5,0x5c3b03f5,NdrOleFree
0xe08d4682,0xe08d4682,NdrOleInitializeExtension
0x724a75df,0x724a75df,NdrOutInit
0x9df7b878,0x9df7b878,NdrPartialIgnoreClientBufferSize
0x26f39af7,0x26f39af7,NdrPartialIgnoreClientMarshall
0x7114e8ed,0x7114e8ed,NdrPartialIgnoreServerInitialize
0xb24a5912,0xb24a5912,NdrPartialIgnoreServerUnmarshall
0x6246ade9,0x6246ade9,NdrPointerBufferSize
0xa9da4ab6,0xa9da4ab6,NdrPointerFree
0xc7748028,0xc7748028,NdrPointerMarshall
0x905e8ae8,0x905e8ae8,NdrPointerMemorySize
0x92f0fb6b,0x92f0fb6b,NdrPointerUnmarshall
0x6113cddd,0x6113cddd,NdrProxyErrorHandler
0x9b93620f,0x9b93620f,NdrProxyForwardingFunction10
0x9b936210,0x9b936210,NdrProxyForwardingFunction11
0x9b936211,0x9b936211,NdrProxyForwardingFunction12
0x9b936212,0x9b936212,NdrProxyForwardingFunction13
0x9b936213,0x9b936213,NdrProxyForwardingFunction14
0x9b936214,0x9b936214,NdrProxyForwardingFunction15
0x9b936215,0x9b936215,NdrProxyForwardingFunction16
0x9b936216,0x9b936216,NdrProxyForwardingFunction17
0x9b936217,0x9b936217,NdrProxyForwardingFunction18
0x9b936218,0x9b936218,NdrProxyForwardingFunction19
0x9b936230,0x9b936230,NdrProxyForwardingFunction20
0x9b936231,0x9b936231,NdrProxyForwardingFunction21
0x9b936232,0x9b936232,NdrProxyForwardingFunction22
0x9b936233,0x9b936233,NdrProxyForwardingFunction23
0x9b936234,0x9b936234,NdrProxyForwardingFunction24
0x9b936235,0x9b936235,NdrProxyForwardingFunction25
0x9b936236,0x9b936236,NdrProxyForwardingFunction26
0x9b936237,0x9b936237,NdrProxyForwardingFunction27
0x9b936238,0x9b936238,NdrProxyForwardingFunction28
0x9b936239,0x9b936239,NdrProxyForwardingFunction29
0xe5af2201,0xe5af2201,NdrProxyForwardingFunction3
0x9b936251,0x9b936251,NdrProxyForwardingFunction30
0x9b936252,0x9b936252,NdrProxyForwardingFunction31
0x9b936253,0x9b936253,NdrProxyForwardingFunction32
0xe5af2202,0xe5af2202,NdrProxyForwardingFunction4
0xe5af2203,0xe5af2203,NdrProxyForwardingFunction5
0xe5af2204,0xe5af2204,NdrProxyForwardingFunction6
0xe5af2205,0xe5af2205,NdrProxyForwardingFunction7
0xe5af2206,0xe5af2206,NdrProxyForwardingFunction8
0xe5af2207,0xe5af2207,NdrProxyForwardingFunction9
0x8a7615d1,0x8a7615d1,NdrProxyFreeBuffer
0x1558306f,0x1558306f,NdrProxyGetBuffer
0x7427407,0x07427407,NdrProxyInitialize
0x409d47a2,0x409d47a2,NdrProxySendReceive
0xa4fc85f7,0xa4fc85f7,NdrRangeUnmarshall
0x51da843c,0x51da843c,NdrRpcSmClientAllocate
0x72dfb639,0x72dfb639,NdrRpcSmClientFree
0x3e98d3ae,0x3e98d3ae,NdrRpcSmSetClientToOsf
0x267c56c8,0x267c56c8,NdrRpcSsDefaultAllocate
0x584622c5,0x584622c5,NdrRpcSsDefaultFree
0x6224a5f7,0x6224a5f7,NdrRpcSsDisableAllocate
0x47b4d0ea,0x47b4d0ea,NdrRpcSsEnableAllocate
0x825e09e0,0x825e09e0,NdrSendReceive
0x268c99f8,0x268c99f8,NdrServerCall2
0xfc1b41df,0xfc1b41df,NdrServerCallAll
0x70da31d4,0x70da31d4,NdrServerCallNdr64
0xa6880443,0xa6880443,NdrServerContextMarshall
0xdb9614ed,0xdb9614ed,NdrServerContextNewMarshall
0x35cad570,0x35cad570,NdrServerContextNewUnmarshall
0x84f5f246,0x84f5f246,NdrServerContextUnmarshall
0x25daee9c,0x25daee9c,NdrServerInitialize
0x6d61ce90,0x6d61ce90,NdrServerInitializeMarshall
0x12730e26,0x12730e26,NdrServerInitializeNew
0xa46e5ca9,0xa46e5ca9,NdrServerInitializePartial
0x696b83d3,0x696b83d3,NdrServerInitializeUnmarshall
0x9cecb497,0x9cecb497,NdrSimpleStructBufferSize
0xb16466e4,0xb16466e4,NdrSimpleStructFree
0x81ed0356,0x81ed0356,NdrSimpleStructMarshall
0xcb049196,0xcb049196,NdrSimpleStructMemorySize
0xcd970219,0xcd970219,NdrSimpleStructUnmarshall
0xb811d1f3,0xb811d1f3,NdrSimpleTypeMarshall
0x2029ebf6,0x2029ebf6,NdrSimpleTypeUnmarshall
0x5049f07f,0x5049f07f,NdrStubCall2
0x5049f080,0x5049f080,NdrStubCall3
0xd442d98a,0xd442d98a,NdrStubForwardingFunction
0x22d46e6b,0x22d46e6b,NdrStubGetBuffer
0xc4467183,0xc4467183,NdrStubInitialize
0x94794877,0x94794877,NdrStubInitializeMarshall
0xe867f662,0xe867f662,NdrTypeFlags
0x832a0a37,0x832a0a37,NdrTypeFree
0x39aa1829,0x39aa1829,NdrTypeMarshall
0x83310790,0x83310790,NdrTypeSize
0x68ec97ac,0x68ec97ac,NdrTypeUnmarshall
0x6f02e7c6,0x6f02e7c6,NdrUnmarshallBasetypeInline
0x3458d04f,0x3458d04f,NdrUserMarshalBufferSize
0x31b4189c,0x31b4189c,NdrUserMarshalFree
0x21aed10e,0x21aed10e,NdrUserMarshalMarshall
0x6270ad4e,0x6270ad4e,NdrUserMarshalMemorySize
0x7f01fe7,0x07f01fe7,NdrUserMarshalSimpleTypeConvert
0x65031dd1,0x65031dd1,NdrUserMarshalUnmarshall
0x9a629367,0x9a629367,NdrVaryingArrayBufferSize
0xacf69b4,0x0acf69b4,NdrVaryingArrayFree
0xcbbcee26,0xcbbcee26,NdrVaryingArrayMarshall
0xc87a7066,0xc87a7066,NdrVaryingArrayMemorySize
0xcb0ce0e9,0xcb0ce0e9,NdrVaryingArrayUnmarshall
0xd663e8c6,0xd663e8c6,NdrXmitOrRepAsBufferSize
0x238fe3d3,0x238fe3d3,NdrXmitOrRepAsFree
0xe65b5fc5,0xe65b5fc5,NdrXmitOrRepAsMarshall
0x47bc5c5,0x047bc5c5,NdrXmitOrRepAsMemorySize
0x70e3648,0x070e3648,NdrXmitOrRepAsUnmarshall
0x8cf31859,0x8cf31859,NdrpCreateProxy
0xaef1c655,0xaef1c655,NdrpCreateStub
0x2729f5b7,0x2729f5b7,NdrpGetProcFormatString
0xa8f0da25,0xa8f0da25,NdrpGetTypeFormatString
0xc349d339,0xc349d339,NdrpGetTypeGenCookie
0xc88b9441,0xc88b9441,NdrpMemoryIncrement
0x49ac7386,0x49ac7386,NdrpReleaseTypeFormatString
0x9618003a,0x9618003a,NdrpReleaseTypeGenCookie
0x23c7a8ac,0x23c7a8ac,NdrpVarVtOfTypeDesc
0xb56adb5a,0xb56adb5a,NeedCurrentDirectoryForExePathA
0xb56adb70,0xb56adb70,NeedCurrentDirectoryForExePathW
0xbd8c825f,0xbd8c825f,NlsAnsiCodePage
0xdfaa54aa,0xdfaa54aa,NlsCheckPolicy
0x4dfba78b,0x4dfba78b,NlsEventDataDescCreate
0x935b809c,0x935b809c,NlsGetCacheUpdateCount
0x6a4cd53f,0x6a4cd53f,NlsMbCodePageTag
0x4a9f0c00,0x4a9f0c00,NlsMbOemCodePageTag
0x7cb70caf,0x7cb70caf,NlsUpdateLocale
0x5f143ab4,0x5f143ab4,NlsUpdateSystemLocale
0xa335e4b9,0xa335e4b9,NlsWriteEtwEvent
0xe5892777,0xe5892777,NormalizeString
0xdbde76d6,0xdbde76d6,NotifyBootConfigStatus
0xaf9a724f,0xaf9a724f,NotifyCallbackData
0x2c896c12,0x2c896c12,NotifyChangeEventLog
0xaaa22ae1,0xaaa22ae1,NotifyMountMgr
0x18c72ce2,0x18c72ce2,NotifyOverlayWindow
0x3e0930e3,0x3e0930e3,NotifyServiceStatusChange
0xff2f4d84,0xff2f4d84,NotifyServiceStatusChangeA
0xff2f4d9a,0xff2f4d9a,NotifyServiceStatusChangeW
0x871c7fd0,0x871c7fd0,NotifyUILanguageChange
0x6610dd8,0x06610dd8,NotifyWinEvent
0x9274b070,0x9274b070,NtAcceptConnectPort
0xe9e6301,0x0e9e6301,NtAccessCheck
0x205c1678,0x205c1678,NtAccessCheckAndAuditAlarm
0xc005731e,0xc005731e,NtAccessCheckByType
0x5b03adb5,0x5b03adb5,NtAccessCheckByTypeAndAuditAlarm
0x214c9bf9,0x214c9bf9,NtAccessCheckByTypeResultList
0x109d2270,0x109d2270,NtAccessCheckByTypeResultListAndAuditAlarm
0x33c02a77,0x33c02a77,NtAccessCheckByTypeResultListAndAuditAlarmByHandle
0xa75519ab,0xa75519ab,NtAddAtom
0x50e31220,0x50e31220,NtAddBootEntry
0x52a532d8,0x52a532d8,NtAddDriverEntry
0x37acdffd,0x37acdffd,NtAdjustGroupsToken
0x715a5d57,0x715a5d57,NtAdjustPrivilegesToken
0xa992a312,0xa992a312,NtAlertResumeThread
0x6afd8a01,0x6afd8a01,NtAlertThread
0xb85a900a,0xb85a900a,NtAllocateLocallyUniqueId
0x7021ebe9,0x7021ebe9,NtAllocateReserveObject
0x874fd602,0x874fd602,NtAllocateUserPhysicalPages
0xf35f68c0,0xf35f68c0,NtAllocateUuids
0x3b21a2d6,0x3b21a2d6,NtAllocateVirtualMemory
0xe8e7c370,0xe8e7c370,NtAlpcAcceptConnectPort
0x30949b7c,0x30949b7c,NtAlpcCancelMessage
0xe171880,0x0e171880,NtAlpcConnectPort
0x8fcde10a,0x8fcde10a,NtAlpcCreatePort
0xd8da725f,0xd8da725f,NtAlpcCreatePortSection
0x2186f109,0x2186f109,NtAlpcCreateResourceReserve
0x8391a395,0x8391a395,NtAlpcCreateSectionView
0x5dc6ee2,0x05dc6ee2,NtAlpcCreateSecurityContext
0x30f64ebe,0x30f64ebe,NtAlpcDeletePortSection
0xa2e7e4e8,0xa2e7e4e8,NtAlpcDeleteResourceReserve
0xdbad7ff4,0xdbad7ff4,NtAlpcDeleteSectionView
0x873d62c1,0x873d62c1,NtAlpcDeleteSecurityContext
0xc68db1e0,0xc68db1e0,NtAlpcDisconnectPort
0x78ce2a91,0x78ce2a91,NtAlpcImpersonateClientOfPort
0x93bbb1a3,0x93bbb1a3,NtAlpcOpenSenderProcess
0xb00421dc,0xb00421dc,NtAlpcOpenSenderThread
0x8430542d,0x8430542d,NtAlpcQueryInformation
0xdde10c32,0xdde10c32,NtAlpcQueryInformationMessage
0x1af779a,0x01af779a,NtAlpcRevokeSecurityContext
0xd1e6eb98,0xd1e6eb98,NtAlpcSendWaitReceivePort
0x95fb3703,0x95fb3703,NtAlpcSetInformation
0xb6552750,0xb6552750,NtApphelpCacheControl
0xf18cb5a,0x0f18cb5a,NtAreMappedFilesTheSame
0xda2c26a,0x0da2c26a,NtAssignProcessToJobObject
0xedfa72de,0xedfa72de,NtCallbackReturn
0x852065cf,0x852065cf,NtCancelIoFile
0x4ed11ecc,0x4ed11ecc,NtCancelIoFileEx
0x422df1fa,0x422df1fa,NtCancelSynchronousIoFile
0xf548bcd8,0xf548bcd8,NtCancelTimer
0x842995fa,0x842995fa,NtClearEvent
0x7b423c87,0x7b423c87,NtClose
0x66c92002,0x66c92002,NtCloseObjectAuditAlarm
0xe604f413,0xe604f413,NtCommitComplete
0x18f1379d,0x18f1379d,NtCommitEnlistment
0x86a28700,0x86a28700,NtCommitTransaction
0x6fd1a3b4,0x6fd1a3b4,NtCompactKeys
0x15a6cecc,0x15a6cecc,NtCompareTokens
0xd78e979,0x0d78e979,NtCompleteConnectPort
0x910c5f46,0x910c5f46,NtCompressKey
0x3fb64580,0x3fb64580,NtConnectPort
0xd1e1f1d6,0xd1e1f1d6,NtContinue
0x39a11043,0x39a11043,NtCreateDebugObject
0x85b23711,0x85b23711,NtCreateDirectoryObject
0xba57a628,0xba57a628,NtCreateEnlistment
0xba65c0a7,0xba65c0a7,NtCreateEvent
0x340b8b3,0x0340b8b3,NtCreateEventPair
0x43b5d7e5,0x43b5d7e5,NtCreateFile
0xcec993d7,0xcec993d7,NtCreateIoCompletion
0xedff9ad7,0xedff9ad7,NtCreateJobObject
0x124763ac,0x124763ac,NtCreateJobSet
0xf289786e,0xf289786e,NtCreateKey
0xf394bd7,0x0f394bd7,NtCreateKeyTransacted
0x619e0eb9,0x619e0eb9,NtCreateKeyedEvent
0x5ff8798a,0x5ff8798a,NtCreateMailslotFile
0x19bd03fe,0x19bd03fe,NtCreateMutant
0xae066d98,0xae066d98,NtCreateNamedPipeFile
0x52982d7b,0x52982d7b,NtCreatePagingFile
0x43bb6e0a,0x43bb6e0a,NtCreatePort
0xa74d11ed,0xa74d11ed,NtCreatePrivateNamespace
0x30f33844,0x30f33844,NtCreateProcess
0x3aa26281,0x3aa26281,NtCreateProcessEx
0x30f4ed76,0x30f4ed76,NtCreateProfile
0x41e62c33,0x41e62c33,NtCreateProfileEx
0xe72daec8,0xe72daec8,NtCreateResourceManager
0xf8bf1b3a,0xf8bf1b3a,NtCreateSection
0xfae21149,0xfae21149,NtCreateSemaphore
0xf66f3e4c,0xf66f3e4c,NtCreateSymbolicLinkObject
0x2924d85d,0x2924d85d,NtCreateThread
0x5bc6cda,0x05bc6cda,NtCreateThreadEx
0xbb6e3026,0xbb6e3026,NtCreateTimer
0xbb7171e6,0xbb7171e6,NtCreateToken
0x54d6c6eb,0x54d6c6eb,NtCreateTransaction
0x57b65aa6,0x57b65aa6,NtCreateTransactionManager
0xa2bfe463,0xa2bfe463,NtCreateUserProcess
0x46ecfcb3,0x46ecfcb3,NtCreateWaitablePort
0x1bb36937,0x1bb36937,NtCreateWorkerFactory
0x9ace596f,0x9ace596f,NtCurrentTeb
0xe6300d3,0x0e6300d3,NtDebugActiveProcess
0xabed5fdd,0xabed5fdd,NtDebugContinue
0x4c4cd3d4,0x4c4cd3d4,NtDelayExecution
0x721e275,0x0721e275,NtDeleteAtom
0xcf1ee92a,0xcf1ee92a,NtDeleteBootEntry
0x4f32f462,0x4f32f462,NtDeleteDriverEntry
0x7247124,0x07247124,NtDeleteFile
0x8bda65cd,0x8bda65cd,NtDeleteKey
0x3dc6a97f,0x3dc6a97f,NtDeleteObjectAuditAlarm
0x54cc81ac,0x54cc81ac,NtDeletePrivateNamespace
0x561471aa,0x561471aa,NtDeleteValueKey
0x963be53a,0x963be53a,NtDeviceIoControlFile
0x6c4e336f,0x6c4e336f,NtDisableLastKnownGood
0xb20d983e,0xb20d983e,NtDisplayString
0x86fb98a4,0x86fb98a4,NtDrawText
0x6f591ac3,0x6f591ac3,NtDuplicateObject
0xe4b9a84d,0xe4b9a84d,NtDuplicateToken
0xf1ba07e2,0xf1ba07e2,NtEnableLastKnownGood
0xafab225,0x0afab225,NtEnumerateBootEntries
0xf3c80c1d,0xf3c80c1d,NtEnumerateDriverEntries
0x1170d420,0x1170d420,NtEnumerateKey
0xf91def9e,0xf91def9e,NtEnumerateSystemEnvironmentValuesEx
0xa1f993d4,0xa1f993d4,NtEnumerateTransactionObject
0x227bcbdd,0x227bcbdd,NtEnumerateValueKey
0xf69dc6ee,0xf69dc6ee,NtExtendSection
0x7b1bdc18,0x7b1bdc18,NtFilterToken
0xc7a431a3,0xc7a431a3,NtFindAtom
0x5564dcc0,0x5564dcc0,NtFlushBuffersFile
0x8a0f750c,0x8a0f750c,NtFlushInstallUILanguage
0xa607a269,0xa607a269,NtFlushInstructionCache
0xbffa22fc,0xbffa22fc,NtFlushKey
0xf307d46a,0xf307d46a,NtFlushProcessWriteBuffers
0x2f9c9933,0x2f9c9933,NtFlushVirtualMemory
0x5dc09858,0x5dc09858,NtFlushWriteBuffer
0xbd43449f,0xbd43449f,NtFreeUserPhysicalPages
0x75f44af3,0x75f44af3,NtFreeVirtualMemory
0xc66bd2b,0x0c66bd2b,NtFreezeRegistry
0xaa911bcb,0xaa911bcb,NtFreezeTransactions
0x2d8f75eb,0x2d8f75eb,NtFsControlFile
0xfb22882e,0xfb22882e,NtGetContextThread
0xc777457d,0xc777457d,NtGetCurrentProcessorNumber
0x974e6c6f,0x974e6c6f,NtGetDevicePowerState
0x8e4a0ba1,0x8e4a0ba1,NtGetMUIRegistryInfo
0x600760cf,0x600760cf,NtGetNextProcess
0xe4c09b88,0xe4c09b88,NtGetNextThread
0xed9047a9,0xed9047a9,NtGetNlsSectionPtr
0x1faf929b,0x1faf929b,NtGetNotificationResourceManager
0x244194c1,0x244194c1,NtGetPlugPlayEvent
0x32f516e5,0x32f516e5,NtGetTickCount
0xf99ef553,0xf99ef553,NtGetWriteWatch
0x14701602,0x14701602,NtImpersonateAnonymousToken
0xc598d791,0xc598d791,NtImpersonateClientOfPort
0x5e192a70,0x5e192a70,NtImpersonateThread
0xa9478823,0xa9478823,NtInitializeNlsFiles
0x23b533dc,0x23b533dc,NtInitializeRegistry
0xc5b4f993,0xc5b4f993,NtInitiatePowerAction
0x2a960e5e,0x2a960e5e,NtIsProcessInJob
0x72dfb8ea,0x72dfb8ea,NtIsSystemResumeAutomatic
0x78d8f88,0x078d8f88,NtIsUILanguageComitted
0xcf8c30e5,0xcf8c30e5,NtListenPort
0x1c2191dd,0x1c2191dd,NtLoadDriver
0xf89a8fa,0x0f89a8fa,NtLoadKey
0xbec86c,0x00bec86c,NtLoadKey2
0x1897d8b7,0x1897d8b7,NtLoadKeyEx
0x5e516ba,0x05e516ba,NtLockFile
0x221d7889,0x221d7889,NtLockProductActivationKeys
0x7c3d513c,0x7c3d513c,NtLockRegistryKey
0xdf62a39a,0xdf62a39a,NtLockVirtualMemory
0x310386f0,0x310386f0,NtMakePermanentObject
0x7f5513e9,0x7f5513e9,NtMakeTemporaryObject
0x143c252b,0x143c252b,NtMapCMFModule
0x6db661bb,0x6db661bb,NtMapUserPhysicalPages
0x40e8cd31,0x40e8cd31,NtMapUserPhysicalPagesScatter
0x64642b74,0x64642b74,NtMapViewOfSection
0x2bba9bbf,0x2bba9bbf,NtModifyBootEntry
0x4185a037,0x4185a037,NtModifyDriverEntry
0xc7e78345,0xc7e78345,NtNotifyChangeDirectoryFile
0x801313b9,0x801313b9,NtNotifyChangeKey
0xd924c518,0xd924c518,NtNotifyChangeMultipleKeys
0x1e0c5fb4,0x1e0c5fb4,NtNotifyChangeSession
0x2293f14f,0x2293f14f,NtOpenDirectoryObject
0xbdce81a6,0xbdce81a6,NtOpenEnlistment
0xad27f565,0xad27f565,NtOpenEvent
0x416b1c71,0x416b1c71,NtOpenEventPair
0x1c856ce3,0x1c856ce3,NtOpenFile
0x8b6546d5,0x8b6546d5,NtOpenIoCompletion
0x2c29fe95,0x2c29fe95,NtOpenJobObject
0xf91b65ac,0xf91b65ac,NtOpenKey
0xad8b89e9,0xad8b89e9,NtOpenKeyEx
0x5f4b5e95,0x5f4b5e95,NtOpenKeyTransacted
0x5f9d6112,0x5f9d6112,NtOpenKeyTransactedEx
0x6514ea37,0x6514ea37,NtOpenKeyedEvent
0x64c5d07c,0x64c5d07c,NtOpenMutant
0xc9603bbe,0xc9603bbe,NtOpenObjectAuditAlarm
0xe06613eb,0xe06613eb,NtOpenPrivateNamespace
0xdd159482,0xdd159482,NtOpenProcess
0xc30d5a43,0xc30d5a43,NtOpenProcessToken
0xbbcd0040,0xbbcd0040,NtOpenProcessTokenEx
0x840f6906,0x840f6906,NtOpenResourceManager
0xa4e17778,0xa4e17778,NtOpenSection
0x390c7507,0x390c7507,NtOpenSemaphore
0xa6027327,0xa6027327,NtOpenSession
0xd9d0b7ca,0xd9d0b7ca,NtOpenSymbolicLinkObject
0x742da4db,0x742da4db,NtOpenThread
0xab4a8a3c,0xab4a8a3c,NtOpenThreadToken
0xa8161279,0xa8161279,NtOpenThreadTokenEx
0xae3064e4,0xae3064e4,NtOpenTimer
0xc7291229,0xc7291229,NtOpenTransaction
0x3b17d424,0x3b17d424,NtOpenTransactionManager
0x67a62e40,0x67a62e40,NtPlugPlayControl
0x757aece4,0x757aece4,NtPowerInformation
0x377b3ac0,0x377b3ac0,NtPrePrepareComplete
0xa113dd8a,0xa113dd8a,NtPrePrepareEnlistment
0xf10f9819,0xf10f9819,NtPrepareComplete
0x1134f523,0x1134f523,NtPrepareEnlistment
0x7c116bf6,0x7c116bf6,NtPrivilegeCheck
0xe381d2f3,0xe381d2f3,NtPrivilegeObjectAuditAlarm
0x87380411,0x87380411,NtPrivilegedServiceAuditAlarm
0x7751170e,0x7751170e,NtPropagationComplete
0x5e436a1a,0x5e436a1a,NtPropagationFailed
0xee1c7d32,0xee1c7d32,NtProtectVirtualMemory
0x9224f53c,0x9224f53c,NtPulseEvent
0x4acf9e8e,0x4acf9e8e,NtQueryAttributesFile
0x1d074269,0x1d074269,NtQueryBootEntryOrder
0xbee10567,0xbee10567,NtQueryBootOptions
0x3247b195,0x3247b195,NtQueryDebugFilterState
0xc445c55c,0xc445c55c,NtQueryDefaultLocale
0xee43fce,0x0ee43fce,NtQueryDefaultUILanguage
0x97b7339c,0x97b7339c,NtQueryDirectoryFile
0x76d13cf3,0x76d13cf3,NtQueryDirectoryObject
0x1b090561,0x1b090561,NtQueryDriverEntryOrder
0x428898ed,0x428898ed,NtQueryEaFile
0x20fa409,0x020fa409,NtQueryEvent
0x3dbecd81,0x3dbecd81,NtQueryFullAttributesFile
0x5f8f841e,0x5f8f841e,NtQueryInformationAtom
0xbfbe6f10,0xbfbe6f10,NtQueryInformationEnlistment
0x5f9212cd,0x5f9212cd,NtQueryInformationFile
0x3bbce6bf,0x3bbce6bf,NtQueryInformationJobObject
0x5f97a8f2,0x5f97a8f2,NtQueryInformationPort
0x2f9c6a2c,0x2f9c6a2c,NtQueryInformationProcess
0xe13e48b0,0xe13e48b0,NtQueryInformationResourceManager
0xacfb6d45,0xacfb6d45,NtQueryInformationThread
0x52d509ce,0x52d509ce,NtQueryInformationToken
0x716acd3,0x0716acd3,NtQueryInformationTransaction
0x2c2b8b8e,0x2c2b8b8e,NtQueryInformationTransactionManager
0x5d84691f,0x5d84691f,NtQueryInformationWorkerFactory
0xad167060,0xad167060,NtQueryInstallUILanguage
0xb17ca0dd,0xb17ca0dd,NtQueryIntervalProfile
0x8f4994f9,0x8f4994f9,NtQueryIoCompletion
0x763f1b50,0x763f1b50,NtQueryKey
0x3920b527,0x3920b527,NtQueryLicenseValue
0xe0b667f9,0xe0b667f9,NtQueryMultipleValueKey
0x56a353a0,0x56a353a0,NtQueryMutant
0x59f0671e,0x59f0671e,NtQueryObject
0xb087583f,0xb087583f,NtQueryOpenSubKeys
0xefbe6d3c,0xefbe6d3c,NtQueryOpenSubKeysEx
0xfef81859,0xfef81859,NtQueryPerformanceCounter
0x37cb2e31,0x37cb2e31,NtQueryPortInformationProcess
0x50ba8e17,0x50ba8e17,NtQueryQuotaInformationFile
0xd26f5f1c,0xd26f5f1c,NtQuerySection
0x45a00067,0x45a00067,NtQuerySecurityAttributesToken
0x1d38aad6,0x1d38aad6,NtQuerySecurityObject
0x1b2d5ab,0x01b2d5ab,NtQuerySemaphore
0x4a6810ee,0x4a6810ee,NtQuerySymbolicLinkObject
0x28c7713e,0x28c7713e,NtQuerySystemEnvironmentValue
0x7868c1fb,0x7868c1fb,NtQuerySystemEnvironmentValueEx
0x331d6052,0x331d6052,NtQuerySystemInformation
0x6ff6c60f,0x6ff6c60f,NtQuerySystemInformationEx
0x7898333b,0x7898333b,NtQuerySystemTime
0x3181388,0x03181388,NtQueryTimer
0x3ec3575c,0x3ec3575c,NtQueryTimerResolution
0xc646110d,0xc646110d,NtQueryValueKey
0x1ce30a87,0x1ce30a87,NtQueryVirtualMemory
0x8fa33385,0x8fa33385,NtQueryVolumeInformationFile
0x610a01e2,0x610a01e2,NtQueueApcThread
0xcb920b9f,0xcb920b9f,NtQueueApcThreadEx
0x338681b4,0x338681b4,NtRaiseException
0xd69e1b2e,0xd69e1b2e,NtRaiseHardError
0x8880b7ad,0x8880b7ad,NtReadFile
0x465cbee3,0x465cbee3,NtReadFileScatter
0xe7504d2,0x0e7504d2,NtReadOnlyEnlistment
0x72087090,0x72087090,NtReadRequestData
0xf11a05ed,0xf11a05ed,NtReadVirtualMemory
0xe28bf58a,0xe28bf58a,NtRecoverEnlistment
0x7c04eb6a,0x7c04eb6a,NtRecoverResourceManager
0x726cec08,0x726cec08,NtRecoverTransactionManager
0x25b90374,0x25b90374,NtRegisterProtocolAddressInformation
0x3af3515c,0x3af3515c,NtRegisterThreadTerminatePort
0x5ba11906,0x5ba11906,NtReleaseKeyedEvent
0xfd44efcb,0xfd44efcb,NtReleaseMutant
0x865685f6,0x865685f6,NtReleaseSemaphore
0x6191c53e,0x6191c53e,NtReleaseWorkerFactoryWorker
0x1316bc91,0x1316bc91,NtRemoveIoCompletion
0x33b82e0e,0x33b82e0e,NtRemoveIoCompletionEx
0x4997a7e5,0x4997a7e5,NtRemoveProcessDebug
0x7ac9bf52,0x7ac9bf52,NtRenameKey
0xbfa79d0a,0xbfa79d0a,NtRenameTransactionManager
0xdf20a416,0xdf20a416,NtReplaceKey
0x69df487,0x069df487,NtReplacePartitionUnit
0x2f4638a2,0x2f4638a2,NtReplyPort
0xb6edc11a,0xb6edc11a,NtReplyWaitReceivePort
0x296278d7,0x296278d7,NtReplyWaitReceivePortEx
0x2e0a3403,0x2e0a3403,NtReplyWaitReplyPort
0xe04fe83f,0xe04fe83f,NtRequestPort
0xcce3c440,0xcce3c440,NtRequestWaitReplyPort
0xb58de876,0xb58de876,NtResetEvent
0x4ebed7d6,0x4ebed7d6,NtResetWriteWatch
0x2d6fb11e,0x2d6fb11e,NtRestoreKey
0xc7a73201,0xc7a73201,NtResumeProcess
0x1e320e7a,0x1e320e7a,NtResumeThread
0x14a0c514,0x14a0c514,NtRollbackComplete
0x5dc54cde,0x5dc54cde,NtRollbackEnlistment
0x65f94461,0x65f94461,NtRollbackTransaction
0x42c229c0,0x42c229c0,NtRollforwardTransactionManager
0xb35a869,0x0b35a869,NtSaveKey
0xaf416fe6,0xaf416fe6,NtSaveKeyEx
0x69e4e950,0x69e4e950,NtSaveMergedKeys
0x72b014a7,0x72b014a7,NtSecureConnectPort
0x583e832d,0x583e832d,NtSerializeBoot
0x3804fd7f,0x3804fd7f,NtSetBootEntryOrder
0xa574a83d,0xa574a83d,NtSetBootOptions
0x8da04eba,0x8da04eba,NtSetContextThread
0x3a08a2b,0x03a08a2b,NtSetDebugFilterState
0x69d9b4d0,0x69d9b4d0,NtSetDefaultHardErrorPort
0x9e4d75b2,0x9e4d75b2,NtSetDefaultLocale
0xb582b24,0x0b582b24,NtSetDefaultUILanguage
0xec61ddf7,0xec61ddf7,NtSetDriverEntryOrder
0xc59f9e03,0xc59f9e03,NtSetEaFile
0xa12f5e5f,0xa12f5e5f,NtSetEvent
0xd5cc30a8,0xd5cc30a8,NtSetEventBoostPriority
0xb66b5c2b,0xb66b5c2b,NtSetHighEventPair
0x2e3e9652,0x2e3e9652,NtSetHighWaitLowEventPair
0x9d1b6741,0x9d1b6741,NtSetInformationDebugObject
0x60441566,0x60441566,NtSetInformationEnlistment
0xda4730a3,0xda4730a3,NtSetInformationFile
0x485c1a55,0x485c1a55,NtSetInformationJobObject
0xdfd3b16c,0xdfd3b16c,NtSetInformationKey
0x9d5497ba,0x9d5497ba,NtSetInformationObject
0xba8dc042,0xba8dc042,NtSetInformationProcess
0x9dd754c6,0x9dd754c6,NtSetInformationResourceManager
0xa96f589b,0xa96f589b,NtSetInformationThread
0x242de264,0x242de264,NtSetInformationToken
0xb8511de9,0xb8511de9,NtSetInformationTransaction
0x54c527e4,0x54c527e4,NtSetInformationTransactionManager
0x471f77b5,0x471f77b5,NtSetInformationWorkerFactory
0x2c31beb3,0x2c31beb3,NtSetIntervalProfile
0x4851928f,0x4851928f,NtSetIoCompletion
0xa3007b8c,0xa3007b8c,NtSetIoCompletionEx
0xdfccdb5b,0xdfccdb5b,NtSetLdtEntries
0xa469e35d,0xa469e35d,NtSetLowEventPair
0xe6ba06f2,0xe6ba06f2,NtSetLowWaitHighEventPair
0x5d59c1ad,0x5d59c1ad,NtSetQuotaInformationFile
0x383665ec,0x383665ec,NtSetSecurityObject
0xda01e254,0xda01e254,NtSetSystemEnvironmentValue
0x6203d091,0x6203d091,NtSetSystemEnvironmentValueEx
0x2f914ba8,0x2f914ba8,NtSetSystemInformation
0x9e5e2330,0x9e5e2330,NtSetSystemPowerState
0xb37d351,0x0b37d351,NtSetSystemTime
0xf5f4900a,0xf5f4900a,NtSetThreadExecutionState
0xa237cdde,0xa237cdde,NtSetTimer
0xf62c69b,0x0f62c69b,NtSetTimerEx
0xb9787532,0xb9787532,NtSetTimerResolution
0x7a521715,0x7a521715,NtSetUuidSeed
0x6b32b3a3,0x6b32b3a3,NtSetValueKey
0x3028d9db,0x3028d9db,NtSetVolumeInformationFile
0x77c06a72,0x77c06a72,NtShutdownSystem
0xa7b5919f,0xa7b5919f,NtShutdownWorkerFactory
0xc8829997,0xc8829997,NtSignalAndWaitForSingleObject
0xc262681,0x0c262681,NtSinglePhaseReject
0x39bbc9f0,0x39bbc9f0,NtStartProfile
0x68147708,0x68147708,NtStopProfile
0xa5c70172,0xa5c70172,NtSuspendProcess
0x24ed33cb,0x24ed33cb,NtSuspendThread
0xa16d9e3e,0xa16d9e3e,NtSystemDebugControl
0x2c45d0cc,0x2c45d0cc,NtTerminateJobObject
0xdcd96cf9,0xdcd96cf9,NtTerminateProcess
0xf80cca72,0xf80cca72,NtTerminateThread
0x10226dc9,0x10226dc9,NtTestAlert
0x2f7295de,0x2f7295de,NtThawRegistry
0xac7015fe,0xac7015fe,NtThawTransactions
0xc510d061,0xc510d061,NtTraceControl
0x4e61f502,0x4e61f502,NtTraceEvent
0x3bd78c2c,0x3bd78c2c,NtTranslateFilePath
0xde7bc035,0xde7bc035,NtUmsThreadYield
0x5677520,0x05677520,NtUnloadDriver
0xac699b1d,0xac699b1d,NtUnloadKey
0x399cfeef,0x399cfeef,NtUnloadKey2
0x6d3cdf9a,0x6d3cdf9a,NtUnloadKeyEx
0x3ec34d3d,0x3ec34d3d,NtUnlockFile
0x3e05dd7d,0x3e05dd7d,NtUnlockVirtualMemory
0x76c634f7,0x76c634f7,NtUnmapViewOfSection
0x22b47539,0x22b47539,NtVdmControl
0xa72d1ed6,0xa72d1ed6,NtWaitForDebugEvent
0x26bdf101,0x26bdf101,NtWaitForKeyedEvent
0x4639fe03,0x4639fe03,NtWaitForMultipleObjects
0xbcb19188,0xbcb19188,NtWaitForMultipleObjects32
0x791273a6,0x791273a6,NtWaitForSingleObject
0xde099f42,0xde099f42,NtWaitForWorkViaWorkerFactory
0x2c4681d4,0x2c4681d4,NtWaitHighEventPair
0x813277e6,0x813277e6,NtWaitLowEventPair
0xe0273612,0xe0273612,NtWorkerFactoryWorkerReady
0x5342f0e4,0x5342f0e4,NtWow64CallFunction64
0x66651ef3,0x66651ef3,NtWow64CsrAllocateCaptureBuffer
0xa443deab,0xa443deab,NtWow64CsrAllocateMessagePointer
0x218145b3,0x218145b3,NtWow64CsrCaptureMessageBuffer
0x491d8250,0x491d8250,NtWow64CsrCaptureMessageString
0x4f52f7d2,0x4f52f7d2,NtWow64CsrClientCallServer
0xcb415d23,0xcb415d23,NtWow64CsrClientConnectToServer
0x1b231790,0x1b231790,NtWow64CsrFreeCaptureBuffer
0x7577b94c,0x7577b94c,NtWow64CsrGetProcessId
0x36d36620,0x36d36620,NtWow64CsrIdentifyAlertableThread
0x2de500d9,0x2de500d9,NtWow64CsrVerifyRegion
0x7d1fc2b9,0x7d1fc2b9,NtWow64DebuggerCall
0x5e19341,0x05e19341,NtWow64GetCurrentProcessorNumberEx
0xe2be56aa,0xe2be56aa,NtWow64GetNativeSystemInformation
0x36c8c39c,0x36c8c39c,NtWow64InterlockedPopEntrySList
0xbe179fdd,0xbe179fdd,NtWow64QueryInformationProcess64
0x8688b298,0x8688b298,NtWow64QueryVirtualMemory64
0xc3b8d69e,0xc3b8d69e,NtWow64ReadVirtualMemory64
0x26c9ed0d,0x26c9ed0d,NtWow64WriteVirtualMemory64
0x6b6e589c,0x6b6e589c,NtWriteFile
0x5db32657,0x5db32657,NtWriteFileGather
0xded7ce9f,0xded7ce9f,NtWriteRequestData
0xcf3923bc,0xcf3923bc,NtWriteVirtualMemory
0x7584087c,0x7584087c,NtYieldExecution
0x17810148,0x17810148,NtdllDefWindowProc_A
0x1781015e,0x1781015e,NtdllDefWindowProc_W
0x637c089a,0x637c089a,NtdllDialogWndProc_A
0x637c08b0,0x637c08b0,NtdllDialogWndProc_W
0x77dbff5f,0x77dbff5f,NvOptimusEnablement
0x34ecbec8,0x34ecbec8,OCSP_InitGlobal
0x6439d170,0x6439d170,OCSP_ShutdownGlobal
0xa6b9f6c1,0xa6b9f6c1,ObjectCloseAuditAlarmA
0xa6b9f6d7,0xa6b9f6d7,ObjectCloseAuditAlarmW
0x83ef0be,0x083ef0be,ObjectDeleteAuditAlarmA
0x83ef0d4,0x083ef0d4,ObjectDeleteAuditAlarmW
0x7d831945,0x7d831945,ObjectFromLresult
0xe98e0e5d,0xe98e0e5d,ObjectOpenAuditAlarmA
0xe98e0e73,0xe98e0e73,ObjectOpenAuditAlarmW
0xc6c01192,0xc6c01192,ObjectPrivilegeAuditAlarmA
0xc6c011a8,0xc6c011a8,ObjectPrivilegeAuditAlarmW
0xfa9e367b,0xfa9e367b,ObjectStublessClient10
0xfa9e367c,0xfa9e367c,ObjectStublessClient11
0xfa9e367d,0xfa9e367d,ObjectStublessClient12
0xfa9e367e,0xfa9e367e,ObjectStublessClient13
0xfa9e367f,0xfa9e367f,ObjectStublessClient14
0xfa9e3680,0xfa9e3680,ObjectStublessClient15
0xfa9e3681,0xfa9e3681,ObjectStublessClient16
0xfa9e3682,0xfa9e3682,ObjectStublessClient17
0xfa9e3683,0xfa9e3683,ObjectStublessClient18
0xfa9e3684,0xfa9e3684,ObjectStublessClient19
0xfa9e369c,0xfa9e369c,ObjectStublessClient20
0xfa9e369d,0xfa9e369d,ObjectStublessClient21
0xfa9e369e,0xfa9e369e,ObjectStublessClient22
0xfa9e369f,0xfa9e369f,ObjectStublessClient23
0xfa9e36a0,0xfa9e36a0,ObjectStublessClient24
0xfa9e36a1,0xfa9e36a1,ObjectStublessClient25
0xfa9e36a2,0xfa9e36a2,ObjectStublessClient26
0xfa9e36a3,0xfa9e36a3,ObjectStublessClient27
0xfa9e36a4,0xfa9e36a4,ObjectStublessClient28
0xfa9e36a5,0xfa9e36a5,ObjectStublessClient29
0x933b18ed,0x933b18ed,ObjectStublessClient3
0xfa9e36bd,0xfa9e36bd,ObjectStublessClient30
0xfa9e36be,0xfa9e36be,ObjectStublessClient31
0xfa9e36bf,0xfa9e36bf,ObjectStublessClient32
0x933b18ee,0x933b18ee,ObjectStublessClient4
0x933b18ef,0x933b18ef,ObjectStublessClient5
0x933b18f0,0x933b18f0,ObjectStublessClient6
0x933b18f1,0x933b18f1,ObjectStublessClient7
0x933b18f2,0x933b18f2,ObjectStublessClient8
0x933b18f3,0x933b18f3,ObjectStublessClient9
0xf4ac98fe,0xf4ac98fe,OemKeyScan
0xbf382872,0xbf382872,OemToCharA
0x775cf935,0x775cf935,OemToCharBuffA
0x775cf94b,0x775cf94b,OemToCharBuffW
0xbf382888,0xbf382888,OemToCharW
0x8ad45173,0x8ad45173,OfficeCleanupPolicy
0x956da05d,0x956da05d,OfficeInitializePolicy
0x6d748e25,0x6d748e25,OffsetClipRgn
0x5ad31fc4,0x5ad31fc4,OffsetRect
0xd434f1bd,0xd434f1bd,OffsetRgn
0x7110603b,0x7110603b,OffsetViewportOrgEx
0xe4c3e373,0xe4c3e373,OffsetWindowOrgEx
0x1967ca9d,0x1967ca9d,Ole32DllGetClassObject
0x1f851285,0x1f851285,OleBuildVersion
0xe9f14b9d,0xe9f14b9d,OleConvertIStorageToOLESTREAM
0x2b72b01a,0x2b72b01a,OleConvertIStorageToOLESTREAMEx
0xd75c94fd,0xd75c94fd,OleConvertOLESTREAMToIStorage
0x20d5d17a,0x20d5d17a,OleConvertOLESTREAMToIStorageEx
0xec55e663,0xec55e663,OleCreate
0xc4ca4f06,0xc4ca4f06,OleCreateDefaultHandler
0xae5508a2,0xae5508a2,OleCreateEmbeddingHelper
0x59691460,0x59691460,OleCreateEx
0x85f6d49d,0x85f6d49d,OleCreateFontIndirectExt
0x4b029691,0x4b029691,OleCreateFromData
0x1602880e,0x1602880e,OleCreateFromDataEx
0x4b03d057,0x4b03d057,OleCreateFromFile
0x1b394b54,0x1b394b54,OleCreateFromFileEx
0x58034d91,0x58034d91,OleCreateLink
0x660cff0e,0x660cff0e,OleCreateLinkEx
0x13834bbf,0x13834bbf,OleCreateLinkFromData
0x18540bc,0x018540bc,OleCreateLinkFromDataEx
0xb5f3fe14,0xb5f3fe14,OleCreateLinkToFile
0x2ebdc51,0x02ebdc51,OleCreateLinkToFileEx
0x12f99af7,0x12f99af7,OleCreateMenuDescriptor
0xb32d07e2,0xb32d07e2,OleCreatePictureIndirectExt
0xde9b35d6,0xde9b35d6,OleCreatePropertyFrameIndirectExt
0xc323c6f9,0xc323c6f9,OleCreateStaticFromData
0x3fcf2dcd,0x3fcf2dcd,OleDestroyMenuDescriptor
0xb35d7d3c,0xb35d7d3c,OleDoAutoConvert
0xb5b30cbd,0xb5b30cbd,OleDraw
0xe1bae204,0xe1bae204,OleDuplicateData
0x4d1eed01,0x4d1eed01,OleFlushClipboard
0xb18a9f29,0xb18a9f29,OleGetAutoConvert
0x646d499f,0x646d499f,OleGetClipboard
0xe6f1dc23,0xe6f1dc23,OleGetIconOfClass
0xff3f3b8d,0xff3f3b8d,OleGetIconOfFile
0xe5a86236,0xe5a86236,OleGetPackageClipboardOwner
0x21c85c2a,0x21c85c2a,OleIconToCursorExt
0xebf9a6c1,0xebf9a6c1,OleInitialize
0xf0cb37be,0xf0cb37be,OleInitializeWOW
0x43622fe,0x043622fe,OleIsCurrentClipboard
0x44acca0c,0x44acca0c,OleIsRunning
0xb5b762ef,0xb5b762ef,OleLoad
0xc7764e4f,0xc7764e4f,OleLoadFromStream
0xe3c0b19c,0xe3c0b19c,OleLoadPictureExt
0x7b4b3e3c,0x7b4b3e3c,OleLoadPictureFileExt
0x6afac1e9,0x6afac1e9,OleLoadPicturePathExt
0xd9ae0539,0xd9ae0539,OleLockRunning
0x3b351b6,0x03b351b6,OleMetafilePictFromIconAndLabel
0xbca09eea,0xbca09eea,OleNoteObjectVisible
0x5f4e6fe7,0x5f4e6fe7,OleQueryCreateFromData
0x63aba121,0x63aba121,OleQueryLinkFromData
0xa2e946a7,0xa2e946a7,OleRegEnumFormatEtc
0xa1f58da4,0xa1f58da4,OleRegEnumVerbs
0x9edc0d5d,0x9edc0d5d,OleRegGetMiscStatus
0xe29759ae,0xe29759ae,OleRegGetUserType
0x5a0fe248,0x5a0fe248,OleReleaseEnumVerbCache
0xbfb053a4,0xbfb053a4,OleRun
0xb5bb00be,0xb5bb00be,OleSave
0x999f5a4b,0x999f5a4b,OleSavePictureFileExt
0xc3a3d3ed,0xc3a3d3ed,OleSaveToStream
0x788d52b5,0x788d52b5,OleSetAutoConvert
0xafd5aa2b,0xafd5aa2b,OleSetClipboard
0xa2d81f67,0xa2d81f67,OleSetContainedObject
0x3de5bc6f,0x3de5bc6f,OleSetMenuDescriptor
0x434382e2,0x434382e2,OleTranslateAccelerator
0x212856cd,0x212856cd,OleTranslateColorExt
0x1076c984,0x1076c984,OleUninitialize
0xc91e41c6,0xc91e41c6,OnCompletion
0x9776c263,0x9776c263,OpenAdapter10
0x5030f394,0x5030f394,OpenAdapter10_2
0x79667b65,0x79667b65,OpenAs_RunDLL
0xa635e846,0xa635e846,OpenAs_RunDLLA
0xa635e85c,0xa635e85c,OpenAs_RunDLLW
0xd3e1283c,0xd3e1283c,OpenBackupEventLogA
0xd3e12852,0xd3e12852,OpenBackupEventLogW
0x490fb031,0x490fb031,OpenClipboard
0xe588c5eb,0xe588c5eb,OpenConsoleW
0xdb200e5c,0xdb200e5c,OpenDesktopA
0xdb200e72,0xdb200e72,OpenDesktopW
0x780c84ad,0x780c84ad,OpenDriver
0xea0ad8fa,0xea0ad8fa,OpenEncryptedFileRawA
0xea0ad910,0xea0ad910,OpenEncryptedFileRawW
0x2e0a1c04,0x2e0a1c04,OpenEnlistment
0x7aa7bda4,0x7aa7bda4,OpenEventA
0x354becc6,0x354becc6,OpenEventLogA
0x354becdc,0x354becdc,OpenEventLogW
0x7aa7bdba,0x7aa7bdba,OpenEventW
0xa0ac18c1,0xa0ac18c1,OpenFile
0xd6c24689,0xd6c24689,OpenFileById
0x64d975ee,0x64d975ee,OpenFileMappingA
0x64d97604,0x64d97604,OpenFileMappingW
0xa0ada4ca,0xa0ada4ca,OpenIcon
0x2dbeb34b,0x2dbeb34b,OpenInputDesktop
0x21a56bd4,0x21a56bd4,OpenJobObjectA
0x21a56bea,0x21a56bea,OpenJobObjectW
0x8d46fe15,0x8d46fe15,OpenMutexA
0x8d46fe2b,0x8d46fe2b,OpenMutexW
0x47876ae2,0x47876ae2,OpenOrCreateStream
0x2104afdd,0x2104afdd,OpenPersonalTrustDBDialog
0xb9829ab8,0xb9829ab8,OpenPrinter2A
0xb9829ace,0xb9829ace,OpenPrinter2W
0xbfcda7a6,0xbfcda7a6,OpenPrinterA
0xbfcda7bc,0xbfcda7bc,OpenPrinterW
0xc73f162a,0xc73f162a,OpenPrivateNamespaceA
0xc73f1640,0xc73f1640,OpenPrivateNamespaceW
0x15ba1ba0,0x15ba1ba0,OpenProcess
0x30990421,0x30990421,OpenProcessToken
0x7ceaa99d,0x7ceaa99d,OpenProfileUserMapping
0x14dfea8b,0x14dfea8b,OpenRegStream
0x66e02e24,0x66e02e24,OpenResourceManager
0xdcb03913,0xdcb03913,OpenSCManagerA
0xdcb03929,0xdcb03929,OpenSCManagerW
0xcad6b086,0xcad6b086,OpenSemaphoreA
0xcad6b09c,0xcad6b09c,OpenSemaphoreW
0xb1672fd3,0xb1672fd3,OpenServiceA
0xb1672fe9,0xb1672fe9,OpenServiceW
0x9caec039,0x9caec039,OpenThread
0xe0b3bed3,0xe0b3bed3,OpenThreadDesktop
0x22f9705a,0x22f9705a,OpenThreadToken
0x8851315,0x08851315,OpenThreadWaitChainSession
0x9d5a5ad1,0x9d5a5ad1,OpenTraceA
0x9d5a5ae7,0x9d5a5ae7,OpenTraceW
0x3ed7f847,0x3ed7f847,OpenTransaction
0x57feec82,0x57feec82,OpenTransactionManager
0xdeeb12ca,0xdeeb12ca,OpenTransactionManagerById
0x107615ec,0x107615ec,OpenWaitableTimerA
0x10761602,0x10761602,OpenWaitableTimerW
0xbe16793c,0xbe16793c,OpenWindowStationA
0xbe167952,0xbe167952,OpenWindowStationW
0xaaf2382b,0xaaf2382b,Options_RunDLL
0x9393dcc,0x09393dcc,Options_RunDLLA
0x9393de2,0x09393de2,Options_RunDLLW
0xd70f517f,0xd70f517f,OutputDebugStringA
0xd70f5195,0xd70f5195,OutputDebugStringW
0xe1bdb55e,0xe1bdb55e,PBE_CreateContext
0x18b6e7b4,0x18b6e7b4,PBE_DestroyContext
0x91debaa2,0x91debaa2,PBE_GenerateBits
0x6d95ef7,0x06d95ef7,PBE_PK11ParamToAlgid
0x9e2b563a,0x9e2b563a,PFXExportCertStore
0xd659d5f7,0xd659d5f7,PFXExportCertStoreEx
0x9f869353,0x9f869353,PFXImportCertStore
0xe5f93fc6,0xe5f93fc6,PFXIsPFXBlob
0xc101f645,0xc101f645,PFXVerifyPassword
0x303c316f,0x303c316f,PK11SDR_Decrypt
0x9234dbd9,0x9234dbd9,PK11SDR_Encrypt
0xee291be2,0xee291be2,PK11Slot_GetNSSToken
0x2e819aee,0x2e819aee,PK11Slot_SetNSSToken
0xc8a0c9df,0xc8a0c9df,PK11URI_CreateURI
0x94abe3f5,0x94abe3f5,PK11URI_DestroyURI
0x64b403b4,0x64b403b4,PK11URI_FormatURI
0xc2bd989c,0xc2bd989c,PK11URI_GetPathAttribute
0xa2f9fccb,0xa2f9fccb,PK11URI_GetPathAttributeItem
0x4ba2a5a5,0x4ba2a5a5,PK11URI_GetQueryAttribute
0x2406654,0x02406654,PK11URI_GetQueryAttributeItem
0xc28d88a6,0xc28d88a6,PK11URI_ParseURI
0x3ffd3b5,0x03ffd3b5,PK11_AEADOp
0x6be5bfff,0x6be5bfff,PK11_AEADRawOp
0xc8b5b75b,0xc8b5b75b,PK11_AddMechanismEntry
0x59f7d3d5,0x59f7d3d5,PK11_AddSlotToList
0xb11a94f3,0xb11a94f3,PK11_AlgtagToMechanism
0xdd7e494a,0xdd7e494a,PK11_Authenticate
0x890bc9b0,0x890bc9b0,PK11_BlockData
0xc36662d8,0xc36662d8,PK11_ChangePW
0xd875e471,0xd875e471,PK11_CheckSSOPassword
0x77a78dfb,0x77a78dfb,PK11_CheckUserPassword
0x32f08c65,0x32f08c65,PK11_CipherOp
0x68a80a73,0x68a80a73,PK11_CleanKeyList
0xb5c015b0,0xb5c015b0,PK11_ClearSlotList
0xdbd1ec41,0xdbd1ec41,PK11_CloneContext
0x629bfa98,0x629bfa98,PK11_ConcatSymKeys
0x1a1fe240,0x1a1fe240,PK11_ConfigurePKCS11
0x992973c6,0x992973c6,PK11_ContextGetFIPSStatus
0x727b4be8,0x727b4be8,PK11_ConvertSessionPrivKeyToTokenPrivKey
0x4cf8b18,0x04cf8b18,PK11_ConvertSessionSymKeyToTokenSymKey
0x365d3b8f,0x365d3b8f,PK11_CopyKey
0x56872b1e,0x56872b1e,PK11_CopySymKeyForSigning
0x9b58bca2,0x9b58bca2,PK11_CopyTokenPrivKeyToSessionPrivKey
0xbe18709,0x0be18709,PK11_CreateContextByPrivKey
0x5da5b40f,0x5da5b40f,PK11_CreateContextByPubKey
0x60f19f32,0x60f19f32,PK11_CreateContextByRawKey
0x64f39821,0x64f39821,PK11_CreateContextBySymKey
0xae24eac4,0xae24eac4,PK11_CreateDigestContext
0xe1ce4b53,0xe1ce4b53,PK11_CreateGenericObject
0x8f1c65a0,0x8f1c65a0,PK11_CreateManagedGenericObject
0xd8b852d1,0xd8b852d1,PK11_CreateMergeLog
0xf79405c0,0xf79405c0,PK11_CreateNewObject
0x7e92ca6a,0x7e92ca6a,PK11_CreatePBEAlgorithmID
0xb47686fa,0xb47686fa,PK11_CreatePBEParams
0xbd488632,0xbd488632,PK11_CreatePBEV2AlgorithmID
0x6df07d3c,0x6df07d3c,PK11_DEREncodePublicKey
0x408195d6,0x408195d6,PK11_Decapsulate
0x6b1509c6,0x6b1509c6,PK11_Decrypt
0xdc3296af,0xdc3296af,PK11_DefaultArray
0xf14ad10,0x0f14ad10,PK11_DeleteSlotFromList
0x923e5f29,0x923e5f29,PK11_DeleteTokenCertAndKey
0xfd2a97e3,0xfd2a97e3,PK11_DeleteTokenPrivateKey
0x2e3297c7,0x2e3297c7,PK11_DeleteTokenPublicKey
0xcf1f2fa1,0xcf1f2fa1,PK11_DeleteTokenSymKey
0xb08b62a,0x0b08b62a,PK11_Derive
0xaee0d8b8,0xaee0d8b8,PK11_DerivePubKeyFromPrivKey
0x52e3b93,0x052e3b93,PK11_DeriveWithFlags
0x2264dbc7,0x2264dbc7,PK11_DeriveWithFlagsPerm
0x2c78fec2,0x2c78fec2,PK11_DeriveWithTemplate
0x96c5b79a,0x96c5b79a,PK11_DestroyContext
0xd0cb5ae9,0xd0cb5ae9,PK11_DestroyGenericObject
0xea36b85c,0xea36b85c,PK11_DestroyGenericObjects
0xb0b1cca7,0xb0b1cca7,PK11_DestroyMergeLog
0x7cb91dec,0x7cb91dec,PK11_DestroyObject
0x8b9f3b90,0x8b9f3b90,PK11_DestroyPBEParams
0xa217b077,0xa217b077,PK11_DestroySlot
0x2f844d06,0x2f844d06,PK11_DestroySlotLists
0xb034f04d,0xb034f04d,PK11_DestroyTokenObject
0xbb8d40b0,0xbb8d40b0,PK11_DigestBegin
0xbbd7f0f5,0xbbd7f0f5,PK11_DigestFinal
0x4ab14b14,0x4ab14b14,PK11_DigestKey
0xa055fea,0x0a055fea,PK11_DigestOp
0x76218271,0x76218271,PK11_DoPassword
0xe8389a4b,0xe8389a4b,PK11_DoesMechanism
0x2c6a7645,0x2c6a7645,PK11_DoesMechanismFlag
0xea3d6540,0xea3d6540,PK11_Encapsulate
0xcd0db430,0xcd0db430,PK11_Encrypt
0x1ee2b2fa,0x1ee2b2fa,PK11_EndAuthTransaction
0xd1c4f056,0xd1c4f056,PK11_EnterContextMonitor
0x59774313,0x59774313,PK11_EnterSlotMonitor
0xc4cd2352,0xc4cd2352,PK11_ExitContextMonitor
0x6387f78f,0x6387f78f,PK11_ExitSlotMonitor
0x57bba818,0x57bba818,PK11_ExportDERPrivateKeyInfo
0x3303151,0x03303151,PK11_ExportEncryptedPrivKeyInfo
0x9001d4d9,0x9001d4d9,PK11_ExportEncryptedPrivKeyInfoV2
0x4c43362b,0x4c43362b,PK11_ExportEncryptedPrivateKeyInfo
0x69e97833,0x69e97833,PK11_ExportEncryptedPrivateKeyInfoV2
0x1d8949e3,0x1d8949e3,PK11_ExportPrivKeyInfo
0x1755d7d,0x01755d7d,PK11_ExportPrivateKeyInfo
0x8dfe75ac,0x8dfe75ac,PK11_ExtractKeyValue
0x57154d0e,0x57154d0e,PK11_ExtractPublicKey
0xf290bffd,0xf290bffd,PK11_Finalize
0xb3f63658,0xb3f63658,PK11_FindBestKEAMatch
0xbcfcb2f0,0xbcfcb2f0,PK11_FindCertAndKeyByRecipientList
0xcd9c61fa,0xcd9c61fa,PK11_FindCertAndKeyByRecipientListNew
0x6fff69c4,0x6fff69c4,PK11_FindCertByIssuerAndSN
0xfb1e0a62,0xfb1e0a62,PK11_FindCertByIssuerAndSNOnToken
0xe77254f7,0xe77254f7,PK11_FindCertFromDERCert
0x521b6ea6,0x521b6ea6,PK11_FindCertFromDERCertItem
0x21d040b4,0x21d040b4,PK11_FindCertFromNickname
0xe34d849e,0xe34d849e,PK11_FindCertFromURI
0x3b446f35,0x3b446f35,PK11_FindCertHandlesForKeyHandle
0xcf8d1213,0xcf8d1213,PK11_FindCertInSlot
0x361dc44f,0x361dc44f,PK11_FindCertsFromEmailAddress
0x944038c7,0x944038c7,PK11_FindCertsFromNickname
0xb7ba64d1,0xb7ba64d1,PK11_FindCertsFromURI
0xefe11909,0xefe11909,PK11_FindCrlByName
0x8568b245,0x8568b245,PK11_FindEncodedCertInSlot
0x1c210d05,0x1c210d05,PK11_FindFixedKey
0x4fc3fc33,0x4fc3fc33,PK11_FindGenericObjects
0x2ae1b5e6,0x2ae1b5e6,PK11_FindKeyByAnyCert
0xfc5352f9,0xfc5352f9,PK11_FindKeyByDERCert
0x212af166,0x212af166,PK11_FindKeyByKeyID
0x75854ef8,0x75854ef8,PK11_FindObjectForCert
0x5bd4f610,0x5bd4f610,PK11_FindObjectsFromNickname
0xc433d832,0xc433d832,PK11_FindPrivateKeyFromCert
0xcc47de83,0xcc47de83,PK11_FindRawCertsWithSubject
0xb4386478,0xb4386478,PK11_FindSMimeProfile
0x6b47c0aa,0x6b47c0aa,PK11_FindSlotByName
0x682f97e9,0x682f97e9,PK11_FindSlotBySerial
0x9c3f1378,0x9c3f1378,PK11_FindSlotElement
0x3cabd4f0,0x3cabd4f0,PK11_FindSlotsByNames
0x3e633ed,0x03e633ed,PK11_FortezzaHasKEA
0xf8e7c81,0x0f8e7c81,PK11_FortezzaMapSig
0x92aab92f,0x92aab92f,PK11_FreeSlot
0xeedca70b,0xeedca70b,PK11_FreeSlotList
0xadd56055,0xadd56055,PK11_FreeSlotListElement
0xe927c9af,0xe927c9af,PK11_FreeSymKey
0x6593289e,0x6593289e,PK11_GenDES3TokenKey
0xf50b85aa,0xf50b85aa,PK11_GenerateFortezzaIV
0xff2f8feb,0xff2f8feb,PK11_GenerateKeyPair
0x5109e74,0x05109e74,PK11_GenerateKeyPairWithFlags
0x4a2fc613,0x4a2fc613,PK11_GenerateKeyPairWithOpFlags
0xa53cdf11,0xa53cdf11,PK11_GenerateNewParam
0x27450177,0x27450177,PK11_GenerateRandom
0x478dd0f6,0x478dd0f6,PK11_GenerateRandomOnSlot
0x636c714e,0x636c714e,PK11_GetAllSlotsForCert
0x5a496d78,0x5a496d78,PK11_GetAllTokens
0xdbdfd2,0x00dbdfd2,PK11_GetAttributes
0x54882e44,0x54882e44,PK11_GetBestKeyLength
0x2a4e5b9b,0x2a4e5b9b,PK11_GetBestSlot
0xb2167a87,0xb2167a87,PK11_GetBestSlotMultiple
0x38d1f3aa,0x38d1f3aa,PK11_GetBestSlotMultipleWithAttributes
0xce5427be,0xce5427be,PK11_GetBestSlotWithAttributes
0x6760b3c8,0x6760b3c8,PK11_GetBestWrapMechanism
0x8dc8f591,0x8dc8f591,PK11_GetBlockSize
0x19634ff1,0x19634ff1,PK11_GetCertFromPrivateKey
0x74f5d4fb,0x74f5d4fb,PK11_GetCertsMatchingPrivateKey
0x8a253000,0x8a253000,PK11_GetCurrentWrapIndex
0x861daa0f,0x861daa0f,PK11_GetDefaultArray
0x867492bd,0x867492bd,PK11_GetDefaultFlags
0xff6777cb,0xff6777cb,PK11_GetDisabledReason
0xcd80590,0x0cd80590,PK11_GetFirstRef
0xa7d93332,0xa7d93332,PK11_GetFirstSafe
0xab52d80c,0xab52d80c,PK11_GetIVLength
0x2d0124f3,0x2d0124f3,PK11_GetInternalKeySlot
0xdf4b092a,0xdf4b092a,PK11_GetInternalSlot
0xa51bd8d3,0xa51bd8d3,PK11_GetKEAMatchedCerts
0x87ec328e,0x87ec328e,PK11_GetKeyData
0xecd8a9ee,0xecd8a9ee,PK11_GetKeyGen
0xbe146265,0xbe146265,PK11_GetKeyGenWithSize
0x46b18f76,0x46b18f76,PK11_GetKeyLength
0xa799b49,0x0a799b49,PK11_GetKeyMechanism
0xbaf6d483,0xbaf6d483,PK11_GetKeyStrength
0x87f55e36,0x87f55e36,PK11_GetKeyType
0x48ceeae0,0x48ceeae0,PK11_GetLowLevelKeyIDForCert
0x4a0125d6,0x4a0125d6,PK11_GetLowLevelKeyIDForPrivateKey
0x1108429c,0x1108429c,PK11_GetMaxKeyLength
0x888c3cc0,0x888c3cc0,PK11_GetMechanism
0x1950354,0x01950354,PK11_GetMinimumPwdLength
0x37bb3337,0x37bb3337,PK11_GetModInfo
0xf22ca8b1,0xf22ca8b1,PK11_GetModule
0x2ff9a29e,0x2ff9a29e,PK11_GetModuleID
0x2f2e2b81,0x2f2e2b81,PK11_GetModuleURI
0xa8ca8b5e,0xa8ca8b5e,PK11_GetNextGenericObject
0x6ed1dcc7,0x6ed1dcc7,PK11_GetNextRef
0x490df149,0x490df149,PK11_GetNextSafe
0xc605ad0c,0xc605ad0c,PK11_GetNextSymKey
0xa1c930ee,0xa1c930ee,PK11_GetObjectHandle
0x110d0648,0x110d0648,PK11_GetObjectNickname
0x278b0f18,0x278b0f18,PK11_GetPBECryptoMechanism
0xb9f27641,0xb9f27641,PK11_GetPBEIV
0xea3b36f,0x0ea3b36f,PK11_GetPQGParamsFromPrivateKey
0x94e9b175,0x94e9b175,PK11_GetPadMechanism
0xc56489bc,0xc56489bc,PK11_GetPrevGenericObject
0xbc191695,0xbc191695,PK11_GetPrivateKeyNickname
0x53046803,0x53046803,PK11_GetPrivateKeyTokens
0x2dd3d96e,0x2dd3d96e,PK11_GetPrivateModulusLen
0x3d60d900,0x3d60d900,PK11_GetPubIndexKeyID
0xdba16cf9,0xdba16cf9,PK11_GetPublicKeyNickname
0x35883238,0x35883238,PK11_GetRWSession
0x2c91068a,0x2c91068a,PK11_GetSlotFromKey
0xda1b2e65,0xda1b2e65,PK11_GetSlotFromPrivateKey
0xfffb567a,0xfffb567a,PK11_GetSlotID
0xec2b10d9,0xec2b10d9,PK11_GetSlotInfo
0xec2ca269,0xec2ca269,PK11_GetSlotList
0xec2d984e,0xec2d984e,PK11_GetSlotName
0x89a31ce4,0x89a31ce4,PK11_GetSlotPWValues
0xb9e9e918,0xb9e9e918,PK11_GetSlotSeries
0x815c2239,0x815c2239,PK11_GetSymKeyHandle
0x21217653,0x21217653,PK11_GetSymKeyNickname
0xf7aee90f,0xf7aee90f,PK11_GetSymKeyType
0x9dd829e6,0x9dd829e6,PK11_GetSymKeyUserData
0x5440a4f8,0x5440a4f8,PK11_GetTokenInfo
0x54432c6d,0x54432c6d,PK11_GetTokenName
0xb4fa671c,0xb4fa671c,PK11_GetTokenURI
0x918dfe3,0x0918dfe3,PK11_GetWindow
0x404e8cee,0x404e8cee,PK11_GetWrapKey
0xab1770c3,0xab1770c3,PK11_HPKE_Deserialize
0xaf74ada1,0xaf74ada1,PK11_HPKE_DestroyContext
0x209885b9,0x209885b9,PK11_HPKE_ExportContext
0x1dd2711a,0x1dd2711a,PK11_HPKE_ExportSecret
0x10db5a9,0x010db5a9,PK11_HPKE_GetEncapPubKey
0x439fa892,0x439fa892,PK11_HPKE_ImportContext
0xb26e2e01,0xb26e2e01,PK11_HPKE_NewContext
0xc72f51a4,0xc72f51a4,PK11_HPKE_Open
0xc73153d7,0xc73153d7,PK11_HPKE_Seal
0x99e4091a,0x99e4091a,PK11_HPKE_Serialize
0x58e041b5,0x58e041b5,PK11_HPKE_SetupR
0x58e041b6,0x58e041b6,PK11_HPKE_SetupS
0x1c0be8d0,0x1c0be8d0,PK11_HPKE_ValidateParameters
0xcd9f5888,0xcd9f5888,PK11_HandlePasswordCheck
0xe3aa347,0x0e3aa347,PK11_HasAttributeSet
0xd8dae26c,0xd8dae26c,PK11_HasRootCerts
0x96c5054c,0x96c5054c,PK11_HashBuf
0x14157de9,0x14157de9,PK11_HashOK
0xd27fcbef,0xd27fcbef,PK11_IVFromParam
0x83cdaa9d,0x83cdaa9d,PK11_ImportAndReturnPrivateKey
0xe3453c7,0x0e3453c7,PK11_ImportCRL
0xd4be9674,0xd4be9674,PK11_ImportCert
0x154788a4,0x154788a4,PK11_ImportCertForKey
0xb8d22989,0xb8d22989,PK11_ImportCertForKeyToSlot
0x23708caf,0x23708caf,PK11_ImportDERCert
0x18c5ff1f,0x18c5ff1f,PK11_ImportDERCertForKey
0x8b2aee31,0x8b2aee31,PK11_ImportDERPrivateKeyInfo
0x54fe22cd,0x54fe22cd,PK11_ImportDERPrivateKeyInfoAndReturnKey
0x1a3f1a49,0x1a3f1a49,PK11_ImportDataKey
0x7feeb04,0x07feeb04,PK11_ImportEncryptedPrivateKeyInfo
0x9f00f420,0x9f00f420,PK11_ImportEncryptedPrivateKeyInfoAndReturnKey
0x98afb236,0x98afb236,PK11_ImportPrivateKeyInfo
0x18a41652,0x18a41652,PK11_ImportPrivateKeyInfoAndReturnKey
0x4153bb6e,0x4153bb6e,PK11_ImportPublicKey
0x25779ca8,0x25779ca8,PK11_ImportSymKey
0x36f34fd1,0x36f34fd1,PK11_ImportSymKeyWithFlags
0x1642bc6,0x01642bc6,PK11_InitPin
0x2deb56e1,0x2deb56e1,PK11_InitSlot
0x46d285b0,0x46d285b0,PK11_InitSlotLists
0xeb69de00,0xeb69de00,PK11_InitToken
0xafb2bc1f,0xafb2bc1f,PK11_IsDisabled
0x17a94319,0x17a94319,PK11_IsFIPS
0x25fdc7e4,0x25fdc7e4,PK11_IsFriendly
0x47f4a346,0x47f4a346,PK11_IsHW
0xd0856d04,0xd0856d04,PK11_IsInternal
0x564d368f,0x564d368f,PK11_IsInternalKeySlot
0xc40efed0,0xc40efed0,PK11_IsLoggedIn
0x92f933d2,0x92f933d2,PK11_IsPermObject
0x9dd30808,0x9dd30808,PK11_IsPresent
0x3da40605,0x3da40605,PK11_IsReadOnly
0xa7ffbd44,0xa7ffbd44,PK11_IsRemovable
0x426416b4,0x426416b4,PK11_IsUserCert
0xbf167d49,0xbf167d49,PK11_KeyForCertExists
0x638683a4,0x638683a4,PK11_KeyForDERCertExists
0x1b609e8e,0x1b609e8e,PK11_KeyGen
0x990c9d26,0x990c9d26,PK11_KeyGenWithTemplate
0x7720df4d,0x7720df4d,PK11_LinkGenericObject
0xac236b88,0xac236b88,PK11_ListCerts
0x26b2d001,0x26b2d001,PK11_ListCertsInSlot
0x6de8540c,0x6de8540c,PK11_ListFixedKeysInSlot
0xfd3feedd,0xfd3feedd,PK11_ListPrivKeysInSlot
0x72a555f7,0x72a555f7,PK11_ListPrivateKeysInSlot
0xa826605b,0xa826605b,PK11_ListPublicKeysInSlot
0x6c74dd95,0x6c74dd95,PK11_LoadPrivKey
0xffd40209,0xffd40209,PK11_LoadSlotList
0x1e610185,0x1e610185,PK11_Logout
0x8f976dfe,0x8f976dfe,PK11_LogoutAll
0xb063b259,0xb063b259,PK11_LookupCrls
0xcfd6bb57,0xcfd6bb57,PK11_MakeCertFromHandle
0x7cfd8b3a,0x7cfd8b3a,PK11_MakeIDFromPubKey
0x7df86a0a,0x7df86a0a,PK11_MakeKEAPubKey
0x325be1f3,0x325be1f3,PK11_MakePrivKey
0xd26179c0,0xd26179c0,PK11_MakeString
0x581ce93,0x0581ce93,PK11_MapError
0xb7e53a8e,0xb7e53a8e,PK11_MapPBEMechanismToCryptoMechanism
0xb883b445,0xb883b445,PK11_MapSignKeyType
0xe4407227,0xe4407227,PK11_MatchItem
0xf9985ad3,0xf9985ad3,PK11_MechanismToAlgtag
0xc10eaf,0x00c10eaf,PK11_MergeTokens
0x585b9184,0x585b9184,PK11_MoveSymKey
0x89bb4580,0x89bb4580,PK11_NeedLogin
0xcb0a89c2,0xcb0a89c2,PK11_NeedPWInit
0xcb488c8b,0xcb488c8b,PK11_NeedPWInitForSlot
0x1827e75a,0x1827e75a,PK11_NeedUserInit
0xef2958a3,0xef2958a3,PK11_NewSlotInfo
0xef2aea33,0xef2aea33,PK11_NewSlotList
0xf381a79a,0xf381a79a,PK11_NumberCertsForCertSubject
0x13902065,0x13902065,PK11_NumberObjectsFor
0x56a13098,0x56a13098,PK11_ObjectGetFIPSStatus
0xbdc99505,0xbdc99505,PK11_PBEKeyGen
0x60e69ea0,0x60e69ea0,PK11_PQG_DestroyParams
0x6f2e1591,0x6f2e1591,PK11_PQG_DestroyVerify
0x4f9ca6c5,0x4f9ca6c5,PK11_PQG_GetBaseFromParams
0x41e04d5b,0x41e04d5b,PK11_PQG_GetCounterFromVerify
0x5ba5d303,0x5ba5d303,PK11_PQG_GetHFromVerify
0x49438327,0x49438327,PK11_PQG_GetPrimeFromParams
0x57f846dc,0x57f846dc,PK11_PQG_GetSeedFromVerify
0xe50aa0f1,0xe50aa0f1,PK11_PQG_GetSubPrimeFromParams
0xc8808300,0xc8808300,PK11_PQG_NewParams
0xd6c7f9f1,0xd6c7f9f1,PK11_PQG_NewVerify
0x21dc435d,0x21dc435d,PK11_PQG_ParamGen
0x9c1a0fbd,0x9c1a0fbd,PK11_PQG_ParamGenSeedLen
0x9fa99e5,0x09fa99e5,PK11_PQG_ParamGenV2
0x5e9a40cb,0x5e9a40cb,PK11_PQG_VerifyParams
0xfd36bfd1,0xfd36bfd1,PK11_ParamFromAlgid
0x3e84364f,0x3e84364f,PK11_ParamFromIV
0x3cbceb80,0x3cbceb80,PK11_ParamToAlgid
0x140f7507,0x140f7507,PK11_PrivDecrypt
0xf726a209,0xf726a209,PK11_PrivDecryptPKCS1
0x5ecd5d02,0x5ecd5d02,PK11_ProtectedAuthenticationPath
0x28a989f7,0x28a989f7,PK11_PubDecryptRaw
0x4f65c311,0x4f65c311,PK11_PubDerive
0x1ab78f22,0x1ab78f22,PK11_PubDeriveWithKDF
0x9d0c5df7,0x9d0c5df7,PK11_PubEncrypt
0xda4aa0f9,0xda4aa0f9,PK11_PubEncryptPKCS1
0x45141421,0x45141421,PK11_PubEncryptRaw
0x1276c591,0x1276c591,PK11_PubUnwrapSymKey
0x871d8eda,0x871d8eda,PK11_PubUnwrapSymKeyWithFlags
0xe6ca7a8e,0xe6ca7a8e,PK11_PubUnwrapSymKeyWithFlagsPerm
0x3b67a0e2,0x3b67a0e2,PK11_PubUnwrapSymKeyWithMechanism
0xdfebde0e,0xdfebde0e,PK11_PubWrapSymKey
0x72bfdc7f,0x72bfdc7f,PK11_PubWrapSymKeyWithMechanism
0x28292485,0x28292485,PK11_PutCrl
0x74861e9d,0x74861e9d,PK11_RWSessionHasLock
0xb8a49d6f,0xb8a49d6f,PK11_RandomUpdate
0xd3a045ef,0xd3a045ef,PK11_RawPBEKeyGen
0x9a5a527b,0x9a5a527b,PK11_ReadAttribute
0xf991786f,0xf991786f,PK11_ReadDistrustAfterAttribute
0xb4637ff8,0xb4637ff8,PK11_ReadMechanismList
0x141e29e5,0x141e29e5,PK11_ReadRawAttribute
0x97e366d8,0x97e366d8,PK11_ReadRawAttributes
0x5f2eee80,0x5f2eee80,PK11_ReadULongAttribute
0x2c82715c,0x2c82715c,PK11_ReferenceSlot
0x57ce411c,0x57ce411c,PK11_ReferenceSymKey
0x1cea454f,0x1cea454f,PK11_ResetToken
0xb079dc74,0xb079dc74,PK11_RestoreContext
0xe88dabb4,0xe88dabb4,PK11_RestoreROSession
0x6485b77f,0x6485b77f,PK11_SaveContext
0xcb2722a,0x0cb2722a,PK11_SaveContextAlloc
0x6210b966,0x6210b966,PK11_SaveSMimeProfile
0xe25e29ad,0xe25e29ad,PK11_SeedRandom
0x1a430363,0x1a430363,PK11_SetFortezzaHack
0xd16dc0a8,0xd16dc0a8,PK11_SetIsLoggedInFunc
0xf3439e54,0xf3439e54,PK11_SetObjectNickname
0x83ad7d76,0x83ad7d76,PK11_SetPasswordFunc
0x88b4d4a1,0x88b4d4a1,PK11_SetPrivateKeyNickname
0x6d779985,0x6d779985,PK11_SetPublicKeyNickname
0x30fc41f0,0x30fc41f0,PK11_SetSlotPWValues
0x3580e5f,0x03580e5f,PK11_SetSymKeyNickname
0x800ec1f2,0x800ec1f2,PK11_SetSymKeyUserData
0x21ab020b,0x21ab020b,PK11_SetVerifyPasswordFunc
0x70cd5a7a,0x70cd5a7a,PK11_SetWrapKey
0x47f9f45c,0x47f9f45c,PK11_Sign
0x9413418d,0x9413418d,PK11_SignWithMechanism
0x286cc57a,0x286cc57a,PK11_SignWithSymKey
0xb473063c,0xb473063c,PK11_SignatureLen
0x7ad0a3d6,0x7ad0a3d6,PK11_SlotDBUpdate
0x5cdddb57,0x5cdddb57,PK11_SlotGetLastFIPSStatus
0xfd9e5e11,0xfd9e5e11,PK11_StartAuthTransaction
0x806a162d,0x806a162d,PK11_SymKeyFromHandle
0xe58dccab,0xe58dccab,PK11_SymKeysToSameSlot
0x5939af6c,0x5939af6c,PK11_TokenExists
0x65e962af,0x65e962af,PK11_TokenKeyGen
0xcf0dcdb8,0xcf0dcdb8,PK11_TokenKeyGenWithFlags
0x3c9b995b,0x3c9b995b,PK11_TokenRefresh
0x2d4e0cbe,0x2d4e0cbe,PK11_TraverseCertsForNicknameInSlot
0xc1b6a2af,0xc1b6a2af,PK11_TraverseCertsForSubject
0x5bb28868,0x5bb28868,PK11_TraverseCertsForSubjectInSlot
0xad2702f1,0xad2702f1,PK11_TraverseCertsInSlot
0xa8ffce7,0x0a8ffce7,PK11_TraversePrivateKeysInSlot
0x32d1dcf9,0x32d1dcf9,PK11_TraverseSlot
0x1613887a,0x1613887a,PK11_TraverseSlotCerts
0xd943a5e3,0xd943a5e3,PK11_UnconfigurePKCS11
0x8e4417b0,0x8e4417b0,PK11_UnlinkGenericObject
0xaabbf72,0x0aabbf72,PK11_UnwrapPrivKey
0x8bb3e76a,0x8bb3e76a,PK11_UnwrapSymKey
0x7ea4d4d3,0x7ea4d4d3,PK11_UnwrapSymKeyWithFlags
0x3c061507,0x3c061507,PK11_UnwrapSymKeyWithFlagsPerm
0x41e34184,0x41e34184,PK11_UpdateSlotAttribute
0xe67ddee0,0xe67ddee0,PK11_UserDisableSlot
0x164c2d3,0x0164c2d3,PK11_UserEnableSlot
0x35058f80,0x35058f80,PK11_Verify
0xe1dfc883,0xe1dfc883,PK11_VerifyKeyOK
0x8ca77a27,0x8ca77a27,PK11_VerifyPW
0xf23dbb76,0xf23dbb76,PK11_VerifyRecover
0x52ead731,0x52ead731,PK11_VerifyWithMechanism
0x48cfc18a,0x48cfc18a,PK11_WaitForTokenEvent
0x46a6554f,0x46a6554f,PK11_WrapPrivKey
0xcb94b5a7,0xcb94b5a7,PK11_WrapSymKey
0x8882d14,0x08882d14,PK11_WriteRawAttribute
0xa859c0be,0xa859c0be,PKIX_ALLOC_ERROR
0x60f8ffd3,0x60f8ffd3,PKIX_AddLogger
0xc3bf8e5d,0xc3bf8e5d,PKIX_BuildChain
0x6135e469,0x6135e469,PKIX_BuildResult_GetCertChain
0xb70bbd21,0xb70bbd21,PKIX_BuildResult_GetValidateResult
0x3a55453f,0x3a55453f,PKIX_CRLSelector_Create
0x98e56fd2,0x98e56fd2,PKIX_CRLSelector_GetCRLSelectorContext
0xd64c631a,0xd64c631a,PKIX_CRLSelector_GetCommonCRLSelectorParams
0xe65f3425,0xe65f3425,PKIX_CRLSelector_GetMatchCallback
0xbecc8a6,0x0becc8a6,PKIX_CRLSelector_SetCommonCRLSelectorParams
0x78ddd243,0x78ddd243,PKIX_CertChainChecker_Create
0xc6f4dff6,0xc6f4dff6,PKIX_CertChainChecker_GetCertChainCheckerState
0xde26b8fa,0xde26b8fa,PKIX_CertChainChecker_GetCheckCallback
0x7b0a8e5,0x07b0a8e5,PKIX_CertChainChecker_GetSupportedExtensions
0x395fe22,0x0395fe22,PKIX_CertChainChecker_IsForwardCheckingSupported
0xe550f633,0xe550f633,PKIX_CertChainChecker_IsForwardDirectionExpected
0x79e67282,0x79e67282,PKIX_CertChainChecker_SetCertChainCheckerState
0xed631ccc,0xed631ccc,PKIX_CertSelector_Create
0x1df0750c,0x1df0750c,PKIX_CertSelector_GetCertSelectorContext
0xbc1537f4,0xbc1537f4,PKIX_CertSelector_GetCommonCertSelectorParams
0xddf59ff2,0xddf59ff2,PKIX_CertSelector_GetMatchCallback
0xa5c24f00,0xa5c24f00,PKIX_CertSelector_SetCommonCertSelectorParams
0xcec5a437,0xcec5a437,PKIX_CertStore_CertContinue
0x235dde18,0x235dde18,PKIX_CertStore_Create
0x78d3d4ca,0x78d3d4ca,PKIX_CertStore_CrlContinue
0x13128172,0x13128172,PKIX_CertStore_GetCRLCallback
0xea8e8df,0x0ea8e8df,PKIX_CertStore_GetCertCallback
0xee88368d,0xee88368d,PKIX_CertStore_GetCertStoreCacheFlag
0xcfdf4de4,0xcfdf4de4,PKIX_CertStore_GetCertStoreContext
0xbbfeb86e,0xbbfeb86e,PKIX_CertStore_GetCrlCheckerFn
0x9480a78d,0x9480a78d,PKIX_CertStore_GetImportCrlCallback
0x4f3a5109,0x4f3a5109,PKIX_CertStore_GetLocalFlag
0x7838f993,0x7838f993,PKIX_CertStore_GetTrustCallback
0xcb669136,0xcb669136,PKIX_ComCRLSelParams_AddIssuerName
0x1271305,0x01271305,PKIX_ComCRLSelParams_Create
0xed283490,0xed283490,PKIX_ComCRLSelParams_GetCertificateChecking
0x89382691,0x89382691,PKIX_ComCRLSelParams_GetDateAndTime
0xfa4ef1a0,0xfa4ef1a0,PKIX_ComCRLSelParams_GetIssuerNames
0xbdcefee1,0xbdcefee1,PKIX_ComCRLSelParams_GetMaxCRLNumber
0xc04afd9f,0xc04afd9f,PKIX_ComCRLSelParams_GetMinCRLNumber
0x2e72ca6a,0x2e72ca6a,PKIX_ComCRLSelParams_GetNISTPolicyEnabled
0x4d3bb41c,0x4d3bb41c,PKIX_ComCRLSelParams_SetCertificateChecking
0xe5c0c112,0xe5c0c112,PKIX_ComCRLSelParams_SetCrlDp
0x503ada1d,0x503ada1d,PKIX_ComCRLSelParams_SetDateAndTime
0xc151a52c,0xc151a52c,PKIX_ComCRLSelParams_SetIssuerNames
0x652823ed,0x652823ed,PKIX_ComCRLSelParams_SetMaxCRLNumber
0x67a422ab,0x67a422ab,PKIX_ComCRLSelParams_SetMinCRLNumber
0xc048f6f6,0xc048f6f6,PKIX_ComCRLSelParams_SetNISTPolicyEnabled
0x96950278,0x96950278,PKIX_ComCertSelParams_AddPathToName
0x34c4057d,0x34c4057d,PKIX_ComCertSelParams_AddSubjAltName
0x25a37812,0x25a37812,PKIX_ComCertSelParams_Create
0x3137bab3,0x3137bab3,PKIX_ComCertSelParams_GetAuthorityKeyIdentifier
0x643c24f8,0x643c24f8,PKIX_ComCertSelParams_GetBasicConstraints
0x3bc51701,0x3bc51701,PKIX_ComCertSelParams_GetCertificate
0xe19cc91,0x0e19cc91,PKIX_ComCertSelParams_GetCertificateValid
0x49a13c8d,0x49a13c8d,PKIX_ComCertSelParams_GetExtendedKeyUsage
0x107e2759,0x107e2759,PKIX_ComCertSelParams_GetIssuer
0xd9801afc,0xd9801afc,PKIX_ComCertSelParams_GetKeyUsage
0x923de1e,0x0923de1e,PKIX_ComCertSelParams_GetLeafCertFlag
0x8b6cdcd,0x08b6cdcd,PKIX_ComCertSelParams_GetMatchAllSubjAltNames
0xa3056377,0xa3056377,PKIX_ComCertSelParams_GetNameConstraints
0x2b4b8b22,0x2b4b8b22,PKIX_ComCertSelParams_GetPathToNames
0x2085d7ce,0x2085d7ce,PKIX_ComCertSelParams_GetPolicy
0x3b098427,0x3b098427,PKIX_ComCertSelParams_GetSerialNumber
0xd22219a7,0xd22219a7,PKIX_ComCertSelParams_GetSubjAltNames
0x4f69567e,0x4f69567e,PKIX_ComCertSelParams_GetSubjKeyIdentifier
0x75d5d42e,0x75d5d42e,PKIX_ComCertSelParams_GetSubjPKAlgId
0x13cb7ba2,0x13cb7ba2,PKIX_ComCertSelParams_GetSubjPubKey
0x257a18ee,0x257a18ee,PKIX_ComCertSelParams_GetSubject
0xe83ccf24,0xe83ccf24,PKIX_ComCertSelParams_GetVersion
0x425b9ebf,0x425b9ebf,PKIX_ComCertSelParams_SetAuthorityKeyIdentifier
0xae78f004,0xae78f004,PKIX_ComCertSelParams_SetBasicConstraints
0x2c7ca8d,0x02c7ca8d,PKIX_ComCertSelParams_SetCertificate
0x5856979d,0x5856979d,PKIX_ComCertSelParams_SetCertificateValid
0x93de0799,0x93de0799,PKIX_ComCertSelParams_SetExtendedKeyUsage
0x86537365,0x86537365,PKIX_ComCertSelParams_SetIssuer
0x19d89a08,0x19d89a08,PKIX_ComCertSelParams_SetKeyUsage
0xb07d032a,0xb07d032a,PKIX_ComCertSelParams_SetLeafCertFlag
0x6b3a3ed9,0x6b3a3ed9,PKIX_ComCertSelParams_SetMatchAllSubjAltNames
0xcc0efd03,0xcc0efd03,PKIX_ComCertSelParams_SetNameConstraints
0xf24e3eae,0xf24e3eae,PKIX_ComCertSelParams_SetPathToNames
0x965b23da,0x965b23da,PKIX_ComCertSelParams_SetPolicy
0xe262a933,0xe262a933,PKIX_ComCertSelParams_SetSerialNumber
0x797b3eb3,0x797b3eb3,PKIX_ComCertSelParams_SetSubjAltNames
0xe13f830a,0xe13f830a,PKIX_ComCertSelParams_SetSubjKeyIdentifier
0x3cd887ba,0x3cd887ba,PKIX_ComCertSelParams_SetSubjPKAlgId
0xcc3fedae,0xcc3fedae,PKIX_ComCertSelParams_SetSubjPubKey
0x55f8e67a,0x55f8e67a,PKIX_ComCertSelParams_SetSubject
0x18bb9cb0,0x18bb9cb0,PKIX_ComCertSelParams_SetVersion
0x47337370,0x47337370,PKIX_DoAddError
0xfd9367d,0x0fd9367d,PKIX_DoReturn
0xa3897931,0xa3897931,PKIX_DoThrow
0xcdfb5f7e,0xcdfb5f7e,PKIX_ERRORCLASSNAMES
0x9e9afb77,0x9e9afb77,PKIX_EkuChecker_Create
0x82f4c047,0x82f4c047,PKIX_Error_Create
0xfe8fa204,0xfe8fa204,PKIX_Error_GetCause
0x7d6f8397,0x7d6f8397,PKIX_Error_GetDescription
0x4bddfc73,0x4bddfc73,PKIX_Error_GetErrorClass
0xcbff0538,0xcbff0538,PKIX_Error_GetErrorCode
0xd3e3b678,0xd3e3b678,PKIX_Error_GetSupplementaryInfo
0xd0f2205d,0xd0f2205d,PKIX_GetLoggers
0x23fc451c,0x23fc451c,PKIX_Initialize
0x9930f2cc,0x9930f2cc,PKIX_List_AppendItem
0x4ed81ff9,0x4ed81ff9,PKIX_List_Create
0x10183e7,0x010183e7,PKIX_List_DeleteItem
0x4085d4d4,0x4085d4d4,PKIX_List_GetItem
0x7f434527,0x7f434527,PKIX_List_GetLength
0x9fc84309,0x9fc84309,PKIX_List_InsertItem
0xfa153a10,0xfa153a10,PKIX_List_IsEmpty
0x4664561,0x04664561,PKIX_List_IsImmutable
0x7f8760bd,0x7f8760bd,PKIX_List_ReverseList
0x25fb8491,0x25fb8491,PKIX_List_SetImmutable
0xdc40ade0,0xdc40ade0,PKIX_List_SetItem
0xfea0795d,0xfea0795d,PKIX_Logger_Create
0x2bff0898,0x2bff0898,PKIX_Logger_GetLogCallback
0xfe0604ee,0xfe0604ee,PKIX_Logger_GetLoggerContext
0xbe1792c3,0xbe1792c3,PKIX_Logger_GetLoggingComponent
0x6b22948e,0x6b22948e,PKIX_Logger_GetMaxLoggingLevel
0x8545dcf,0x08545dcf,PKIX_Logger_SetLoggingComponent
0x942c2e1a,0x942c2e1a,PKIX_Logger_SetMaxLoggingLevel
0xf8e52b68,0xf8e52b68,PKIX_PLErrorIndex
0x7dc0bbe9,0x7dc0bbe9,PKIX_PL_AIAMgr_Create
0xcaf21401,0xcaf21401,PKIX_PL_AIAMgr_GetAIACerts
0xe4f9022b,0xe4f9022b,PKIX_PL_AcquireReaderLock
0x153207f5,0x153207f5,PKIX_PL_AcquireWriterLock
0x3603af7c,0x3603af7c,PKIX_PL_BasicConstraints_GetCAFlag
0x7c7c836f,0x7c7c836f,PKIX_PL_BasicConstraints_GetPathLenConstraint
0xe50c8135,0xe50c8135,PKIX_PL_BigInt_Create
0x40ca68cb,0x40ca68cb,PKIX_PL_ByteArray_Create
0xabe3b4b9,0xabe3b4b9,PKIX_PL_ByteArray_GetLength
0x73403138,0x73403138,PKIX_PL_ByteArray_GetPointer
0x9c935fad,0x9c935fad,PKIX_PL_CRLEntry_GetCRLEntryReasonCode
0x840c4fce,0x840c4fce,PKIX_PL_CRLEntry_GetCriticalExtensionOIDs
0x1d996239,0x1d996239,PKIX_PL_CRL_AdoptDerCrl
0x7a900099,0x7a900099,PKIX_PL_CRL_Create
0x4a41d20f,0x4a41d20f,PKIX_PL_CRL_GetCRLNumber
0xdef29b3c,0xdef29b3c,PKIX_PL_CRL_GetCriticalExtensionOIDs
0x98c7b680,0x98c7b680,PKIX_PL_CRL_GetIssuer
0xb54e6a22,0xb54e6a22,PKIX_PL_CRL_ReleaseDerCrl
0xaf5a178c,0xaf5a178c,PKIX_PL_CRL_VerifySignature
0x4fe090ec,0x4fe090ec,PKIX_PL_CRL_VerifyUpdateTime
0x9ebdbdf3,0x9ebdbdf3,PKIX_PL_Calloc
0x91954181,0x91954181,PKIX_PL_CertNameConstraints_CheckNamesInNameSpace
0x93ca668e,0x93ca668e,PKIX_PL_CertPolicyInfo_GetPolQualifiers
0x35a828eb,0x35a828eb,PKIX_PL_CertPolicyInfo_GetPolicyId
0x52c2b7c3,0x52c2b7c3,PKIX_PL_CertPolicyMap_GetIssuerDomainPolicy
0xee69c118,0xee69c118,PKIX_PL_CertPolicyMap_GetSubjectDomainPolicy
0x87861e9b,0x87861e9b,PKIX_PL_Cert_AreCertPoliciesCritical
0x714eb8e9,0x714eb8e9,PKIX_PL_Cert_CheckNameConstraints
0xc437336,0x0c437336,PKIX_PL_Cert_CheckValidity
0x756b9a86,0x756b9a86,PKIX_PL_Cert_Create
0x61ce7c0b,0x61ce7c0b,PKIX_PL_Cert_CreateFromCERTCertificate
0x6b95e22f,0x6b95e22f,PKIX_PL_Cert_GetAllSubjectNames
0x80023759,0x80023759,PKIX_PL_Cert_GetAuthorityInfoAccess
0x11e9a0a7,0x11e9a0a7,PKIX_PL_Cert_GetAuthorityKeyIdentifier
0x79c5a3ec,0x79c5a3ec,PKIX_PL_Cert_GetBasicConstraints
0xf4c65783,0xf4c65783,PKIX_PL_Cert_GetCERTCertificate
0x1b06fb80,0x1b06fb80,PKIX_PL_Cert_GetCacheFlag
0x13db1e69,0x13db1e69,PKIX_PL_Cert_GetCriticalExtensionOIDs
0x6a2f3247,0x6a2f3247,PKIX_PL_Cert_GetCrlDp
0x5f2abb81,0x5f2abb81,PKIX_PL_Cert_GetExtendedKeyUsage
0x87225b91,0x87225b91,PKIX_PL_Cert_GetInhibitAnyPolicy
0xbe2aa54d,0xbe2aa54d,PKIX_PL_Cert_GetIssuer
0x7520d3eb,0x7520d3eb,PKIX_PL_Cert_GetNameConstraints
0x96ebafa8,0x96ebafa8,PKIX_PL_Cert_GetPolicyInformation
0x45d97b1e,0x45d97b1e,PKIX_PL_Cert_GetPolicyMappingInhibited
0xd3c92401,0xd3c92401,PKIX_PL_Cert_GetPolicyMappings
0xe6f59161,0xe6f59161,PKIX_PL_Cert_GetRequireExplicitPolicy
0x7e1a91b,0x07e1a91b,PKIX_PL_Cert_GetSerialNumber
0x88b65562,0x88b65562,PKIX_PL_Cert_GetSubject
0x68796f57,0x68796f57,PKIX_PL_Cert_GetSubjectAltNames
0xd68a6640,0xd68a6640,PKIX_PL_Cert_GetSubjectInfoAccess
0x5529ba2e,0x5529ba2e,PKIX_PL_Cert_GetSubjectKeyIdentifier
0x2b8b3eaa,0x2b8b3eaa,PKIX_PL_Cert_GetSubjectPublicKey
0x4b92162b,0x4b92162b,PKIX_PL_Cert_GetSubjectPublicKeyAlgId
0xa336ccaf,0xa336ccaf,PKIX_PL_Cert_GetTrustCertStore
0x1c54bf3b,0x1c54bf3b,PKIX_PL_Cert_GetValidityNotAfter
0x4b790b98,0x4b790b98,PKIX_PL_Cert_GetVersion
0x1ca4d707,0x1ca4d707,PKIX_PL_Cert_IsCertTrusted
0x6b6bddff,0x6b6bddff,PKIX_PL_Cert_IsLeafCertTrusted
0x718fb65b,0x718fb65b,PKIX_PL_Cert_MergeNameConstraints
0xd1c1faf,0x0d1c1faf,PKIX_PL_Cert_SetAsTrustAnchor
0x666f5c0c,0x666f5c0c,PKIX_PL_Cert_SetCacheFlag
0x856d64bb,0x856d64bb,PKIX_PL_Cert_SetTrustCertStore
0x4620cdf3,0x4620cdf3,PKIX_PL_Cert_VerifyCertAndKeyType
0x38677a45,0x38677a45,PKIX_PL_Cert_VerifyKeyUsage
0x1f1a2c19,0x1f1a2c19,PKIX_PL_Cert_VerifySignature
0xefa7959f,0xefa7959f,PKIX_PL_CollectionCertStore_Create
0xd480bc9b,0xd480bc9b,PKIX_PL_Date_CreateFromPRTime
0xea06fc9d,0xea06fc9d,PKIX_PL_Date_Create_CurrentOffBySeconds
0xf10264d0,0xf10264d0,PKIX_PL_Date_Create_UTCTime
0x390acbc7,0x390acbc7,PKIX_PL_Free
0x35251b86,0x35251b86,PKIX_PL_GetPLErrorCode
0xe548ec1c,0xe548ec1c,PKIX_PL_GetString
0x3ca2379,0x03ca2379,PKIX_PL_HashTable_Add
0xa6f124,0x00a6f124,PKIX_PL_HashTable_Create
0x1574bbca,0x1574bbca,PKIX_PL_HashTable_Lookup
0x22bdb2de,0x22bdb2de,PKIX_PL_HashTable_Remove
0x827f8493,0x827f8493,PKIX_PL_HttpCertStore_Create
0xeddf7a3b,0xeddf7a3b,PKIX_PL_InfoAccess_GetLocation
0x6967b4bd,0x6967b4bd,PKIX_PL_InfoAccess_GetLocationType
0x94ce0b63,0x94ce0b63,PKIX_PL_InfoAccess_GetMethod
0xba26d517,0xba26d517,PKIX_PL_Initialize
0xb941131a,0xb941131a,PKIX_PL_IsReaderLockHeld
0xc6bbede4,0xc6bbede4,PKIX_PL_IsWriterLockHeld
0xdecaec06,0xdecaec06,PKIX_PL_LDAPCrossCertPairTemplate
0x9fef05e7,0x9fef05e7,PKIX_PL_LDAPMessageTemplate
0xf9d15194,0xf9d15194,PKIX_PL_LdapCertStore_Create
0x2ccb8864,0x2ccb8864,PKIX_PL_LdapClient_InitiateRequest
0x4e904d3e,0x4e904d3e,PKIX_PL_LdapClient_ResumeRequest
0x6a329725,0x6a329725,PKIX_PL_LdapDefaultClient_AbandonRequest
0x48c4ab5d,0x48c4ab5d,PKIX_PL_LdapDefaultClient_Create
0x89abdfb9,0x89abdfb9,PKIX_PL_LdapDefaultClient_CreateByName
0xb611543d,0xb611543d,PKIX_PL_Malloc
0xf338f809,0xf338f809,PKIX_PL_MonitorLock_Create
0xe8794f13,0xe8794f13,PKIX_PL_MonitorLock_Enter
0xc13a23cf,0xc13a23cf,PKIX_PL_MonitorLock_Exit
0x6a77fb4b,0x6a77fb4b,PKIX_PL_Mutex_Create
0xc2ff1e20,0xc2ff1e20,PKIX_PL_Mutex_Lock
0x943084a3,0x943084a3,PKIX_PL_Mutex_Unlock
0x358de2f1,0x358de2f1,PKIX_PL_NssContext_Create
0x16f92907,0x16f92907,PKIX_PL_NssContext_Destroy
0x6dc0d92,0x06dc0d92,PKIX_PL_NssContext_SetBadDerCrlReloadDelay
0x3a6760d0,0x3a6760d0,PKIX_PL_NssContext_SetCrlReloadDelay
0xfabda4dd,0xfabda4dd,PKIX_PL_NssContext_SetMaxResponseLen
0xa8c7a90,0x0a8c7a90,PKIX_PL_NssContext_SetTimeout
0x30a02e14,0x30a02e14,PKIX_PL_OID_Create
0xe17aeef9,0xe17aeef9,PKIX_PL_OID_CreateBySECItem
0x4e0d5a06,0x4e0d5a06,PKIX_PL_Object_Alloc
0xa7d28e22,0xa7d28e22,PKIX_PL_Object_Compare
0x16348704,0x16348704,PKIX_PL_Object_DecRef
0xc2d8a516,0xc2d8a516,PKIX_PL_Object_Duplicate
0x196c6d26,0x196c6d26,PKIX_PL_Object_Equals
0xc4e92dbd,0xc4e92dbd,PKIX_PL_Object_GetType
0x172d641a,0x172d641a,PKIX_PL_Object_Hashcode
0x22812eb2,0x22812eb2,PKIX_PL_Object_IncRef
0x64512950,0x64512950,PKIX_PL_Object_InvalidateCache
0x2d610007,0x2d610007,PKIX_PL_Object_IsTypeRegistered
0xeb1dc124,0xeb1dc124,PKIX_PL_Object_Lock
0x60d3f8b5,0x60d3f8b5,PKIX_PL_Object_ToString
0x3e83f8a7,0x3e83f8a7,PKIX_PL_Object_Unlock
0x30d2c2e8,0x30d2c2e8,PKIX_PL_OcspCertID_Create
0xf5e8f904,0xf5e8f904,PKIX_PL_OcspCertID_GetFreshCacheStatus
0x2c9a1abd,0x2c9a1abd,PKIX_PL_OcspCertID_RememberOCSPProcessingFailure
0xc5360728,0xc5360728,PKIX_PL_OcspResponse_UseBuildChain
0x56a256b0,0x56a256b0,PKIX_PL_Pk11CertStore_Create
0x7c1caa75,0x7c1caa75,PKIX_PL_PolicyQualifier_GetPolicyQualifierId
0xc9341d8,0x0c9341d8,PKIX_PL_PolicyQualifier_GetQualifier
0x3716e686,0x3716e686,PKIX_PL_PublicKey_MakeInheritedDSAPublicKey
0xd438d27,0x0d438d27,PKIX_PL_PublicKey_NeedsDSAParameters
0xebb1ceaa,0xebb1ceaa,PKIX_PL_RWLock_Create
0x1ac95a7,0x01ac95a7,PKIX_PL_Realloc
0x8f6da282,0x8f6da282,PKIX_PL_ReleaseReaderLock
0xbfa6a84c,0xbfa6a84c,PKIX_PL_ReleaseWriterLock
0x39a36621,0x39a36621,PKIX_PL_Shutdown
0x698195eb,0x698195eb,PKIX_PL_Sprintf
0x75204f,0x0075204f,PKIX_PL_String_Create
0x9f40fb0d,0x9f40fb0d,PKIX_PL_String_GetEncoded
0x794bff09,0x794bff09,PKIX_PL_X500Name_CreateFromCERTName
0x75c4b95f,0x75c4b95f,PKIX_PL_X500Name_Match
0x2f5fbf88,0x2f5fbf88,PKIX_PolicyNode_GetChildren
0xf1b2a294,0xf1b2a294,PKIX_PolicyNode_GetDepth
0x322032e9,0x322032e9,PKIX_PolicyNode_GetExpectedPolicies
0x43bd54a9,0x43bd54a9,PKIX_PolicyNode_GetParent
0xcf65844,0x0cf65844,PKIX_PolicyNode_GetPolicyQualifiers
0xae580d5f,0xae580d5f,PKIX_PolicyNode_GetValidPolicy
0x1eb00746,0x1eb00746,PKIX_PolicyNode_IsCritical
0xb1ce6d39,0xb1ce6d39,PKIX_ProcessingParams_AddCertChainChecker
0x539eaece,0x539eaece,PKIX_ProcessingParams_AddCertStore
0xc0e5ddbe,0xc0e5ddbe,PKIX_ProcessingParams_Create
0x46c3b343,0x46c3b343,PKIX_ProcessingParams_GetCertChainCheckers
0x2a6d7358,0x2a6d7358,PKIX_ProcessingParams_GetCertStores
0xf4483e68,0xf4483e68,PKIX_ProcessingParams_GetDate
0x1bb873e,0x01bb873e,PKIX_ProcessingParams_GetHintCerts
0x220af44c,0x220af44c,PKIX_ProcessingParams_GetInitialPolicies
0x11bd4b35,0x11bd4b35,PKIX_ProcessingParams_GetPolicyQualifiersRejected
0x22a6504,0x022a6504,PKIX_ProcessingParams_GetResourceLimits
0xf72b34f9,0xf72b34f9,PKIX_ProcessingParams_GetRevocationChecker
0xb8357b17,0xb8357b17,PKIX_ProcessingParams_GetTargetCertConstraints
0x4b65acda,0x4b65acda,PKIX_ProcessingParams_GetTrustAnchors
0x869d0dbf,0x869d0dbf,PKIX_ProcessingParams_GetUseAIAForCertFetching
0xe9ab9709,0xe9ab9709,PKIX_ProcessingParams_GetUseOnlyTrustAnchors
0xd783bec9,0xd783bec9,PKIX_ProcessingParams_GetValidateTargetCert
0xe4679e8e,0xe4679e8e,PKIX_ProcessingParams_IsAnyPolicyInhibited
0x45684939,0x45684939,PKIX_ProcessingParams_IsExplicitPolicyRequired
0x7488d992,0x7488d992,PKIX_ProcessingParams_IsPolicyMappingInhibited
0xd2cd445e,0xd2cd445e,PKIX_ProcessingParams_SetAnyPolicyInhibited
0xd899dfcf,0xd899dfcf,PKIX_ProcessingParams_SetCertChainCheckers
0xe2e1e564,0xe2e1e564,PKIX_ProcessingParams_SetCertStores
0x90031774,0x90031774,PKIX_ProcessingParams_SetDate
0x96cc5709,0x96cc5709,PKIX_ProcessingParams_SetExplicitPolicyRequired
0x4d23e7ca,0x4d23e7ca,PKIX_ProcessingParams_SetHintCerts
0x4b148dd8,0x4b148dd8,PKIX_ProcessingParams_SetInitialPolicies
0xc5ece762,0xc5ece762,PKIX_ProcessingParams_SetPolicyMappingInhibited
0xfb6a6241,0xfb6a6241,PKIX_ProcessingParams_SetPolicyQualifiersRejected
0xbb4df8c6,0xbb4df8c6,PKIX_ProcessingParams_SetQualifyTargetCert
0xe460fd10,0xe460fd10,PKIX_ProcessingParams_SetResourceLimits
0x89016185,0x89016185,PKIX_ProcessingParams_SetRevocationChecker
0x6b270da3,0x6b270da3,PKIX_ProcessingParams_SetTargetCertConstraints
0xf2bed1e6,0xf2bed1e6,PKIX_ProcessingParams_SetTrustAnchors
0x398ea04b,0x398ea04b,PKIX_ProcessingParams_SetUseAIAForCertFetching
0x49bf1695,0x49bf1695,PKIX_ProcessingParams_SetUseOnlyTrustAnchors
0xcc7423d7,0xcc7423d7,PKIX_ResourceLimits_Create
0x91066b9e,0x91066b9e,PKIX_ResourceLimits_GetMaxDepth
0xb634a296,0xb634a296,PKIX_ResourceLimits_GetMaxFanout
0x66111abb,0x66111abb,PKIX_ResourceLimits_GetMaxNumberOfCRLs
0x282d6b28,0x282d6b28,PKIX_ResourceLimits_GetMaxNumberOfCerts
0xdda42f38,0xdda42f38,PKIX_ResourceLimits_GetMaxTime
0xd15eeaaa,0xd15eeaaa,PKIX_ResourceLimits_SetMaxDepth
0x19d0322,0x019d0322,PKIX_ResourceLimits_SetMaxFanout
0x8f1ab447,0x8f1ab447,PKIX_ResourceLimits_SetMaxNumberOfCRLs
0x726a3634,0x726a3634,PKIX_ResourceLimits_SetMaxNumberOfCerts
0xe22fcc4,0x0e22fcc4,PKIX_ResourceLimits_SetMaxTime
0x11912176,0x11912176,PKIX_RevocationChecker_Check
0x446a3e2c,0x446a3e2c,PKIX_RevocationChecker_Create
0x7f1fdc69,0x7f1fdc69,PKIX_RevocationChecker_CreateAndAddMethod
0x170ede9,0x0170ede9,PKIX_SetLoggers
0xd4e310e6,0xd4e310e6,PKIX_Shutdown
0xa3b69d84,0xa3b69d84,PKIX_TrustAnchor_CreateWithCert
0x8db8d96c,0x8db8d96c,PKIX_TrustAnchor_CreateWithNameKeyPair
0xc7de048b,0xc7de048b,PKIX_TrustAnchor_GetCAName
0x207d9992,0x207d9992,PKIX_TrustAnchor_GetCAPublicKey
0x6651087f,0x6651087f,PKIX_TrustAnchor_GetNameConstraints
0x72d681f,0x072d681f,PKIX_TrustAnchor_GetTrustedCert
0x9decbed7,0x9decbed7,PKIX_ValidateChain
0x4f1381e6,0x4f1381e6,PKIX_ValidateChain_NB
0xbe41a4cb,0xbe41a4cb,PKIX_ValidateParams_Create
0x1ba69e8,0x01ba69e8,PKIX_ValidateParams_GetCertChain
0x1920f8f8,0x1920f8f8,PKIX_ValidateParams_GetProcessingParams
0x7d460f12,0x7d460f12,PKIX_ValidateResult_GetPolicyTree
0x74d5b9a,0x074d5b9a,PKIX_ValidateResult_GetPublicKey
0x7eba3eef,0x7eba3eef,PKIX_ValidateResult_GetTrustAnchor
0x7efc9436,0x7efc9436,PL_ArenaAllocate
0xcc9220d2,0xcc9220d2,PL_ArenaFinish
0x549566f0,0x549566f0,PL_ArenaGrow
0xf115c432,0xf115c432,PL_ArenaRelease
0x38191773,0x38191773,PL_Base64Decode
0x3b111c9d,0x3b111c9d,PL_Base64Encode
0xe415e472,0xe415e472,PL_ClearArenaPool
0x8b8744f2,0x8b8744f2,PL_CompactArenaPool
0xe752a43b,0xe752a43b,PL_CompareStrings
0x69be56e1,0x69be56e1,PL_CompareValues
0x69744b02,0x69744b02,PL_CreateLongOptState
0x3398c4d2,0x3398c4d2,PL_CreateOptState
0xcda76288,0xcda76288,PL_DestroyOptState
0xb56c6167,0xb56c6167,PL_FPrintError
0x3e0d560c,0x3e0d560c,PL_FinishArenaPool
0x80b4794d,0x80b4794d,PL_FreeArenaPool
0xf794c31c,0xf794c31c,PL_GetNextOpt
0x8fecf305,0x8fecf305,PL_HashString
0x4f83da5f,0x4f83da5f,PL_HashTableAdd
0xb31ab780,0xb31ab780,PL_HashTableDestroy
0x4001152c,0x4001152c,PL_HashTableDump
0x8cd397d6,0x8cd397d6,PL_HashTableEnumerateEntries
0x56d8d0f0,0x56d8d0f0,PL_HashTableLookup
0xc399f977,0xc399f977,PL_HashTableLookupConst
0x63dea3e9,0x63dea3e9,PL_HashTableRawAdd
0xb376a63a,0xb376a63a,PL_HashTableRawLookup
0x11c2ad01,0x11c2ad01,PL_HashTableRawLookupConst
0xc0bf9d4e,0xc0bf9d4e,PL_HashTableRawRemove
0x6421c804,0x6421c804,PL_HashTableRemove
0xfd15763f,0xfd15763f,PL_InitArenaPool
0x8a1828a0,0x8a1828a0,PL_NewHashTable
0x115f861,0x0115f861,PL_PrintError
0xca625f7f,0xca625f7f,PL_strcasecmp
0x16b6a36a,0x16b6a36a,PL_strcaserstr
0xca62a478,0xca62a478,PL_strcasestr
0x57ba651b,0x57ba651b,PL_strcat
0x4f0708c9,0x4f0708c9,PL_strcatn
0x57ba6600,0x57ba6600,PL_strchr
0x57ba66a3,0x57ba66a3,PL_strcmp
0x57ba670f,0x57ba670f,PL_strcpy
0x57ba6bec,0x57ba6bec,PL_strdup
0x4f08f445,0x4f08f445,PL_strfree
0x57ba8be2,0x57ba8be2,PL_strlen
0xae78586d,0xae78586d,PL_strncasecmp
0x7d8bba18,0x7d8bba18,PL_strncaserstr
0xae789d66,0xae789d66,PL_strncasestr
0x4f0d1709,0x4f0d1709,PL_strncat
0x4f0d17ee,0x4f0d17ee,PL_strnchr
0x4f0d1891,0x4f0d1891,PL_strncmp
0x4f0d18fd,0x4f0d18fd,PL_strncpy
0x30b038f7,0x30b038f7,PL_strncpyz
0x4f0d1dda,0x4f0d1dda,PL_strndup
0x4f0d3dd0,0x4f0d3dd0,PL_strnlen
0x30b71d60,0x30b71d60,PL_strnpbrk
0x47a34c92,0x47a34c92,PL_strnprbrk
0x30b83920,0x30b83920,PL_strnrchr
0x30b87ebc,0x30b87ebc,PL_strnrstr
0x4f0d5d8a,0x4f0d5d8a,PL_strnstr
0x4f0e2db2,0x4f0e2db2,PL_strpbrk
0x30dc6724,0x30dc6724,PL_strprbrk
0x4f0f4972,0x4f0f4972,PL_strrchr
0x4f0f8f0e,0x4f0f8f0e,PL_strrstr
0x57baab9c,0x57baab9c,PL_strstr
0x31234c02,0x31234c02,PL_strtok_r
0x129904fe,0x129904fe,PORT_Alloc
0x4640f6db,0x4640f6db,PORT_Alloc_Util
0x37964ce5,0x37964ce5,PORT_ArenaAlloc
0xca7a4722,0xca7a4722,PORT_ArenaAlloc_Util
0x7dd1a499,0x7dd1a499,PORT_ArenaGrow
0xc2448f56,0xc2448f56,PORT_ArenaGrow_Util
0x7dd4a6e5,0x7dd4a6e5,PORT_ArenaMark
0x97c0e122,0x97c0e122,PORT_ArenaMark_Util
0x82a18d3b,0x82a18d3b,PORT_ArenaRelease
0xc7292d38,0xc7292d38,PORT_ArenaRelease_Util
0x54f0a6fc,0x54f0a6fc,PORT_ArenaStrdup
0x76038799,0x76038799,PORT_ArenaStrdup_Util
0x592b9a28,0x592b9a28,PORT_ArenaUnmark
0x6ab15645,0x6ab15645,PORT_ArenaUnmark_Util
0x63e9c8bf,0x63e9c8bf,PORT_ArenaZAlloc
0x89b73b3c,0x89b73b3c,PORT_ArenaZAlloc_Util
0x11c36795,0x11c36795,PORT_ArenaZRelease
0xe82e35e5,0xe82e35e5,PORT_DestroyCheapArena
0x36e0afd5,0x36e0afd5,PORT_Free
0xaf473c9c,0xaf473c9c,PORT_FreeArena
0xbbf8a139,0xbbf8a139,PORT_FreeArena_Util
0xb1680012,0xb1680012,PORT_Free_Util
0x3b67113d,0x3b67113d,PORT_GetError
0xb0ab827a,0xb0ab827a,PORT_GetError_Util
0xa91a57b9,0xa91a57b9,PORT_ISO88591_UTF8Conversion
0x77d97ccf,0x77d97ccf,PORT_InitCheapArena
0x6ead05a4,0x6ead05a4,PORT_LoadLibraryFromOrigin
0xb7eac3c4,0xb7eac3c4,PORT_NewArena
0xe836e161,0xe836e161,PORT_NewArena_Util
0x286fa6f5,0x286fa6f5,PORT_Realloc
0x408e6b32,0x408e6b32,PORT_Realloc_Util
0x89395f30,0x89395f30,PORT_RegExpCaseSearch
0xace7fe54,0xace7fe54,PORT_RegExpSearch
0x79ceb22e,0x79ceb22e,PORT_RegExpValid
0x4e7d0bc9,0x4e7d0bc9,PORT_SetError
0x691ff486,0x691ff486,PORT_SetError_Util
0x4deeb850,0x4deeb850,PORT_SetUCS2_ASCIIConversionFunction
0x29658d6d,0x29658d6d,PORT_SetUCS2_ASCIIConversionFunction_Util
0xfa762c4e,0xfa762c4e,PORT_SetUCS2_UTF8ConversionFunction
0x540b302b,0x540b302b,PORT_SetUCS2_UTF8ConversionFunction_Util
0x98491a10,0x98491a10,PORT_SetUCS4_UTF8ConversionFunction
0x43072d,0x0043072d,PORT_SetUCS4_UTF8ConversionFunction_Util
0x904a6235,0x904a6235,PORT_Strdup
0x6aa02e72,0x6aa02e72,PORT_Strdup_Util
0x45cda59e,0x45cda59e,PORT_UCS2_ASCIIConversion
0x4892fb7b,0x4892fb7b,PORT_UCS2_ASCIIConversion_Util
0xff85b91c,0xff85b91c,PORT_UCS2_UTF8Conversion
0x4d38edb9,0x4d38edb9,PORT_UCS2_UTF8Conversion_Util
0x17f004de,0x17f004de,PORT_UCS4_UTF8Conversion
0x9f4383f8,0x9f4383f8,PORT_ZAlloc
0x47bb1a6c,0x47bb1a6c,PORT_ZAllocAligned
0x891a4533,0x891a4533,PORT_ZAllocAlignedOffset
0xbb2ba030,0xbb2ba030,PORT_ZAllocAlignedOffset_Util
0xfd8fa109,0xfd8fa109,PORT_ZAllocAligned_Util
0x7e53e215,0x7e53e215,PORT_ZAlloc_Util
0x145a378f,0x145a378f,PORT_ZFree
0x7ccd6c0c,0x7ccd6c0c,PORT_ZFree_Util
0xc983a8ba,0xc983a8ba,PRP_DestroyNakedCondVar
0x693c00f6,0x693c00f6,PRP_NakedBroadcast
0x780d267c,0x780d267c,PRP_NakedNotify
0x54fde458,0x54fde458,PRP_NakedWait
0x2648ce1a,0x2648ce1a,PRP_NewNakedCondVar
0x8986f108,0x8986f108,PRP_TryLock
0x629b31c8,0x629b31c8,PR_Abort
0xb60cb740,0xb60cb740,PR_Accept
0xd0447c7c,0xd0447c7c,PR_AcceptRead
0xb60cb7a2,0xb60cb7a2,PR_Access
0x41510f9c,0x41510f9c,PR_AddToCounter
0x4f4799ad,0x4f4799ad,PR_AddWaitFileDesc
0x752778ba,0x752778ba,PR_AllocFileDesc
0xb73705a2,0xb73705a2,PR_Assert
0x96d7debc,0x96d7debc,PR_AssertCurrentThreadInMonitor
0xffb4626d,0xffb4626d,PR_AssertCurrentThreadOwnsLock
0x4d44cfd6,0x4d44cfd6,PR_AtomicAdd
0xa1a2cae4,0xa1a2cae4,PR_AtomicDecrement
0x36617bd2,0x36617bd2,PR_AtomicIncrement
0x4d451c99,0x4d451c99,PR_AtomicSet
0xc8293eb5,0xc8293eb5,PR_AttachSharedMemory
0xab16c59d,0xab16c59d,PR_AttachThread
0x944d3d3b,0x944d3d3b,PR_AttachThreadGCAble
0xe6f9ba91,0xe6f9ba91,PR_Available
0x8c52a9fb,0x8c52a9fb,PR_Available64
0x12817ced,0x12817ced,PR_Bind
0xd53b7467,0xd53b7467,PR_BlockClockInterrupts
0x2bc1cfa8,0x2bc1cfa8,PR_BlockInterrupt
0x13c96179,0x13c96179,PR_CEnterMonitor
0x169d1af5,0x169d1af5,PR_CExitMonitor
0x2c22182c,0x2c22182c,PR_CNotify
0x5e245745,0x5e245745,PR_CNotifyAll
0xfc99cf4b,0xfc99cf4b,PR_CSetOnMonitorRecycle
0x62caaa08,0x62caaa08,PR_CWait
0xc02333b1,0xc02333b1,PR_CallOnce
0x2b1be307,0x2b1be307,PR_CallOnceWithArg
0xba97e47e,0xba97e47e,PR_Calloc
0x48c9c731,0x48c9c731,PR_CancelJob
0x1d2fc4a,0x01d2fc4a,PR_CancelWaitFileDesc
0x1f5cdcf8,0x1f5cdcf8,PR_CancelWaitGroup
0xf2c0791f,0xf2c0791f,PR_CeilingLog2
0x39a0b5e8,0x39a0b5e8,PR_ChangeFileDescNativeHandle
0x26b87dd8,0x26b87dd8,PR_Cleanup
0x8f10f0e4,0x8f10f0e4,PR_ClearInterrupt
0x63b0628d,0x63b0628d,PR_ClearThreadGCAble
0x62c4dea6,0x62c4dea6,PR_Close
0x165c4fe5,0x165c4fe5,PR_CloseDir
0x23cac744,0x23cac744,PR_CloseFileMap
0xbec3d2ca,0xbec3d2ca,PR_CloseSemaphore
0x1b073f56,0x1b073f56,PR_CloseSharedMemory
0x2e61cc9a,0x2e61cc9a,PR_Connect
0x8ec9071f,0x8ec9071f,PR_ConnectContinue
0xf707dd77,0xf707dd77,PR_ConvertIPv4AddrToIPv6
0x67d94fb1,0x67d94fb1,PR_CreateAlarm
0x65c7d2e4,0x65c7d2e4,PR_CreateCounter
0x3e0fab22,0x3e0fab22,PR_CreateFileMap
0x32fb5739,0x32fb5739,PR_CreateIOLayer
0x63053fb7,0x63053fb7,PR_CreateIOLayerStub
0x91000e68,0x91000e68,PR_CreateMWaitEnumerator
0x809c0f92,0x809c0f92,PR_CreateOrderedLock
0x588321b2,0x588321b2,PR_CreatePipe
0x55098963,0x55098963,PR_CreateProcess
0x3c40ae95,0x3c40ae95,PR_CreateProcessDetached
0x1e39de2e,0x1e39de2e,PR_CreateSocketPollFd
0x692369da,0x692369da,PR_CreateStack
0x8f16019c,0x8f16019c,PR_CreateThread
0x94cf3c7a,0x94cf3c7a,PR_CreateThreadGCAble
0x4762a876,0x4762a876,PR_CreateThreadPool
0x69346993,0x69346993,PR_CreateTrace
0x96874746,0x96874746,PR_CreateWaitGroup
0x31fc527,0x031fc527,PR_DecrementCounter
0xbd355203,0xbd355203,PR_Delete
0xe3c5ec7,0x0e3c5ec7,PR_DeleteSemaphore
0x2442a633,0x2442a633,PR_DeleteSharedMemory
0xc8ef9e7,0x0c8ef9e7,PR_DestroyAlarm
0xe0cc347,0x0e0cc347,PR_DestroyCondVar
0xe90e29a,0x0e90e29a,PR_DestroyCounter
0x1f6f4383,0x1f6f4383,PR_DestroyLock
0xde0741e,0x0de0741e,PR_DestroyMWaitEnumerator
0xfd5da02,0x0fd5da02,PR_DestroyMonitor
0x82320a48,0x82320a48,PR_DestroyOrderedLock
0xb05c8087,0xb05c8087,PR_DestroyPollableEvent
0x696092b4,0x696092b4,PR_DestroyProcessAttr
0xc6e2f16c,0xc6e2f16c,PR_DestroyRWLock
0x1077d8bf,0x1077d8bf,PR_DestroySem
0x528f2fa4,0x528f2fa4,PR_DestroySocketPollFd
0xdd91410,0x0dd91410,PR_DestroyStack
0xdea13c9,0x0dea13c9,PR_DestroyTrace
0x95d31c7c,0x95d31c7c,PR_DestroyWaitGroup
0xfd7158,0x00fd7158,PR_DetachProcess
0xf7a76709,0xf7a76709,PR_DetachSharedMemory
0x6d823ef1,0x6d823ef1,PR_DetachThread
0x12ebbcb0,0x12ebbcb0,PR_DisableClockInterrupts
0x5a0c4200,0x5a0c4200,PR_DuplicateEnvironment
0x8e79ae69,0x8e79ae69,PR_EmulateAcceptRead
0x45b3d127,0x45b3d127,PR_EmulateSendFile
0x57e7603,0x057e7603,PR_EnableClockInterrupts
0x6e2682b6,0x6e2682b6,PR_EnterMonitor
0x902e841d,0x902e841d,PR_EnumerateAddrInfo
0x58f7219b,0x58f7219b,PR_EnumerateHostEnt
0xe44379c1,0xe44379c1,PR_EnumerateThreads
0x5956e818,0x5956e818,PR_EnumerateWaitGroup
0x23583ebe,0x23583ebe,PR_ErrorInstallCallback
0xac8281b9,0xac8281b9,PR_ErrorInstallTable
0x3e506711,0x3e506711,PR_ErrorLanguages
0xd285729e,0xd285729e,PR_ErrorToName
0x96b10814,0x96b10814,PR_ErrorToString
0xe30c8892,0xe30c8892,PR_ExitMonitor
0x3013afb0,0x3013afb0,PR_ExplodeTime
0xc9ab9d5b,0xc9ab9d5b,PR_ExportFileMapAsString
0xc1d7ec7a,0xc1d7ec7a,PR_FD_CLR
0x97f56a21,0x97f56a21,PR_FD_ISSET
0xfcdb5d28,0xfcdb5d28,PR_FD_NCLR
0xa197be4f,0xa197be4f,PR_FD_NISSET
0xfcdba053,0xfcdba053,PR_FD_NSET
0xc1d82fa5,0xc1d82fa5,PR_FD_SET
0xfce1faf9,0xfce1faf9,PR_FD_ZERO
0xd2e263b4,0xd2e263b4,PR_FileDesc2NativeHandle
0x6a00876d,0x6a00876d,PR_FindFunctionSymbol
0x658f4e15,0x658f4e15,PR_FindFunctionSymbolAndLibrary
0x9cf45de2,0x9cf45de2,PR_FindNextCounterQname
0x9d067663,0x9d067663,PR_FindNextCounterRname
0xcf88aef1,0xcf88aef1,PR_FindNextTraceQname
0xcf9ac772,0xcf9ac772,PR_FindNextTraceRname
0x80950ca7,0x80950ca7,PR_FindSymbol
0x264f23cf,0x264f23cf,PR_FindSymbolAndLibrary
0x36f6b6e6,0x36f6b6e6,PR_FloorLog2
0x76ffc748,0x76ffc748,PR_FormatTime
0xe0e67dba,0xe0e67dba,PR_FormatTimeUSEnglish
0x1283d392,0x1283d392,PR_Free
0xf96276d9,0xf96276d9,PR_FreeAddrInfo
0x2949f2f1,0x2949f2f1,PR_FreeFileDesc
0xe0609208,0xe0609208,PR_FreeLibraryName
0x75ee6b6c,0x75ee6b6c,PR_GMTParameters
0x90001973,0x90001973,PR_GetAddrInfoByName
0xb2bb31db,0xb2bb31db,PR_GetCanonNameFromAddrInfo
0x60c9491e,0x60c9491e,PR_GetConnectStatus
0xe5a26d70,0xe5a26d70,PR_GetCounter
0xb2cf6c71,0xb2cf6c71,PR_GetCounterHandleFromName
0xf90c8ab1,0xf90c8ab1,PR_GetCounterNameFromHandle
0xd473cb2b,0xd473cb2b,PR_GetCurrentThread
0x97d00321,0x97d00321,PR_GetDefaultIOMethods
0x7efa8711,0x7efa8711,PR_GetDescType
0xe2221516,0xe2221516,PR_GetDirectorySeparator
0xe010dc75,0xe010dc75,PR_GetDirectorySepartor
0xc4392e39,0xc4392e39,PR_GetEnv
0x2c3e2dc0,0x2c3e2dc0,PR_GetEnvSecure
0xb73fcb7a,0xb73fcb7a,PR_GetError
0xa0fc397f,0xa0fc397f,PR_GetErrorText
0xbfbc601,0x0bfbc601,PR_GetErrorTextLength
0x7b31003c,0x7b31003c,PR_GetFileInfo
0xb720666,0x0b720666,PR_GetFileInfo64
0x999745a4,0x999745a4,PR_GetFileMethods
0xfd0ac372,0xfd0ac372,PR_GetGCRegisters
0xb7583684,0xb7583684,PR_GetHostByAddr
0xb75f4bca,0xb75f4bca,PR_GetHostByName
0x22ba430b,0x22ba430b,PR_GetIPNodeByName
0x8aa6339f,0x8aa6339f,PR_GetIdentitiesLayer
0xf6267596,0xf6267596,PR_GetInheritedFD
0x188d9b2a,0x188d9b2a,PR_GetInheritedFileMap
0x52f4f6aa,0x52f4f6aa,PR_GetLayersIdentity
0xc29b9093,0xc29b9093,PR_GetLibraryFilePathname
0xaf34ac06,0xaf34ac06,PR_GetLibraryName
0xaf35c5b2,0xaf35c5b2,PR_GetLibraryPath
0xb102fac,0x0b102fac,PR_GetMemMapAlignment
0x47b67e53,0x47b67e53,PR_GetMonitorEntryCount
0x42752ee2,0x42752ee2,PR_GetNameForIdentity
0x443211c1,0x443211c1,PR_GetNumberOfProcessors
0x89928b3c,0x89928b3c,PR_GetOSError
0xd1e6a9ae,0xd1e6a9ae,PR_GetOpenFileInfo
0xe637d458,0xe637d458,PR_GetOpenFileInfo64
0x8bed51ab,0x8bed51ab,PR_GetPageShift
0x424d08e8,0x424d08e8,PR_GetPageSize
0x9c8259ce,0x9c8259ce,PR_GetPathSeparator
0x7274079d,0x7274079d,PR_GetPeerName
0xba5bb201,0xba5bb201,PR_GetPhysicalMemorySize
0xa1281e32,0xa1281e32,PR_GetPipeMethods
0xbc38ca80,0xbc38ca80,PR_GetProtoByName
0xaeff5108,0xaeff5108,PR_GetProtoByNumber
0x6287334f,0x6287334f,PR_GetRandomNoise
0x63097f53,0x63097f53,PR_GetSP
0x33d6e901,0x33d6e901,PR_GetSockName
0x15183792,0x15183792,PR_GetSocketOption
0x21e6941b,0x21e6941b,PR_GetSpecialFD
0xa17c935d,0xa17c935d,PR_GetStackSpaceLeft
0x17d05247,0x17d05247,PR_GetSysfdTableMax
0x76d3bea1,0x76d3bea1,PR_GetSystemInfo
0x990d94eb,0x990d94eb,PR_GetTCPMethods
0x5d3c464e,0x5d3c464e,PR_GetThreadAffinityMask
0x27cace55,0x27cace55,PR_GetThreadID
0x45ba72e9,0x45ba72e9,PR_GetThreadName
0x9ecbfd4a,0x9ecbfd4a,PR_GetThreadPriority
0x23db3283,0x23db3283,PR_GetThreadPrivate
0xfd646d82,0xfd646d82,PR_GetThreadScope
0xfd6d84e9,0xfd6d84e9,PR_GetThreadState
0x45be23aa,0x45be23aa,PR_GetThreadType
0xa5719a79,0xa5719a79,PR_GetTraceEntries
0xed793660,0xed793660,PR_GetTraceHandleFromName
0x33b654a0,0x33b654a0,PR_GetTraceNameFromHandle
0xde6b8f38,0xde6b8f38,PR_GetTraceOption
0x1194970d,0x1194970d,PR_GetUDPMethods
0x4e7ea731,0x4e7ea731,PR_GetUniqueIdentity
0xd89bd3f2,0xd89bd3f2,PR_GetValueSem
0x84ada056,0x84ada056,PR_GetVersion
0x19124849,0x19124849,PR_ImplodeTime
0x83376dab,0x83376dab,PR_ImportFile
0xed6f8894,0xed6f8894,PR_ImportFileMapFromString
0x833ce9f9,0x833ce9f9,PR_ImportPipe
0x1e55a29b,0x1e55a29b,PR_ImportTCPSocket
0x7f13e87d,0x7f13e87d,PR_ImportUDPSocket
0xfdac5e55,0xfdac5e55,PR_IncrementCounter
0x12856844,0x12856844,PR_Init
0xec774922,0xec774922,PR_Initialize
0xa250be64,0xa250be64,PR_InitializeNetAddr
0x7b606da6,0x7b606da6,PR_Initialized
0xd682b23d,0xd682b23d,PR_Interrupt
0x89e0ad69,0x89e0ad69,PR_IntervalNow
0x8b2ad341,0x8b2ad341,PR_IntervalToMicroseconds
0x6b144a1e,0x6b144a1e,PR_IntervalToMilliseconds
0x4c700f27,0x4c700f27,PR_IntervalToSeconds
0xb5794ed0,0xb5794ed0,PR_IsNetAddrType
0x48df121b,0x48df121b,PR_JoinJob
0xb14b7f38,0xb14b7f38,PR_JoinThread
0x5d159412,0x5d159412,PR_JoinThreadPool
0xaffdb23b,0xaffdb23b,PR_KillProcess
0xd02b0d9f,0xd02b0d9f,PR_Listen
0xa067d585,0xa067d585,PR_LoadLibrary
0xccc1d14e,0xccc1d14e,PR_LoadLibraryWithFlags
0x9f6fcead,0x9f6fcead,PR_LoadStaticLibrary
0xfcc2919e,0xfcc2919e,PR_LocalTimeParameters
0x128710d9,0x128710d9,PR_Lock
0x2f0d7879,0x2f0d7879,PR_LockFile
0x2426f907,0x2426f907,PR_LockOrderedLock
0x380b1eb4,0x380b1eb4,PR_LogFlush
0x38c32a5f,0x38c32a5f,PR_LogPrint
0xf44b6ed,0x0f44b6ed,PR_MakeDir
0xd1eb7ac8,0xd1eb7ac8,PR_Malloc
0xd2346bad,0xd2346bad,PR_MemMap
0x3195ebd0,0x3195ebd0,PR_MemUnmap
0x22fe0441,0x22fe0441,PR_MicrosecondsToInterval
0x96bb735e,0x96bb735e,PR_MillisecondsToInterval
0x63791747,0x63791747,PR_MkDir
0xf3f9ba6c,0xf3f9ba6c,PR_NetAddrToString
0xc62dc4a7,0xc62dc4a7,PR_NewCondVar
0x6670c0e3,0x6670c0e3,PR_NewLock
0x1abb5842,0x1abb5842,PR_NewLogModule
0xc7f6db62,0xc7f6db62,PR_NewMonitor
0xa09214a7,0xa09214a7,PR_NewNamedMonitor
0x155109e7,0x155109e7,PR_NewPollableEvent
0x62e34414,0x62e34414,PR_NewProcessAttr
0xd43946cc,0xd43946cc,PR_NewRWLock
0xd48f2a1f,0xd48f2a1f,PR_NewSem
0x6e53448a,0x6e53448a,PR_NewTCPSocket
0x38437616,0x38437616,PR_NewTCPSocketPair
0xe77d3585,0xe77d3585,PR_NewThreadPrivateIndex
0xcf118a6c,0xcf118a6c,PR_NewUDPSocket
0xe92f5410,0xe92f5410,PR_NormalizeTime
0xd5424fa9,0xd5424fa9,PR_Notify
0x11b1b9a2,0x11b1b9a2,PR_NotifyAll
0x187ff72f,0x187ff72f,PR_NotifyAllCondVar
0x42989f56,0x42989f56,PR_NotifyCondVar
0xc2803f64,0xc2803f64,PR_Now
0x1288ba82,0x1288ba82,PR_Open
0xdd697e0c,0xdd697e0c,PR_OpenAnonFileMap
0xcbceee41,0xcbceee41,PR_OpenDir
0x45adcea2,0x45adcea2,PR_OpenFile
0x5d22c626,0x5d22c626,PR_OpenSemaphore
0xa17c532,0x0a17c532,PR_OpenSharedMemory
0x9f235f2,0x09f235f2,PR_OpenTCPSocket
0x6ab07bd4,0x6ab07bd4,PR_OpenUDPSocket
0x55f8c9d1,0x55f8c9d1,PR_ParseTimeString
0x9c4bf638,0x9c4bf638,PR_ParseTimeStringToExplodedTime
0x12894387,0x12894387,PR_Poll
0xb30a2274,0xb30a2274,PR_PopIOLayer
0x1774e2fb,0x1774e2fb,PR_PostSem
0xdedfc29a,0xdedfc29a,PR_PostSemaphore
0xa496232e,0xa496232e,PR_ProcessAttrSetCurrentDirectory
0x803bf227,0x803bf227,PR_ProcessAttrSetInheritableFD
0xc9ac9a5b,0xc9ac9a5b,PR_ProcessAttrSetInheritableFileMap
0x3010f9eb,0x3010f9eb,PR_ProcessAttrSetStdioRedirect
0x322f8469,0x322f8469,PR_ProcessExit
0xd79d9b65,0xd79d9b65,PR_PushIOLayer
0x9f92cbf0,0x9f92cbf0,PR_QueueJob
0x63631bf,0x063631bf,PR_QueueJob_Accept
0x83ba96f9,0x83ba96f9,PR_QueueJob_Connect
0xe8c4ff0b,0xe8c4ff0b,PR_QueueJob_Read
0x18b7670,0x018b7670,PR_QueueJob_Timer
0x1c6a03a,0x01c6a03a,PR_QueueJob_Write
0xbb19089c,0xbb19089c,PR_RWLock_Rlock
0x255c542d,0x255c542d,PR_RWLock_Unlock
0xbb738321,0xbb738321,PR_RWLock_Wlock
0x128a304c,0x128a304c,PR_Read
0x98c707cb,0x98c707cb,PR_ReadDir
0x98cb8d92,0x98cb8d92,PR_Realloc
0x3a2e4658,0x3a2e4658,PR_RecordTraceEntries
0x128a30a0,0x128a30a0,PR_Recv
0xb7994a74,0xb7994a74,PR_RecvFrom
0xddde91a8,0xddde91a8,PR_Rename
0xca07c7a0,0xca07c7a0,PR_ResetAlarm
0x6455072d,0x6455072d,PR_ResetProcessAttr
0x78888b9a,0x78888b9a,PR_ResumeAll
0x63d4aa8e,0x63d4aa8e,PR_RmDir
0xeccf8abf,0xeccf8abf,PR_ScanStackPointers
0xb8600ca7,0xb8600ca7,PR_SecondsToInterval
0x128abd38,0x128abd38,PR_Seek
0xe02ef262,0xe02ef262,PR_Seek64
0xe032b150,0xe032b150,PR_Select
0x128abe5a,0x128abe5a,PR_Send
0xbc3dfe7a,0xbc3dfe7a,PR_SendFile
0xe033c7fd,0xe033c7fd,PR_SendTo
0xca09d1c9,0xca09d1c9,PR_SetAlarm
0x9c89032a,0x9c89032a,PR_SetCPUAffinityMask
0x7f379427,0x7f379427,PR_SetConcurrency
0x16213afc,0x16213afc,PR_SetCounter
0xc46d7978,0xc46d7978,PR_SetCurrentThreadName
0xe03715c5,0xe03715c5,PR_SetEnv
0xca55c606,0xca55c606,PR_SetError
0xec649a0b,0xec649a0b,PR_SetErrorText
0x872d7335,0x872d7335,PR_SetFDCacheSize
0xb0d03ded,0xb0d03ded,PR_SetFDInheritable
0x7638793e,0x7638793e,PR_SetLibraryPath
0xd63b81d6,0xd63b81d6,PR_SetLogBuffering
0xc9eb75be,0xc9eb75be,PR_SetLogFile
0x4d74c35e,0x4d74c35e,PR_SetNetAddr
0xa09a1a69,0xa09a1a69,PR_SetPollableEvent
0xbc715c9e,0xbc715c9e,PR_SetSocketOption
0x527785b1,0x527785b1,PR_SetStdioRedirect
0xf414a008,0xf414a008,PR_SetSysfdTableSize
0x29d8045a,0x29d8045a,PR_SetThreadAffinityMask
0x5e4118de,0x5e4118de,PR_SetThreadDumpProc
0x35457392,0x35457392,PR_SetThreadGCAble
0x81029556,0x81029556,PR_SetThreadPriority
0xb658f90f,0xb658f90f,PR_SetThreadPrivate
0x24be93c0,0x24be93c0,PR_SetThreadRecycleMode
0xa56e42c4,0xa56e42c4,PR_SetTraceOption
0xe3158fd5,0xe3158fd5,PR_ShowStatus
0xb4a15b6c,0xb4a15b6c,PR_Shutdown
0x906959e,0x0906959e,PR_ShutdownThreadPool
0x63e63a69,0x63e63a69,PR_Sleep
0xe0e2d0b9,0xe0e2d0b9,PR_Socket
0x20854135,0x20854135,PR_StackPop
0x312d8206,0x312d8206,PR_StackPush
0x128afc8c,0x128afc8c,PR_Stat
0xa5c1baac,0xa5c1baac,PR_StringToNetAddr
0x9361dbec,0x9361dbec,PR_SubtractFromCounter
0x42837e6b,0x42837e6b,PR_SuspendAll
0x128b136d,0x128b136d,PR_Sync
0xa0828dca,0xa0828dca,PR_SyncMemMap
0x7944eecd,0x7944eecd,PR_TLockFile
0x39fd869,0x039fd869,PR_TestAndEnterMonitor
0x54cb638c,0x54cb638c,PR_TestAndLock
0x70dcf017,0x70dcf017,PR_ThreadScanStackPointers
0xced15b51,0xced15b51,PR_TicksPerSecond
0x63fb8bdf,0x63fb8bdf,PR_Trace
0xc20a3c2,0x0c20a3c2,PR_TransmitFile
0xd26d250a,0xd26d250a,PR_USPacificTimeParameters
0x871b932a,0x871b932a,PR_UnblockClockInterrupts
0x79eed82b,0x79eed82b,PR_UnblockInterrupt
0x28bef4e8,0x28bef4e8,PR_UnloadLibrary
0xe580099c,0xe580099c,PR_Unlock
0x538b1abc,0x538b1abc,PR_UnlockFile
0x37f511ea,0x37f511ea,PR_UnlockOrderedLock
0x9d4d5c54,0x9d4d5c54,PR_VersionCheck
0x128cde45,0x128cde45,PR_Wait
0xe4d52672,0xe4d52672,PR_WaitCondVar
0x95bea979,0x95bea979,PR_WaitForPollableEvent
0xd49afc44,0xd49afc44,PR_WaitProcess
0xe266a88a,0xe266a88a,PR_WaitRecvReady
0x10ef5e6a,0x10ef5e6a,PR_WaitSem
0x278ad549,0x278ad549,PR_WaitSemaphore
0x6431f99b,0x6431f99b,PR_Write
0xea712d51,0xea712d51,PR_Writev
0x64512927,0x64512927,PR_Yield
0x62c61551,0x62c61551,PR_cnvtf
0x1282c498,0x1282c498,PR_dtoa
0x17eb7809,0x17eb7809,PR_fprintf
0x6323bb95,0x6323bb95,PR_htonl
0xc79b2e81,0xc79b2e81,PR_htonll
0x6323bb9c,0x6323bb9c,PR_htons
0x63904dd5,0x63904dd5,PR_ntohl
0xd59a08c1,0xd59a08c1,PR_ntohll
0x63904ddc,0x63904ddc,PR_ntohs
0x29b94843,0x29b94843,PR_smprintf
0xbbeeca84,0xbbeeca84,PR_smprintf_free
0x76b38504,0x76b38504,PR_snprintf
0xfc38740d,0xfc38740d,PR_sprintf_append
0xe12b094e,0xe12b094e,PR_sscanf
0xe145ac70,0xe145ac70,PR_strtod
0x7879e48e,0x7879e48e,PR_sxprintf
0xd3a71d9f,0xd3a71d9f,PR_vfprintf
0x5ce9a099,0x5ce9a099,PR_vsmprintf
0xa9e3dd5a,0xa9e3dd5a,PR_vsnprintf
0xb45b34e3,0xb45b34e3,PR_vsprintf_append
0xabaa3ce4,0xabaa3ce4,PR_vsxprintf
0xe6456b4b,0xe6456b4b,PSCoerceToCanonicalValue
0x2173630d,0x2173630d,PSCreateAdapterFromPropertyStore
0x29e77894,0x29e77894,PSCreateDelayedMultiplexPropertyStore
0x52f76171,0x52f76171,PSCreateMemoryPropertyStore
0x70dedbfc,0x70dedbfc,PSCreateMultiplexPropertyStore
0x5d079e10,0x5d079e10,PSCreatePropertyChangeArray
0x5a5f7143,0x5a5f7143,PSCreatePropertyStoreFromObject
0x35003552,0x35003552,PSCreatePropertyStoreFromPropertySetStorage
0xa00b3c9b,0xa00b3c9b,PSCreateSimplePropertyChange
0x8595bf74,0x8595bf74,PSEnumeratePropertyDescriptions
0x915422b8,0x915422b8,PSFormatForDisplay
0x8731c903,0x8731c903,PSFormatForDisplayAlloc
0xf64f7efd,0xf64f7efd,PSFormatPropertyValue
0x8e02dd53,0x8e02dd53,PSGPError
0xfe7866bc,0xfe7866bc,PSGPSampleTexture
0x251963c8,0x251963c8,PSGetImageReferenceForValue
0xbe675504,0xbe675504,PSGetItemPropertyHandler
0xfd11c34b,0xfd11c34b,PSGetItemPropertyHandlerWithCreateObject
0x2ff67335,0x2ff67335,PSGetNameFromPropertyKey
0xe900f06a,0xe900f06a,PSGetNamedPropertyFromPropertyStorage
0x733fa2bb,0x733fa2bb,PSGetPropertyDescription
0xdc266597,0xdc266597,PSGetPropertyDescriptionByName
0x4aad26a2,0x4aad26a2,PSGetPropertyDescriptionListFromString
0xf0087a5,0x0f0087a5,PSGetPropertyFromPropertyStorage
0xa63df9d5,0xa63df9d5,PSGetPropertyKeyFromName
0xbf1abd1c,0xbf1abd1c,PSGetPropertySystem
0xd767e1b4,0xd767e1b4,PSGetPropertyValue
0x321fd87e,0x321fd87e,PSLookupPropertyHandlerCLSID
0x3b5c7c53,0x3b5c7c53,PSPropertyBag_Delete
0x56420028,0x56420028,PSPropertyBag_ReadBOOL
0x564211d7,0x564211d7,PSPropertyBag_ReadBSTR
0x1eaa9a3c,0x1eaa9a3c,PSPropertyBag_ReadDWORD
0x5644d6c5,0x5644d6c5,PSPropertyBag_ReadGUID
0xdbd39207,0xdbd39207,PSPropertyBag_ReadInt
0x56477bcc,0x56477bcc,PSPropertyBag_ReadLONG
0xf67ac52,0x0f67ac52,PSPropertyBag_ReadPOINTL
0xf67ac59,0x0f67ac59,PSPropertyBag_ReadPOINTS
0xef5fb78a,0xef5fb78a,PSPropertyBag_ReadPropertyKey
0x1f9ddfb6,0x1f9ddfb6,PSPropertyBag_ReadRECTL
0x1fb1d02c,0x1fb1d02c,PSPropertyBag_ReadSHORT
0xdbd3bd55,0xdbd3bd55,PSPropertyBag_ReadStr
0xe1bb8dc0,0xe1bb8dc0,PSPropertyBag_ReadStrAlloc
0x16c66768,0x16c66768,PSPropertyBag_ReadStream
0x564c099e,0x564c099e,PSPropertyBag_ReadType
0xd72161d1,0xd72161d1,PSPropertyBag_ReadULONGLONG
0x7b0f5b2c,0x7b0f5b2c,PSPropertyBag_ReadUnknown
0xf19ba2f7,0xf19ba2f7,PSPropertyBag_WriteBOOL
0xf19bb4a6,0xf19bb4a6,PSPropertyBag_WriteBSTR
0x253896eb,0x253896eb,PSPropertyBag_WriteDWORD
0xf19e7994,0xf19e7994,PSPropertyBag_WriteGUID
0xf00c96f6,0xf00c96f6,PSPropertyBag_WriteInt
0xf1a11e9b,0xf1a11e9b,PSPropertyBag_WriteLONG
0xe7b53ee1,0xe7b53ee1,PSPropertyBag_WritePOINTL
0xe7b53ee8,0xe7b53ee8,PSPropertyBag_WritePOINTS
0xde8a3b79,0xde8a3b79,PSPropertyBag_WritePropertyKey
0x262bdc65,0x262bdc65,PSPropertyBag_WriteRECTL
0x263fccdb,0x263fccdb,PSPropertyBag_WriteSHORT
0xf00cc244,0xf00cc244,PSPropertyBag_WriteStr
0xef13f9f7,0xef13f9f7,PSPropertyBag_WriteStream
0x38ac1e00,0x38ac1e00,PSPropertyBag_WriteULONGLONG
0x5d0f3f9b,0x5d0f3f9b,PSPropertyBag_WriteUnknown
0xa2b5330b,0xa2b5330b,PSPropertyKeyFromString
0x73833f17,0x73833f17,PSRefreshPropertySchema
0x6c148f4d,0x6c148f4d,PSRegisterPropertySchema
0x69e5a840,0x69e5a840,PSSetPropertyValue
0x3ed2512b,0x3ed2512b,PSStringFromPropertyKey
0x4cb63350,0x4cb63350,PSUnregisterPropertySchema
0x3162d594,0x3162d594,PT_FPrintStats
0x79794778,0x79794778,PackDDElParam
0xa2d5d3c5,0xa2d5d3c5,PaintDesktop
0x574ca975,0x574ca975,PaintMenuBar
0x6e99f993,0x6e99f993,PaintMonitor
0x13a0d3d2,0x13a0d3d2,PaintRgn
0x4723a05e,0x4723a05e,ParseURLA
0x4723a074,0x4723a074,ParseURLW
0xd78d8b53,0xd78d8b53,ParseX509EncodedCertificateForListBoxEntry
0xc1466336,0xc1466336,PatBlt
0x39cb96d2,0x39cb96d2,PathAddBackslashA
0x39cb96e8,0x39cb96e8,PathAddBackslashW
0x94745ae3,0x94745ae3,PathAddExtensionA
0x94745af9,0x94745af9,PathAddExtensionW
0x20f766b5,0x20f766b5,PathAppendA
0x20f766cb,0x20f766cb,PathAppendW
0xa31f4d11,0xa31f4d11,PathBuildRootA
0xa31f4d27,0xa31f4d27,PathBuildRootW
0x91ea7e4d,0x91ea7e4d,PathCanonicalizeA
0x91ea7e63,0x91ea7e63,PathCanonicalizeW
0x781ab3cf,0x781ab3cf,PathCleanupSpec
0xc435545a,0xc435545a,PathCombineA
0xc4355470,0xc4355470,PathCombineW
0xd3698d74,0xd3698d74,PathCommonPrefixA
0xd3698d8a,0xd3698d8a,PathCommonPrefixW
0x9f4cc091,0x9f4cc091,PathCompactPathA
0xa57f456e,0xa57f456e,PathCompactPathExA
0xa57f4584,0xa57f4584,PathCompactPathExW
0x9f4cc0a7,0x9f4cc0a7,PathCompactPathW
0x3fe038b8,0x3fe038b8,PathCreateFromUrlA
0x3268cf42,0x3268cf42,PathCreateFromUrlAlloc
0x3fe038ce,0x3fe038ce,PathCreateFromUrlW
0x2e34491d,0x2e34491d,PathFileExistsA
0x2e344933,0x2e344933,PathFileExistsW
0xd981323b,0xd981323b,PathFindExtensionA
0xd9813251,0xd9813251,PathFindExtensionW
0xf58b1d5f,0xf58b1d5f,PathFindFileNameA
0xf58b1d75,0xf58b1d75,PathFindFileNameW
0x7696230,0x07696230,PathFindNextComponentA
0x7696246,0x07696246,PathFindNextComponentW
0x15d2eac8,0x15d2eac8,PathFindOnPathA
0x15d2eade,0x15d2eade,PathFindOnPathW
0x68e172d2,0x68e172d2,PathFindSuffixArrayA
0x68e172e8,0x68e172e8,PathFindSuffixArrayW
0x83bd1faa,0x83bd1faa,PathGetArgsA
0x83bd1fc0,0x83bd1fc0,PathGetArgsW
0x36f6dd7d,0x36f6dd7d,PathGetCharTypeA
0x36f6dd93,0x36f6dd93,PathGetCharTypeW
0x13233dc0,0x13233dc0,PathGetDriveNumberA
0x13233dd6,0x13233dd6,PathGetDriveNumberW
0xb46812d9,0xb46812d9,PathGetShortPath
0x82f6d9f6,0x82f6d9f6,PathIsContentTypeA
0x82f6da0c,0x82f6da0c,PathIsContentTypeW
0xa9a9876e,0xa9a9876e,PathIsDirectoryA
0x1340acdd,0x1340acdd,PathIsDirectoryEmptyA
0x1340acf3,0x1340acf3,PathIsDirectoryEmptyW
0xa9a98784,0xa9a98784,PathIsDirectoryW
0xc7b66e7a,0xc7b66e7a,PathIsExe
0xcc097504,0xcc097504,PathIsFileSpecA
0xcc09751a,0xcc09751a,PathIsFileSpecW
0x2072d6a4,0x2072d6a4,PathIsLFNFileSpecA
0x2072d6ba,0x2072d6ba,PathIsLFNFileSpecW
0x36a8ded0,0x36a8ded0,PathIsNetworkPathA
0x36a8dee6,0x36a8dee6,PathIsNetworkPathW
0xc2c668a7,0xc2c668a7,PathIsPrefixA
0xc2c668bd,0xc2c668bd,PathIsPrefixW
0x87915575,0x87915575,PathIsRelativeA
0x8791558b,0x8791558b,PathIsRelativeW
0x8ff279bd,0x8ff279bd,PathIsRootA
0x8ff279d3,0x8ff279d3,PathIsRootW
0xa1344fa3,0xa1344fa3,PathIsSameRootA
0xa1344fb9,0xa1344fb9,PathIsSameRootW
0x9002ed7e,0x9002ed7e,PathIsSlowA
0x9002ed94,0x9002ed94,PathIsSlowW
0x2d871d9a,0x2d871d9a,PathIsSystemFolderA
0x2d871db0,0x2d871db0,PathIsSystemFolderW
0xbe8cd93f,0xbe8cd93f,PathIsUNCA
0x9728f7b6,0x9728f7b6,PathIsUNCServerA
0x521f03a9,0x521f03a9,PathIsUNCServerShareA
0x521f03bf,0x521f03bf,PathIsUNCServerShareW
0x9728f7cc,0x9728f7cc,PathIsUNCServerW
0xbe8cd955,0xbe8cd955,PathIsUNCW
0xbe8ceb6c,0xbe8ceb6c,PathIsURLA
0xbe8ceb82,0xbe8ceb82,PathIsURLW
0x7f661783,0x7f661783,PathMakePrettyA
0x7f661799,0x7f661799,PathMakePrettyW
0xbb8ee1bc,0xbb8ee1bc,PathMakeSystemFolderA
0xbb8ee1d2,0xbb8ee1d2,PathMakeSystemFolderW
0x27d9b9b2,0x27d9b9b2,PathMakeUniqueName
0x3149d2f5,0x3149d2f5,PathMatchSpecA
0xab0a80d2,0xab0a80d2,PathMatchSpecExA
0xab0a80e8,0xab0a80e8,PathMatchSpecExW
0x3149d30b,0x3149d30b,PathMatchSpecW
0xa783a5fa,0xa783a5fa,PathParseIconLocationA
0xa783a610,0xa783a610,PathParseIconLocationW
0xfb395017,0xfb395017,PathQualify
0xbd16e98a,0xbd16e98a,PathQuoteSpacesA
0xbd16e9a0,0xbd16e9a0,PathQuoteSpacesW
0x7feb7d89,0x7feb7d89,PathRelativePathToA
0x7feb7d9f,0x7feb7d9f,PathRelativePathToW
0xfd2bc298,0xfd2bc298,PathRemoveArgsA
0xfd2bc2ae,0xfd2bc2ae,PathRemoveArgsW
0x39d428f7,0x39d428f7,PathRemoveBackslashA
0x39d4290d,0x39d4290d,PathRemoveBackslashW
0x35b2f626,0x35b2f626,PathRemoveBlanksA
0x35b2f63c,0x35b2f63c,PathRemoveBlanksW
0x947ced08,0x947ced08,PathRemoveExtensionA
0x947ced1e,0x947ced1e,PathRemoveExtensionW
0xb5c6c476,0xb5c6c476,PathRemoveFileSpecA
0xb5c6c48c,0xb5c6c48c,PathRemoveFileSpecW
0xbffc5932,0xbffc5932,PathRenameExtensionA
0xbffc5948,0xbffc5948,PathRenameExtensionW
0x24286fbc,0x24286fbc,PathResolve
0xeea87421,0xeea87421,PathSearchAndQualifyA
0xeea87437,0xeea87437,PathSearchAndQualifyW
0xb88550fc,0xb88550fc,PathSetDlgItemPathA
0xb8855112,0xb8855112,PathSetDlgItemPathW
0xcf027818,0xcf027818,PathSkipRootA
0xcf02782e,0xcf02782e,PathSkipRootW
0xf68a61dc,0xf68a61dc,PathStripPathA
0xf68a61f2,0xf68a61f2,PathStripPathW
0x171b60f6,0x171b60f6,PathStripToRootA
0x171b610c,0x171b610c,PathStripToRootW
0x80735f43,0x80735f43,PathToRegion
0x614464b3,0x614464b3,PathUnExpandEnvStringsA
0x614464c9,0x614464c9,PathUnExpandEnvStringsW
0xc09a4a47,0xc09a4a47,PathUndecorateA
0xc09a4a5d,0xc09a4a5d,PathUndecorateW
0xdbf725f,0x0dbf725f,PathUnmakeSystemFolderA
0xdbf7275,0x0dbf7275,PathUnmakeSystemFolderW
0x4cec84d,0x04cec84d,PathUnquoteSpacesA
0x4cec863,0x04cec863,PathUnquoteSpacesW
0x4e1a32b5,0x4e1a32b5,PathYetAnotherMakeUniqueName
0x86d156b8,0x86d156b8,PeekConsoleInputA
0x86d156ce,0x86d156ce,PeekConsoleInputW
0x4279003a,0x4279003a,PeekMessageA
0x42790050,0x42790050,PeekMessageW
0x66c3cbc7,0x66c3cbc7,PeekNamedPipe
0x58912c5c,0x58912c5c,Perf
0xea467cd8,0xea467cd8,PerfAddCounters
0xd9aeb772,0xd9aeb772,PerfClose
0x813cd114,0x813cd114,PerfCloseQueryHandle
0x6ffbea2,0x06ffbea2,PerfCollect
0xc6f36965,0xc6f36965,PerfCreateInstance
0x590c26b3,0x590c26b3,PerfDecrement
0x82748635,0x82748635,PerfDecrementULongCounterValue
0x82a06165,0x82a06165,PerfDecrementULongLongCounterValue
0x2e31cec2,0x2e31cec2,PerfDeleteCounters
0x667a8a24,0x667a8a24,PerfDeleteInstance
0x31000b8e,0x31000b8e,PerfEnumerateCounterSet
0xf47b2d16,0xf47b2d16,PerfEnumerateCounterSetInstances
0xedcad7a1,0xedcad7a1,PerfIncrement
0x7afcf0e3,0x7afcf0e3,PerfIncrementULongCounterValue
0x99a7313,0x099a7313,PerfIncrementULongLongCounterValue
0x5bf4a9ce,0x5bf4a9ce,PerfOpen
0x941d11f0,0x941d11f0,PerfOpenQueryHandle
0xc9839c8c,0xc9839c8c,PerfQueryCounterData
0xc9868ffe,0xc9868ffe,PerfQueryCounterInfo
0xca569c05,0xca569c05,PerfQueryCounterSetRegistrationInfo
0x6656c27,0x06656c27,PerfQueryInstance
0xaa9c15e2,0xaa9c15e2,PerfSetCounterRefValue
0x6a61ff60,0x6a61ff60,PerfSetCounterSetInfo
0x3efbc14a,0x3efbc14a,PerfSetULongCounterValue
0x57c91efa,0x57c91efa,PerfSetULongLongCounterValue
0xb8d8a435,0xb8d8a435,PerfStartProvider
0x51928eb2,0x51928eb2,PerfStartProviderEx
0x189262ed,0x189262ed,PerfStopProvider
0x88213f2c,0x88213f2c,PfxFindPrefix
0xfb85f3cf,0xfb85f3cf,PfxInitialize
0x58c03720,0x58c03720,PfxInsertPrefix
0x406e7b9,0x0406e7b9,PfxRemovePrefix
0xd1c7cdb4,0xd1c7cdb4,PhysicalToLogicalPoint
0x933f7096,0x933f7096,PickIconDlg
0xa7101cd,0x0a7101cd,Pie
0x4f759a56,0x4f759a56,PifMgr_CloseProperties
0x67b3bc0,0x067b3bc0,PifMgr_GetProperties
0xc96bd4d2,0xc96bd4d2,PifMgr_OpenProperties
0xbeefadcc,0xbeefadcc,PifMgr_SetProperties
0x2b1a8e27,0x2b1a8e27,PlayEnhMetaFile
0xe2ba0606,0xe2ba0606,PlayEnhMetaFileRecord
0xf875f3bb,0xf875f3bb,PlayGdiScriptOnPrinterIC
0x37b8156c,0x37b8156c,PlayMetaFile
0xe6932d0b,0xe6932d0b,PlayMetaFileRecord
0x6052cace,0x6052cace,PlaySound
0x6aac24cf,0x6aac24cf,PlaySoundA
0x6aac24e5,0x6aac24e5,PlaySoundW
0xc2064fd4,0xc2064fd4,PlgBlt
0xbec8548f,0xbec8548f,PnPGetServiceName
0x3d319b2e,0x3d319b2e,PnPService
0x9faaa30,0x09faaa30,Pointer
0xc69b9e94,0xc69b9e94,PolyBezier
0xdbfd9eb7,0xdbfd9eb7,PolyBezierTo
0x510de701,0x510de701,PolyDraw
0xe61dd15b,0xe61dd15b,PolyPolygon
0xa9daa15f,0xa9daa15f,PolyPolyline
0x74c0db51,0x74c0db51,PolyTextOutA
0x74c0db67,0x74c0db67,PolyTextOutW
0xa36c5d7,0x0a36c5d7,Polygon
0x5112255b,0x5112255b,Polyline
0xde30f33e,0xde30f33e,PolylineTo
0x2c7c3c1f,0x2c7c3c1f,PopEntrySList
0xc90bfd9b,0xc90bfd9b,PostMessageA
0xc90bfdb1,0xc90bfdb1,PostMessageW
0x65d1171c,0x65d1171c,PostQueuedCompletionStatus
0x9d6093d,0x09d6093d,PostQuitMessage
0x1fd32fb3,0x1fd32fb3,PostThreadMessageA
0x1fd32fc9,0x1fd32fc9,PostThreadMessageW
0x3a9b08cc,0x3a9b08cc,PowerClearRequest
0x69c8bc19,0x69c8bc19,PowerCreateRequest
0x9525afb1,0x9525afb1,PowerSetRequest
0x17f58dea,0x17f58dea,PreAllocator_Create
0x46563320,0x46563320,PreAllocator_Destroy
0x3698d41e,0x3698d41e,PrePrepareComplete
0xddfd4668,0xddfd4668,PrePrepareEnlistment
0xdc923862,0xdc923862,PrepareBitStringForEncoding
0x68be7e37,0x68be7e37,PrepareComplete
0x8db580e7,0x8db580e7,PrepareDiscForBurnRunDllW
0x3035dac1,0x3035dac1,PrepareEnlistment
0xf85a5988,0xf85a5988,PrepareTape
0xb449e5b4,0xb449e5b4,PrintWindow
0xe385b602,0xe385b602,PrinterMessageBoxA
0xe385b618,0xe385b618,PrinterMessageBoxW
0x3174ee80,0x3174ee80,PrinterProperties
0xfe0ec7d5,0xfe0ec7d5,PrintersGetCommand_RunDLL
0xbfe7c2b6,0xbfe7c2b6,PrintersGetCommand_RunDLLA
0xbfe7c2cc,0xbfe7c2cc,PrintersGetCommand_RunDLLW
0x5b1cb49f,0x5b1cb49f,PrivCopyFileExW
0xe3b9df0a,0xe3b9df0a,PrivCreateTransaction
0x3dddb1a9,0x3dddb1a9,PrivIsLogWritableTransactionManager
0xa0ab16e8,0xa0ab16e8,PrivMoveFileIdentityW
0x4b5ab2ed,0x4b5ab2ed,PrivPropagationComplete
0xed268239,0xed268239,PrivPropagationFailed
0x9edd3d73,0x9edd3d73,PrivRegisterProtocolAddressInformation
0xbb9bdb5f,0xbb9bdb5f,PrivacyGetZonePreferenceW
0xe4a574eb,0xe4a574eb,PrivacySetZonePreferenceW
0x30c53d9b,0x30c53d9b,Private1
0x6007b2c,0x06007b2c,PrivateExtractIconExA
0x6007b42,0x06007b42,PrivateExtractIconExW
0xa3174b42,0xa3174b42,PrivateExtractIconsA
0xa3174b58,0xa3174b58,PrivateExtractIconsW
0xbd089762,0xbd089762,PrivateRegisterICSProc
0xec4d0654,0xec4d0654,PrivilegeCheck
0x15f3ed50,0x15f3ed50,PrivilegedServiceAuditAlarmA
0x15f3ed66,0x15f3ed66,PrivilegedServiceAuditAlarmW
0x74e85db,0x074e85db,Process32First
0xf11f4192,0xf11f4192,Process32FirstW
0x1f44c372,0x1f44c372,Process32Next
0x7dd3209,0x07dd3209,Process32NextW
0x4ee350af,0x4ee350af,ProcessIdToSessionId
0x78fd3872,0x78fd3872,ProcessIdleTasks
0x98a44709,0x98a44709,ProcessIdleTasksW
0x6070547d,0x6070547d,ProcessTrace
0x144f1d32,0x144f1d32,ProcessorInformationEx
0x7b198538,0x7b198538,ProcessorNumber
0xa78fbc75,0xa78fbc75,ProcessorNumberEx
0x7a534d7,0x07a534d7,ProgIDFromCLSID
0x5c31e856,0x5c31e856,PropStgNameToFmtId
0x4f00e0d1,0x4f00e0d1,PropSysAllocString
0xf3b1a568,0xf3b1a568,PropSysFreeString
0x4cbad6d,0x04cbad6d,PropVariantChangeType
0x53691ecc,0x53691ecc,PropVariantClear
0x5bc2f029,0x5bc2f029,PropVariantCompareEx
0x6f224580,0x6f224580,PropVariantCopy
0x3a8bffc8,0x3a8bffc8,PropVariantGetBooleanElem
0x7b6de803,0x7b6de803,PropVariantGetDoubleElem
0xd1747918,0xd1747918,PropVariantGetElementCount
0x317ae157,0x317ae157,PropVariantGetFileTimeElem
0x44d13b7a,0x44d13b7a,PropVariantGetInt16Elem
0x49332ab8,0x49332ab8,PropVariantGetInt32Elem
0x5056d59d,0x5056d59d,PropVariantGetInt64Elem
0x595b4adf,0x595b4adf,PropVariantGetStringElem
0xb8f7a00f,0xb8f7a00f,PropVariantGetUInt16Elem
0xbd598f4d,0xbd598f4d,PropVariantGetUInt32Elem
0xc47d3a32,0xc47d3a32,PropVariantGetUInt64Elem
0xe8699c83,0xe8699c83,PropVariantToBSTR
0xc7eab888,0xc7eab888,PropVariantToBoolean
0x1da76c9b,0x1da76c9b,PropVariantToBooleanVector
0x197db8c6,0x197db8c6,PropVariantToBooleanVectorAlloc
0xeb7324e9,0xeb7324e9,PropVariantToBooleanWithDefault
0xa95f2322,0xa95f2322,PropVariantToBuffer
0xada50ae3,0xada50ae3,PropVariantToDouble
0x6b4ad736,0x6b4ad736,PropVariantToDoubleVector
0x1162fc41,0x1162fc41,PropVariantToDoubleVectorAlloc
0xe3586864,0xe3586864,PropVariantToDoubleWithDefault
0xa0f5e6f7,0xa0f5e6f7,PropVariantToFileTime
0xaa5d724a,0xaa5d724a,PropVariantToFileTimeVector
0x49f5a3d5,0x49f5a3d5,PropVariantToFileTimeVectorAlloc
0xe86c6171,0xe86c6171,PropVariantToGUID
0xf619167a,0xf619167a,PropVariantToInt16
0x62f4f80d,0x62f4f80d,PropVariantToInt16Vector
0xfde63b78,0xfde63b78,PropVariantToInt16VectorAlloc
0xcfdba79b,0xcfdba79b,PropVariantToInt16WithDefault
0xf61916b8,0xf61916b8,PropVariantToInt32
0x78faecb,0x078faecb,PropVariantToInt32Vector
0xd8d6d8f6,0xd8d6d8f6,PropVariantToInt32VectorAlloc
0xaacc4519,0xaacc4519,PropVariantToInt32WithDefault
0xf619171d,0xf619171d,PropVariantToInt64
0x6649a6f0,0x6649a6f0,PropVariantToInt64Vector
0x28dab03b,0x28dab03b,PropVariantToInt64VectorAlloc
0xfad01c5e,0xfad01c5e,PropVariantToInt64WithDefault
0xd0fb84ec,0xd0fb84ec,PropVariantToStrRet
0xd0fb5fbf,0xd0fb5fbf,PropVariantToString
0x23b426a,0x023b426a,PropVariantToStringAlloc
0x7a1c6112,0x7a1c6112,PropVariantToStringVector
0x9ec10f9d,0x9ec10f9d,PropVariantToStringVectorAlloc
0x70b67bc0,0x70b67bc0,PropVariantToStringWithDefault
0xd4dc9cef,0xd4dc9cef,PropVariantToUInt16
0x3222c242,0x3222c242,PropVariantToUInt16Vector
0xfee3aecd,0xfee3aecd,PropVariantToUInt16VectorAlloc
0xd0d91af0,0xd0d91af0,PropVariantToUInt16WithDefault
0xd4dc9d2d,0xd4dc9d2d,PropVariantToUInt32
0xd6bd7900,0xd6bd7900,PropVariantToUInt32Vector
0xd9d44c4b,0xd9d44c4b,PropVariantToUInt32VectorAlloc
0xabc9b86e,0xabc9b86e,PropVariantToUInt32WithDefault
0xd4dc9d92,0xd4dc9d92,PropVariantToUInt64
0x35777125,0x35777125,PropVariantToUInt64Vector
0x29d82390,0x29d82390,PropVariantToUInt64VectorAlloc
0xfbcd8fb3,0xfbcd8fb3,PropVariantToUInt64WithDefault
0xab03d3dd,0xab03d3dd,PropVariantToVariant
0x4dad1de,0x04dad1de,PropVariantToWinRTPropertyValue
0xf7c6dcd,0x0f7c6dcd,PropertySheet
0xff0a27ae,0xff0a27ae,PropertySheetA
0xff0a27c4,0xff0a27c4,PropertySheetW
0x71d03a85,0x71d03a85,ProviderEnabled
0xca320598,0xca320598,PtInRect
0x1ecbd8ce,0x1ecbd8ce,PtInRegion
0xed924841,0xed924841,PtVisible
0xbaa6109a,0xbaa6109a,PulseEvent
0xa0406efe,0xa0406efe,PurgeComm
0xa80f8b50,0xa80f8b50,PushEntrySList
0x1fe9a97a,0x1fe9a97a,PushListSList
0x7e5adcbf,0x7e5adcbf,QISearch
0xec6e2074,0xec6e2074,QueryActCtxSettingsW
0xb28cb143,0xb28cb143,QueryActCtxW
0x64dadd41,0x64dadd41,QueryAllTracesA
0x64dadd57,0x64dadd57,QueryAllTracesW
0x58eac7f5,0x58eac7f5,QueryColorProfile
0x81006412,0x81006412,QueryContextAttributesA
0x81006428,0x81006428,QueryContextAttributesW
0x589a45bb,0x589a45bb,QueryCredentialsAttributesA
0x589a45d1,0x589a45d1,QueryCredentialsAttributesW
0xdc91f069,0xdc91f069,QueryDepthSList
0xb63b49f1,0xb63b49f1,QueryDisplayConfig
0x57c51c1c,0x57c51c1c,QueryDosDeviceA
0x57c51c32,0x57c51c32,QueryDosDeviceW
0x9ec2cf7c,0x9ec2cf7c,QueryFullProcessImageNameA
0x9ec2cf92,0x9ec2cf92,QueryFullProcessImageNameW
0xb2f4a042,0xb2f4a042,QueryIdleProcessorCycleTime
0x429dc1ff,0x429dc1ff,QueryIdleProcessorCycleTimeEx
0x90a08a5d,0x90a08a5d,QueryInformationJobObject
0x449e9c2d,0x449e9c2d,QueryMemoryResourceNotification
0xb8c23c77,0xb8c23c77,QueryPerformanceCounter
0x4bebc629,0x4bebc629,QueryPerformanceFrequency
0xa5c94566,0xa5c94566,QueryProcessAffinityUpdateMode
0xbf4182a3,0xbf4182a3,QueryProcessCycleTime
0x51183861,0x51183861,QueryRecoveryAgentsOnEncryptedFile
0x39ccae3b,0x39ccae3b,QueryRemoteFonts
0xb1efc33b,0xb1efc33b,QuerySecurityAccessMask
0x35dee463,0x35dee463,QuerySecurityContextToken
0x30ea1796,0x30ea1796,QuerySecurityPackageInfoA
0x30ea17ac,0x30ea17ac,QuerySecurityPackageInfoW
0xf2e73c94,0xf2e73c94,QuerySendMessage
0x20b550b6,0x20b550b6,QueryService
0xaff6ddf,0x0aff6ddf,QueryServiceConfig2A
0xaff6df5,0x0aff6df5,QueryServiceConfig2W
0xfd931ed,0x0fd931ed,QueryServiceConfigA
0xfd93203,0x0fd93203,QueryServiceConfigW
0x48460124,0x48460124,QueryServiceLockStatusA
0x4846013a,0x4846013a,QueryServiceLockStatusW
0x3b0ede65,0x3b0ede65,QueryServiceObjectSecurity
0xc909ccfa,0xc909ccfa,QueryServiceStatus
0x32b0fcb7,0x32b0fcb7,QueryServiceStatusEx
0x5319a217,0x5319a217,QuerySpoolMode
0xbd4176dc,0xbd4176dc,QueryThreadCycleTime
0xbfc64627,0xbfc64627,QueryThreadProfiling
0x71beb8f3,0x71beb8f3,QueryThreadpoolStackInformation
0x9f5b49b5,0x9f5b49b5,QueryTraceA
0x9f5b49cb,0x9f5b49cb,QueryTraceW
0x6719c6ec,0x6719c6ec,QueryUnbiasedInterruptTime
0xe62d6742,0xe62d6742,QueryUsersOnEncryptedFile
0xc2b52407,0xc2b52407,QueueUserAPC
0xef01d465,0xef01d465,QueueUserWorkItem
0x8e55940e,0x8e55940e,RIOCloseCompletionQueue
0xfa562f0c,0xfa562f0c,RIOCreateCompletionQueue
0xa0ae1ffb,0xa0ae1ffb,RIOCreateRequestQueue
0xca387c1,0x0ca387c1,RIODequeueCompletion
0x15c80641,0x15c80641,RIODeregisterBuffer
0xa046e9b2,0xa046e9b2,RIONotify
0xc483b73c,0xc483b73c,RIOReceive
0xf44e7f79,0xf44e7f79,RIOReceiveEx
0x2b47738,0x02b47738,RIORegisterBuffer
0xe9d9764a,0xe9d9764a,RIOResizeCompletionQueue
0x478e7ff9,0x478e7ff9,RIOResizeRequestQueue
0x965f4223,0x965f4223,RIOSend
0xab386020,0xab386020,RIOSendEx
0x188f65e8,0x188f65e8,RSA_FormatBlock
0xa3c21c12,0xa3c21c12,RaiseException
0x77f7531c,0x77f7531c,RaiseFailFastException
0x7598d983,0x7598d983,RangeMapAddPeImageSections
0xa64a722e,0xa64a722e,RangeMapCreate
0xbced42fc,0xbced42fc,RangeMapFree
0xbcf39fb6,0xbcf39fb6,RangeMapRead
0xc86133e8,0xc86133e8,RangeMapRemove
0x5bc95645,0x5bc95645,RangeMapWrite
0x59651258,0x59651258,ReOpenFile
0x9433c7c2,0x9433c7c2,ReadCabinetState
0x1b20f06f,0x1b20f06f,ReadClassStg
0x1b20f075,0x1b20f075,ReadClassStm
0x2060659f,0x2060659f,ReadConsoleA
0x80a5d04f,0x80a5d04f,ReadConsoleInputA
0x415b3cac,0x415b3cac,ReadConsoleInputExA
0x415b3cc2,0x415b3cc2,ReadConsoleInputExW
0x80a5d065,0x80a5d065,ReadConsoleInputW
0x73d70e30,0x73d70e30,ReadConsoleOutputA
0x8ca5ad63,0x8ca5ad63,ReadConsoleOutputAttribute
0x18206c7d,0x18206c7d,ReadConsoleOutputCharacterA
0x18206c93,0x18206c93,ReadConsoleOutputCharacterW
0x73d70e46,0x73d70e46,ReadConsoleOutputW
0x206065b5,0x206065b5,ReadConsoleW
0xb50ae650,0xb50ae650,ReadDirectoryChangesW
0x177def63,0x177def63,ReadEncryptedFileRaw
0xcb1785d0,0xcb1785d0,ReadEventLogA
0xcb1785e6,0xcb1785e6,ReadEventLogW
0xca7638b,0x0ca7638b,ReadFile
0xd40e7b88,0xd40e7b88,ReadFileEx
0xbe0ba501,0xbe0ba501,ReadFileScatter
0x214b9f61,0x214b9f61,ReadFmtUserTypeStg
0xe93f9979,0xe93f9979,ReadOleStg
0xd929e30,0x0d929e30,ReadOnlyEnlistment
0x6c719d4f,0x6c719d4f,ReadPrinter
0x8756c903,0x8756c903,ReadProcessMemory
0xeadb5f6d,0xeadb5f6d,ReadStorageProperties
0x61a482ee,0x61a482ee,ReadStringStream
0x99185727,0x99185727,ReadThreadProfilingData
0x2c9015d0,0x2c9015d0,ReadUrlCacheEntryStream
0x90ecd30d,0x90ecd30d,ReadUrlCacheEntryStreamEx
0x7f6ecced,0x7f6ecced,RealChildWindowFromPoint
0xb6fa18f,0x0b6fa18f,RealDriveType
0x846fd961,0x846fd961,RealGetWindowClass
0x126b05c2,0x126b05c2,RealGetWindowClassA
0x126b05d8,0x126b05d8,RealGetWindowClassW
0x69bb55f,0x069bb55f,RealShellExecuteA
0x1c5ea5bc,0x1c5ea5bc,RealShellExecuteExA
0x1c5ea5d2,0x1c5ea5d2,RealShellExecuteExW
0x69bb575,0x069bb575,RealShellExecuteW
0xa8a7262a,0xa8a7262a,RealizePalette
0xcffb470c,0xcffb470c,ReasonCodeNeedsBugID
0xfb535634,0xfb535634,ReasonCodeNeedsComment
0xbe47c872,0xbe47c872,RecordShutdownReason
0x18cdb28,0x018cdb28,RecoverEnlistment
0x98ec03c8,0x98ec03c8,RecoverResourceManager
0xc7508fa6,0xc7508fa6,RecoverTransactionManager
0xb5203578,0xb5203578,RectInRegion
0xd318b7ab,0xd318b7ab,RectVisible
0x608307c4,0x608307c4,Rectangle
0x2ee54eec,0x2ee54eec,RedrawWindow
0xe1e0ec,0x00e1e0ec,RegCloseKey
0x5301e731,0x5301e731,RegConnectRegistryA
0x1b18940e,0x1b18940e,RegConnectRegistryExA
0x1b189424,0x1b189424,RegConnectRegistryExW
0x5301e747,0x5301e747,RegConnectRegistryW
0x3deff179,0x3deff179,RegCopyTreeA
0x3deff18f,0x3deff18f,RegCopyTreeW
0x9b3d667,0x09b3d667,RegCreateHKCUKeyExU
0xfa31aaeb,0xfa31aaeb,RegCreateKeyA
0x4d482e48,0x4d482e48,RegCreateKeyExA
0x4d482e5c,0x4d482e5c,RegCreateKeyExU
0x4d482e5e,0x4d482e5e,RegCreateKeyExW
0x7a80b674,0x7a80b674,RegCreateKeyTransactedA
0x7a80b68a,0x7a80b68a,RegCreateKeyTransactedW
0xfa31ab01,0xfa31ab01,RegCreateKeyW
0xbda0442a,0xbda0442a,RegDeleteKeyA
0xa6c21347,0xa6c21347,RegDeleteKeyExA
0xa6c2135d,0xa6c2135d,RegDeleteKeyExW
0x19932a73,0x19932a73,RegDeleteKeyTransactedA
0x19932a89,0x19932a89,RegDeleteKeyTransactedW
0x78231be7,0x78231be7,RegDeleteKeyValueA
0x78231bfd,0x78231bfd,RegDeleteKeyValueW
0xbda04440,0xbda04440,RegDeleteKeyW
0x72527291,0x72527291,RegDeleteTreeA
0x725272a7,0x725272a7,RegDeleteTreeW
0xc01b90de,0xc01b90de,RegDeleteValueA
0xc01b90f2,0xc01b90f2,RegDeleteValueU
0xc01b90f4,0xc01b90f4,RegDeleteValueW
0xcb91640b,0xcb91640b,RegDisablePredefinedCache
0xf57a9c08,0xf57a9c08,RegDisablePredefinedCacheEx
0x28fc1c55,0x28fc1c55,RegDisableReflectionKey
0xaa69f148,0xaa69f148,RegEnableReflectionKey
0x80ef982c,0x80ef982c,RegEnumKeyA
0x7b366fc9,0x7b366fc9,RegEnumKeyExA
0x7b366fdf,0x7b366fdf,RegEnumKeyExW
0x80ef9842,0x80ef9842,RegEnumKeyW
0x948fed60,0x948fed60,RegEnumValueA
0x948fed74,0x948fed74,RegEnumValueU
0x948fed76,0x948fed76,RegEnumValueW
0xd3a7f878,0xd3a7f878,RegFlushKey
0xc611bfce,0xc611bfce,RegGetKeySecurity
0xde060b,0x00de060b,RegGetValueA
0xde0621,0x00de0621,RegGetValueW
0xa97c300a,0xa97c300a,RegKrnGetGlobalState
0xf46becaa,0xf46becaa,RegKrnInitialize
0x3ad11e78,0x3ad11e78,RegLoadAppKeyA
0x3ad11e8e,0x3ad11e8e,RegLoadAppKeyW
0x146c9df7,0x146c9df7,RegLoadKeyA
0x146c9e0d,0x146c9e0d,RegLoadKeyW
0x315cb010,0x315cb010,RegLoadMUIStringA
0x315cb026,0x315cb026,RegLoadMUIStringW
0xfd86d52,0x0fd86d52,RegNotifyChangeKeyValue
0x1452f6a1,0x1452f6a1,RegOpenCurrentUser
0x856022e5,0x856022e5,RegOpenHKCUKeyExU
0x3035f0e9,0x3035f0e9,RegOpenKeyA
0x1575ebc6,0x1575ebc6,RegOpenKeyExA
0x1575ebda,0x1575ebda,RegOpenKeyExU
0x1575ebdc,0x1575ebdc,RegOpenKeyExW
0x545b11f2,0x545b11f2,RegOpenKeyTransactedA
0x545b1208,0x545b1208,RegOpenKeyTransactedW
0x3035f0ff,0x3035f0ff,RegOpenKeyW
0xc8a2f870,0xc8a2f870,RegOpenUserClassesRoot
0x8dcadfcc,0x8dcadfcc,RegOverridePredefKey
0x515a6d9,0x0515a6d9,RegQueryInfoKeyA
0x515a6ed,0x0515a6ed,RegQueryInfoKeyU
0x515a6ef,0x0515a6ef,RegQueryInfoKeyW
0x2dd5e420,0x2dd5e420,RegQueryMultipleValuesA
0x2dd5e436,0x2dd5e436,RegQueryMultipleValuesW
0xb67f9357,0xb67f9357,RegQueryReflectionKey
0xefd17c01,0xefd17c01,RegQueryValueA
0x2a209cde,0x2a209cde,RegQueryValueExA
0x2a209cf2,0x2a209cf2,RegQueryValueExU
0x2a209cf4,0x2a209cf4,RegQueryValueExW
0xefd17c17,0xefd17c17,RegQueryValueW
0x432444e,0x0432444e,RegRenameKey
0x48d2db13,0x48d2db13,RegReplaceKeyA
0x48d2db29,0x48d2db29,RegReplaceKeyW
0x6103891b,0x6103891b,RegRestoreKeyA
0x61038931,0x61038931,RegRestoreKeyW
0x85988b46,0x85988b46,RegSaveKeyA
0x4de89163,0x4de89163,RegSaveKeyExA
0x4de89179,0x4de89179,RegSaveKeyExW
0x85988b5c,0x85988b5c,RegSaveKeyW
0x8d14735a,0x8d14735a,RegSetKeySecurity
0xa54e7e80,0xa54e7e80,RegSetKeyValueA
0xa54e7e96,0xa54e7e96,RegSetKeyValueW
0x76b35217,0x76b35217,RegSetValueA
0xf0d05074,0xf0d05074,RegSetValueExA
0xf0d05088,0xf0d05088,RegSetValueExU
0xf0d0508a,0xf0d0508a,RegSetValueExW
0x76b3522d,0x76b3522d,RegSetValueW
0xf016237a,0xf016237a,RegUnLoadKeyA
0xf0162390,0xf0162390,RegUnLoadKeyW
0x9a10d9a5,0x9a10d9a5,RegenerateUserEnvironment
0xc13c6558,0xc13c6558,RegisterActiveObjectExt
0xef897c64,0xef897c64,RegisterApplicationRecoveryCallback
0x94ed7f2d,0x94ed7f2d,RegisterApplicationRestart
0x4a60d0cb,0x4a60d0cb,RegisterClassA
0x65d84c28,0x65d84c28,RegisterClassExA
0x65d84c3e,0x65d84c3e,RegisterClassExW
0x3db27242,0x3db27242,RegisterClassNameW
0x4a60d0e1,0x4a60d0e1,RegisterClassW
0xafa8e12e,0xafa8e12e,RegisterClipboardFormatA
0xafa8e144,0xafa8e144,RegisterClipboardFormatW
0x9108e2a2,0x9108e2a2,RegisterConsoleIME
0x9108fcdb,0x9108fcdb,RegisterConsoleOS2
0x910918ce,0x910918ce,RegisterConsoleVDM
0xf936e3ec,0xf936e3ec,RegisterDeviceNotificationA
0xf936e402,0xf936e402,RegisterDeviceNotificationW
0x1f166407,0x1f166407,RegisterDragDrop
0x9f5c2308,0x9f5c2308,RegisterErrorReportingDialog
0x63bec008,0x63bec008,RegisterEventSourceA
0x63bec01e,0x63bec01e,RegisterEventSourceW
0x12ea39c0,0x12ea39c0,RegisterForPrintAsyncNotifications
0x5dae64fa,0x5dae64fa,RegisterFrostWindow
0xbaa16ef1,0xbaa16ef1,RegisterGhostWindow
0x564b2ce8,0x564b2ce8,RegisterHotKey
0xa03d4605,0xa03d4605,RegisterIdleTask
0x277ff032,0x277ff032,RegisterLogonProcess
0x51becccc,0x51becccc,RegisterMessagePumpHook
0x84c0ba26,0x84c0ba26,RegisterPowerSettingNotification
0x9d25da91,0x9d25da91,RegisterRawInputDevices
0x67012459,0x67012459,RegisterServiceCtrlHandlerA
0x2bdbbb36,0x2bdbbb36,RegisterServiceCtrlHandlerExA
0x2bdbbb4c,0x2bdbbb4c,RegisterServiceCtrlHandlerExW
0x6701246f,0x6701246f,RegisterServiceCtrlHandlerW
0xd318ed17,0xd318ed17,RegisterServicesProcess
0x5fbddfbd,0x5fbddfbd,RegisterSessionPort
0x9e049055,0x9e049055,RegisterShellHookWindow
0x4872d9d1,0x4872d9d1,RegisterSpecialCase
0xf9a83fd1,0xf9a83fd1,RegisterSystemThread
0xf0df23e3,0xf0df23e3,RegisterTasklist
0xf7b31a0f,0xf7b31a0f,RegisterTouchWindow
0xdeaf21a0,0xdeaf21a0,RegisterTraceGuidsA
0xdeaf21b6,0xdeaf21b6,RegisterTraceGuidsW
0x4708bd82,0x4708bd82,RegisterUrlCacheNotification
0xf21f9bbe,0xf21f9bbe,RegisterUserApiHook
0x651e7238,0x651e7238,RegisterWaitChainCOMCallback
0x17d5147e,0x17d5147e,RegisterWaitForInputIdle
0xf9c09329,0xf9c09329,RegisterWaitForSingleObject
0x6c320aa6,0x6c320aa6,RegisterWaitForSingleObjectEx
0xd18c212,0x0d18c212,RegisterWindowMessageA
0xd18c228,0x0d18c228,RegisterWindowMessageW
0xccbfba9d,0xccbfba9d,RegisterWowBaseHandlers
0xa28da6f6,0xa28da6f6,RegisterWowExec
0x349a1964,0x349a1964,RelaunchChromeBrowserWithNewCommandLineIfNeeded
0xd3e41f17,0xd3e41f17,ReleaseActCtx
0xe5731e64,0xe5731e64,ReleaseCapture
0xf2547d77,0xf2547d77,ReleaseDC
0xd2e28399,0xd2e28399,ReleaseDDThreadLock
0x5474c4f8,0x5474c4f8,ReleaseDPCache
0x74ec803,0x074ec803,ReleaseMutex
0x71c00415,0x71c00415,ReleaseMutexWhenCallbackReturns
0xe20e96ed,0xe20e96ed,ReleaseSRWLockExclusive
0x11cef90c,0x11cef90c,ReleaseSRWLockShared
0xf3e22fd4,0xf3e22fd4,ReleaseSemaphore
0xef18e846,0xef18e846,ReleaseSemaphoreWhenCallbackReturns
0x1914cbdf,0x1914cbdf,ReleaseStgMedium
0xd48bcd5c,0xd48bcd5c,RemoveClipboardFormatListener
0xd530db3,0x0d530db3,RemoveDirectoryA
0x58b2333c,0x58b2333c,RemoveDirectoryTransactedA
0x58b23352,0x58b23352,RemoveDirectoryTransactedW
0xd530dc9,0x0d530dc9,RemoveDirectoryW
0x88d894ee,0x88d894ee,RemoveDllDirectory
0x97763918,0x97763918,RemoveFontMemResourceEx
0x8baeb99d,0x8baeb99d,RemoveFontResourceA
0x3243b17a,0x3243b17a,RemoveFontResourceExA
0x3243b190,0x3243b190,RemoveFontResourceExW
0x20b4856f,0x20b4856f,RemoveFontResourceTracking
0x8baeb9b3,0x8baeb9b3,RemoveFontResourceW
0x1536cac6,0x1536cac6,RemoveInvalidModuleList
0x432edf99,0x432edf99,RemoveLocalAlternateComputerNameA
0x432edfaf,0x432edfaf,RemoveLocalAlternateComputerNameW
0x5aefc7f2,0x5aefc7f2,RemoveMenu
0xb926347f,0xb926347f,RemovePropA
0xb9263495,0xb9263495,RemovePropW
0xf4fb11be,0xf4fb11be,RemoveSecureMemoryCacheCallback
0x3739adb9,0x3739adb9,RemoveTraceCallback
0x3d315f11,0x3d315f11,RemoveUsersFromEncryptedFile
0x68dca5dc,0x68dca5dc,RemoveVectoredContinueHandler
0x81fc2ee6,0x81fc2ee6,RemoveVectoredExceptionHandler
0x83e54c95,0x83e54c95,RemoveWindowSubclass
0xb2b644e8,0xb2b644e8,RenameTransactionManager
0xfbd6ffab,0xfbd6ffab,ReplaceFile
0x76b6f54c,0x76b6f54c,ReplaceFileA
0x76b6f562,0x76b6f562,ReplaceFileW
0x43875d65,0x43875d65,ReplacePartitionUnit
0x9f99d5c0,0x9f99d5c0,ReplyMessage
0xa248d50e,0xa248d50e,ReportEventA
0xa248d524,0xa248d524,ReportEventW
0x55cc9c38,0x55cc9c38,ReportJobProcessingProgress
0xc987e90f,0xc987e90f,ReportSymbolLoadSummary
0x552e055,0x0552e055,RequestDeviceWakeup
0xe3f5495,0x0e3f5495,RequestWakeupLatency
0x36bdee3a,0x36bdee3a,ResetDCA
0x36bdee50,0x36bdee50,ResetDCW
0xde0f03d4,0xde0f03d4,ResetEvent
0x560968d7,0x560968d7,ResetPrinterA
0x560968ed,0x560968ed,ResetPrinterW
0xc66dbdf4,0xc66dbdf4,ResetWriteWatch
0x4d804490,0x4d804490,ResizePalette
0x413d570d,0x413d570d,ResolveDesktopForWOW
0x60024d80,0x60024d80,ResolveLocaleName
0x53d51684,0x53d51684,RestartDialog
0x9d74d0c1,0x9d74d0c1,RestartDialogEx
0x312652da,0x312652da,RestoreDC
0x7a273871,0x7a273871,RestoreLastError
0x218e8e83,0x218e8e83,ResumeSuspendedDownload
0x6b677958,0x6b677958,ResumeThread
0x2998e06f,0x2998e06f,RetrieveUrlCacheEntryFileA
0x2998e085,0x2998e085,RetrieveUrlCacheEntryFileW
0xf61d2a1b,0xf61d2a1b,RetrieveUrlCacheEntryStreamA
0xf61d2a31,0xf61d2a31,RetrieveUrlCacheEntryStreamW
0xed43df3d,0xed43df3d,ReuseDDElParam
0x9a367a24,0x9a367a24,RevertSecurityContext
0xed3f28af,0xed3f28af,RevertToOldImplementation
0x50320db4,0x50320db4,RevertToSelf
0xbc0fc01f,0xbc0fc01f,RevokeActiveObjectExt
0x63eb60ae,0x63eb60ae,RevokeDragDrop
0x9bda8be1,0x9bda8be1,RoGetAgileReference
0x822c6ef2,0x822c6ef2,RollbackComplete
0x5ce2e63c,0x5ce2e63c,RollbackEnlistment
0x48ca097f,0x48ca097f,RollbackTransaction
0x827e11fd,0x827e11fd,RollbackTransactionAsync
0xe1ea6c5e,0xe1ea6c5e,RollforwardTransactionManager
0xf6e71bc5,0xf6e71bc5,RoundRect
0xb84f35c6,0xb84f35c6,RpcAsyncAbortCall
0xc489a0f4,0xc489a0f4,RpcAsyncCancelCall
0xc1aeece7,0xc1aeece7,RpcAsyncCompleteCall
0xeb04ae12,0xeb04ae12,RpcAsyncGetCallStatus
0xb3f5f50,0x0b3f5f50,RpcAsyncInitializeHandle
0xf91392a3,0xf91392a3,RpcAsyncRegisterInfo
0xdf0c2bac,0xdf0c2bac,RpcBindingBind
0xdf0cd1ea,0xdf0cd1ea,RpcBindingCopy
0x8cd43364,0x8cd43364,RpcBindingCreateA
0x8cd4337a,0x8cd4337a,RpcBindingCreateW
0xdf0e8251,0xdf0e8251,RpcBindingFree
0xba920f96,0xba920f96,RpcBindingFromStringBindingA
0xba920fac,0xba920fac,RpcBindingFromStringBindingW
0x5819b1a9,0x5819b1a9,RpcBindingInqAuthClientA
0xc54cdc86,0xc54cdc86,RpcBindingInqAuthClientExA
0xc54cdc9c,0xc54cdc9c,RpcBindingInqAuthClientExW
0x5819b1bf,0x5819b1bf,RpcBindingInqAuthClientW
0x570491d6,0x570491d6,RpcBindingInqAuthInfoA
0x2a707bf3,0x2a707bf3,RpcBindingInqAuthInfoExA
0x2a707c09,0x2a707c09,RpcBindingInqAuthInfoExW
0x570491ec,0x570491ec,RpcBindingInqAuthInfoW
0xd7b21f8e,0xd7b21f8e,RpcBindingInqObject
0xd8b504f0,0xd8b504f0,RpcBindingInqOption
0xc1b10d72,0xc1b10d72,RpcBindingReset
0xe5099ef9,0xe5099ef9,RpcBindingServerFromClient
0x9c638bba,0x9c638bba,RpcBindingSetAuthInfoA
0x43757ed7,0x43757ed7,RpcBindingSetAuthInfoExA
0x43757eed,0x43757eed,RpcBindingSetAuthInfoExW
0x9c638bd0,0x9c638bd0,RpcBindingSetAuthInfoW
0xfd2cc3f2,0xfd2cc3f2,RpcBindingSetObject
0xfe2fa954,0xfe2fa954,RpcBindingSetOption
0xbf779f65,0xbf779f65,RpcBindingToStringBindingA
0xbf779f7b,0xbf779f7b,RpcBindingToStringBindingW
0xff6bd02f,0xff6bd02f,RpcBindingUnbind
0x9e4da124,0x9e4da124,RpcBindingVectorFree
0x25eb82b2,0x25eb82b2,RpcCancelThread
0x4ed7006f,0x4ed7006f,RpcCancelThreadEx
0xa1f1b971,0xa1f1b971,RpcCertGeneratePrincipalNameA
0xa1f1b987,0xa1f1b987,RpcCertGeneratePrincipalNameW
0x6fe58a72,0x6fe58a72,RpcCertMatchPrincipalName
0xa4e48bef,0xa4e48bef,RpcEpRegisterA
0x3ba7fa48,0x3ba7fa48,RpcEpRegisterNoReplaceA
0x3ba7fa5e,0x3ba7fa5e,RpcEpRegisterNoReplaceW
0xa4e48c05,0xa4e48c05,RpcEpRegisterW
0x3ee75e64,0x3ee75e64,RpcEpResolveBinding
0x3c23aa71,0x3c23aa71,RpcEpUnregister
0x49f89586,0x49f89586,RpcErrorAddRecord
0x30f3326b,0x30f3326b,RpcErrorClearInformation
0x889199c,0x0889199c,RpcErrorEndEnumeration
0x4d04657c,0x4d04657c,RpcErrorGetNextRecord
0x4134186e,0x4134186e,RpcErrorGetNumberOfRecords
0x8b85ae14,0x8b85ae14,RpcErrorLoadErrorInfo
0x564b4788,0x564b4788,RpcErrorResetEnumeration
0xfe7544c3,0xfe7544c3,RpcErrorSaveErrorInfo
0xd0ff49f3,0xd0ff49f3,RpcErrorStartEnumeration
0xdaa24dc9,0xdaa24dc9,RpcExceptionFilter
0x2610764c,0x2610764c,RpcFreeAuthorizationContext
0x9ff84250,0x9ff84250,RpcGetAuthorizationContextForClient
0xca666c65,0xca666c65,RpcIfIdVectorFree
0x2ecf7c58,0x2ecf7c58,RpcIfInqId
0x5dea895a,0x5dea895a,RpcImpersonateClient
0x41241f96,0x41241f96,RpcMgmtEnableIdleCleanup
0x69c3f510,0x69c3f510,RpcMgmtEpEltInqBegin
0x8ed8a8b1,0x8ed8a8b1,RpcMgmtEpEltInqDone
0x6a9d64cb,0x6a9d64cb,RpcMgmtEpEltInqNextA
0x6a9d64e1,0x6a9d64e1,RpcMgmtEpEltInqNextW
0x9b316d66,0x9b316d66,RpcMgmtEpUnregister
0x87e73c57,0x87e73c57,RpcMgmtInqComTimeout
0x2254472f,0x2254472f,RpcMgmtInqDefaultProtectLevel
0x2bda4080,0x2bda4080,RpcMgmtInqIfIds
0xb3e07526,0xb3e07526,RpcMgmtInqServerPrincNameA
0xb3e0753c,0xb3e0753c,RpcMgmtInqServerPrincNameW
0x2c96c2e0,0x2c96c2e0,RpcMgmtInqStats
0xc93bc009,0xc93bc009,RpcMgmtIsServerListening
0xc4a4a37a,0xc4a4a37a,RpcMgmtSetAuthorizationFn
0xab2813e2,0xab2813e2,RpcMgmtSetCancelTimeout
0x792572bb,0x792572bb,RpcMgmtSetComTimeout
0x4068be9d,0x4068be9d,RpcMgmtSetServerStackSize
0x3c818fad,0x3c818fad,RpcMgmtStatsVectorFree
0x4508a93,0x04508a93,RpcMgmtStopServerListening
0xb925dc44,0xb925dc44,RpcMgmtWaitServerListen
0xea6f9c48,0xea6f9c48,RpcNetworkInqProtseqsA
0xea6f9c5e,0xea6f9c5e,RpcNetworkInqProtseqsW
0xe2b93c19,0xe2b93c19,RpcNetworkIsProtseqValidA
0xe2b93c2f,0xe2b93c2f,RpcNetworkIsProtseqValidW
0x6ab42fec,0x6ab42fec,RpcNsBindingInqEntryNameA
0x6ab43002,0x6ab43002,RpcNsBindingInqEntryNameW
0xf7b09b35,0xf7b09b35,RpcObjectInqType
0x79bc98b3,0x79bc98b3,RpcObjectSetInqFn
0xe4aed699,0xe4aed699,RpcObjectSetType
0x47392838,0x47392838,RpcProtseqVectorFreeA
0x4739284e,0x4739284e,RpcProtseqVectorFreeW
0xbe06dd7,0x0be06dd7,RpcRaiseException
0x8a972a39,0x8a972a39,RpcRevertToSelf
0x8d0aa5b6,0x8d0aa5b6,RpcRevertToSelfEx
0x31add209,0x31add209,RpcServerCompleteSecurityCallback
0xf4cae7fa,0xf4cae7fa,RpcServerInqBindingHandle
0x8dcaf0a1,0x8dcaf0a1,RpcServerInqBindings
0x64911ed7,0x64911ed7,RpcServerInqCallAttributesA
0x64911eed,0x64911eed,RpcServerInqCallAttributesW
0x2196f796,0x2196f796,RpcServerInqDefaultPrincNameA
0x2196f7ac,0x2196f7ac,RpcServerInqDefaultPrincNameW
0xee3342c2,0xee3342c2,RpcServerInqIf
0xbb41e21a,0xbb41e21a,RpcServerListen
0x1e11f2ef,0x1e11f2ef,RpcServerRegisterAuthInfoA
0x1e11f305,0x1e11f305,RpcServerRegisterAuthInfoW
0x74ec737f,0x74ec737f,RpcServerRegisterIf
0x127ae391,0x127ae391,RpcServerRegisterIf2
0x61d7587c,0x61d7587c,RpcServerRegisterIfEx
0xae34bdfb,0xae34bdfb,RpcServerSubscribeForNotification
0xb8328011,0xb8328011,RpcServerTestCancel
0xbe6a1d42,0xbe6a1d42,RpcServerUnregisterIf
0x1667eff,0x01667eff,RpcServerUnregisterIfEx
0xd54ec0fe,0xd54ec0fe,RpcServerUnsubscribeForNotification
0x26e08c72,0x26e08c72,RpcServerUseAllProtseqs
0x61357a2f,0x61357a2f,RpcServerUseAllProtseqsEx
0x61357aa1,0x61357aa1,RpcServerUseAllProtseqsIf
0x847eb01e,0x847eb01e,RpcServerUseAllProtseqsIfEx
0x1064c7c7,0x1064c7c7,RpcServerUseProtseqA
0xbcb5f11c,0xbcb5f11c,RpcServerUseProtseqEpA
0xc1f6c4b9,0xc1f6c4b9,RpcServerUseProtseqEpExA
0xc1f6c4cf,0xc1f6c4cf,RpcServerUseProtseqEpExW
0xbcb5f132,0xbcb5f132,RpcServerUseProtseqEpW
0xbcb5f224,0xbcb5f224,RpcServerUseProtseqExA
0xbcb5f23a,0xbcb5f23a,RpcServerUseProtseqExW
0xbcb600d6,0xbcb600d6,RpcServerUseProtseqIfA
0xc239aaf3,0xc239aaf3,RpcServerUseProtseqIfExA
0xc239ab09,0xc239ab09,RpcServerUseProtseqIfExW
0xbcb600ec,0xbcb600ec,RpcServerUseProtseqIfW
0x1064c7dd,0x1064c7dd,RpcServerUseProtseqW
0xef51da42,0xef51da42,RpcServerYield
0x852f3a39,0x852f3a39,RpcSmAllocate
0xea691435,0xea691435,RpcSmClientFree
0xa365acc2,0xa365acc2,RpcSmDestroyClientContext
0xe9a53e2d,0xe9a53e2d,RpcSmDisableAllocate
0x2cc83a60,0x2cc83a60,RpcSmEnableAllocate
0x85d6f5b6,0x85d6f5b6,RpcSmFree
0x9e377338,0x9e377338,RpcSmGetThreadHandle
0x36d8d92c,0x36d8d92c,RpcSmSetClientAllocFree
0x45909844,0x45909844,RpcSmSetThreadHandle
0x614b6fbb,0x614b6fbb,RpcSmSwapClientAllocFree
0x4019e03f,0x4019e03f,RpcSsAllocate
0xdd9f25e0,0xdd9f25e0,RpcSsContextLockExclusive
0x9fa1b4df,0x9fa1b4df,RpcSsContextLockShared
0x89b38bc8,0x89b38bc8,RpcSsDestroyClientContext
0x32e42173,0x32e42173,RpcSsDisableAllocate
0xd875959c,0xd875959c,RpcSsDontSerializeContext
0x74cce6,0x0074cce6,RpcSsEnableAllocate
0x864388bc,0x864388bc,RpcSsFree
0x6656b83a,0x6656b83a,RpcSsGetContextBinding
0xe776567e,0xe776567e,RpcSsGetThreadHandle
0x5bf73eb2,0x5bf73eb2,RpcSsSetClientAllocFree
0x8ecf7b8a,0x8ecf7b8a,RpcSsSetThreadHandle
0x2a368601,0x2a368601,RpcSsSwapClientAllocFree
0xeb1f1d3d,0xeb1f1d3d,RpcStringBindingComposeA
0xeb1f1d53,0xeb1f1d53,RpcStringBindingComposeW
0xa5a4c2,0x00a5a4c2,RpcStringBindingParseA
0xa5a4d8,0x00a5a4d8,RpcStringBindingParseW
0xc6690c8e,0xc6690c8e,RpcStringFreeA
0xc6690ca4,0xc6690ca4,RpcStringFreeW
0xd3d36b3a,0xd3d36b3a,RpcTestCancel
0xfb77f5b5,0xfb77f5b5,RpcUserFree
0x7b8a20db,0x7b8a20db,RtlAbortRXact
0xff442160,0xff442160,RtlAbsoluteToSelfRelativeSD
0x95531e8b,0x95531e8b,RtlAcquirePebLock
0x67b04892,0x67b04892,RtlAcquirePrivilege
0xaa0bf369,0xaa0bf369,RtlAcquireReleaseSRWLockExclusive
0xae6c69ab,0xae6c69ab,RtlAcquireResourceExclusive
0x4f29948a,0x4f29948a,RtlAcquireResourceShared
0x7618eaa8,0x7618eaa8,RtlAcquireSRWLockExclusive
0x487c6ea7,0x487c6ea7,RtlAcquireSRWLockShared
0xab6d19e9,0xab6d19e9,RtlActivateActivationContext
0x3b1b4166,0x3b1b4166,RtlActivateActivationContextEx
0xa9609a39,0xa9609a39,RtlActivateActivationContextUnsafeFast
0x2a7d616d,0x2a7d616d,RtlAddAccessAllowedAce
0xbf5b79ea,0xbf5b79ea,RtlAddAccessAllowedAceEx
0x851d1284,0x851d1284,RtlAddAccessAllowedObjectAce
0x549990ce,0x549990ce,RtlAddAccessDeniedAce
0xe141058b,0xe141058b,RtlAddAccessDeniedAceEx
0xf03186a5,0xf03186a5,RtlAddAccessDeniedObjectAce
0xc10952d3,0xc10952d3,RtlAddAce
0xe409a4cd,0xe409a4cd,RtlAddActionToRXact
0xcae20797,0xcae20797,RtlAddAtomToAtomTable
0xbaa5a901,0xbaa5a901,RtlAddAttributeActionToRXact
0xa9dc79bc,0xa9dc79bc,RtlAddAuditAccessAce
0x92e1e1f9,0x92e1e1f9,RtlAddAuditAccessAceEx
0x6a6ea13,0x06a6ea13,RtlAddAuditAccessObjectAce
0xd9a3d7b8,0xd9a3d7b8,RtlAddCompoundAce
0x97b5196f,0x97b5196f,RtlAddIntegrityLabelToBoundaryDescriptor
0x58f8f42,0x058f8f42,RtlAddMandatoryAce
0xccb1bbe,0x0ccb1bbe,RtlAddRefActivationContext
0x1d1b0fcc,0x1d1b0fcc,RtlAddRefMemoryStream
0x7401ef90,0x7401ef90,RtlAddSIDToBoundaryDescriptor
0x80026c89,0x80026c89,RtlAddVectoredContinueHandler
0x7ddacb33,0x7ddacb33,RtlAddVectoredExceptionHandler
0xa4de263b,0xa4de263b,RtlAddressInSectionTable
0xc946dbd3,0xc946dbd3,RtlAdjustPrivilege
0xb5725f33,0xb5725f33,RtlAllocateActivationContextStack
0xc527350b,0xc527350b,RtlAllocateAndInitializeSid
0x643a332,0x0643a332,RtlAllocateHandle
0x7c98ec44,0x7c98ec44,RtlAllocateHeap
0xc5103185,0xc5103185,RtlAllocateMemoryBlockLookaside
0x5126df9b,0x5126df9b,RtlAllocateMemoryZone
0x821151d2,0x821151d2,RtlAnsiCharToUnicodeChar
0xd26bf108,0xd26bf108,RtlAnsiStringToUnicodeSize
0x1def18e4,0x1def18e4,RtlAnsiStringToUnicodeString
0x3b0f62d6,0x3b0f62d6,RtlAppendAsciizToString
0xe9a8cb30,0xe9a8cb30,RtlAppendPathElement
0x22d64ea,0x022d64ea,RtlAppendStringToString
0x5a388771,0x5a388771,RtlAppendUnicodeStringToString
0x480279fa,0x480279fa,RtlAppendUnicodeToString
0xf7511d7,0x0f7511d7,RtlApplicationVerifierStop
0x4668269,0x04668269,RtlApplyRXact
0xdc647368,0xdc647368,RtlApplyRXactNoFlush
0xfd2f6621,0xfd2f6621,RtlAreAllAccessesGranted
0xc1961690,0xc1961690,RtlAreAnyAccessesGranted
0xd3cfce52,0xd3cfce52,RtlAreBitsClear
0x9f941517,0x9f941517,RtlAreBitsSet
0xc2210f13,0xc2210f13,RtlAssert
0x29353368,0x29353368,RtlBarrier
0x2232d8e2,0x2232d8e2,RtlBarrierForDelete
0x1638d248,0x1638d248,RtlCancelTimer
0x16c01b7a,0x16c01b7a,RtlCaptureContext
0xd828010b,0xd828010b,RtlCaptureStackBackTrace
0x52e3c6f0,0x52e3c6f0,RtlCaptureStackContext
0xaabf3110,0xaabf3110,RtlCharToInteger
0x25d0f00a,0x25d0f00a,RtlCheckForOrphanedCriticalSections
0x4dcac561,0x4dcac561,RtlCheckRegistryKey
0x78b51ed5,0x78b51ed5,RtlCleanUpTEBLangLists
0x291529f3,0x291529f3,RtlClearAllBits
0xd6e497da,0xd6e497da,RtlClearBits
0xbd53aa37,0xbd53aa37,RtlCloneMemoryStream
0xb0f22550,0xb0f22550,RtlCloneUserProcess
0xe06daf14,0xe06daf14,RtlCmDecodeMemIoResource
0xf00f487e,0xf00f487e,RtlCmEncodeMemIoResource
0x39fbb0dd,0x39fbb0dd,RtlCommitDebugInfo
0xca50a5cf,0xca50a5cf,RtlCommitMemoryStream
0x90c010e6,0x90c010e6,RtlCompactHeap
0xfa60a097,0xfa60a097,RtlCompareAltitudes
0x21ea32a1,0x21ea32a1,RtlCompareMemory
0x3d52946,0x03d52946,RtlCompareMemoryUlong
0x30fb39bf,0x30fb39bf,RtlCompareString
0xbd8aca66,0xbd8aca66,RtlCompareUnicodeString
0x6ee41779,0x6ee41779,RtlCompareUnicodeStrings
0x6c95a327,0x6c95a327,RtlCompressBuffer
0x173421fb,0x173421fb,RtlComputeCrc32
0x2ec393c5,0x2ec393c5,RtlComputeImportTableHash
0x8e28b611,0x8e28b611,RtlComputePrivatizedDllName_U
0x60a88c8e,0x60a88c8e,RtlConnectToSm
0xb3ce254b,0xb3ce254b,RtlConsoleMultiByteToUnicodeN
0xa8d2ed0b,0xa8d2ed0b,RtlContractHashTable
0x8709def4,0x8709def4,RtlConvertExclusiveToShared
0x13b7c378,0x13b7c378,RtlConvertLCIDToString
0x5dccaf0e,0x5dccaf0e,RtlConvertLongToLargeInteger
0xb90073b4,0xb90073b4,RtlConvertSharedToExclusive
0xd36a1c83,0xd36a1c83,RtlConvertSidToUnicodeString
0xc7342be0,0xc7342be0,RtlConvertToAutoInheritSecurityObject
0x54d3d6f5,0x54d3d6f5,RtlConvertUiListToApiList
0x4eb856e3,0x4eb856e3,RtlConvertUlongToLargeInteger
0xf2124561,0xf2124561,RtlCopyContext
0x1c8fd6d2,0x1c8fd6d2,RtlCopyExtendedContext
0x6da30a6a,0x6da30a6a,RtlCopyLuid
0x6531e063,0x6531e063,RtlCopyLuidAndAttributesArray
0xa94837ec,0xa94837ec,RtlCopyMappedMemory
0x1b59c7a4,0x1b59c7a4,RtlCopyMemoryStreamTo
0x3f325770,0x3f325770,RtlCopyOutOfProcessMemoryStreamTo
0x5dca4013,0x5dca4013,RtlCopySecurityDescriptor
0x96b7799c,0x96b7799c,RtlCopySid
0x8440815,0x08440815,RtlCopySidAndAttributesArray
0x72d65fd3,0x72d65fd3,RtlCopyString
0x35c3d1fa,0x35c3d1fa,RtlCopyUnicodeString
0x60954705,0x60954705,RtlCreateAcl
0x13cb2fcc,0x13cb2fcc,RtlCreateActivationContext
0xf1c001ab,0xf1c001ab,RtlCreateAndSetSD
0xf5119a2e,0xf5119a2e,RtlCreateAtomTable
0x91a64cc7,0x91a64cc7,RtlCreateBootStatusDataFile
0x4f9a8578,0x4f9a8578,RtlCreateBoundaryDescriptor
0x83018b8a,0x83018b8a,RtlCreateEnvironment
0x49929f47,0x49929f47,RtlCreateEnvironmentEx
0xc3d50c61,0xc3d50c61,RtlCreateHashTable
0x734205b3,0x734205b3,RtlCreateHeap
0xe14448f4,0xe14448f4,RtlCreateMemoryBlockLookaside
0xb2ff104a,0xb2ff104a,RtlCreateMemoryZone
0x4777d6c8,0x4777d6c8,RtlCreateProcessParameters
0x4c8b205,0x04c8b205,RtlCreateProcessParametersEx
0x4a5bf95f,0x4a5bf95f,RtlCreateProcessReflection
0xea83eaec,0xea83eaec,RtlCreateQueryDebugBuffer
0xaa001d77,0xaa001d77,RtlCreateRegistryKey
0x182979ac,0x182979ac,RtlCreateSecurityDescriptor
0x6cc74c66,0x6cc74c66,RtlCreateServiceSid
0xba981b74,0xba981b74,RtlCreateSystemVolumeInformationFolder
0x59f1a18f,0x59f1a18f,RtlCreateTagHeap
0xdc5e4596,0xdc5e4596,RtlCreateTimer
0x9ee0c11b,0x9ee0c11b,RtlCreateTimerQueue
0x378967f3,0x378967f3,RtlCreateUnicodeString
0xf2ae4cea,0xf2ae4cea,RtlCreateUnicodeStringFromAsciiz
0xec264dd3,0xec264dd3,RtlCreateUserProcess
0x5fc337e3,0x5fc337e3,RtlCreateUserSecurityObject
0x2c64524a,0x2c64524a,RtlCreateUserStack
0xba73f80c,0xba73f80c,RtlCreateUserThread
0x209493a9,0x209493a9,RtlCreateVirtualAccountSid
0x95ec5285,0x95ec5285,RtlCultureNameToLCID
0x7ec70b27,0x7ec70b27,RtlCustomCPToUnicodeN
0x4a1331ef,0x4a1331ef,RtlCutoverTimeToSystemTime
0x53e3db06,0x53e3db06,RtlDeCommitDebugInfo
0x39dd4bde,0x39dd4bde,RtlDeNormalizeProcessParams
0xd8eacb52,0xd8eacb52,RtlDeactivateActivationContext
0x6375e2e2,0x6375e2e2,RtlDeactivateActivationContextUnsafeFast
0x3a891df7,0x3a891df7,RtlDebugPrintTimes
0xffef63c6,0xffef63c6,RtlDecodePointer
0x1e2226eb,0x1e2226eb,RtlDecodeSystemPointer
0x659cac30,0x659cac30,RtlDecompressBuffer
0xfdfd98ea,0xfdfd98ea,RtlDecompressFragment
0xdee53db4,0xdee53db4,RtlDefaultNpAcl
0xc81f5b74,0xc81f5b74,RtlDelete
0xf9e6345d,0xf9e6345d,RtlDeleteAce
0x7f1ea332,0x7f1ea332,RtlDeleteAtomFromAtomTable
0x79dc7bbb,0x79dc7bbb,RtlDeleteBarrier
0x5ab4e0f7,0x5ab4e0f7,RtlDeleteBoundaryDescriptor
0x9b5c9d74,0x9b5c9d74,RtlDeleteCriticalSection
0xf3322663,0xf3322663,RtlDeleteElementGenericTable
0x92ffcf66,0x92ffcf66,RtlDeleteElementGenericTableAvl
0x54404500,0x54404500,RtlDeleteHashTable
0x3650999a,0x3650999a,RtlDeleteNoSplay
0xf9c6774a,0xf9c6774a,RtlDeleteRegistryValue
0xaf97dd7c,0xaf97dd7c,RtlDeleteResource
0xad3d80a3,0xad3d80a3,RtlDeleteSecurityObject
0xda006b5,0x0da006b5,RtlDeleteTimer
0x3cb30d9a,0x3cb30d9a,RtlDeleteTimerQueue
0x35ace557,0x35ace557,RtlDeleteTimerQueueEx
0xf9d58c30,0xf9d58c30,RtlDeregisterSecureMemoryCacheCallback
0xc12eb944,0xc12eb944,RtlDeregisterWait
0xc7c22381,0xc7c22381,RtlDeregisterWaitEx
0x32248184,0x32248184,RtlDestroyAtomTable
0x506ba060,0x506ba060,RtlDestroyEnvironment
0x86009f9f,0x86009f9f,RtlDestroyHandleTable
0x929b7f49,0x929b7f49,RtlDestroyHeap
0x9a1a2e8a,0x9a1a2e8a,RtlDestroyMemoryBlockLookaside
0x926ee260,0x926ee260,RtlDestroyMemoryZone
0xe24fb41e,0xe24fb41e,RtlDestroyProcessParameters
0x448a7582,0x448a7582,RtlDestroyQueryDebugBuffer
0x8a38c4c8,0x8a38c4c8,RtlDetectHeapLeaks
0x309f7b28,0x309f7b28,RtlDetermineDosPathNameType_U
0x13779e37,0x13779e37,RtlDisableThreadProfiling
0x39188e05,0x39188e05,RtlDllShutdownInProgress
0xeb315578,0xeb315578,RtlDnsHostNameToComputerName
0xb7504a0,0x0b7504a0,RtlDoesFileExists_U
0x7364cf84,0x7364cf84,RtlDosApplyFileIsolationRedirection_Ustr
0xdc99199c,0xdc99199c,RtlDosPathNameToNtPathName_U
0xcb8b6a9b,0xcb8b6a9b,RtlDosPathNameToNtPathName_U_WithStatus
0xf07025f8,0xf07025f8,RtlDosPathNameToRelativeNtPathName_U
0x6ad88577,0x6ad88577,RtlDosPathNameToRelativeNtPathName_U_WithStatus
0xc50d71fe,0xc50d71fe,RtlDosSearchPath_U
0x4708577,0x04708577,RtlDosSearchPath_Ustr
0x976c3c1a,0x976c3c1a,RtlDowncaseUnicodeChar
0x49a09133,0x49a09133,RtlDowncaseUnicodeString
0x4267f6df,0x4267f6df,RtlDumpResource
0x16245f5a,0x16245f5a,RtlDuplicateUnicodeString
0x8e9dea9,0x08e9dea9,RtlEmptyAtomTable
0x14c67afc,0x14c67afc,RtlEnableEarlyCriticalSectionEventCreation
0x97762d6a,0x97762d6a,RtlEnableThreadProfiling
0x7dcb5b0,0x07dcb5b0,RtlEncodePointer
0x2dc3c055,0x2dc3c055,RtlEncodeSystemPointer
0x429dffab,0x429dffab,RtlEndEnumerationHashTable
0xb132c2d3,0xb132c2d3,RtlEndWeakEnumerationHashTable
0x2a869671,0x2a869671,RtlEnlargedIntegerMultiply
0xc2618015,0xc2618015,RtlEnlargedUnsignedDivide
0xb4439c60,0xb4439c60,RtlEnlargedUnsignedMultiply
0x9d2cc5df,0x9d2cc5df,RtlEnterCriticalSection
0x9eb7c506,0x9eb7c506,RtlEnumProcessHeaps
0x75d030c5,0x75d030c5,RtlEnumerateEntryHashTable
0xa967d3ec,0xa967d3ec,RtlEnumerateGenericTable
0xf83d7c4f,0xf83d7c4f,RtlEnumerateGenericTableAvl
0x1df41807,0x1df41807,RtlEnumerateGenericTableLikeADirectory
0x1d870747,0x1d870747,RtlEnumerateGenericTableWithoutSplaying
0x825b5ca,0x0825b5ca,RtlEnumerateGenericTableWithoutSplayingAvl
0xc19749,0x00c19749,RtlEqualComputerName
0x70f88992,0x70f88992,RtlEqualDomainName
0x2c6388a7,0x2c6388a7,RtlEqualLuid
0x8ae5587,0x08ae5587,RtlEqualPrefixSid
0xea12a439,0xea12a439,RtlEqualSid
0xe3af6150,0xe3af6150,RtlEqualString
0xb676a4d7,0xb676a4d7,RtlEqualUnicodeString
0x316db56f,0x316db56f,RtlEraseUnicodeString
0xe999c0a1,0xe999c0a1,RtlEthernetAddressToStringA
0xe999c0b7,0xe999c0b7,RtlEthernetAddressToStringW
0xf3364e1,0x0f3364e1,RtlEthernetStringToAddressA
0xf3364f7,0x0f3364f7,RtlEthernetStringToAddressW
0x8e5756d9,0x8e5756d9,RtlExitUserProcess
0x5a84f852,0x5a84f852,RtlExitUserThread
0x93b288a0,0x93b288a0,RtlExpandEnvironmentStrings
0x4a773d34,0x4a773d34,RtlExpandEnvironmentStrings_U
0xb2c3d98d,0xb2c3d98d,RtlExpandHashTable
0x87895928,0x87895928,RtlExtendMemoryBlockLookaside
0xaa448f7e,0xaa448f7e,RtlExtendMemoryZone
0xd09a0ee0,0xd09a0ee0,RtlExtendedIntegerMultiply
0xb0349ce0,0xb0349ce0,RtlExtendedLargeIntegerDivide
0x540967a8,0x540967a8,RtlExtendedMagicDivide
0x1b3dfcc1,0x1b3dfcc1,RtlFillMemory
0x45bc4766,0x45bc4766,RtlFillMemoryUlong
0xcfe89196,0xcfe89196,RtlFillMemoryUlonglong
0xb5bdf73d,0xb5bdf73d,RtlFinalReleaseOutOfProcessMemoryStream
0x4f1ab968,0x4f1ab968,RtlFindAceByType
0xc07fe0f7,0xc07fe0f7,RtlFindActivationContextSectionGuid
0xfbecd8c5,0xfbecd8c5,RtlFindActivationContextSectionString
0x4c39dc35,0x4c39dc35,RtlFindCharInUnicodeString
0x838620db,0x838620db,RtlFindClearBits
0x4ef9955a,0x4ef9955a,RtlFindClearBitsAndSet
0x838f1931,0x838f1931,RtlFindClearRuns
0x192e705e,0x192e705e,RtlFindClosestEncodableLength
0x8e5e6531,0x8e5e6531,RtlFindLastBackwardRunClear
0x56ac3ea9,0x56ac3ea9,RtlFindLeastSignificantBit
0xda0e71a,0x0da0e71a,RtlFindLongestRunClear
0xa564a07,0x0a564a07,RtlFindMessage
0x280dcc33,0x280dcc33,RtlFindMostSignificantBit
0x3fef3452,0x3fef3452,RtlFindNextForwardRunClear
0xd83ca060,0xd83ca060,RtlFindSetBits
0xde029fda,0xde029fda,RtlFindSetBitsAndClear
0x2fc8526a,0x2fc8526a,RtlFirstEntrySList
0xf80b15b4,0xf80b15b4,RtlFirstFreeAce
0x50c6db11,0x50c6db11,RtlFlsAlloc
0x76d28f88,0x76d28f88,RtlFlsFree
0xeb9591b7,0xeb9591b7,RtlFlushSecureMemoryCache
0x2b292ae2,0x2b292ae2,RtlFormatCurrentUserKeyPath
0xcd63d50f,0xcd63d50f,RtlFormatMessage
0xb5ad5e0c,0xb5ad5e0c,RtlFormatMessageEx
0xd45e3ff0,0xd45e3ff0,RtlFreeActivationContextStack
0xc35eeaa5,0xc35eeaa5,RtlFreeAnsiString
0x9707a9ef,0x9707a9ef,RtlFreeHandle
0xfe421fc1,0xfe421fc1,RtlFreeHeap
0x9522bf02,0x9522bf02,RtlFreeMemoryBlockLookaside
0x21e0cc9b,0x21e0cc9b,RtlFreeOemString
0x83d3a4a3,0x83d3a4a3,RtlFreeSid
0x47e32688,0x47e32688,RtlFreeThreadActivationContextStack
0x6ddab1c1,0x6ddab1c1,RtlFreeUnicodeString
0x5e2ce518,0x5e2ce518,RtlFreeUserStack
0x94353a35,0x94353a35,RtlGUIDFromString
0x2b2797f,0x02b2797f,RtlGenerate8dot3Name
0xcf23252a,0xcf23252a,RtlGetAce
0xe4d9794,0x0e4d9794,RtlGetActiveActivationContext
0x5cd14aed,0x5cd14aed,RtlGetCallersAddress
0x8dd5b49d,0x8dd5b49d,RtlGetCompressionWorkSpaceSize
0xbcd98819,0xbcd98819,RtlGetControlSecurityDescriptor
0x1e487024,0x1e487024,RtlGetCriticalSectionRecursionCount
0x9e976e0d,0x9e976e0d,RtlGetCurrentDirectory_U
0xd74fa37b,0xd74fa37b,RtlGetCurrentPeb
0x17a81eed,0x17a81eed,RtlGetCurrentProcessorNumber
0xa22b976a,0xa22b976a,RtlGetCurrentProcessorNumberEx
0x4d484bca,0x4d484bca,RtlGetCurrentTransaction
0xc0ecef0c,0xc0ecef0c,RtlGetDaclSecurityDescriptor
0x9cc91130,0x9cc91130,RtlGetElementGenericTable
0x5d96e313,0x5d96e313,RtlGetElementGenericTableAvl
0x6c3b261c,0x6c3b261c,RtlGetEnabledExtendedFeatures
0xd1ca45b9,0xd1ca45b9,RtlGetExtendedContextLength
0x5065d91d,0x5065d91d,RtlGetExtendedFeaturesMask
0xddf7d619,0xddf7d619,RtlGetFileMUIPath
0x24e3c50c,0x24e3c50c,RtlGetFrame
0xd0637fd6,0xd0637fd6,RtlGetFullPathName_U
0x7742d693,0x7742d693,RtlGetFullPathName_UEx
0xbea83d4c,0xbea83d4c,RtlGetFullPathName_UstrEx
0x902c5e65,0x902c5e65,RtlGetGroupSecurityDescriptor
0x33915000,0x33915000,RtlGetIntegerAtom
0x3e3948db,0x3e3948db,RtlGetLastNtStatus
0x271bbd92,0x271bbd92,RtlGetLastWin32Error
0xb5e434be,0xb5e434be,RtlGetLengthWithoutLastFullDosOrNtPathElement
0x934412c6,0x934412c6,RtlGetLengthWithoutTrailingPathSeperators
0x3f1253a3,0x3f1253a3,RtlGetLocaleFileMappingAddress
0x42689f4e,0x42689f4e,RtlGetLongestNtPathLength
0x4c53f9b3,0x4c53f9b3,RtlGetNativeSystemInformation
0x3d886a7e,0x3d886a7e,RtlGetNextEntryHashTable
0x41730d21,0x41730d21,RtlGetNtGlobalFlags
0xd208efa6,0xd208efa6,RtlGetNtProductType
0x1bcadf05,0x1bcadf05,RtlGetNtVersionNumbers
0x5d6bb583,0x5d6bb583,RtlGetOwnerSecurityDescriptor
0xd18427bc,0xd18427bc,RtlGetParentLocaleName
0x749f0371,0x749f0371,RtlGetProcessHeaps
0xf8128d54,0xf8128d54,RtlGetProcessPreferredUILanguages
0xe7c1fa0e,0xe7c1fa0e,RtlGetProductInfo
0x79054e7b,0x79054e7b,RtlGetSaclSecurityDescriptor
0x20d2d5f8,0x20d2d5f8,RtlGetSecurityDescriptorRMControl
0x5fab907f,0x5fab907f,RtlGetSetBootStatusData
0x23ba2d9a,0x23ba2d9a,RtlGetSystemPreferredUILanguages
0x45f3c308,0x45f3c308,RtlGetThreadErrorMode
0x6861d49b,0x6861d49b,RtlGetThreadLangIdByIndex
0xb70ba06d,0xb70ba06d,RtlGetThreadPreferredUILanguages
0x49e88aef,0x49e88aef,RtlGetUILanguageInfo
0x254d2eb5,0x254d2eb5,RtlGetUnloadEventTrace
0xad53b932,0xad53b932,RtlGetUnloadEventTraceEx
0xabeef2aa,0xabeef2aa,RtlGetUserInfoHeap
0x9b0f55d4,0x9b0f55d4,RtlGetUserPreferredUILanguages
0x9f70fa47,0x9f70fa47,RtlGetVersion
0x63af9f43,0x63af9f43,RtlHashUnicodeString
0x1daf1fa2,0x1daf1fa2,RtlHeapTrkInitialize
0x5617a04d,0x5617a04d,RtlIdentifierAuthoritySid
0x25aa1028,0x25aa1028,RtlIdnToAscii
0x4f5fde7e,0x4f5fde7e,RtlIdnToNameprepUnicode
0x30bb1966,0x30bb1966,RtlIdnToUnicode
0xccfeb968,0xccfeb968,RtlImageDirectoryEntryToData
0xcf69874f,0xcf69874f,RtlImageNtHeader
0x4fe8a04c,0x4fe8a04c,RtlImageNtHeaderEx
0xdf5532e5,0xdf5532e5,RtlImageRvaToSection
0xb2c32ba7,0xb2c32ba7,RtlImageRvaToVa
0xaa1ce692,0xaa1ce692,RtlImpersonateSelf
0xa4f0dc4f,0xa4f0dc4f,RtlImpersonateSelfEx
0xcbdf85d7,0xcbdf85d7,RtlInitAnsiString
0x41d860d4,0x41d860d4,RtlInitAnsiStringEx
0xd428969c,0xd428969c,RtlInitBarrier
0x2df8e495,0x2df8e495,RtlInitCodePageTable
0x4e6f01a8,0x4e6f01a8,RtlInitEnumerationHashTable
0x17695ada,0x17695ada,RtlInitMemoryStream
0x6e6433dd,0x6e6433dd,RtlInitNlsTables
0x876b3526,0x876b3526,RtlInitOutOfProcessMemoryStream
0x1fe953ac,0x1fe953ac,RtlInitString
0xfb74d7b3,0xfb74d7b3,RtlInitUnicodeString
0xac0999b0,0xac0999b0,RtlInitUnicodeStringEx
0x617e7b50,0x617e7b50,RtlInitWeakEnumerationHashTable
0x426d31d0,0x426d31d0,RtlInitializeAtomPackage
0xb5483bb0,0xb5483bb0,RtlInitializeBitMap
0x3ae61ac0,0x3ae61ac0,RtlInitializeConditionVariable
0xb8e03838,0xb8e03838,RtlInitializeContext
0x4b9b8b33,0x4b9b8b33,RtlInitializeCriticalSection
0x602d7949,0x602d7949,RtlInitializeCriticalSectionAndSpinCount
0xa0ab2d30,0xa0ab2d30,RtlInitializeCriticalSectionEx
0x178a66a5,0x178a66a5,RtlInitializeExceptionChain
0xd7b2b0a9,0xd7b2b0a9,RtlInitializeExtendedContext
0x7e633c58,0x7e633c58,RtlInitializeGenericTable
0x289b1d3b,0x289b1d3b,RtlInitializeGenericTableAvl
0xaefa4d67,0xaefa4d67,RtlInitializeHandleTable
0x28f05858,0x28f05858,RtlInitializeNtUserPfn
0x6a7bf15,0x06a7bf15,RtlInitializeRXact
0xb654541b,0xb654541b,RtlInitializeResource
0x729ed194,0x729ed194,RtlInitializeSListHead
0x90221f78,0x90221f78,RtlInitializeSRWLock
0xce6798f3,0xce6798f3,RtlInitializeSid
0x638a0d45,0x638a0d45,RtlInsertElementGenericTable
0x3691e308,0x3691e308,RtlInsertElementGenericTableAvl
0x8d0fdf8,0x08d0fdf8,RtlInsertElementGenericTableFull
0xa214fadb,0xa214fadb,RtlInsertElementGenericTableFullAvl
0x5bf043f4,0x5bf043f4,RtlInsertEntryHashTable
0x6673a497,0x6673a497,RtlInt64ToUnicodeString
0xfb9128b0,0xfb9128b0,RtlIntegerToChar
0xe05c2cb0,0xe05c2cb0,RtlIntegerToUnicodeString
0xc94c79d0,0xc94c79d0,RtlInterlockedClearBitRun
0x817ed9e9,0x817ed9e9,RtlInterlockedCompareExchange64
0xccb91906,0xccb91906,RtlInterlockedFlushSList
0x3f581065,0x3f581065,RtlInterlockedPopEntrySList
0x1665e856,0x1665e856,RtlInterlockedPushEntrySList
0x32c57dc0,0x32c57dc0,RtlInterlockedPushListSList
0x34b585d5,0x34b585d5,RtlInterlockedSetBitRun
0x5f09eadc,0x5f09eadc,RtlIoDecodeMemIoResource
0x6eab8446,0x6eab8446,RtlIoEncodeMemIoResource
0xd1d51345,0xd1d51345,RtlIpv4AddressToStringA
0x9b671522,0x9b671522,RtlIpv4AddressToStringExA
0x9b671538,0x9b671538,RtlIpv4AddressToStringExW
0xd1d5135b,0xd1d5135b,RtlIpv4AddressToStringW
0xf76eb785,0xf76eb785,RtlIpv4StringToAddressA
0x8dfac962,0x8dfac962,RtlIpv4StringToAddressExA
0x8dfac978,0x8dfac978,RtlIpv4StringToAddressExW
0xf76eb79b,0xf76eb79b,RtlIpv4StringToAddressW
0xf788d747,0xf788d747,RtlIpv6AddressToStringA
0xfd1be1a4,0xfd1be1a4,RtlIpv6AddressToStringExA
0xfd1be1ba,0xfd1be1ba,RtlIpv6AddressToStringExW
0xf788d75d,0xf788d75d,RtlIpv6AddressToStringW
0x1d227b87,0x1d227b87,RtlIpv6StringToAddressA
0xefaf95e4,0xefaf95e4,RtlIpv6StringToAddressExA
0xefaf95fa,0xefaf95fa,RtlIpv6StringToAddressExW
0x1d227b9d,0x1d227b9d,RtlIpv6StringToAddressW
0x7cf31c30,0x7cf31c30,RtlIsActivationContextActive
0x48833f8f,0x48833f8f,RtlIsCriticalSectionLocked
0x4203be02,0x4203be02,RtlIsCriticalSectionLockedByThread
0xe61a0600,0xe61a0600,RtlIsCurrentThreadAttachExempt
0xdabda388,0xdabda388,RtlIsDosDeviceName_U
0xd10eb6b1,0xd10eb6b1,RtlIsGenericTableEmpty
0x427d24f4,0x427d24f4,RtlIsGenericTableEmptyAvl
0x25f3a805,0x25f3a805,RtlIsNameInExpression
0xa0d81fb,0x0a0d81fb,RtlIsNameLegalDOS8Dot3
0xe21a3249,0xe21a3249,RtlIsNormalizedString
0x5cf44369,0x5cf44369,RtlIsTextUnicode
0xb0fd7e93,0xb0fd7e93,RtlIsThreadWithinLoaderCallout
0x8fb21179,0x8fb21179,RtlIsValidHandle
0xb1aee071,0xb1aee071,RtlIsValidIndexHandle
0xb641a0de,0xb641a0de,RtlIsValidLocaleName
0xa679f6a3,0xa679f6a3,RtlKnownExceptionFilter
0xb6c166e5,0xb6c166e5,RtlLCIDToCultureName
0xa1a3b23,0x0a1a3b23,RtlLargeIntegerAdd
0xd6929442,0xd6929442,RtlLargeIntegerArithmeticShift
0x33ac9f0f,0x33ac9f0f,RtlLargeIntegerDivide
0x4aaf79ae,0x4aaf79ae,RtlLargeIntegerNegate
0xf3df40c3,0xf3df40c3,RtlLargeIntegerShiftLeft
0x703620b6,0x703620b6,RtlLargeIntegerShiftRight
0x170e7742,0x170e7742,RtlLargeIntegerSubtract
0x59614c5b,0x59614c5b,RtlLargeIntegerToChar
0xa98b95f1,0xa98b95f1,RtlLcidToLocaleName
0x70b1ff6e,0x70b1ff6e,RtlLeaveCriticalSection
0x815f8484,0x815f8484,RtlLengthRequiredSid
0x3491493a,0x3491493a,RtlLengthSecurityDescriptor
0x3c6a79a3,0x3c6a79a3,RtlLengthSid
0x6ed304f8,0x6ed304f8,RtlLoadString
0xcb7f8252,0xcb7f8252,RtlLocalTimeToSystemTime
0x6d2ba671,0x6d2ba671,RtlLocaleNameToLcid
0x880d6a96,0x880d6a96,RtlLocateExtendedFeature
0x31692f93,0x31692f93,RtlLocateLegacyContext
0xa129df3c,0xa129df3c,RtlLockBootStatusData
0xb7fe3325,0xb7fe3325,RtlLockCurrentThread
0x9ca0a888,0x9ca0a888,RtlLockHeap
0x16eff5c9,0x16eff5c9,RtlLockMemoryBlockLookaside
0x35659073,0x35659073,RtlLockMemoryStreamRegion
0x5183bedf,0x5183bedf,RtlLockMemoryZone
0xddd3d9c5,0xddd3d9c5,RtlLockModuleSection
0x1720f2d9,0x1720f2d9,RtlLogStackBackTrace
0x173533c,0x0173533c,RtlLookupAtomInAtomTable
0x8879f7ea,0x8879f7ea,RtlLookupElementGenericTable
0x69cc078d,0x69cc078d,RtlLookupElementGenericTableAvl
0xa34fb31d,0xa34fb31d,RtlLookupElementGenericTableFull
0x7727d9e0,0x7727d9e0,RtlLookupElementGenericTableFullAvl
0xc184b379,0xc184b379,RtlLookupEntryHashTable
0xa2dff9fc,0xa2dff9fc,RtlMakeSelfRelativeSD
0x2d1f708,0x02d1f708,RtlMapGenericMask
0x89cf54aa,0x89cf54aa,RtlMapSecurityErrorToNtStatus
0x122d4231,0x122d4231,RtlMoveMemory
0xad4f9c1c,0xad4f9c1c,RtlMultiAppendUnicodeStringBuffer
0xff7bde38,0xff7bde38,RtlMultiByteToUnicodeN
0x8b79d385,0x8b79d385,RtlMultiByteToUnicodeSize
0x169c9330,0x169c9330,RtlMultipleAllocateHeap
0x878f30ad,0x878f30ad,RtlMultipleFreeHeap
0xdf17212f,0xdf17212f,RtlNewInstanceSecurityObject
0x861815fa,0x861815fa,RtlNewSecurityGrantedAccess
0x8d31ae9a,0x8d31ae9a,RtlNewSecurityObject
0xa057c657,0xa057c657,RtlNewSecurityObjectEx
0x5044f2cc,0x5044f2cc,RtlNewSecurityObjectWithMultipleInheritance
0xb17d49d5,0xb17d49d5,RtlNormalizeProcessParams
0xab78ec9,0x0ab78ec9,RtlNormalizeString
0xbeb3f368,0xbeb3f368,RtlNtPathNameToDosPathName
0xca3e2ffa,0xca3e2ffa,RtlNtStatusToDosError
0xd04d73f2,0xd04d73f2,RtlNtStatusToDosErrorNoTeb
0xeecfc38c,0xeecfc38c,RtlNumberGenericTableElements
0x1baac7ef,0x1baac7ef,RtlNumberGenericTableElementsAvl
0x4dfc4e58,0x4dfc4e58,RtlNumberOfClearBits
0x4f5f4a9d,0x4f5f4a9d,RtlNumberOfSetBits
0xb1739ef8,0xb1739ef8,RtlNumberOfSetBitsUlongPtr
0xc362a2fe,0xc362a2fe,RtlOemStringToUnicodeSize
0x275a205a,0x275a205a,RtlOemStringToUnicodeString
0xcfef279a,0xcfef279a,RtlOemToUnicodeN
0xec20f215,0xec20f215,RtlOpenCurrentUser
0xfdf43c09,0xfdf43c09,RtlOwnerAcesPresent
0x8a806dc0,0x8a806dc0,RtlPcToFileHeader
0x577c9169,0x577c9169,RtlPinAtomInAtomTable
0x6ba5fdfb,0x6ba5fdfb,RtlPopFrame
0xb923fb86,0xb923fb86,RtlPrefixString
0xd15ce64d,0xd15ce64d,RtlPrefixUnicodeString
0x51e525ff,0x51e525ff,RtlProcessFlsData
0x307e2120,0x307e2120,RtlProtectHeap
0x54b9bccc,0x54b9bccc,RtlPushFrame
0xdd69433,0x0dd69433,RtlQueryActivationContextApplicationSettings
0x24d138,0x0024d138,RtlQueryAtomInAtomTable
0x57615da2,0x57615da2,RtlQueryCriticalSectionOwner
0x1c057bb,0x01c057bb,RtlQueryDepthSList
0xb9347bad,0xb9347bad,RtlQueryDynamicTimeZoneInformation
0xc137b04b,0xc137b04b,RtlQueryElevationFlags
0xd952e6d2,0xd952e6d2,RtlQueryEnvironmentVariable
0x79a7efe6,0x79a7efe6,RtlQueryEnvironmentVariable_U
0xc8c37edb,0xc8c37edb,RtlQueryHeapInformation
0x17c50ed,0x017c50ed,RtlQueryInformationAcl
0x38896fb4,0x38896fb4,RtlQueryInformationActivationContext
0xac23950,0x0ac23950,RtlQueryInformationActiveActivationContext
0xcec41b6d,0xcec41b6d,RtlQueryInterfaceMemoryStream
0xa20f8bc3,0xa20f8bc3,RtlQueryModuleInformation
0x8d43d5c9,0x8d43d5c9,RtlQueryPerformanceCounter
0x4738fbfb,0x4738fbfb,RtlQueryPerformanceFrequency
0xd5a82d9c,0xd5a82d9c,RtlQueryProcessBackTraceInformation
0x3a64f0c3,0x3a64f0c3,RtlQueryProcessDebugInformation
0x536d46ba,0x536d46ba,RtlQueryProcessHeapInformation
0xdb0a7e25,0xdb0a7e25,RtlQueryProcessLockInformation
0xdf371080,0xdf371080,RtlQueryRegistryValues
0x59df3046,0x59df3046,RtlQuerySecurityObject
0x55497771,0x55497771,RtlQueryTagHeap
0x545410b9,0x545410b9,RtlQueryThreadProfiling
0x19190b48,0x19190b48,RtlQueryTimeZoneInformation
0x951c55d9,0x951c55d9,RtlQueueApcWow64Thread
0x5359fb8,0x05359fb8,RtlQueueWorkItem
0xfa37e124,0xfa37e124,RtlRaiseException
0x74a66359,0x74a66359,RtlRaiseStatus
0xe8804622,0xe8804622,RtlRandom
0x9aa5fdf,0x09aa5fdf,RtlRandomEx
0xda8b45db,0xda8b45db,RtlReAllocateHeap
0xf7d26ee2,0xf7d26ee2,RtlReadMemoryStream
0x350a952e,0x350a952e,RtlReadOutOfProcessMemoryStream
0x6d99f079,0x6d99f079,RtlReadThreadProfilingData
0x73c2ba44,0x73c2ba44,RtlRealPredecessor
0xd2b8139f,0xd2b8139f,RtlRealSuccessor
0xce2c81c7,0xce2c81c7,RtlRegisterSecureMemoryCacheCallback
0xa7912a08,0xa7912a08,RtlRegisterThreadWithCsrss
0xa0bf867b,0xa0bf867b,RtlRegisterWait
0xb803af79,0xb803af79,RtlReleaseActivationContext
0xac6ea2a7,0xac6ea2a7,RtlReleaseMemoryStream
0x2cf0c642,0x2cf0c642,RtlReleasePebLock
0x5d56ba09,0x5d56ba09,RtlReleasePrivilege
0x4d245d5f,0x4d245d5f,RtlReleaseRelativeName
0xcb6ebdca,0xcb6ebdca,RtlReleaseResource
0xb690303f,0xb690303f,RtlReleaseSRWLockExclusive
0xa65cc39e,0xa65cc39e,RtlReleaseSRWLockShared
0x5d49f5a9,0x5d49f5a9,RtlRemoteCall
0x19467d8d,0x19467d8d,RtlRemoveEntryHashTable
0xfce33569,0xfce33569,RtlRemovePrivileges
0x109474ae,0x109474ae,RtlRemoveVectoredContinueHandler
0x20add7f8,0x20add7f8,RtlRemoveVectoredExceptionHandler
0x3ee602eb,0x3ee602eb,RtlReplaceSidInSd
0xa09ed66c,0xa09ed66c,RtlReportException
0x7b9a1365,0x7b9a1365,RtlReportSilentProcessExit
0x5b6f1ad1,0x5b6f1ad1,RtlReportSqmEscalation
0x591002e3,0x591002e3,RtlResetMemoryBlockLookaside
0x2789c379,0x2789c379,RtlResetMemoryZone
0xc8eae278,0xc8eae278,RtlResetRtlTranslations
0x87aa6b96,0x87aa6b96,RtlRestoreLastWin32Error
0xbfcdab4c,0xbfcdab4c,RtlRetrieveNtUserPfn
0x69febf3e,0x69febf3e,RtlRevertMemoryStream
0xfa879318,0xfa879318,RtlRunDecodeUnicodeString
0xa292c82,0x0a292c82,RtlRunEncodeUnicodeString
0x2bf203f2,0x2bf203f2,RtlRunOnceBeginInitialize
0xa8b71974,0xa8b71974,RtlRunOnceComplete
0x71ea2753,0x71ea2753,RtlRunOnceExecuteOnce
0xd23bb9ad,0xd23bb9ad,RtlRunOnceInitialize
0xdbe99425,0xdbe99425,RtlSecondsSince1970ToTime
0xc82b6906,0xc82b6906,RtlSecondsSince1980ToTime
0x1ca1bdce,0x1ca1bdce,RtlSeekMemoryStream
0xf4c3f520,0xf4c3f520,RtlSelfRelativeToAbsoluteSD
0x8d429952,0x8d429952,RtlSelfRelativeToAbsoluteSD2
0xdfb11615,0xdfb11615,RtlSendMsgToSm
0x8f470398,0x8f470398,RtlSetAllBits
0x8e805fab,0x8e805fab,RtlSetAttributesSecurityDescriptor
0x4f434b9f,0x4f434b9f,RtlSetBits
0xdc2980a5,0xdc2980a5,RtlSetControlSecurityDescriptor
0x7020d750,0x7020d750,RtlSetCriticalSectionSpinCount
0x6b332c19,0x6b332c19,RtlSetCurrentDirectory_U
0xfea86505,0xfea86505,RtlSetCurrentEnvironment
0x19e409d6,0x19e409d6,RtlSetCurrentTransaction
0xd210d318,0xd210d318,RtlSetDaclSecurityDescriptor
0x3d836bc3,0x3d836bc3,RtlSetDynamicTimeZoneInformation
0x588088ac,0x588088ac,RtlSetEnvironmentStrings
0xef58908b,0xef58908b,RtlSetEnvironmentVar
0x76bd63a8,0x76bd63a8,RtlSetEnvironmentVariable
0xb2e94a29,0xb2e94a29,RtlSetExtendedFeaturesMask
0xc5ccc3f1,0xc5ccc3f1,RtlSetGroupSecurityDescriptor
0xe83500b1,0xe83500b1,RtlSetHeapInformation
0x2939f003,0x2939f003,RtlSetInformationAcl
0xb923376c,0xb923376c,RtlSetIoCompletionCallback
0x952559e,0x0952559e,RtlSetLastWin32Error
0x9d51e051,0x9d51e051,RtlSetLastWin32ErrorAndNtStatusFromNtStatus
0x29b8f6ad,0x29b8f6ad,RtlSetMemoryStreamSize
0x930c1b0f,0x930c1b0f,RtlSetOwnerSecurityDescriptor
0x4fcde899,0x4fcde899,RtlSetProcessDebugInformation
0x8cfc8273,0x8cfc8273,RtlSetProcessIsCritical
0x2b42d8e0,0x2b42d8e0,RtlSetProcessPreferredUILanguages
0x8a293287,0x8a293287,RtlSetSaclSecurityDescriptor
0x54032184,0x54032184,RtlSetSecurityDescriptorRMControl
0x819ccf5c,0x819ccf5c,RtlSetSecurityObject
0x5c0e1f99,0x5c0e1f99,RtlSetSecurityObjectEx
0x6efd5c94,0x6efd5c94,RtlSetThreadErrorMode
0xcddfd0cc,0xcddfd0cc,RtlSetThreadIsCritical
0x41407339,0x41407339,RtlSetThreadPoolStartFunc
0xc05aaa79,0xc05aaa79,RtlSetThreadPreferredUILanguages
0xb683881e,0xb683881e,RtlSetTimeZoneInformation
0x38f2594e,0x38f2594e,RtlSetTimer
0xf8db88b5,0xf8db88b5,RtlSetUnhandledExceptionFilter
0xac66ffce,0xac66ffce,RtlSetUserCallbackExceptionFilter
0xf38e5ef7,0xf38e5ef7,RtlSetUserFlagsHeap
0x82ecc767,0x82ecc767,RtlSetUserValueHeap
0xd1b95425,0xd1b95425,RtlSidDominates
0xec38d651,0xec38d651,RtlSidEqualLevel
0x6a847277,0x6a847277,RtlSidHashInitialize
0xf32111bf,0xf32111bf,RtlSidHashLookup
0x9071d70c,0x9071d70c,RtlSidIsHigherLevel
0x79ca219a,0x79ca219a,RtlSizeHeap
0xd4910afd,0xd4910afd,RtlSleepConditionVariableCS
0x66b2aee3,0x66b2aee3,RtlSleepConditionVariableSRW
0xaa0ea88a,0xaa0ea88a,RtlSplay
0x96ea2f1,0x096ea2f1,RtlStartRXact
0x8b279b22,0x8b279b22,RtlStatMemoryStream
0xa6ebf4f5,0xa6ebf4f5,RtlStringFromGUID
0x8ec1b3bd,0x8ec1b3bd,RtlSubAuthorityCountSid
0x1eecb034,0x1eecb034,RtlSubAuthoritySid
0x215ba2ba,0x215ba2ba,RtlSubtreePredecessor
0x10f06695,0x10f06695,RtlSubtreeSuccessor
0xd951f672,0xd951f672,RtlSystemTimeToLocalTime
0x9c352f80,0x9c352f80,RtlTestBit
0x3d426299,0x3d426299,RtlTimeFieldsToTime
0x20a88217,0x20a88217,RtlTimeToElapsedTimeFields
0xf247d0e5,0xf247d0e5,RtlTimeToSecondsSince1970
0xf247d106,0xf247d106,RtlTimeToSecondsSince1980
0xe16b1ad9,0xe16b1ad9,RtlTimeToTimeFields
0x4f854d6e,0x4f854d6e,RtlTraceDatabaseAdd
0xd83d2f9,0x0d83d2f9,RtlTraceDatabaseCreate
0xedad1a0f,0xedad1a0f,RtlTraceDatabaseDestroy
0x58df2f6b,0x58df2f6b,RtlTraceDatabaseEnumerate
0x4031cfe6,0x4031cfe6,RtlTraceDatabaseFind
0x4035324e,0x4035324e,RtlTraceDatabaseLock
0x373c5c51,0x373c5c51,RtlTraceDatabaseUnlock
0xfae54d8f,0xfae54d8f,RtlTraceDatabaseValidate
0x17a2ad6a,0x17a2ad6a,RtlTryAcquirePebLock
0x62fca467,0x62fca467,RtlTryAcquireSRWLockExclusive
0xe5b968c6,0xe5b968c6,RtlTryAcquireSRWLockShared
0x3a69bffe,0x3a69bffe,RtlTryEnterCriticalSection
0x4841a4c0,0x4841a4c0,RtlUTF8ToUnicodeN
0x3114ab55,0x3114ab55,RtlUlongByteSwap
0x515fa585,0x515fa585,RtlUlonglongByteSwap
0x44366609,0x44366609,RtlUnhandledExceptionFilter
0xcb03275b,0xcb03275b,RtlUnhandledExceptionFilter2
0x2ead0528,0x2ead0528,RtlUnicodeStringToAnsiSize
0x8ec5b504,0x8ec5b504,RtlUnicodeStringToAnsiString
0xd892982c,0xd892982c,RtlUnicodeStringToCountedOemString
0x3ac00df0,0x3ac00df0,RtlUnicodeStringToInteger
0xf32819be,0xf32819be,RtlUnicodeStringToOemSize
0x5e58471a,0x5e58471a,RtlUnicodeStringToOemString
0xa4ea9087,0xa4ea9087,RtlUnicodeToCustomCPN
0xe61f99b8,0xe61f99b8,RtlUnicodeToMultiByteN
0x7a0ddf05,0x7a0ddf05,RtlUnicodeToMultiByteSize
0xbfe7d55a,0xbfe7d55a,RtlUnicodeToOemN
0xbd572d00,0xbd572d00,RtlUnicodeToUTF8N
0xfd717001,0xfd717001,RtlUniform
0x2f77f17f,0x2f77f17f,RtlUnlockBootStatusData
0x9e18908,0x09e18908,RtlUnlockCurrentThread
0x6e4f7b0b,0x6e4f7b0b,RtlUnlockHeap
0x65816e4c,0x65816e4c,RtlUnlockMemoryBlockLookaside
0x85290c36,0x85290c36,RtlUnlockMemoryStreamRegion
0xd79527a2,0xd79527a2,RtlUnlockMemoryZone
0x2fb72fa8,0x2fb72fa8,RtlUnlockModuleSection
0xf0700316,0xf0700316,RtlUnwind
0x8aa1627,0x08aa1627,RtlUpcaseUnicodeChar
0x1bd2280,0x01bd2280,RtlUpcaseUnicodeString
0xe4828385,0xe4828385,RtlUpcaseUnicodeStringToAnsiString
0xb24a836d,0xb24a836d,RtlUpcaseUnicodeStringToCountedOemString
0xae84c97b,0xae84c97b,RtlUpcaseUnicodeStringToOemString
0x6fc11e28,0x6fc11e28,RtlUpcaseUnicodeToCustomCPN
0xbc7db79,0x0bc7db79,RtlUpcaseUnicodeToMultiByteN
0x3b61a5b,0x03b61a5b,RtlUpcaseUnicodeToOemN
0x4ecc9159,0x4ecc9159,RtlUpdateClonedCriticalSection
0x349a5f9e,0x349a5f9e,RtlUpdateClonedSRWLock
0xc05170e5,0xc05170e5,RtlUpdateTimer
0x10c1a1eb,0x10c1a1eb,RtlUpperChar
0x6de6af44,0x6de6af44,RtlUpperString
0x91530926,0x91530926,RtlUserThreadStart
0x7423f2f5,0x7423f2f5,RtlUshortByteSwap
0xb65ba121,0xb65ba121,RtlValidAcl
0x384b22a4,0x384b22a4,RtlValidRelativeSecurityDescriptor
0x1e50b848,0x1e50b848,RtlValidSecurityDescriptor
0xb65bee71,0xb65bee71,RtlValidSid
0xf6eafa49,0xf6eafa49,RtlValidateHeap
0x40d9e5b,0x040d9e5b,RtlValidateProcessHeaps
0xc8b5e549,0xc8b5e549,RtlValidateUnicodeString
0xd588d868,0xd588d868,RtlVerifyVersionInfo
0xe9ae892f,0xe9ae892f,RtlWakeAllConditionVariable
0x4885ce16,0x4885ce16,RtlWakeConditionVariable
0x3fb406fe,0x3fb406fe,RtlWalkFrameChain
0xa2c3e94e,0xa2c3e94e,RtlWalkHeap
0xad51e32,0x0ad51e32,RtlWeaklyEnumerateEntryHashTable
0x9d8aec8a,0x9d8aec8a,RtlWerpReportException
0x8fe97654,0x8fe97654,RtlWow64CallFunction64
0x2febc4a0,0x2febc4a0,RtlWow64EnableFsRedirection
0xd9ef75dd,0xd9ef75dd,RtlWow64EnableFsRedirectionEx
0x182075c8,0x182075c8,RtlWow64LogMessageInEventLogger
0xf6cfcd1,0x0f6cfcd1,RtlWriteMemoryStream
0xe7a557c2,0xe7a557c2,RtlWriteRegistryValue
0xa9b9b0bf,0xa9b9b0bf,RtlZeroHeap
0xa9942da,0x0a9942da,RtlZeroMemory
0x80c9e178,0x80c9e178,RtlZombifyActivationContext
0x85c4d51f,0x85c4d51f,RtlpApplyLengthFunction
0x1b0e2625,0x1b0e2625,RtlpCheckDynamicTimeZoneInformation
0x8a03e8ce,0x8a03e8ce,RtlpCleanupRegistryKeys
0xe29f015c,0xe29f015c,RtlpConvertCultureNamesToLCIDs
0x71ee1d3c,0x71ee1d3c,RtlpConvertLCIDsToCultureNames
0x4e784a9,0x04e784a9,RtlpCreateProcessRegistryInfo
0xf09d5bf8,0xf09d5bf8,RtlpEnsureBufferSize
0x293edeb5,0x293edeb5,RtlpGetLCIDFromLangInfoNode
0xab0ad97a,0xab0ad97a,RtlpGetNameFromLangInfoNode
0xd61e0dd,0x0d61e0dd,RtlpGetSystemDefaultUILanguage
0x8d672429,0x8d672429,RtlpGetUserOrMachineUILanguage4NLS
0xaeef72aa,0xaeef72aa,RtlpInitializeLangRegistryInfo
0xc131c465,0xc131c465,RtlpIsQualifiedLanguage
0xae8262f,0x0ae8262f,RtlpLoadMachineUIByPolicy
0xe4a0c5f9,0xe4a0c5f9,RtlpLoadUserUIByPolicy
0x7f14ad05,0x7f14ad05,RtlpMuiFreeLangRegistryInfo
0x22be3613,0x22be3613,RtlpMuiRegCreateRegistryInfo
0x9cb913e1,0x9cb913e1,RtlpMuiRegFreeRegistryInfo
0xbfc1bddf,0xbfc1bddf,RtlpMuiRegLoadRegistryInfo
0xf7158cd,0x0f7158cd,RtlpNotOwnerCriticalSection
0xf0945930,0xf0945930,RtlpNtCreateKey
0x8bd6430c,0x8bd6430c,RtlpNtEnumerateSubKey
0x8961367d,0x8961367d,RtlpNtMakeTemporaryKey
0xda132dee,0xda132dee,RtlpNtOpenKey
0x9c7782cf,0x9c7782cf,RtlpNtQueryValueKey
0x1778cce5,0x1778cce5,RtlpNtSetValueKey
0x19b6fbae,0x19b6fbae,RtlpQueryDefaultUILanguage
0xea5f7e1f,0xea5f7e1f,RtlpQueryProcessDebugInformationRemote
0xf45e10da,0xf45e10da,RtlpRefreshCachedUILanguage
0x5e654158,0x5e654158,RtlpSetInstallLanguage
0x67a1ecd1,0x67a1ecd1,RtlpSetPreferredUILanguages
0x42329f50,0x42329f50,RtlpSetUserPreferredUILanguages
0xe815e49,0x0e815e49,RtlpUnWaitCriticalSection
0x3410c895,0x3410c895,RtlpVerifyAndCommitUILanguageSettings
0xcac1534d,0xcac1534d,RtlpWaitForCriticalSection
0x20962280,0x20962280,RtlxAnsiStringToUnicodeSize
0x3d08576,0x03d08576,RtlxOemStringToUnicodeSize
0x7cd736a0,0x7cd736a0,RtlxUnicodeStringToAnsiSize
0x3395fc36,0x3395fc36,RtlxUnicodeStringToOemSize
0x4ec3c568,0x4ec3c568,RunAsNewUser_RunDLLW
0x3d1e6d0,0x03d1e6d0,RunOnceUrlCache
0x5a9b96b8,0x5a9b96b8,SECHashObjects
0xa1947642,0xa1947642,SECITEM_AllocArray
0x527d46b2,0x527d46b2,SECITEM_AllocItem
0x57d6690f,0x57d6690f,SECITEM_AllocItem_Util
0xfd3b91b7,0xfd3b91b7,SECITEM_ArenaDupItem
0x67e55f34,0x67e55f34,SECITEM_ArenaDupItem_Util
0xd87dfc0e,0xd87dfc0e,SECITEM_CompareItem
0xaa2ad7eb,0xaa2ad7eb,SECITEM_CompareItem_Util
0xfa8afc82,0xfa8afc82,SECITEM_CopyItem
0x2aee40df,0x2aee40df,SECITEM_CopyItem_Util
0xb2fcd840,0xb2fcd840,SECITEM_DupArray
0x4b4260f0,0x4b4260f0,SECITEM_DupItem
0xca7b9a0d,0xca7b9a0d,SECITEM_DupItem_Util
0xf02beed9,0xf02beed9,SECITEM_FreeArray
0x8b2c8869,0x8b2c8869,SECITEM_FreeItem
0xa0165526,0xa0165526,SECITEM_FreeItem_Util
0x4cefd77c,0x4cefd77c,SECITEM_Hash
0x271ee0a3,0x271ee0a3,SECITEM_HashCompare
0xe89b782a,0xe89b782a,SECITEM_ItemsAreEqual
0xd5664587,0xd5664587,SECITEM_ItemsAreEqual_Util
0xf25a4585,0xf25a4585,SECITEM_MakeItem
0xa1434169,0xa1434169,SECITEM_ReallocItem
0xff194af1,0xff194af1,SECITEM_ReallocItemV2
0xd820eb73,0xd820eb73,SECITEM_ZfreeArray
0xdfc759c3,0xdfc759c3,SECITEM_ZfreeItem
0x3d0c0ec0,0x3d0c0ec0,SECITEM_ZfreeItem_Util
0x43be7568,0x43be7568,SECKEY_AddPrivateKeyToListTail
0x4ef9eacc,0x4ef9eacc,SECKEY_AddPublicKeyToListTail
0xd6450e82,0xd6450e82,SECKEY_AttributeTemplate
0x14f40893,0x14f40893,SECKEY_BigIntegerBitLength
0x27b3ce7b,0x27b3ce7b,SECKEY_CacheStaticFlags
0x3f9f4608,0x3f9f4608,SECKEY_ConvertAndDecodePublicKeyAndChallenge
0x3976222e,0x3976222e,SECKEY_ConvertAndDecodeSubjectPublicKeyInfo
0x7af780be,0x7af780be,SECKEY_ConvertToPublicKey
0xe244236b,0xe244236b,SECKEY_CopyEncryptedPrivateKeyInfo
0xc723b571,0xc723b571,SECKEY_CopyPrivateKey
0x741c62bd,0x741c62bd,SECKEY_CopyPrivateKeyInfo
0x4b973b95,0x4b973b95,SECKEY_CopyPublicKey
0xb2514011,0xb2514011,SECKEY_CopySubjectPublicKeyInfo
0x46c5ffd6,0x46c5ffd6,SECKEY_CreateDHPrivateKey
0xdce9d2f2,0xdce9d2f2,SECKEY_CreateECPrivateKey
0x62468833,0x62468833,SECKEY_CreateEDPrivateKey
0xf6f31fd0,0xf6f31fd0,SECKEY_CreateRSAPrivateKey
0xfc488c2a,0xfc488c2a,SECKEY_CreateSubjectPublicKeyInfo
0xbc2be874,0xbc2be874,SECKEY_DHParamKeyTemplate
0x517440a0,0x517440a0,SECKEY_DHPrivateKeyExportTemplate
0x4723cc22,0x4723cc22,SECKEY_DHPublicKeyTemplate
0xa7a9920c,0xa7a9920c,SECKEY_DSAPrivateKeyExportTemplate
0x191f0e,0x00191f0e,SECKEY_DSAPublicKeyTemplate
0x1a74ad35,0x1a74ad35,SECKEY_DecodeDERSubjectPublicKeyInfo
0x41ef80da,0x41ef80da,SECKEY_DestroyEncryptedPrivateKeyInfo
0xbb4c9280,0xbb4c9280,SECKEY_DestroyPrivateKey
0xdc7b2f4c,0xdc7b2f4c,SECKEY_DestroyPrivateKeyInfo
0xdc7cc0dc,0xdc7cc0dc,SECKEY_DestroyPrivateKeyList
0x628132c4,0x628132c4,SECKEY_DestroyPublicKey
0x51cfe320,0x51cfe320,SECKEY_DestroyPublicKeyList
0xd160fbe0,0xd160fbe0,SECKEY_DestroySubjectPublicKeyInfo
0x22bb7181,0x22bb7181,SECKEY_ECParamsToBasePointOrderLen
0x3213b905,0x3213b905,SECKEY_ECParamsToKeySize
0x241d54bc,0x241d54bc,SECKEY_ECPrivateKeyExportTemplate
0xd035a7bd,0xd035a7bd,SECKEY_EDPrivateKeyExportTemplate
0x880c931f,0x880c931f,SECKEY_EncodeDERSubjectPublicKeyInfo
0x996d1fac,0x996d1fac,SECKEY_EncryptedPrivateKeyInfoTemplate
0xdddbcb8,0x0dddbcb8,SECKEY_EnforceKeySize
0x94cf1c75,0x94cf1c75,SECKEY_ExtractPublicKey
0xc184fc99,0xc184fc99,SECKEY_GetECCOid
0x2aa07498,0x2aa07498,SECKEY_GetPrivateKeyType
0xf71b4c1c,0xf71b4c1c,SECKEY_GetPublicKeyType
0xf1eb5fc9,0xf1eb5fc9,SECKEY_HashPassword
0x58bb13b0,0x58bb13b0,SECKEY_ImportDERPublicKey
0x1867453c,0x1867453c,SECKEY_NewPrivateKeyList
0xfe4b5b80,0xfe4b5b80,SECKEY_NewPublicKeyList
0xf6cc6bfa,0xf6cc6bfa,SECKEY_PQGParamsTemplate
0x308d79b0,0x308d79b0,SECKEY_PointerToEncryptedPrivateKeyInfoTemplate
0xf3a2ece2,0xf3a2ece2,SECKEY_PointerToPrivateKeyInfoTemplate
0x27075e,0x0027075e,SECKEY_PrivateKeyInfoTemplate
0xc122858e,0xc122858e,SECKEY_PrivateKeyStrengthInBits
0x1871a769,0x1871a769,SECKEY_PublicKeyStrength
0x69675212,0x69675212,SECKEY_PublicKeyStrengthInBits
0x69a7880e,0x69a7880e,SECKEY_RSAPSSParamsTemplate
0xb848d79a,0xb848d79a,SECKEY_RSAPrivateKeyExportTemplate
0x2a3da85c,0x2a3da85c,SECKEY_RSAPublicKeyTemplate
0x38442f86,0x38442f86,SECKEY_RemovePrivateKeyListNode
0xc5a4a34a,0xc5a4a34a,SECKEY_RemovePublicKeyListNode
0x66079ba3,0x66079ba3,SECKEY_SetOfAttributeTemplate
0x22468c1a,0x22468c1a,SECKEY_SetPublicValue
0xa4f73a23,0xa4f73a23,SECKEY_SignatureLen
0xbb0a05eb,0xbb0a05eb,SECKEY_UpdateCertPQG
0xbb1848b3,0xbb1848b3,SECMIME_CreateEncrypted
0x4adbf21f,0x4adbf21f,SECMIME_CreateSigned
0x662be0ba,0x662be0ba,SECMIME_DecryptionAllowed
0x7445a933,0x7445a933,SECMIME_EnableCipher
0x12c6013d,0x12c6013d,SECMIME_EncryptionPossible
0x5912d06d,0x5912d06d,SECMIME_SetPolicy
0x6330edae,0x6330edae,SECMOD_AddList
0xf5dca178,0xf5dca178,SECMOD_AddModule
0x98e9f,0x00098e9f,SECMOD_AddModuleToDBOnlyList
0x2a0fae77,0x2a0fae77,SECMOD_AddModuleToList
0x27a27a7a,0x27a27a7a,SECMOD_AddModuleToUnloadList
0xaef15cc2,0xaef15cc2,SECMOD_AddNewModule
0x30bb9e7f,0x30bb9e7f,SECMOD_AddNewModuleEx
0xfc2eb08c,0xfc2eb08c,SECMOD_AddPermDB
0xddddd3b1,0xddddd3b1,SECMOD_CanDeleteInternalModule
0x7e1aa984,0x7e1aa984,SECMOD_CancelWait
0xbb363724,0xbb363724,SECMOD_CloseUserDB
0xe3e608c3,0xe3e608c3,SECMOD_CreateModule
0x758b4ec0,0x758b4ec0,SECMOD_CreateModuleEx
0xe54f1d9f,0xe54f1d9f,SECMOD_DeleteInternalModule
0x3d5fedc2,0x3d5fedc2,SECMOD_DeleteModule
0x15126f7f,0x15126f7f,SECMOD_DeleteModuleEx
0x43b1fcd6,0x43b1fcd6,SECMOD_DeletePermDB
0xcc9ca18,0x0cc9ca18,SECMOD_DestroyListLock
0xb4ecf4d9,0xb4ecf4d9,SECMOD_DestroyModule
0x99c8a7b5,0x99c8a7b5,SECMOD_DestroyModuleList
0x3af8bdbf,0x3af8bdbf,SECMOD_DestroyModuleListElement
0x8ded9a70,0x8ded9a70,SECMOD_FindModule
0xa73b07b8,0xa73b07b8,SECMOD_FindModuleByID
0xfe432b8c,0xfe432b8c,SECMOD_FindSlot
0x7bebc6d4,0x7bebc6d4,SECMOD_FindSlotByID
0xa9d16218,0xa9d16218,SECMOD_FreeModuleSpecList
0x7454f511,0x7454f511,SECMOD_GetDBModuleList
0x9bdcac39,0x9bdcac39,SECMOD_GetDeadModuleList
0x38c30e6e,0x38c30e6e,SECMOD_GetDefaultModDBFlag
0x850486b0,0x850486b0,SECMOD_GetDefaultModuleList
0xec736479,0xec736479,SECMOD_GetDefaultModuleListLock
0xdf0e754c,0xdf0e754c,SECMOD_GetInternalModule
0xee703436,0xee703436,SECMOD_GetModuleSpecList
0xded8a20e,0xded8a20e,SECMOD_GetReadLock
0x11a2b602,0x11a2b602,SECMOD_GetSkipFirstFlag
0x252bc7cb,0x252bc7cb,SECMOD_GetSystemFIPSEnabled
0x8c5739fd,0x8c5739fd,SECMOD_GetWriteLock
0xc76c4df7,0xc76c4df7,SECMOD_HasRemovableSlots
0x664ef16a,0x664ef16a,SECMOD_HasRootCerts
0xbd007f1d,0xbd007f1d,SECMOD_Init
0xaa2719b8,0xaa2719b8,SECMOD_InternaltoPubCipherFlags
0x7338a1da,0x7338a1da,SECMOD_InternaltoPubMechFlags
0x2e3cb66c,0x2e3cb66c,SECMOD_IsModulePresent
0x61bfd7cf,0x61bfd7cf,SECMOD_LoadModule
0x653f6e0e,0x653f6e0e,SECMOD_LoadUserModule
0xb41fe6cf,0xb41fe6cf,SECMOD_LockedModuleHasRemovableSlots
0x7af496c5,0x7af496c5,SECMOD_LookupSlot
0xb75342f8,0xb75342f8,SECMOD_NewListLock
0x4ce8329f,0x4ce8329f,SECMOD_NewModuleListElement
0x715cf847,0x715cf847,SECMOD_OpenNewSlot
0xa81bd4e0,0xa81bd4e0,SECMOD_OpenUserDB
0x7e964038,0x7e964038,SECMOD_PubCipherFlagstoInternal
0x6d98cada,0x6d98cada,SECMOD_PubMechFlagstoInternal
0x5a422a7e,0x5a422a7e,SECMOD_ReferenceModule
0x36a31d6f,0x36a31d6f,SECMOD_ReleaseReadLock
0xdd71217e,0xdd71217e,SECMOD_ReleaseWriteLock
0x634714f3,0x634714f3,SECMOD_RemoveList
0xb873e87,0x0b873e87,SECMOD_RestartModules
0x9a415aba,0x9a415aba,SECMOD_SetRootCerts
0xc20e36c5,0xc20e36c5,SECMOD_Shutdown
0x73851ddb,0x73851ddb,SECMOD_SlotDestroyModule
0xe4cae112,0xe4cae112,SECMOD_UnloadModule
0x1d6360d1,0x1d6360d1,SECMOD_UnloadUserModule
0x463e9df2,0x463e9df2,SECMOD_UpdateModule
0x8c90ebea,0x8c90ebea,SECMOD_UpdateSlotList
0xc0209210,0xc0209210,SECMOD_WaitForAnyTokenEvent
0xa8d3560,0x0a8d3560,SECOID_AddEntry
0x32ecb47d,0x32ecb47d,SECOID_AddEntry_Util
0x2cb73a15,0x2cb73a15,SECOID_AlgorithmIDTemplate
0x3a2ef252,0x3a2ef252,SECOID_AlgorithmIDTemplate_Util
0x5502b8c0,0x5502b8c0,SECOID_CompareAlgorithmID
0xc23b53dd,0xc23b53dd,SECOID_CompareAlgorithmID_Util
0xd80c75d4,0xd80c75d4,SECOID_CopyAlgorithmID
0xa08a5d71,0xa08a5d71,SECOID_CopyAlgorithmID_Util
0x311ca3e3,0x311ca3e3,SECOID_DestroyAlgorithmID
0x93e4ace0,0x93e4ace0,SECOID_DestroyAlgorithmID_Util
0xe2e89682,0xe2e89682,SECOID_FindOID
0x9296212,0x09296212,SECOID_FindOIDByMechanism
0xdd184b9,0x0dd184b9,SECOID_FindOIDByTag
0xf7d58376,0xf7d58376,SECOID_FindOIDByTag_Util
0x2c718d3e,0x2c718d3e,SECOID_FindOIDTag
0x3e83acc2,0x3e83acc2,SECOID_FindOIDTagDescription
0xcb1f191f,0xcb1f191f,SECOID_FindOIDTagDescription_Util
0x19f8a71b,0x19f8a71b,SECOID_FindOIDTag_Util
0xfdc1adf,0x0fdc1adf,SECOID_FindOID_Util
0x2ec99d08,0x2ec99d08,SECOID_GetAlgorithmTag
0x27e42525,0x27e42525,SECOID_GetAlgorithmTag_Util
0xd1cb8d78,0xd1cb8d78,SECOID_GetTotalTags
0xc7a6bc59,0xc7a6bc59,SECOID_Init
0x55c95b60,0x55c95b60,SECOID_KnownCertExtenOID
0xfebb3ac5,0xfebb3ac5,SECOID_SetAlgorithmID
0x893ee102,0x893ee102,SECOID_SetAlgorithmID_Util
0x3c8b201,0x03c8b201,SECOID_Shutdown
0xde76ad20,0xde76ad20,SEC_ASN1Decode
0xf23174ee,0xf23174ee,SEC_ASN1DecodeInteger
0xc14cdccb,0xc14cdccb,SEC_ASN1DecodeInteger_Util
0x6671b34f,0x6671b34f,SEC_ASN1DecodeItem
0x5fa83fcc,0x5fa83fcc,SEC_ASN1DecodeItem_Util
0x3637043d,0x3637043d,SEC_ASN1Decode_Util
0xdd50cd6a,0xdd50cd6a,SEC_ASN1DecoderAbort
0xdf02e2c7,0xdf02e2c7,SEC_ASN1DecoderAbort_Util
0xc8445573,0xc8445573,SEC_ASN1DecoderClearFilterProc
0xec69d870,0xec69d870,SEC_ASN1DecoderClearFilterProc_Util
0xb9a56366,0xb9a56366,SEC_ASN1DecoderClearNotifyProc
0x6c509643,0x6c509643,SEC_ASN1DecoderClearNotifyProc_Util
0x93923ed3,0x93923ed3,SEC_ASN1DecoderFinish
0x31c09dd0,0x31c09dd0,SEC_ASN1DecoderFinish_Util
0xac6970b8,0xac6970b8,SEC_ASN1DecoderSetFilterProc
0xcbebc6d5,0xcbebc6d5,SEC_ASN1DecoderSetFilterProc_Util
0x823bfb81,0x823bfb81,SEC_ASN1DecoderSetMaximumElementSize
0x9dca7eab,0x9dca7eab,SEC_ASN1DecoderSetNotifyProc
0x4bd284a8,0x4bd284a8,SEC_ASN1DecoderSetNotifyProc_Util
0xdea029c0,0xdea029c0,SEC_ASN1DecoderStart
0x6ce764dd,0x6ce764dd,SEC_ASN1DecoderStart_Util
0xb708ae15,0xb708ae15,SEC_ASN1DecoderUpdate
0x7588e652,0x7588e652,SEC_ASN1DecoderUpdate_Util
0xe16eb24a,0xe16eb24a,SEC_ASN1Encode
0xfa1ec6d8,0xfa1ec6d8,SEC_ASN1EncodeInteger
0xd90bf0f5,0xd90bf0f5,SEC_ASN1EncodeInteger_Util
0x82dc3d79,0x82dc3d79,SEC_ASN1EncodeItem
0x1831b436,0x1831b436,SEC_ASN1EncodeItem_Util
0xb0d66b0c,0xb0d66b0c,SEC_ASN1EncodeLength
0x873a6495,0x873a6495,SEC_ASN1EncodeUnsignedInteger
0xc1d0acd2,0xc1d0acd2,SEC_ASN1EncodeUnsignedInteger_Util
0xdff2d3a7,0xdff2d3a7,SEC_ASN1Encode_Util
0xbe868a14,0xbe868a14,SEC_ASN1EncoderAbort
0xdfbb19b1,0xdfbb19b1,SEC_ASN1EncoderAbort_Util
0x5c67c90,0x05c67c90,SEC_ASN1EncoderClearNotifyProc
0x2801f9ad,0x2801f9ad,SEC_ASN1EncoderClearNotifyProc_Util
0xd39ebaad,0xd39ebaad,SEC_ASN1EncoderClearStreaming
0x405691ea,0x405691ea,SEC_ASN1EncoderClearStreaming_Util
0xcc5dea39,0xcc5dea39,SEC_ASN1EncoderClearTakeFromBuf
0x717d58f6,0x717d58f6,SEC_ASN1EncoderClearTakeFromBuf_Util
0x9b7f90bd,0x9b7f90bd,SEC_ASN1EncoderFinish
0x497fb1fa,0x497fb1fa,SEC_ASN1EncoderFinish_Util
0xa19f4555,0xa19f4555,SEC_ASN1EncoderSetNotifyProc
0x3e200592,0x3e200592,SEC_ASN1EncoderSetNotifyProc_Util
0x356efed2,0x356efed2,SEC_ASN1EncoderSetStreaming
0x3940352f,0x3940352f,SEC_ASN1EncoderSetStreaming_Util
0xe34fcb9e,0xe34fcb9e,SEC_ASN1EncoderSetTakeFromBuf
0x4b5ce17b,0x4b5ce17b,SEC_ASN1EncoderSetTakeFromBuf_Util
0xbfd5e66a,0xbfd5e66a,SEC_ASN1EncoderStart
0x6d9f9bc7,0x6d9f9bc7,SEC_ASN1EncoderStart_Util
0xbef5ffff,0xbef5ffff,SEC_ASN1EncoderUpdate
0x8d47fa7c,0x8d47fa7c,SEC_ASN1EncoderUpdate_Util
0x8978b9a2,0x8978b9a2,SEC_ASN1GetSubtemplate
0x82cb9b5e,0x82cb9b5e,SEC_ASN1IsTemplateSimple
0x8ad85220,0x8ad85220,SEC_ASN1LengthLength
0xaa67c93d,0xaa67c93d,SEC_ASN1LengthLength_Util
0x47fd81ed,0x47fd81ed,SEC_AnyTemplate
0xe753e12a,0xe753e12a,SEC_AnyTemplate_Util
0xee1f087b,0xee1f087b,SEC_BMPStringTemplate
0x6895b078,0x6895b078,SEC_BMPStringTemplate_Util
0x4a6827fb,0x4a6827fb,SEC_BitStringTemplate
0x54fe7ff8,0x54fe7ff8,SEC_BitStringTemplate_Util
0xd7eab5c5,0xd7eab5c5,SEC_BooleanTemplate
0x62533c02,0x62533c02,SEC_BooleanTemplate_Util
0x11c7ebf0,0x11c7ebf0,SEC_CERTExtensionTemplate
0x8fea3e2e,0x8fea3e2e,SEC_CertIssuerTemplate
0x808838cf,0x808838cf,SEC_CertNicknameConflict
0x1963758c,0x1963758c,SEC_CertSequenceTemplate
0xe0a687bc,0xe0a687bc,SEC_CertSerialNumberTemplate
0x3171cfe3,0x3171cfe3,SEC_CertSubjectTemplate
0x718edb48,0x718edb48,SEC_CheckCRL
0x221c8b0a,0x221c8b0a,SEC_CheckCrlTimes
0xde096aea,0xde096aea,SEC_CreateSignatureAlgorithmParameters
0xf4a2dfa7,0xf4a2dfa7,SEC_CrlIsNewer
0xd2b877f1,0xd2b877f1,SEC_DeletePermCRL
0x345442f3,0x345442f3,SEC_DeletePermCertificate
0xbdcd06cf,0xbdcd06cf,SEC_DerSignData
0x614c0a9f,0x614c0a9f,SEC_DerSignDataWithAlgorithmID
0xd0b0b634,0xd0b0b634,SEC_DestroyCrl
0xcb321e33,0xcb321e33,SEC_DupCrl
0xb1c381af,0xb1c381af,SEC_EnumeratedTemplate
0x63ba55cf,0x63ba55cf,SEC_FindCrlByDERCert
0x449dea07,0x449dea07,SEC_FindCrlByName
0xfff7ad9e,0xfff7ad9e,SEC_GeneralizedTimeTemplate
0x9642037b,0x9642037b,SEC_GeneralizedTimeTemplate_Util
0x33a42a8c,0x33a42a8c,SEC_GetCrlTimes
0x5f012d78,0x5f012d78,SEC_GetMgfTypeByOidTag
0x9fe31ff6,0x9fe31ff6,SEC_GetRegisteredHttpClient
0x72176cba,0x72176cba,SEC_GetSignatureAlgorithmOidTag
0x270ddc9b,0x270ddc9b,SEC_IA5StringTemplate
0x368e1898,0x368e1898,SEC_IA5StringTemplate_Util
0x36a79153,0x36a79153,SEC_IntegerTemplate
0x7b8d8050,0x7b8d8050,SEC_IntegerTemplate_Util
0x1f13f417,0x1f13f417,SEC_LookupCrls
0xe1680314,0xe1680314,SEC_NewCrl
0xfa7dc060,0xfa7dc060,SEC_NullTemplate
0xd5ec1f7d,0xd5ec1f7d,SEC_NullTemplate_Util
0x66d06d89,0x66d06d89,SEC_ObjectIDTemplate
0xb1966e46,0xb1966e46,SEC_ObjectIDTemplate_Util
0xaebec77b,0xaebec77b,SEC_OctetStringTemplate
0xede4cf78,0xede4cf78,SEC_OctetStringTemplate_Util
0x3d4ae8b4,0x3d4ae8b4,SEC_PKCS12AddCert
0x1114f9f0,0x1114f9f0,SEC_PKCS12AddCertAndKey
0x1d56c8d4,0x1d56c8d4,SEC_PKCS12AddCertOrChainAndKey
0x9276f924,0x9276f924,SEC_PKCS12AddKeyForCert
0x89e42858,0x89e42858,SEC_PKCS12AddPasswordIntegrity
0x1f9db68d,0x1f9db68d,SEC_PKCS12AddPublicKeyIntegrity
0xe7ce435b,0xe7ce435b,SEC_PKCS12AuthenticatedSafeTemplate
0xe1dbeaf9,0xe1dbeaf9,SEC_PKCS12AuthenticatedSafeTemplate_OLD
0x52d630c6,0x52d630c6,SEC_PKCS12BaggageItemTemplate
0x21ede617,0x21ede617,SEC_PKCS12BaggageTemplate
0x94468bb5,0x94468bb5,SEC_PKCS12BaggageTemplate_OLD
0xa586c2e5,0xa586c2e5,SEC_PKCS12CertAndCRLBagTemplate
0xbf7d1f83,0xbf7d1f83,SEC_PKCS12CertAndCRLBagTemplate_OLD
0x90d48fdb,0x90d48fdb,SEC_PKCS12CertAndCRLTemplate
0x6347779,0x06347779,SEC_PKCS12CertAndCRLTemplate_OLD
0x5c197b40,0x5c197b40,SEC_PKCS12CipherAllowed
0xba3cfbd7,0xba3cfbd7,SEC_PKCS5GetCryptoAlgorithm
0x719dc794,0x719dc794,SEC_PKCS5GetCryptoFromAlgTag
0xb6477d9a,0xb6477d9a,SEC_PKCS5GetHashAlgorithm
0xeef881b7,0xeef881b7,SEC_PKCS5GetHashFromAlgTag
0x66c1904e,0x66c1904e,SEC_PKCS5GetIV
0xd95bf3fa,0xd95bf3fa,SEC_PKCS5GetKeyLength
0x253ee36d,0x253ee36d,SEC_PKCS5GetPBEAlgorithm
0x7de6b8bd,0x7de6b8bd,SEC_PKCS5IsAlgorithmPBEAlg
0xe174c999,0xe174c999,SEC_PKCS5IsAlgorithmPBEAlgTag
0x8e3a1d03,0x8e3a1d03,SEC_PKCS5PBEParameterTemplate
0x4b75b40b,0x4b75b40b,SEC_PKCS5V2PBEParameterTemplate
0x4d136174,0x4d136174,SEC_PKCS5V2ParameterTemplate
0xf21627d1,0xf21627d1,SEC_PointerToAnyTemplate
0x9773d58e,0x9773d58e,SEC_PointerToAnyTemplate_Util
0xe9b21f13,0xe9b21f13,SEC_PointerToEnumeratedTemplate
0x7fd44982,0x7fd44982,SEC_PointerToGeneralizedTimeTemplate
0xe481115f,0xe481115f,SEC_PointerToOctetStringTemplate
0x6954e7dc,0x6954e7dc,SEC_PointerToOctetStringTemplate_Util
0x983fa9fd,0x983fa9fd,SEC_PrintableStringTemplate
0x5cef63f4,0x5cef63f4,SEC_QuickDERDecodeItem
0xf9171f91,0xf9171f91,SEC_QuickDERDecodeItem_Util
0x31fee632,0x31fee632,SEC_RegisterDefaultHttpClient
0xb36d76bb,0xb36d76bb,SEC_SequenceOfAnyTemplate
0x5adf9317,0x5adf9317,SEC_SequenceOfObjectIDTemplate
0x3b16acae,0x3b16acae,SEC_SetOfAnyTemplate
0x6ceaec8b,0x6ceaec8b,SEC_SetOfAnyTemplate_Util
0xf94ae950,0xf94ae950,SEC_SetOfEnumeratedTemplate
0x8813e5f4,0x8813e5f4,SEC_SignData
0x567f8324,0x567f8324,SEC_SignDataWithAlgorithmID
0x4d695742,0x4d695742,SEC_SignedCertificateTemplate
0x7f718f5c,0x7f718f5c,SEC_SkipTemplate
0x119ddadf,0x119ddadf,SEC_StringToOID
0x63043af7,0x63043af7,SEC_T61StringTemplate
0x1b311dc0,0x1b311dc0,SEC_UTCTimeTemplate
0x2e30d8dd,0x2e30d8dd,SEC_UTCTimeTemplate_Util
0xcb8ac763,0xcb8ac763,SEC_UTF8StringTemplate
0xb2350060,0xb2350060,SEC_UTF8StringTemplate_Util
0x3ba3b455,0x3ba3b455,SEC_UniversalStringTemplate
0x5e880119,0x5e880119,SEC_V2PKCS12PBEParameterTemplate
0x955fab4a,0x955fab4a,SEC_VisibleStringTemplate
0x15f9a67b,0x15f9a67b,SGN_Begin
0x579c589,0x0579c589,SGN_CompareDigestInfo
0x27d6c646,0x27d6c646,SGN_CompareDigestInfo_Util
0x2914e1bd,0x2914e1bd,SGN_CopyDigestInfo
0x8e0fa2fa,0x8e0fa2fa,SGN_CopyDigestInfo_Util
0xf0968b96,0xf0968b96,SGN_CreateDigestInfo
0x60325c73,0x60325c73,SGN_CreateDigestInfo_Util
0x83a75a66,0x83a75a66,SGN_DecodeDigestInfo
0x2f190d05,0x2f190d05,SGN_DestroyContext
0xfca1584c,0xfca1584c,SGN_DestroyDigestInfo
0x7678ae9,0x07678ae9,SGN_DestroyDigestInfo_Util
0xda211916,0xda211916,SGN_Digest
0x4d5f5c10,0x4d5f5c10,SGN_EncodeDigestInfo
0xdea3a9ad,0xdea3a9ad,SGN_End
0x3fa27b65,0x3fa27b65,SGN_NewContext
0x82cf3075,0x82cf3075,SGN_NewContextWithAlgorithmID
0x245c139,0x0245c139,SGN_Update
0xea793111,0xea793111,SHAddDefaultPropertiesByExt
0x48315db1,0x48315db1,SHAddFromPropSheetExtArray
0x2e73ec80,0x2e73ec80,SHAddToRecentDocs
0xe0034675,0xe0034675,SHAlloc
0xf815a54c,0xf815a54c,SHAllocShared
0x72351d23,0x72351d23,SHAnsiToAnsi
0x54e5071f,0x54e5071f,SHAnsiToUnicode
0xade1f205,0xade1f205,SHAppBarMessage
0xf9b44669,0xf9b44669,SHAssocEnumHandlers
0x4c468a91,0x4c468a91,SHAssocEnumHandlersForProtocolByApplication
0xa42e36dc,0xa42e36dc,SHAutoComplete
0xa812ef99,0xa812ef99,SHBindToFolderIDListParent
0xf88d4316,0xf88d4316,SHBindToFolderIDListParentEx
0x2f3bd5a1,0x2f3bd5a1,SHBindToObject
0x31834a34,0x31834a34,SHBindToParent
0x495f6e5f,0x495f6e5f,SHBrowseForFolder
0x754d3a80,0x754d3a80,SHBrowseForFolderA
0x754d3a96,0x754d3a96,SHBrowseForFolderW
0x60918704,0x60918704,SHCLSIDFromString
0xb474f7bf,0xb474f7bf,SHChangeNotification_Lock
0xba834202,0xba834202,SHChangeNotification_Unlock
0x30a2fd49,0x30a2fd49,SHChangeNotify
0x198ab217,0x198ab217,SHChangeNotifyDeregister
0xfd4af9ce,0xfd4af9ce,SHChangeNotifyRegister
0x6c74faa6,0x6c74faa6,SHChangeNotifyRegisterThread
0x1b88cafc,0x1b88cafc,SHChangeNotifySuspendResume
0xcb618785,0xcb618785,SHCloneSpecialIDList
0x50291965,0x50291965,SHCoCreateInstance
0x75473a2f,0x75473a2f,SHCopyKeyA
0x75473a45,0x75473a45,SHCopyKeyW
0x590c37d6,0x590c37d6,SHCreateAssociationRegistration
0x7fd4296f,0x7fd4296f,SHCreateDataObject
0xe635e5d,0x0e635e5d,SHCreateDefaultContextMenu
0xbafb5d27,0xbafb5d27,SHCreateDefaultExtractIcon
0x4b341b0f,0x4b341b0f,SHCreateDefaultPropertiesOp
0xadb59193,0xadb59193,SHCreateDirectory
0x1d69bdd1,0x1d69bdd1,SHCreateDirectoryExA
0x1d69bde7,0x1d69bde7,SHCreateDirectoryExW
0x8c7f6079,0x8c7f6079,SHCreateFileExtractIconW
0xdb89826a,0xdb89826a,SHCreateItemFromIDList
0x335f2996,0x335f2996,SHCreateItemFromParsingName
0x95f0fd3e,0x95f0fd3e,SHCreateItemFromRelativeName
0x51ca9d0d,0x51ca9d0d,SHCreateItemInKnownFolder
0x346430b3,0x346430b3,SHCreateItemWithParent
0x75b39171,0x75b39171,SHCreateLocalServerRunDll
0xb6059b29,0xb6059b29,SHCreateMemStream
0x2db8eac7,0x2db8eac7,SHCreateProcessAsUserW
0xca994ea8,0xca994ea8,SHCreatePropSheetExtArray
0xdab1207e,0xdab1207e,SHCreateQueryCancelAutoPlayMoniker
0x3adf260d,0x3adf260d,SHCreateShellFolderView
0x6f40e68a,0x6f40e68a,SHCreateShellFolderViewEx
0xbcfa4a45,0xbcfa4a45,SHCreateShellItem
0x2cb312c4,0x2cb312c4,SHCreateShellItemArray
0x3efddee9,0x3efddee9,SHCreateShellItemArrayFromDataObject
0xea2a1b94,0xea2a1b94,SHCreateShellItemArrayFromIDLists
0x46a6387f,0x46a6387f,SHCreateShellItemArrayFromShellItem
0x6a753e65,0x6a753e65,SHCreateShellPalette
0x776d3481,0x776d3481,SHCreateStdEnumFmtEtc
0x2237e0a8,0x2237e0a8,SHCreateStreamOnFileA
0x6933f684,0x6933f684,SHCreateStreamOnFileEx
0x2237e0be,0x2237e0be,SHCreateStreamOnFileW
0x9307d66b,0x9307d66b,SHCreateStreamWrapper
0x98f18676,0x98f18676,SHCreateThread
0x90de0b3,0x090de0b3,SHCreateThreadRef
0x516e803e,0x516e803e,SHDefExtractIconA
0x516e8054,0x516e8054,SHDefExtractIconW
0xee367896,0xee367896,SHDeleteEmptyKeyA
0xee3678ac,0xee3678ac,SHDeleteEmptyKeyW
0xbb8f7387,0xbb8f7387,SHDeleteKeyA
0xbb8f739d,0xbb8f739d,SHDeleteKeyW
0x5060058f,0x5060058f,SHDeleteOrphanKeyA
0x506005a5,0x506005a5,SHDeleteOrphanKeyW
0xf6940b7b,0xf6940b7b,SHDeleteValueA
0xf6940b91,0xf6940b91,SHDeleteValueW
0xccfb0d1e,0xccfb0d1e,SHDestroyPropSheetExtArray
0xa2e0d8d0,0xa2e0d8d0,SHDoDragDrop
0xaf931a1a,0xaf931a1a,SHEmptyRecycleBinA
0xaf931a30,0xaf931a30,SHEmptyRecycleBinW
0x422f8bb9,0x422f8bb9,SHEnableServiceObject
0x79259f26,0x79259f26,SHEnumKeyExA
0x79259f3c,0x79259f3c,SHEnumKeyExW
0x927f1cbd,0x927f1cbd,SHEnumValueA
0x927f1cd3,0x927f1cd3,SHEnumValueW
0x471ec229,0x471ec229,SHEnumerateUnreadMailAccountsW
0xef99b61,0x0ef99b61,SHEvaluateSystemCommandTemplate
0x14423c18,0x14423c18,SHExtractIconsW
0x1649171b,0x1649171b,SHFileOperation
0xdf6bfabc,0xdf6bfabc,SHFileOperationA
0xdf6bfad2,0xdf6bfad2,SHFileOperationW
0x26cf879e,0x26cf879e,SHFindFiles
0x8cec7307,0x8cec7307,SHFind_InitMenuPopup
0x7e95add9,0x7e95add9,SHFlushSFCache
0xc8d777c1,0xc8d777c1,SHFormatDateTimeA
0xc8d777d7,0xc8d777d7,SHFormatDateTimeW
0xe98d5aad,0xe98d5aad,SHFormatDrive
0xc8bd1e6c,0xc8bd1e6c,SHFree
0x2a9ee1ec,0x2a9ee1ec,SHFreeNameMappings
0x36055a83,0x36055a83,SHFreeShared
0x96c07a96,0x96c07a96,SHGetAttributesFromDataObject
0x7e129f02,0x7e129f02,SHGetDataFromIDListA
0x7e129f18,0x7e129f18,SHGetDataFromIDListW
0xcc8cc380,0xcc8cc380,SHGetDesktopFolder
0x564fafc4,0x564fafc4,SHGetDiskFreeSpaceA
0x28facd61,0x28facd61,SHGetDiskFreeSpaceExA
0x28facd77,0x28facd77,SHGetDiskFreeSpaceExW
0xaf7a13c4,0xaf7a13c4,SHGetDriveMedia
0xee251d6,0x0ee251d6,SHGetFileInfo
0xeb2c8cd7,0xeb2c8cd7,SHGetFileInfoA
0xeb2c8ced,0xeb2c8ced,SHGetFileInfoW
0xfa0b069f,0xfa0b069f,SHGetFolderLocation
0x6a9a0214,0x6a9a0214,SHGetFolderPathA
0x5d6f9f10,0x5d6f9f10,SHGetFolderPathAndSubDirA
0x5d6f9f26,0x5d6f9f26,SHGetFolderPathAndSubDirW
0xbdda4570,0xbdda4570,SHGetFolderPathEx
0x6a9a022a,0x6a9a022a,SHGetFolderPathW
0xf63407fe,0xf63407fe,SHGetIDListFromObject
0x37c380e,0x037c380e,SHGetIconOverlayIndexA
0x37c3824,0x037c3824,SHGetIconOverlayIndexW
0xaf497ae9,0xaf497ae9,SHGetImageList
0xee566b50,0xee566b50,SHGetInstanceExplorer
0x5a07faa7,0x5a07faa7,SHGetInverseCMAP
0xeed80ffe,0xeed80ffe,SHGetItemFromDataObject
0xdd27bca4,0xdd27bca4,SHGetItemFromObject
0x7521123c,0x7521123c,SHGetKnownFolderIDList
0x2f5bf922,0x2f5bf922,SHGetKnownFolderItem
0x2f5f80e0,0x2f5f80e0,SHGetKnownFolderPath
0x840e6702,0x840e6702,SHGetLocalizedName
0xccc7ab22,0xccc7ab22,SHGetMalloc
0x7036d248,0x7036d248,SHGetNameFromIDList
0xfabba22e,0xfabba22e,SHGetNewLinkInfo
0x522fe82f,0x522fe82f,SHGetNewLinkInfoA
0x522fe845,0x522fe845,SHGetNewLinkInfoW
0xcd74f2f4,0xcd74f2f4,SHGetPathFromIDList
0x7c1351b5,0x7c1351b5,SHGetPathFromIDListA
0xfe7d8931,0xfe7d8931,SHGetPathFromIDListEx
0x7c1351cb,0x7c1351cb,SHGetPathFromIDListW
0xe00669fb,0xe00669fb,SHGetPropertyStoreForWindow
0x770c7279,0x770c7279,SHGetPropertyStoreFromIDList
0x49357b05,0x49357b05,SHGetPropertyStoreFromParsingName
0xef2dbb07,0xef2dbb07,SHGetRealIDL
0x57e4b15e,0x57e4b15e,SHGetSetFolderCustomSettings
0x889b8907,0x889b8907,SHGetSetSettings
0xee09e2fb,0xee09e2fb,SHGetSettings
0x819e560,0x0819e560,SHGetSpecialFolderLocation
0x69227075,0x69227075,SHGetSpecialFolderPathA
0x6922708b,0x6922708b,SHGetSpecialFolderPathW
0xa5e43b43,0xa5e43b43,SHGetStockIconInfo
0x6fa4e9c8,0x6fa4e9c8,SHGetTemporaryPropertyForItem
0x2b00447f,0x2b00447f,SHGetThreadRef
0xb70e2b6c,0xb70e2b6c,SHGetUnreadMailCountW
0xe1c63dc8,0xe1c63dc8,SHGetValueA
0xe1c63dde,0xe1c63dde,SHGetValueW
0x98a1c975,0x98a1c975,SHGetViewStatePropertyBag
0xd532de7c,0xd532de7c,SHHandleUpdateImage
0x9c074112,0x9c074112,SHHelpShortcuts_RunDLL
0x1cef6393,0x1cef6393,SHHelpShortcuts_RunDLLA
0x1cef63a9,0x1cef63a9,SHHelpShortcuts_RunDLLW
0x14e9de54,0x14e9de54,SHILCreateFromPath
0x27b0c15a,0x27b0c15a,SHInvokePrinterCommandA
0x27b0c170,0x27b0c170,SHInvokePrinterCommandW
0x8b0c8015,0x8b0c8015,SHIsChildOrSelf
0xb2c2d62a,0xb2c2d62a,SHIsFileAvailableOffline
0xea856246,0xea856246,SHIsLowMemoryMachine
0x5122139f,0x5122139f,SHLimitInputEdit
0xdbef15b5,0xdbef15b5,SHLoadInProc
0xc4aee4f3,0xc4aee4f3,SHLoadIndirectString
0x2d80eabf,0x2d80eabf,SHLoadNonloadedIconOverlayIdentifiers
0xe629310a,0xe629310a,SHLockShared
0x8efb67f0,0x8efb67f0,SHMapPIDLToSystemImageListIndex
0x944794b7,0x944794b7,SHMessageBoxCheckA
0x944794cd,0x944794cd,SHMessageBoxCheckW
0x8b279f22,0x8b279f22,SHMultiFileProperties
0x8fd3f9ce,0x8fd3f9ce,SHObjectProperties
0x6d5aeb0d,0x6d5aeb0d,SHOpenFolderAndSelectItems
0x30a4ba0d,0x30a4ba0d,SHOpenPropSheetW
0xa0997d59,0xa0997d59,SHOpenRegStream2A
0xa0997d6f,0xa0997d6f,SHOpenRegStream2W
0xd6523a27,0xd6523a27,SHOpenRegStreamA
0xd6523a3d,0xd6523a3d,SHOpenRegStreamW
0x47189de8,0x47189de8,SHOpenWithDialog
0x3dc3635c,0x3dc3635c,SHParseDisplayName
0x613faeb9,0x613faeb9,SHPathPrepareForWriteA
0x613faecf,0x613faecf,SHPathPrepareForWriteW
0xa0338fcd,0xa0338fcd,SHPropStgCreate
0x9dd64281,0x9dd64281,SHPropStgReadMultiple
0x6a5833f0,0x6a5833f0,SHPropStgWriteMultiple
0xa181618,0x0a181618,SHPropertyBag_ReadStrAlloc
0xa9d7516,0x0a9d7516,SHQueryInfoKeyA
0xa9d752c,0x0a9d752c,SHQueryInfoKeyW
0x31cbc1c1,0x31cbc1c1,SHQueryRecycleBinA
0x31cbc1d7,0x31cbc1d7,SHQueryRecycleBinW
0x7ec585a7,0x7ec585a7,SHQueryUserNotificationState
0x2fa86b1b,0x2fa86b1b,SHQueryValueExA
0x2fa86b31,0x2fa86b31,SHQueryValueExW
0x3719e68f,0x3719e68f,SHRegCloseUSKey
0x39a62bce,0x39a62bce,SHRegCreateUSKeyA
0x39a62be4,0x39a62be4,SHRegCreateUSKeyW
0x9cc9fc5c,0x9cc9fc5c,SHRegDeleteEmptyUSKeyA
0x9cc9fc72,0x9cc9fc72,SHRegDeleteEmptyUSKeyW
0xf4c11241,0xf4c11241,SHRegDeleteUSValueA
0xf4c11257,0xf4c11257,SHRegDeleteUSValueW
0x5c958994,0x5c958994,SHRegDuplicateHKey
0x8ff5a8f,0x08ff5a8f,SHRegEnumUSKeyA
0x8ff5aa5,0x08ff5aa5,SHRegEnumUSKeyW
0x5f99d483,0x5f99d483,SHRegEnumUSValueA
0x5f99d499,0x5f99d499,SHRegEnumUSValueW
0xf5d7901a,0xf5d7901a,SHRegGetBoolUSValueA
0xf5d79030,0xf5d79030,SHRegGetBoolUSValueW
0xcedfcf8a,0xcedfcf8a,SHRegGetIntW
0xab5149b6,0xab5149b6,SHRegGetPathA
0xab5149cc,0xab5149cc,SHRegGetPathW
0x6931048e,0x6931048e,SHRegGetUSValueA
0x693104a4,0x693104a4,SHRegGetUSValueW
0x23754946,0x23754946,SHRegGetValueA
0x2375495c,0x2375495c,SHRegGetValueW
0xa33ed68c,0xa33ed68c,SHRegOpenUSKeyA
0xa33ed6a2,0xa33ed6a2,SHRegOpenUSKeyW
0x6ccda15c,0x6ccda15c,SHRegQueryInfoUSKeyA
0x6ccda172,0x6ccda172,SHRegQueryInfoUSKeyW
0x14113ac4,0x14113ac4,SHRegQueryUSValueA
0x14113ada,0x14113ada,SHRegQueryUSValueW
0xbe674442,0xbe674442,SHRegSetPathA
0xbe674458,0xbe674458,SHRegSetPathW
0xa989839a,0xa989839a,SHRegSetUSValueA
0xa98983b0,0xa98983b0,SHRegSetUSValueW
0x61407ed9,0x61407ed9,SHRegWriteUSValueA
0x61407eef,0x61407eef,SHRegWriteUSValueW
0xeccb33f5,0xeccb33f5,SHRegisterValidateTemplate
0xcf6c480,0x0cf6c480,SHReleaseThreadRef
0x79293d30,0x79293d30,SHRemoveLocalizedName
0x59951ec4,0x59951ec4,SHReplaceFromPropSheetExtArray
0xe78ef0ff,0xe78ef0ff,SHResolveLibrary
0xe833afc3,0xe833afc3,SHRestricted
0xc105c2ad,0xc105c2ad,SHRunIndirectRegClientCommand
0xc75ab72d,0xc75ab72d,SHSendMessageBroadcastA
0xc75ab743,0xc75ab743,SHSendMessageBroadcastW
0xb37c48e8,0xb37c48e8,SHSetDefaultProperties
0x319cb5a0,0x319cb5a0,SHSetFolderPathA
0x319cb5b6,0x319cb5b6,SHSetFolderPathW
0x3893365c,0x3893365c,SHSetInstanceExplorer
0x58691a6c,0x58691a6c,SHSetKnownFolderPath
0x168c2d8e,0x168c2d8e,SHSetLocalizedName
0x595200d4,0x595200d4,SHSetTemporaryPropertyForItem
0x7668a50b,0x7668a50b,SHSetThreadRef
0x14af678,0x014af678,SHSetUnreadMailCountW
0x579b89d4,0x579b89d4,SHSetValueA
0x579b89ea,0x579b89ea,SHSetValueW
0xf34d20fd,0xf34d20fd,SHShellFolderView_Message
0xced4f907,0xced4f907,SHShowManageLibraryUI
0xba17e53e,0xba17e53e,SHSimpleIDListFromPath
0x6ccc83eb,0x6ccc83eb,SHSkipJunction
0x44104ab6,0x44104ab6,SHStartNetConnectionDialogW
0x6a97244d,0x6a97244d,SHStrDupA
0x6a972463,0x6a972463,SHStrDupW
0xc93fcd88,0xc93fcd88,SHStripMneumonicA
0xc93fcd9e,0xc93fcd9e,SHStripMneumonicW
0x90bb1c97,0x90bb1c97,SHTestTokenMembership
0xbf78edf,0x0bf78edf,SHUnicodeToAnsi
0xedc4ef5b,0xedc4ef5b,SHUnicodeToUnicode
0x8ad36e8d,0x8ad36e8d,SHUnlockShared
0xe1f28dd1,0xe1f28dd1,SHUpdateImageA
0xe1f28de7,0xe1f28de7,SHUpdateImageW
0xe3f80256,0xe3f80256,SHUpdateRecycleBinIcon
0x568a10da,0x568a10da,SHValidateUNC
0x17a90c30,0x17a90c30,SListHead
0xa352d52,0x0a352d52,SNB_UserFree
0x6c35d0fc,0x6c35d0fc,SNB_UserFree64
0xe7132178,0xe7132178,SNB_UserMarshal
0xf86166a2,0xf86166a2,SNB_UserMarshal64
0xa3c2aab,0x0a3c2aab,SNB_UserSize
0x89f18895,0x89f18895,SNB_UserSize64
0xf17b775b,0xf17b775b,SNB_UserUnmarshal
0x3e36c145,0x3e36c145,SNB_UserUnmarshal64
0xf8e50314,0xf8e50314,SRWLock
0x51524e95,0x51524e95,STAN_AddModuleToDefaultTrustDomain
0xcb282b3a,0xcb282b3a,STAN_ChangeCertTrust
0xfb4c134,0x0fb4c134,STAN_DeleteCertTrustMatchingSlot
0x8716347,0x08716347,STAN_ForceCERTCertificateUpdate
0xa640f855,0xa640f855,STAN_GetCERTCertificate
0x542aff16,0x542aff16,STAN_GetCERTCertificateName
0x66059772,0x66059772,STAN_GetCERTCertificateNameForInstance
0x3078dc77,0x3078dc77,STAN_GetCERTCertificateOrRelease
0x967e7364,0x967e7364,STAN_GetCertIdentifierFromDER
0x77b4df4f,0x77b4df4f,STAN_GetDefaultCryptoContext
0xd1406883,0xd1406883,STAN_GetDefaultTrustDomain
0x7517f51b,0x7517f51b,STAN_GetNSSCertificate
0x669b2f8e,0x669b2f8e,STAN_InitTokenForSlotInfo
0x693526ea,0x693526ea,STAN_LoadDefaultNSS3TrustDomain
0x48981cab,0x48981cab,STAN_RemoveModuleFromDefaultTrustDomain
0x48f298a0,0x48f298a0,STAN_ResetTokenInterator
0x283f2080,0x283f2080,STAN_Shutdown
0x96880c1e,0x96880c1e,STGMEDIUM_UserFree
0x58bb92c8,0x58bb92c8,STGMEDIUM_UserFree64
0x702e308f,0x702e308f,STGMEDIUM_UserFreeExt
0x64511cc4,0x64511cc4,STGMEDIUM_UserMarshal
0xbd0b64ee,0xbd0b64ee,STGMEDIUM_UserMarshal64
0x5e784775,0x5e784775,STGMEDIUM_UserMarshalExt
0x968f0977,0x968f0977,STGMEDIUM_UserSize
0x76774a61,0x76774a61,STGMEDIUM_UserSize64
0x4560db48,0x4560db48,STGMEDIUM_UserSizeExt
0xb62575a7,0xb62575a7,STGMEDIUM_UserUnmarshal
0xd5598291,0xd5598291,STGMEDIUM_UserUnmarshal64
0x808a1978,0x808a1978,STGMEDIUM_UserUnmarshalExt
0x9a354fce,0x9a354fce,SaferCloseLevel
0x9571fd2a,0x9571fd2a,SaferComputeTokenFromLevel
0x426c622c,0x426c622c,SaferCreateLevel
0xda2763de,0xda2763de,SaferGetLevelInformation
0xf992bbd6,0xf992bbd6,SaferGetPolicyInformation
0x39e6bd4,0x039e6bd4,SaferIdentifyLevel
0x713cdad5,0x713cdad5,SaferRecordEventLogEntry
0x24642eea,0x24642eea,SaferSetLevelInformation
0x8b68e862,0x8b68e862,SaferSetPolicyInformation
0x9c389362,0x9c389362,SaferiChangeRegistryScope
0xfb8a1fdc,0xfb8a1fdc,SaferiCompareTokenLevels
0x9cb8b3a9,0x9cb8b3a9,SaferiIsDllAllowed
0x46146349,0x46146349,SaferiIsExecutableFileType
0xf63d439b,0xf63d439b,SaferiPopulateDefaultsInRegistry
0x6bd8b47e,0x6bd8b47e,SaferiRecordEventLogEntry
0x4ce1a59,0x04ce1a59,SaferiSearchMatchingHashRules
0x1b11084f,0x1b11084f,SaslAcceptSecurityContext
0x9e1231ad,0x9e1231ad,SaslEnumerateProfilesA
0x9e1231c3,0x9e1231c3,SaslEnumerateProfilesW
0xdd1aff00,0xdd1aff00,SaslGetContextOption
0x81fe5740,0x81fe5740,SaslGetProfilePackageA
0x81fe5756,0x81fe5756,SaslGetProfilePackageW
0x48a2118b,0x48a2118b,SaslIdentifyPackageA
0x48a211a1,0x48a211a1,SaslIdentifyPackageW
0x99e96152,0x99e96152,SaslInitializeSecurityContextA
0x99e96168,0x99e96168,SaslInitializeSecurityContextW
0x6f98c58c,0x6f98c58c,SaslSetContextOption
0xc8470185,0xc8470185,SaveDC
0xb3a60180,0xb3a60180,SbExecuteProcedure
0xc03011ad,0xc03011ad,SbSelectProcedure
0xc922ec85,0xc922ec85,ScaleViewportExtEx
0xdca18b7d,0xdca18b7d,ScaleWindowExtEx
0x70d7edd7,0x70d7edd7,ScheduleJob
0xe9577991,0xe9577991,ScreenToClient
0x960f4458,0x960f4458,ScriptApplyDigitSubstitution
0x603d1b85,0x603d1b85,ScriptApplyLogicalWidth
0x477370a9,0x477370a9,ScriptBreak
0x4784b212,0x4784b212,ScriptCPtoX
0xaff998b1,0xaff998b1,ScriptCacheGetHeight
0x9a780ada,0x9a780ada,ScriptFreeCache
0x55b2f805,0x55b2f805,ScriptGetCMap
0x198869d2,0x198869d2,ScriptGetFontAlternateGlyphs
0x72a976,0x0072a976,ScriptGetFontFeatureTags
0x5047fe6e,0x5047fe6e,ScriptGetFontLanguageTags
0x19822bc8,0x19822bc8,ScriptGetFontProperties
0x1611e39f,0x1611e39f,ScriptGetFontScriptTags
0xf6cc3d8e,0xf6cc3d8e,ScriptGetGlyphABCWidth
0x82b25372,0x82b25372,ScriptGetLogicalWidths
0x4c707c11,0x4c707c11,ScriptGetProperties
0x624ba438,0x624ba438,ScriptIsComplex
0x119ad15b,0x119ad15b,ScriptItemize
0xa942a9cf,0xa942a9cf,ScriptItemizeOpenType
0x61eb61f2,0x61eb61f2,ScriptJustify
0x4c0cb042,0x4c0cb042,ScriptLayout
0x486d6ca9,0x486d6ca9,ScriptPlace
0x686ab31d,0x686ab31d,ScriptPlaceOpenType
0x1e1be75f,0x1e1be75f,ScriptPositionSingleGlyph
0x7ecbcf11,0x7ecbcf11,ScriptRecordDigitSubstitution
0x48a18655,0x48a18655,ScriptShape
0xc743b8c9,0xc743b8c9,ScriptShapeOpenType
0x1940b9e8,0x1940b9e8,ScriptStringAnalyse
0xde8dcde9,0xde8dcde9,ScriptStringCPtoX
0x54538b1d,0x54538b1d,ScriptStringFree
0xc957fae9,0xc957fae9,ScriptStringGetLogicalWidths
0x429b08b7,0x429b08b7,ScriptStringGetOrder
0x5021b693,0x5021b693,ScriptStringOut
0xd36ffea5,0xd36ffea5,ScriptStringValidate
0xe00beb29,0xe00beb29,ScriptStringXtoCP
0x3fe08507,0x3fe08507,ScriptString_pLogAttr
0xf1975745,0xf1975745,ScriptString_pSize
0x27ccdb6,0x027ccdb6,ScriptString_pcOutChars
0x8d82cc06,0x8d82cc06,ScriptSubstituteSingleGlyph
0x3eb9cd61,0x3eb9cd61,ScriptTextOut
0x4902cf52,0x4902cf52,ScriptXtoCP
0x950d43c7,0x950d43c7,ScrollChildren
0x867864ac,0x867864ac,ScrollConsoleScreenBufferA
0x867864c2,0x867864c2,ScrollConsoleScreenBufferW
0x8766d525,0x8766d525,ScrollDC
0x85167f6,0x085167f6,ScrollWindow
0x624b46b3,0x624b46b3,ScrollWindowEx
0x4f529579,0x4f529579,SealMessage
0xddd6d5b3,0xddd6d5b3,SearchPathA
0xddd6d5c9,0xddd6d5c9,SearchPathW
0x6f0fa05c,0x6f0fa05c,SearchTreeForFile
0x5103ac33,0x5103ac33,SearchTreeForFileW
0xc8c7a37c,0xc8c7a37c,SecCacheSspiPackages
0x34072326,0x34072326,SecDeleteUserModeContext
0x98ff00c7,0x98ff00c7,SecInitUserModeContext
0xa9160d40,0xa9160d40,SeciAllocateAndSetCallFlags
0xda5176f6,0xda5176f6,SeciAllocateAndSetIPAddress
0xaeaf1376,0xaeaf1376,SeciFreeCallContext
0x384501c7,0x384501c7,SectionSpinCount
0x20bc48a6,0x20bc48a6,SecurityDescriptor
0x38455da7,0x38455da7,SecurityDescriptorA
0x38455dbd,0x38455dbd,SecurityDescriptorW
0x398ce8bb,0x398ce8bb,SeekPrinter
0x8c8b7be,0x08c8b7be,SelectBrushLocal
0x8c342304,0x8c342304,SelectClipPath
0x789cc47e,0x789cc47e,SelectClipRgn
0xbeea29d1,0xbeea29d1,SelectFontLocal
0x74464c66,0x74464c66,SelectObject
0x47d966de,0x47d966de,SelectPalette
0x8b17460a,0x8b17460a,SemaphoreOnCompletion
0x69272465,0x69272465,SendDlgItemMessageA
0x6927247b,0x6927247b,SendDlgItemMessageW
0xd312f8a,0x0d312f8a,SendDriverMessage
0x1b637bb7,0x1b637bb7,SendIMEMessageExA
0x1b637bcd,0x1b637bcd,SendIMEMessageExW
0xfefe7689,0xfefe7689,SendInput
0xca4b1b7f,0xca4b1b7f,SendMessageA
0x45034f8c,0x45034f8c,SendMessageCallbackA
0x45034fa2,0x45034fa2,SendMessageCallbackW
0x42f01026,0x42f01026,SendMessageTimeoutA
0x42f0103c,0x42f0103c,SendMessageTimeoutW
0xca4b1b95,0xca4b1b95,SendMessageW
0x9dedbbd8,0x9dedbbd8,SendNotifyMessageA
0x9dedbbee,0x9dedbbee,SendNotifyMessageW
0x259237cc,0x259237cc,SendPnPMessage
0x4175df05,0x4175df05,SendTSMessage
0x5dccc2c7,0x5dccc2c7,SetAbortProc
0xdbb3aff1,0xdbb3aff1,SetAclInformation
0x9b53accf,0x9b53accf,SetActiveWindow
0xbfb6541f,0xbfb6541f,SetAddrInfoEx
0x5a05c1da,0x5a05c1da,SetAppCompatData
0x64741f8,0x064741f8,SetAppCompatStringPointer
0x9f97aaf2,0x9f97aaf2,SetArcDirection
0x3ae1db6a,0x3ae1db6a,SetBitmapBits
0x6308a21b,0x6308a21b,SetBitmapDimensionEx
0xd2465c27,0xd2465c27,SetBkColor
0xc8552fed,0xc8552fed,SetBkMode
0x36470954,0x36470954,SetBoundsRect
0x1dabd564,0x1dabd564,SetBrushOrgEx
0xee9362c2,0xee9362c2,SetCalendarInfoA
0xee9362d8,0xee9362d8,SetCalendarInfoW
0x8db25af,0x08db25af,SetCapture
0x937d8a29,0x937d8a29,SetCaretBlinkTime
0x27da29fc,0x27da29fc,SetCaretPos
0x5c1fac7c,0x5c1fac7c,SetCheckUserInterruptShared
0xb180d22,0x0b180d22,SetClassLongA
0xb180d38,0x0b180d38,SetClassLongW
0x4def7d6d,0x4def7d6d,SetClassWord
0x381942eb,0x381942eb,SetClientTimeZoneInformation
0x56055145,0x56055145,SetClipboardData
0x172482fd,0x172482fd,SetClipboardViewer
0xb516b359,0xb516b359,SetColorAdjustment
0x59a26a46,0x59a26a46,SetColorSpace
0x8713cec5,0x8713cec5,SetComPlusPackageInstallStatus
0x9f3a562c,0x9f3a562c,SetCommBreak
0x88a8ff7d,0x88a8ff7d,SetCommConfig
0x526c5f73,0x526c5f73,SetCommMask
0xa06f00e8,0xa06f00e8,SetCommState
0x3704d901,0x3704d901,SetCommTimeouts
0x75743dec,0x75743dec,SetComputerNameA
0xa37b8589,0xa37b8589,SetComputerNameExA
0xa37b859f,0xa37b859f,SetComputerNameExW
0x75743e02,0x75743e02,SetComputerNameW
0x8ef98244,0x8ef98244,SetConsoleActiveScreenBuffer
0xfb1b7b41,0xfb1b7b41,SetConsoleCP
0x8b20d2c1,0x8b20d2c1,SetConsoleCtrlHandler
0xc78210ec,0xc78210ec,SetConsoleCursor
0xeae203b8,0xeae203b8,SetConsoleCursorInfo
0xeae43931,0xeae43931,SetConsoleCursorMode
0xb009fca1,0xb009fca1,SetConsoleCursorPosition
0x3e420ca9,0x3e420ca9,SetConsoleDisplayMode
0x2fe8fac5,0x2fe8fac5,SetConsoleFont
0xab26a1fd,0xab26a1fd,SetConsoleHardwareState
0x135068ac,0x135068ac,SetConsoleHistoryInfo
0x2fea6cf7,0x2fea6cf7,SetConsoleIcon
0xd1e65a82,0xd1e65a82,SetConsoleInputExeNameA
0xd1e65a98,0xd1e65a98,SetConsoleInputExeNameW
0x32395866,0x32395866,SetConsoleKeyShortcuts
0x9b7c12ba,0x9b7c12ba,SetConsoleLocalEUDC
0x492e0e7f,0x492e0e7f,SetConsoleMaximumWindowSize
0x522ede59,0x522ede59,SetConsoleMenuClose
0x2fecd013,0x2fecd013,SetConsoleMode
0xf19529c0,0xf19529c0,SetConsoleNlsMode
0xc5770fbf,0xc5770fbf,SetConsoleNumberOfCommandsA
0xc5770fd5,0xc5770fd5,SetConsoleNumberOfCommandsW
0x5680926c,0x5680926c,SetConsoleOS2OemFormat
0xc7d759f2,0xc7d759f2,SetConsoleOutputCP
0x715ded1d,0x715ded1d,SetConsolePalette
0x2a2b2071,0x2a2b2071,SetConsoleScreenBufferInfoEx
0x46592343,0x46592343,SetConsoleScreenBufferSize
0xc5f7fca7,0xc5f7fca7,SetConsoleTextAttribute
0xee519731,0xee519731,SetConsoleTitleA
0xee519747,0xee519747,SetConsoleTitleW
0x9289a5f2,0x9289a5f2,SetConsoleWindowInfo
0x2c3e1aa8,0x2c3e1aa8,SetContextAttributesA
0x2c3e1abe,0x2c3e1abe,SetContextAttributesW
0x2e9b14ea,0x2e9b14ea,SetConvertStg
0x3c620e75,0x3c620e75,SetCounterRefValue
0x231b193,0x0231b193,SetCounterSetInfo
0x425d5751,0x425d5751,SetCredentialsAttributesA
0x425d5767,0x425d5767,SetCredentialsAttributesW
0x6caee4fe,0x6caee4fe,SetCriticalSectionSpinCount
0x1ee75a05,0x1ee75a05,SetCurrentConsoleFontEx
0xdb4cf894,0xdb4cf894,SetCurrentDirectoryA
0xdb4cf8aa,0xdb4cf8aa,SetCurrentDirectoryW
0xd641ea5d,0xd641ea5d,SetCurrentProcessExplicitAppUserModelID
0xcb621df9,0xcb621df9,SetCursor
0xc5b615e7,0xc5b615e7,SetCursorContents
0xb892e62b,0xb892e62b,SetCursorPos
0x23d3c145,0x23d3c145,SetDCBrushColor
0xcc6c00b3,0xcc6c00b3,SetDCHook
0x8ca21cc4,0x8ca21cc4,SetDCPenColor
0x94d36651,0x94d36651,SetDIBColorTable
0xccd5309a,0xccd5309a,SetDIBits
0x2463918d,0x2463918d,SetDIBitsToDevice
0x591d8cc4,0x591d8cc4,SetDebugErrorLevel
0x532dec23,0x532dec23,SetDefaultCommConfigA
0x532dec39,0x532dec39,SetDefaultCommConfigW
0x68309a79,0x68309a79,SetDefaultDllDirectories
0xd83ed85,0x0d83ed85,SetDefaultPrinterA
0xd83ed9b,0x0d83ed9b,SetDefaultPrinterW
0x545c142a,0x545c142a,SetDeskWallpaper
0xd3988dbe,0xd3988dbe,SetDeviceGammaRamp
0xfeb10ac7,0xfeb10ac7,SetDisplayConfig
0x98bc8c0c,0x98bc8c0c,SetDlgItemInt
0xbad1f947,0xbad1f947,SetDlgItemTextA
0xbad1f95d,0xbad1f95d,SetDlgItemTextW
0xb3bad6d,0x0b3bad6d,SetDllDirectoryA
0xb3bad83,0x0b3bad83,SetDllDirectoryW
0xe9c6d847,0xe9c6d847,SetDocumentBitStg
0x38b29e4b,0x38b29e4b,SetDoubleClickTime
0x95cb9cf1,0x95cb9cf1,SetDynamicTimeZoneInformation
0x71f2a14a,0x71f2a14a,SetEncryptedFileMetadata
0xec1171a7,0xec1171a7,SetEndOfFile
0xec7503af,0xec7503af,SetEnhMetaFileBits
0x3a447b93,0x3a447b93,SetEnlistmentRecoveryInformation
0x28a815b,0x028a815b,SetEntriesInAccessListA
0x28a8171,0x028a8171,SetEntriesInAccessListW
0x63dd009d,0x63dd009d,SetEntriesInAclA
0x63dd00b3,0x63dd00b3,SetEntriesInAclW
0x4b118260,0x4b118260,SetEntriesInAuditListA
0x4b118276,0x4b118276,SetEntriesInAuditListW
0x7966e75b,0x7966e75b,SetEnvironmentStringsA
0x7966e771,0x7966e771,SetEnvironmentStringsW
0x79e83f97,0x79e83f97,SetEnvironmentVariableA
0x79e83fad,0x79e83fad,SetEnvironmentVariableW
0xd3a2f771,0xd3a2f771,SetErrorInfo
0xd3a52cea,0xd3a52cea,SetErrorMode
0x25560a3d,0x25560a3d,SetEvent
0x6f3c880f,0x6f3c880f,SetEventWhenCallbackReturns
0x4e697e84,0x4e697e84,SetExecutionEnvironment
0xf7c59cf6,0xf7c59cf6,SetFileApisToANSI
0xf7fe756c,0xf7fe756c,SetFileApisToOEM
0xaa13d443,0xaa13d443,SetFileAttributesA
0x9dc86dcc,0x9dc86dcc,SetFileAttributesTransactedA
0x9dc86de2,0x9dc86de2,SetFileAttributesTransactedW
0xaa13d459,0xaa13d459,SetFileAttributesW
0xc5ca4e22,0xc5ca4e22,SetFileBandwidthReservation
0x70fc7214,0x70fc7214,SetFileCompletionNotificationModes
0xbb207c08,0xbb207c08,SetFileInformationByHandle
0xc3c4792,0x0c3c4792,SetFileIoOverlappedRange
0x2773bd3c,0x2773bd3c,SetFilePointer
0xd3580579,0xd3580579,SetFilePointerEx
0x388fc314,0x388fc314,SetFileSecurityA
0x388fc32a,0x388fc32a,SetFileSecurityW
0xd91eeb2d,0xd91eeb2d,SetFileShortNameA
0xd91eeb43,0xd91eeb43,SetFileShortNameW
0x46727cca,0x46727cca,SetFileTime
0x7ccb9765,0x7ccb9765,SetFileValidData
0x8feb9a54,0x8feb9a54,SetFirmwareEnvironmentVariableA
0x8feb9a6a,0x8feb9a6a,SetFirmwareEnvironmentVariableW
0x2564447b,0x2564447b,SetFocus
0x4efc2e19,0x4efc2e19,SetFontEnumeration
0xc31d236e,0xc31d236e,SetForegroundWindow
0x25648330,0x25648330,SetFormA
0x25648346,0x25648346,SetFormW
0xfe5d5330,0xfe5d5330,SetGestureConfig
0x8e718591,0x8e718591,SetGraphicsMode
0x18b91fec,0x18b91fec,SetHandleContext
0xc2e72150,0xc2e72150,SetHandleCount
0xb7b80a0d,0xb7b80a0d,SetHandleInformation
0x7b37baf9,0x7b37baf9,SetHookFlags
0xdb28a7f9,0xdb28a7f9,SetICMMode
0xd4565ce6,0xd4565ce6,SetICMProfileA
0xd4565cfc,0xd4565cfc,SetICMProfileW
0x8ff03397,0x8ff03397,SetInformationCodeAuthzLevelW
0xd880468f,0xd880468f,SetInformationCodeAuthzPolicyW
0x2263e73,0x02263e73,SetInformationJobObject
0x44cf96e2,0x44cf96e2,SetInternalWindowPos
0xda5a9077,0xda5a9077,SetJobA
0x61183f20,0x61183f20,SetJobNamedProperty
0xda5a908d,0xda5a908d,SetJobW
0x38e1bc8b,0x38e1bc8b,SetKernelObjectSecurity
0x9353924d,0x9353924d,SetKeyboardState
0x63232200,0x63232200,SetLastConsoleEventActive
0xaa68b679,0xaa68b679,SetLastError
0xe77041f6,0xe77041f6,SetLastErrorEx
0xd23b5900,0xd23b5900,SetLayeredWindowAttributes
0xdefa67f9,0xdefa67f9,SetLayout
0x3922039b,0x3922039b,SetLocalPrimaryComputerNameA
0x392203b1,0x392203b1,SetLocalPrimaryComputerNameW
0x9a8c2875,0x9a8c2875,SetLocalTime
0x4b3b5358,0x4b3b5358,SetLocaleInfoA
0x4b3b536e,0x4b3b536e,SetLocaleInfoW
0x12f9b0ce,0x12f9b0ce,SetMagicColors
0x9466effa,0x9466effa,SetMagnificationDesktopColorEffect
0xcb01e327,0xcb01e327,SetMagnificationDesktopMagnification
0x7b098b3b,0x7b098b3b,SetMagnificationLensCtxInformation
0x5131180c,0x5131180c,SetMailslotInfo
0xa9d933e,0x0a9d933e,SetMapMode
0x5d753d6d,0x5d753d6d,SetMapperFlags
0xda5c0cb0,0xda5c0cb0,SetMenu
0xf0adf5cb,0xf0adf5cb,SetMenuContextHelpId
0xd93bb1a4,0xd93bb1a4,SetMenuDefaultItem
0x8e1c417c,0x8e1c417c,SetMenuInfo
0x91b32c4f,0x91b32c4f,SetMenuItemBitmaps
0xbd67f4cc,0xbd67f4cc,SetMenuItemInfoA
0xbd67f4e2,0xbd67f4e2,SetMenuItemInfoW
0xf751e570,0xf751e570,SetMessageExtraInfo
0x896d1825,0x896d1825,SetMessageQueue
0x8eaf00f0,0x8eaf00f0,SetMessageWaitingIndicator
0x14b81b71,0x14b81b71,SetMetaFileBitsEx
0x14341069,0x14341069,SetMetaRgn
0x58b4d1f4,0x58b4d1f4,SetMirrorRendering
0x26e768bb,0x26e768bb,SetMiterLimit
0x2b7ce342,0x2b7ce342,SetNamedPipeAttribute
0x9e4899fb,0x9e4899fb,SetNamedPipeHandleState
0x768a33e5,0x768a33e5,SetNamedSecurityInfoA
0x41e6ddc2,0x41e6ddc2,SetNamedSecurityInfoExA
0x41e6ddd8,0x41e6ddd8,SetNamedSecurityInfoExW
0x768a33fb,0x768a33fb,SetNamedSecurityInfoW
0xf5d960dd,0xf5d960dd,SetObjectOwner
0x97dea1ab,0x97dea1ab,SetOleautModule
0xf7b836c4,0xf7b836c4,SetPaletteEntries
0xe84b0865,0xe84b0865,SetParent
0xd8e29188,0xd8e29188,SetPhysicalCursorPos
0x2616467d,0x2616467d,SetPixel
0x8a6f6366,0x8a6f6366,SetPixelFormat
0xe8df1673,0xe8df1673,SetPixelV
0x37b9fc0b,0x37b9fc0b,SetPolyFillMode
0x26197921,0x26197921,SetPortA
0x26197937,0x26197937,SetPortW
0x2f7442a0,0x2f7442a0,SetPrinterA
0x7f6feeba,0x7f6feeba,SetPrinterDataA
0x1b26a1d7,0x1b26a1d7,SetPrinterDataExA
0x1b26a1ed,0x1b26a1ed,SetPrinterDataExW
0x7f6feed0,0x7f6feed0,SetPrinterDataW
0x2f7442b6,0x2f7442b6,SetPrinterW
0x49767f3,0x049767f3,SetPriorityClass
0x492c5c45,0x492c5c45,SetPrivateObjectSecurity
0x45b48ac2,0x45b48ac2,SetPrivateObjectSecurityEx
0xdf31a600,0xdf31a600,SetProcessAffinityMask
0xe650f73c,0xe650f73c,SetProcessAffinityUpdateMode
0x8b66b443,0x8b66b443,SetProcessDEPPolicy
0x876c2467,0x876c2467,SetProcessDPIAware
0x3749153d,0x3749153d,SetProcessDefaultLayout
0x8c912fce,0x8c912fce,SetProcessPreferredUILanguages
0x30e82fc3,0x30e82fc3,SetProcessPriorityBoost
0xdc22194a,0xdc22194a,SetProcessShutdownParameters
0xb404e53d,0xb404e53d,SetProcessUserModeExceptionPolicy
0x47bf4c74,0x47bf4c74,SetProcessWindowStation
0xfde3edc2,0xfde3edc2,SetProcessWorkingSetSize
0x6966f7f,0x06966f7f,SetProcessWorkingSetSizeEx
0x89d83ca7,0x89d83ca7,SetProgmanWindow
0x261b10fd,0x261b10fd,SetPropA
0x261b1113,0x261b1113,SetPropW
0xda5ef53e,0xda5ef53e,SetROP2
0xda5ec929,0xda5ec929,SetRect
0x46b41e38,0x46b41e38,SetRectEmpty
0x93ee0ad0,0x93ee0ad0,SetRectRgn
0xed3a5ed4,0xed3a5ed4,SetRelAbs
0x1d83b228,0x1d83b228,SetRequestExts
0xc51988fd,0xc51988fd,SetResourceManagerCompletionPort
0x9f7fef56,0x9f7fef56,SetScrollInfo
0x5a2ac81c,0x5a2ac81c,SetScrollPos
0x9019b6f7,0x9019b6f7,SetScrollRange
0xd7baa763,0xd7baa763,SetSearchPathMode
0x5d2d79d1,0x5d2d79d1,SetSecurityAccessMask
0xe22a21f3,0xe22a21f3,SetSecurityDescriptorControl
0xfec49bc6,0xfec49bc6,SetSecurityDescriptorDacl
0xd797e4ff,0xd797e4ff,SetSecurityDescriptorGroup
0xd82b609d,0xd82b609d,SetSecurityDescriptorOwner
0xb5517872,0xb5517872,SetSecurityDescriptorRMControl
0xfeccd575,0xfeccd575,SetSecurityDescriptorSacl
0xc54c6a1f,0xc54c6a1f,SetSecurityInfo
0x8bfe5add,0x8bfe5add,SetSecurityInfoExA
0x8bfe5af3,0x8bfe5af3,SetSecurityInfoExW
0xe1f8a90c,0xe1f8a90c,SetService
0x210dcacd,0x210dcacd,SetServiceA
0x1123c1be,0x1123c1be,SetServiceBits
0xdd4b153b,0xdd4b153b,SetServiceObjectSecurity
0x117f8dd0,0x117f8dd0,SetServiceStatus
0x210dcae3,0x210dcae3,SetServiceW
0xe442acb,0x0e442acb,SetShellWindow
0xaffa12c8,0xaffa12c8,SetShellWindowEx
0x810d8009,0x810d8009,SetSingleReqExts
0xcd2e2d53,0xcd2e2d53,SetSocketMediaStreamingMode
0xe3320c56,0xe3320c56,SetSplwow64AppCompat
0xc3c053d2,0xc3c053d2,SetStdHandle
0xb524998f,0xb524998f,SetStdHandleEx
0xd02119ff,0xd02119ff,SetStretchBltMode
0xed456e3e,0xed456e3e,SetSymLoadError
0xd905ae4c,0xd905ae4c,SetSysColors
0x25bb33e2,0x25bb33e2,SetSysColorsTemp
0x95d48fe,0x095d48fe,SetSystemCursor
0x222e514f,0x222e514f,SetSystemFileCacheSize
0xff16b275,0xff16b275,SetSystemMenu
0x41199c,0x0041199c,SetSystemPaletteUse
0x812ee84e,0x812ee84e,SetSystemPowerState
0xff1a99ef,0xff1a99ef,SetSystemTime
0xab0d430e,0xab0d430e,SetSystemTimeAdjustment
0xbb2b38d9,0xbb2b38d9,SetTapeParameters
0xbf78473a,0xbf78473a,SetTapePosition
0xacc848c2,0xacc848c2,SetTaskmanWindow
0xf46f2e0b,0xf46f2e0b,SetTermsrvAppInstallMode
0x7feaee2b,0x7feaee2b,SetTextAlign
0x45aff8d1,0x45aff8d1,SetTextCharacterExtra
0x8010d21f,0x8010d21f,SetTextColor
0xe0ec799c,0xe0ec799c,SetTextJustification
0xaf0588d9,0xaf0588d9,SetThreadAffinityMask
0x53b7d5d8,0x53b7d5d8,SetThreadContext
0x89b4460d,0x89b4460d,SetThreadDesktop
0xf7e75e82,0xf7e75e82,SetThreadErrorMode
0xafbeb428,0xafbeb428,SetThreadExecutionState
0xbcc1e4ba,0xbcc1e4ba,SetThreadGroupAffinity
0x9bf2b972,0x9bf2b972,SetThreadIdealProcessor
0x6386e72f,0x6386e72f,SetThreadIdealProcessorEx
0x36894a83,0x36894a83,SetThreadLocale
0x18a2dba7,0x18a2dba7,SetThreadPreferredUILanguages
0xa4fbb255,0xa4fbb255,SetThreadPriority
0xfb386dbc,0xfb386dbc,SetThreadPriorityBoost
0xbeaf6d25,0xbeaf6d25,SetThreadStackGuarantee
0x8ddae114,0x8ddae114,SetThreadToken
0x54240075,0x54240075,SetThreadUILanguage
0xc33ca589,0xc33ca589,SetThreadpoolStackInformation
0x49ab2543,0x49ab2543,SetThreadpoolThreadMaximum
0x5b9f7541,0x5b9f7541,SetThreadpoolThreadMinimum
0x46ae81ee,0x46ae81ee,SetThreadpoolTimer
0xcbd840c2,0xcbd840c2,SetThreadpoolWait
0xc758d10c,0xc758d10c,SetTimeZoneInformation
0x265e79bc,0x265e79bc,SetTimer
0xce2a2862,0xce2a2862,SetTimerQueueTimer
0xa863cd22,0xa863cd22,SetTokenInformation
0x9e8a2837,0x9e8a2837,SetTraceCallback
0xebe4dd87,0xebe4dd87,SetTransactionInformation
0xf5699663,0xf5699663,SetUnhandledExceptionFilter
0xdb34c65,0x0db34c65,SetUrlCacheConfigInfoA
0xdb34c7b,0x0db34c7b,SetUrlCacheConfigInfoW
0xd6de5ee1,0xd6de5ee1,SetUrlCacheEntryGroup
0xb2aa3b42,0xb2aa3b42,SetUrlCacheEntryGroupA
0xb2aa3b58,0xb2aa3b58,SetUrlCacheEntryGroupW
0xd7003741,0xd7003741,SetUrlCacheEntryInfoA
0xd7003757,0xd7003757,SetUrlCacheEntryInfoW
0x28484bc4,0x28484bc4,SetUrlCacheGroupAttributeA
0x28484bda,0x28484bda,SetUrlCacheGroupAttributeW
0xde23f1e5,0xde23f1e5,SetUrlCacheHeaderData
0xa2eefaee,0xa2eefaee,SetUserFileEncryptionKey
0x1a9977ab,0x1a9977ab,SetUserFileEncryptionKeyEx
0x252d0602,0x252d0602,SetUserGeoID
0x3314b0b8,0x3314b0b8,SetUserObjectInformationA
0x3314b0ce,0x3314b0ce,SetUserObjectInformationW
0xa108d6c9,0xa108d6c9,SetUserObjectSecurity
0x656158a2,0x656158a2,SetVDMCurrentDirectories
0x2e43f7c9,0x2e43f7c9,SetViewportExtEx
0x2ef56b40,0x2ef56b40,SetViewportOrgEx
0x5de81836,0x5de81836,SetVirtualResolution
0xcc930834,0xcc930834,SetVolumeLabelA
0xcc93084a,0xcc93084a,SetVolumeLabelW
0x5100291,0x05100291,SetVolumeMountPointA
0x51002a7,0x051002a7,SetVolumeMountPointW
0x7e6f8fc9,0x7e6f8fc9,SetWOWThunkGlobalPtr
0x3ce51385,0x3ce51385,SetWaitableTimer
0xa781202,0x0a781202,SetWaitableTimerEx
0xf1fe4c3c,0xf1fe4c3c,SetWinEventHook
0x1b73d422,0x1b73d422,SetWinMetaFileBits
0x59fd6bdb,0x59fd6bdb,SetWindowCompositionAttribute
0xd25ad92e,0xd25ad92e,SetWindowContextHelpId
0x35007423,0x35007423,SetWindowDisplayAffinity
0xc4bef5c1,0xc4bef5c1,SetWindowExtEx
0xc5389884,0xc5389884,SetWindowLongA
0xc538989a,0xc538989a,SetWindowLongW
0xc5706938,0xc5706938,SetWindowOrgEx
0x84af92ac,0x84af92ac,SetWindowPlacement
0x68522925,0x68522925,SetWindowPos
0x6852309a,0x6852309a,SetWindowRgn
0xc5a0c857,0xc5a0c857,SetWindowRgnEx
0x8e2b5d4,0x08e2b5d4,SetWindowStationUser
0xd54516d3,0xd54516d3,SetWindowSubclass
0xc5c40cf9,0xc5c40cf9,SetWindowTextA
0xc5c40d0f,0xc5c40d0f,SetWindowTextW
0x729b248f,0x729b248f,SetWindowWord
0x7c21c9d8,0x7c21c9d8,SetWindowsHookA
0xbbbbc75,0x0bbbbc75,SetWindowsHookExA
0xbbbbc8b,0x0bbbbc8b,SetWindowsHookExW
0x7c21c9ee,0x7c21c9ee,SetWindowsHookW
0x4396acbf,0x4396acbf,SetWorldTransform
0x5ae1d01f,0x5ae1d01f,SetXStateFeaturesMask
0xf4fc33cc,0xf4fc33cc,SetupComm
0x2928150c,0x2928150c,SfmDxBindSwapChain
0xdcfe9e5e,0xdcfe9e5e,SfmDxGetSwapChainStats
0xffca6a41,0xffca6a41,SfmDxOpenSwapChain
0x613eb4a4,0x613eb4a4,SfmDxQuerySwapChainBindingStatus
0xf6b19330,0xf6b19330,SfmDxReleaseSwapChain
0x9f5cd64b,0x9f5cd64b,SfmDxReportPendingBindingsToDwm
0x552415ba,0x552415ba,SfmDxSetSwapChainBindingStatus
0xbf35366a,0xbf35366a,SfmDxSetSwapChainStats
0x5e2be395,0x5e2be395,SheChangeDirA
0x98b33988,0x98b33988,SheChangeDirExW
0xcbf1fdef,0xcbf1fdef,SheGetDirA
0x3fc3631f,0x3fc3631f,SheSetCurDrive
0x9771616e,0x9771616e,Shell32.DLL(Function Name)
0xd5dfb243,0xd5dfb243,ShellAboutA
0xd5dfb259,0xd5dfb259,ShellAboutW
0xed3ce2dc,0xed3ce2dc,ShellExec_RunDLL
0x94d93e9d,0x94d93e9d,ShellExec_RunDLLA
0x94d93eb3,0x94d93eb3,ShellExec_RunDLLW
0x285721b,0x0285721b,ShellExecuteA
0x5333b657,0x5333b657,ShellExecuteEx
0xb9aa8178,0xb9aa8178,ShellExecuteExA
0xb9aa818e,0xb9aa818e,ShellExecuteExW
0x2857231,0x02857231,ShellExecuteW
0x2a60632c,0x2a60632c,ShellHookProc
0xce2179b6,0xce2179b6,ShellMessageBoxA
0xce2179cc,0xce2179cc,ShellMessageBoxW
0xe757d759,0xe757d759,Shell_GetCachedImageIndex
0xd252c2ba,0xd252c2ba,Shell_GetCachedImageIndexA
0xd252c2d0,0xd252c2d0,Shell_GetCachedImageIndexW
0x9d827e78,0x9d827e78,Shell_GetImageLists
0xcdb03e3e,0xcdb03e3e,Shell_MergeMenus
0xd43fad48,0xd43fad48,Shell_NotifyIcon
0x5c355689,0x5c355689,Shell_NotifyIconA
0xa737e916,0xa737e916,Shell_NotifyIconGetRect
0x5c35569f,0x5c35569f,Shell_NotifyIconW
0x2866e1f5,0x2866e1f5,ShipAssert
0x4203dafb,0x4203dafb,ShipAssertGetBufferInfo
0xe46c781d,0xe46c781d,ShipAssertMsgA
0xe46c7833,0xe46c7833,ShipAssertMsgW
0x3c9c885f,0x3c9c885f,ShowCaret
0x49c2ad3,0x049c2ad3,ShowCertificate
0x566bb342,0x566bb342,ShowClientAuthCerts
0x7e4c32e1,0x7e4c32e1,ShowConsoleCursor
0xd197b98e,0xd197b98e,ShowCursor
0xaae47ea2,0xaae47ea2,ShowHideMenuCtl
0x7aca1014,0x7aca1014,ShowOwnedPopups
0x58ffa34,0x058ffa34,ShowScrollBar
0x2fafa174,0x2fafa174,ShowSecurityInfo
0xbcb69bd8,0xbcb69bd8,ShowStartGlass
0x73c08053,0x73c08053,ShowSystemCursor
0xff634ec8,0xff634ec8,ShowWindow
0xdef30ce6,0xdef30ce6,ShowWindowAsync
0xca6bd37b,0xca6bd37b,ShowX509EncodedCertificate
0xb6ebf232,0xb6ebf232,ShutdownBlockReasonCreate
0xc4192068,0xc4192068,ShutdownBlockReasonDestroy
0x160de6b4,0x160de6b4,ShutdownBlockReasonQuery
0xe6917200,0xe6917200,ShutdownCRLCache
0xbd48115f,0xbd48115f,SignalFileOpen
0x44d38c0c,0x44d38c0c,SignalObjectAndWait
0x969f5738,0x969f5738,SignatureInFile
0x53b3e5fa,0x53b3e5fa,SimpleTypeAlignment
0xc03f19f0,0xc03f19f0,SimpleTypeBufferSize
0xee56f6ef,0xee56f6ef,SimpleTypeMemorySize
0x2b270c1f,0x2b270c1f,SinglePhaseReject
0x1cf85587,0x1cf85587,SizeofResource
0x6af0a0e8,0x6af0a0e8,Sleep
0x6fdc476b,0x6fdc476b,SleepConditionVariableCS
0x6b657911,0x6b657911,SleepConditionVariableSRW
0xe99c8425,0xe99c8425,SleepEx
0xc2050be6,0xc2050be6,SoftModalMessageBox
0x5a98c40f,0x5a98c40f,SoftpubAuthenticode
0x9a477abe,0x9a477abe,SoftpubCheckCert
0x5ecd32ba,0x5ecd32ba,SoftpubCleanup
0x8df4fa63,0x8df4fa63,SoftpubDefCertInit
0x8484e12a,0x8484e12a,SoftpubDllRegisterServer
0x317512d,0x0317512d,SoftpubDllUnregisterServer
0x80ff9839,0x80ff9839,SoftpubDumpStructure
0x63d13f0e,0x63d13f0e,SoftpubFreeDefUsageCallData
0x7f3b6ac4,0x7f3b6ac4,SoftpubInitialize
0xcefab80c,0xcefab80c,SoftpubLoadDefUsageCallData
0xd089f117,0xd089f117,SoftpubLoadMessage
0xdf5f5804,0xdf5f5804,SoftpubLoadSignature
0xa16a40b9,0xa16a40b9,SortCloseHandle
0xcbb6c423,0xcbb6c423,SortGetHandle
0xd4d511fd,0xd4d511fd,SoundSentry
0xc7d8b426,0xc7d8b426,SplDriverUnloadComplete
0xf2ebc90c,0xf2ebc90c,SpoolerDevQueryPrintW
0xe4e70979,0xe4e70979,SpoolerPrinterEvent
0x8b6a5199,0x8b6a5199,SspiCompareAuthIdentities
0x757de065,0x757de065,SspiCopyAuthIdentity
0x2c72aa45,0x2c72aa45,SspiDecryptAuthIdentity
0x9d690456,0x9d690456,SspiEncodeAuthIdentityAsStrings
0xe82c0ad6,0xe82c0ad6,SspiEncodeStringsAsAuthIdentity
0x3c1443af,0x3c1443af,SspiEncryptAuthIdentity
0x63abf3e4,0x63abf3e4,SspiExcludePackage
0xc4c4634c,0xc4c4634c,SspiFreeAuthIdentity
0x50a95916,0x50a95916,SspiGetComputerNameForSPN
0xb68e5654,0xb68e5654,SspiGetTargetHostName
0x528f3454,0x528f3454,SspiIsAuthIdentityEncrypted
0xad27d87b,0xad27d87b,SspiLocalFree
0x874727b2,0x874727b2,SspiMarshalAuthIdentity
0x305a101e,0x305a101e,SspiPrepareForCredRead
0x3bfdd3ad,0x3bfdd3ad,SspiPrepareForCredWrite
0x19b63195,0x19b63195,SspiUnmarshalAuthIdentity
0xa9c968b2,0xa9c968b2,SspiUnmarshalAuthIdentityInternal
0xdc740454,0xdc740454,SspiValidateAuthIdentity
0x8a44124a,0x8a44124a,SspiZeroAuthIdentity
0xebf890b4,0xebf890b4,StackWalk
0xcc5f94de,0xcc5f94de,StackWalk64
0xcc5f96f1,0xcc5f96f1,StackWalkEx
0xf8e9dd4,0x0f8e9dd4,StartDocA
0xe35caf2b,0xe35caf2b,StartDocDlgA
0xe35caf41,0xe35caf41,StartDocDlgW
0x79de83b8,0x79de83b8,StartDocPrinterA
0x79de83ce,0x79de83ce,StartDocPrinterW
0xf8e9dea,0x0f8e9dea,StartDocW
0xf94f75a,0x0f94f75a,StartPage
0xa76d1ede,0xa76d1ede,StartPagePrinter
0x663934e8,0x663934e8,StartProvider
0xd95a1825,0xd95a1825,StartProviderEx
0x906ca2f1,0x906ca2f1,StartScenario
0x4949134f,0x4949134f,StartServiceA
0x327a428b,0x327a428b,StartServiceCtrlDispatcherA
0x327a42a1,0x327a42a1,StartServiceCtrlDispatcherW
0x49491365,0x49491365,StartServiceW
0x2db46987,0x2db46987,StartThreadpoolIo
0x53352f4d,0x53352f4d,StartTraceA
0x53352f63,0x53352f63,StartTraceW
0xb5968b5c,0xb5968b5c,StdTypesGetClassObject
0x77ab986b,0x77ab986b,StdTypesRegisterServer
0xa04e12db,0xa04e12db,StgConvertPropertyToVariant
0x9e4ebdb,0x09e4ebdb,StgConvertVariantToProperty
0x8ea0aba7,0x8ea0aba7,StgCreateDocfile
0xfbe4643d,0xfbe4643d,StgCreateDocfileOnILockBytes
0xa26f698c,0xa26f698c,StgCreatePropSetStg
0x3239cc00,0x3239cc00,StgCreatePropStg
0xe13340c3,0xe13340c3,StgCreateStorageEx
0xb587ea04,0xb587ea04,StgDeserializePropVariant
0x67ab759a,0x67ab759a,StgGetIFillLockBytesOnFile
0x306d4153,0x306d4153,StgGetIFillLockBytesOnILockBytes
0xf31ec12e,0xf31ec12e,StgIsStorageFile
0x1697ebe7,0x1697ebe7,StgIsStorageILockBytes
0x26a543d3,0x26a543d3,StgMakeUniqueName
0xb341cfc0,0xb341cfc0,StgOpenAsyncDocfileOnIFillLockBytes
0x448c6d3e,0x448c6d3e,StgOpenPropStg
0x30263f44,0x30263f44,StgOpenStorage
0xd2b32981,0xd2b32981,StgOpenStorageEx
0x904a0e6d,0x904a0e6d,StgOpenStorageOnHandle
0x4ca74b5a,0x4ca74b5a,StgOpenStorageOnILockBytes
0xa512704d,0xa512704d,StgPropertyLengthAsVariant
0x423a7f3b,0x423a7f3b,StgSerializePropVariant
0x77e0d98b,0x77e0d98b,StgSetTimes
0xb8fa2940,0xb8fa2940,StopProvider
0x53fd2da5,0x53fd2da5,StopTraceA
0x53fd2dbb,0x53fd2dbb,StopTraceW
0xa32fa0dd,0xa32fa0dd,StrCSpnA
0x923bdc6,0x0923bdc6,StrCSpnIA
0x923bddc,0x0923bddc,StrCSpnIW
0xa32fa0f3,0xa32fa0f3,StrCSpnW
0x7ff43144,0x7ff43144,StrCatBuffA
0x7ff4315a,0x7ff4315a,StrCatBuffW
0x7fe194ba,0x7fe194ba,StrCatChainW
0xfd2fb117,0xfd2fb117,StrCatW
0xfd2fce86,0xfd2fce86,StrChrA
0xa329a08f,0xa329a08f,StrChrIA
0xa329a0a5,0xa329a0a5,StrChrIW
0x85dc913,0x085dc913,StrChrNIW
0xa329a14a,0xa329a14a,StrChrNW
0xfd2fce9c,0xfd2fce9c,StrChrW
0xa32c552c,0xa32c552c,StrCmpCA
0xa32c5542,0xa32c5542,StrCmpCW
0x8b714b5,0x08b714b5,StrCmpICA
0x8b714cb,0x08b714cb,StrCmpICW
0xa32c5608,0xa32c5608,StrCmpIW
0xd447721a,0xd447721a,StrCmpLogicalW
0xa32c5697,0xa32c5697,StrCmpNA
0x8b729fa,0x08b729fa,StrCmpNCA
0x8b72a10,0x08b72a10,StrCmpNCW
0x8b72ac0,0x08b72ac0,StrCmpNIA
0x1f9c8343,0x1f9c8343,StrCmpNICA
0x1f9c8359,0x1f9c8359,StrCmpNICW
0x8b72ad6,0x08b72ad6,StrCmpNIW
0xa32c56ad,0xa32c56ad,StrCmpNW
0xfd2fe39f,0xfd2fe39f,StrCmpW
0xa32e2219,0xa32e2219,StrCpyNW
0xfd2ff18b,0xfd2ff18b,StrCpyW
0xfd3091f2,0xfd3091f2,StrDupA
0xfd309208,0xfd309208,StrDupW
0xc5a1756b,0xc5a1756b,StrFormatByteSize64A
0x8e675901,0x8e675901,StrFormatByteSizeA
0x5b5279fd,0x5b5279fd,StrFormatByteSizeEx
0x8e675917,0x8e675917,StrFormatByteSizeW
0x9c214f9a,0x9c214f9a,StrFormatKBSizeA
0x9c214fb0,0x9c214fb0,StrFormatKBSizeW
0xc441bdd1,0xc441bdd1,StrFromTimeIntervalA
0xc441bde7,0xc441bde7,StrFromTimeIntervalW
0x85a4e394,0x85a4e394,StrIsIntlEqualA
0x85a4e3aa,0x85a4e3aa,StrIsIntlEqualW
0xa3eda94f,0xa3eda94f,StrNCatA
0xa3eda965,0xa3eda965,StrNCatW
0xa3eddbd7,0xa3eddbd7,StrNCmpA
0x21a95800,0x21a95800,StrNCmpIA
0x21a95816,0x21a95816,StrNCmpIW
0xa3eddbed,0xa3eddbed,StrNCmpW
0xa4119518,0xa4119518,StrPBrkA
0xa411952e,0xa411952e,StrPBrkW
0xa43628d8,0xa43628d8,StrRChrA
0x2afb4521,0x2afb4521,StrRChrIA
0x2afb4537,0x2afb4537,StrRChrIW
0xa43628ee,0xa43628ee,StrRChrW
0xa43f21f4,0xa43f21f4,StrRStrA
0x2c2361bd,0x2c2361bd,StrRStrIA
0x2c2361d3,0x2c2361d3,StrRStrIW
0xa43f220a,0xa43f220a,StrRStrW
0x2c5a9d31,0x2c5a9d31,StrRetToBSTR
0x2c5aa3d4,0x2c5aa3d4,StrRetToBufA
0x2c5aa3ea,0x2c5aa3ea,StrRetToBufW
0x2c63f390,0x2c63f390,StrRetToStrA
0x2c63f3a6,0x2c63f3a6,StrRetToStrW
0xfd38b61a,0xfd38b61a,StrSpnA
0xfd38b630,0xfd38b630,StrSpnW
0xfd38c7a2,0xfd38c7a2,StrStrA
0xa451bd2b,0xa451bd2b,StrStrIA
0xa451bd41,0xa451bd41,StrStrIW
0x2e89792f,0x2e89792f,StrStrNIW
0xa451bde6,0xa451bde6,StrStrNW
0xfd38c7b8,0xfd38c7b8,StrStrW
0x62ada3fe,0x62ada3fe,StrToInt64ExA
0x62ada414,0x62ada414,StrToInt64ExW
0x307f3937,0x307f3937,StrToIntA
0x4d327f94,0x4d327f94,StrToIntExA
0x4d327faa,0x4d327faa,StrToIntExW
0x307f394d,0x307f394d,StrToIntW
0xa4629725,0xa4629725,StrTrimA
0xa462973b,0xa462973b,StrTrimW
0x9f059660,0x9f059660,Str_SetPtrW
0xc8f673ce,0xc8f673ce,StretchBlt
0xc8f67bdb,0xc8f67bdb,StretchDIB
0xf121f3ab,0xf121f3ab,StretchDIBits
0x5eef0649,0x5eef0649,StringFromCLSID
0x5f3c2c75,0x5f3c2c75,StringFromGUID2
0x7e8f3eb0,0x7e8f3eb0,StringFromIID
0x958a590e,0x958a590e,StrokeAndFillPath
0xb5e6f674,0xb5e6f674,StrokePath
0xe61b8c18,0xe61b8c18,SubmitThreadpoolWork
0x7b87bfa5,0x7b87bfa5,SubtractRect
0x18cffa69,0x18cffa69,SuspendThread
0x19278e2e,0x19278e2e,SvchostPushServiceGlobals
0x1eb7be17,0x1eb7be17,SwapBuffers
0x6266e9af,0x6266e9af,SwapMouseButton
0xc0841cfb,0xc0841cfb,SwitchDesktop
0xddcd4ca7,0xddcd4ca7,SwitchDesktopWithFade
0xa68eda2c,0xa68eda2c,SwitchToFiber
0x5b1c7274,0x5b1c7274,SwitchToThisWindow
0x9909041c,0x9909041c,SwitchToThread
0x2949a92e,0x2949a92e,SymAddSourceStream
0x527ecf2f,0x527ecf2f,SymAddSourceStreamA
0x527ecf45,0x527ecf45,SymAddSourceStreamW
0x3931bb67,0x3931bb67,SymAddSymbol
0x5f69289e,0x5f69289e,SymAddSymbolW
0x72857635,0x72857635,SymAddrIncludeInlineTrace
0xc59e5070,0xc59e5070,SymCleanup
0xb0c61dfd,0xb0c61dfd,SymCompareInlineTrace
0xdb54c751,0xdb54c751,SymDeleteSymbol
0x45edb1c8,0x45edb1c8,SymDeleteSymbolW
0x5367a6f8,0x5367a6f8,SymEnumLines
0xc05c864f,0xc05c864f,SymEnumLinesW
0xe4162514,0xe4162514,SymEnumProcesses
0xf0e1bb22,0xf0e1bb22,SymEnumSourceFileTokens
0x9d6a71c1,0x9d6a71c1,SymEnumSourceFiles
0x4ab8aa38,0x4ab8aa38,SymEnumSourceFilesW
0x9dd70d49,0x9dd70d49,SymEnumSourceLines
0x58b8b6c0,0x58b8b6c0,SymEnumSourceLinesW
0x65654d96,0x65654d96,SymEnumSym
0xc03b3c6,0x0c03b3c6,SymEnumSymbols
0x1bbfc683,0x1bbfc683,SymEnumSymbolsEx
0x93b8973a,0x93b8973a,SymEnumSymbolsExW
0x980bc7c8,0x980bc7c8,SymEnumSymbolsForAddr
0x9984c11f,0x9984c11f,SymEnumSymbolsForAddrW
0x8c7a2cdd,0x8c7a2cdd,SymEnumSymbolsW
0x54013992,0x54013992,SymEnumTypes
0xcf6981ae,0xcf6981ae,SymEnumTypesByName
0xbc99b7c5,0xbc99b7c5,SymEnumTypesByNameW
0xd4286c29,0xd4286c29,SymEnumTypesW
0x1aa3c867,0x1aa3c867,SymEnumerateModules
0x52b78551,0x52b78551,SymEnumerateModules64
0xa9a8bc48,0xa9a8bc48,SymEnumerateModulesW64
0x6d4a37,0x006d4a37,SymEnumerateSymbols
0xd0e8bb21,0xd0e8bb21,SymEnumerateSymbols64
0xe16916e,0x0e16916e,SymEnumerateSymbolsW
0xee00ac18,0xee00ac18,SymEnumerateSymbolsW64
0xe59547fc,0xe59547fc,SymFindDebugInfoFile
0x983e47d3,0x983e47d3,SymFindDebugInfoFileW
0x18fd32ae,0x18fd32ae,SymFindExecutableImage
0x38a388c5,0x38a388c5,SymFindExecutableImageW
0xabb3ad8d,0xabb3ad8d,SymFindFileInPath
0x22295f84,0x22295f84,SymFindFileInPathW
0xadaef04f,0xadaef04f,SymFreeDiaString
0x24309b77,0x24309b77,SymFromAddr
0xaa440aae,0xaa440aae,SymFromAddrW
0xaada48d4,0xaada48d4,SymFromIndex
0x62363ab,0x062363ab,SymFromIndexW
0x9b19ea80,0x9b19ea80,SymFromInlineContext
0xfe573ad7,0xfe573ad7,SymFromInlineContextW
0x2437b0bd,0x2437b0bd,SymFromName
0xab2dc8b4,0xab2dc8b4,SymFromNameW
0xaba2007d,0xaba2007d,SymFromToken
0x1fe21074,0x1fe21074,SymFromTokenW
0x3ab41588,0x3ab41588,SymFunctionTableAccess
0xb80f9eb2,0xb80f9eb2,SymFunctionTableAccess64
0xa5075cdd,0xa5075cdd,SymFunctionTableAccess64AccessRoutines
0x7a54585a,0x7a54585a,SymGetDiaSession
0xe0d7eb12,0xe0d7eb12,SymGetExtendedOption
0xb8908654,0xb8908654,SymGetFileLineOffsets64
0xdf0975c6,0xdf0975c6,SymGetHomeDirectory
0xc0382edd,0xc0382edd,SymGetHomeDirectoryW
0x54557b5f,0x54557b5f,SymGetLineFromAddr
0xbfa1d649,0xbfa1d649,SymGetLineFromAddr64
0xbfa1d85c,0xbfa1d85c,SymGetLineFromAddrEx
0xb3dd2c40,0xb3dd2c40,SymGetLineFromAddrW64
0x11bd2f68,0x11bd2f68,SymGetLineFromInlineContext
0x49631cbf,0x49631cbf,SymGetLineFromInlineContextW
0x545c90a5,0x545c90a5,SymGetLineFromName
0xddc3550f,0xddc3550f,SymGetLineFromName64
0xddc35722,0xddc35722,SymGetLineFromNameEx
0x962e83c6,0x962e83c6,SymGetLineFromNameW64
0x75a6474f,0x75a6474f,SymGetLineNext
0x78555e39,0x78555e39,SymGetLineNext64
0x7855604c,0x7855604c,SymGetLineNextEx
0x8301b230,0x8301b230,SymGetLineNextW64
0x75a794ed,0x75a794ed,SymGetLinePrev
0x7de08b57,0x7de08b57,SymGetLinePrev64
0x7de08d6a,0x7de08d6a,SymGetLinePrevEx
0x39f2830e,0x39f2830e,SymGetLinePrevW64
0xc7a56209,0xc7a56209,SymGetModuleBase
0x46860f73,0x46860f73,SymGetModuleBase64
0xc7a96e5a,0xc7a96e5a,SymGetModuleInfo
0x57be7404,0x57be7404,SymGetModuleInfo64
0xbcd739f1,0xbcd739f1,SymGetModuleInfoW
0x4f8d815b,0x4f8d815b,SymGetModuleInfoW64
0x8591f9bb,0x8591f9bb,SymGetOmapBlockBase
0x3391e008,0x3391e008,SymGetOmaps
0x67dd7034,0x67dd7034,SymGetOptions
0x33d501c2,0x33d501c2,SymGetScope
0xae753a59,0xae753a59,SymGetScopeW
0x9293b32b,0x9293b32b,SymGetSearchPath
0xe50a18e2,0xe50a18e2,SymGetSearchPathW
0x94591a79,0x94591a79,SymGetSourceFile
0xb11b3a8c,0xb11b3a8c,SymGetSourceFileChecksum
0xd4828c63,0xd4828c63,SymGetSourceFileChecksumW
0x8644a56e,0x8644a56e,SymGetSourceFileFromToken
0x4ed95385,0x4ed95385,SymGetSourceFileFromTokenW
0xfa76329a,0xfa76329a,SymGetSourceFileToken
0x493c8631,0x493c8631,SymGetSourceFileTokenW
0x1f7c69f0,0x1f7c69f0,SymGetSourceFileW
0x28b953d7,0x28b953d7,SymGetSourceVarFromToken
0x3fe3cf0e,0x3fe3cf0e,SymGetSourceVarFromTokenW
0x2b63de90,0x2b63de90,SymGetSymFromAddr
0x93d5c9ba,0x93d5c9ba,SymGetSymFromAddr64
0x2b6af3d6,0x2b6af3d6,SymGetSymFromName
0xb1f74880,0xb1f74880,SymGetSymFromName64
0xb048ba00,0xb048ba00,SymGetSymNext
0xe55f412a,0xe55f412a,SymGetSymNext64
0xb04a079e,0xb04a079e,SymGetSymPrev
0xeaea6e48,0xeaea6e48,SymGetSymPrev64
0xbffa47e,0x0bffa47e,SymGetSymbolFile
0x8bf43495,0x8bf43495,SymGetSymbolFileW
0x39d7f1ff,0x39d7f1ff,SymGetTypeFromName
0x74d63236,0x74d63236,SymGetTypeFromNameW
0xac0071b6,0xac0071b6,SymGetTypeInfo
0xade3c073,0xade3c073,SymGetTypeInfoEx
0x6541b2c9,0x6541b2c9,SymGetUnwindInfo
0xd0b734ba,0xd0b734ba,SymInitialize
0xe79dcc51,0xe79dcc51,SymInitializeW
0x29eeadce,0x29eeadce,SymLoadModule
0x60516078,0x60516078,SymLoadModule64
0x6051628b,0x6051628b,SymLoadModuleEx
0x6a7db442,0x6a7db442,SymLoadModuleExW
0xc510c7b6,0xc510c7b6,SymMatchFileName
0x6729becd,0x6729becd,SymMatchFileNameW
0xf719058c,0xf719058c,SymMatchString
0xda39b74d,0xda39b74d,SymMatchStringA
0xda39b763,0xda39b763,SymMatchStringW
0x8851b67,0x08851b67,SymNext
0x1928889e,0x1928889e,SymNextW
0x8866905,0x08866905,SymPrev
0x195389fc,0x195389fc,SymPrevW
0x9821956c,0x9821956c,SymQueryInlineTrace
0xe5842f79,0xe5842f79,SymRefreshModuleList
0xe556a19a,0xe556a19a,SymRegisterCallback
0x95857744,0x95857744,SymRegisterCallback64
0x4634ec9b,0x4634ec9b,SymRegisterCallbackW64
0x54960452,0x54960452,SymRegisterFunctionEntryCallback
0xd22867fc,0xd22867fc,SymRegisterFunctionEntryCallback64
0x49d6bffe,0x49d6bffe,SymSearch
0x84aec015,0x84aec015,SymSearchW
0xf9e587f9,0xf9e587f9,SymSetContext
0xc30e831e,0xc30e831e,SymSetExtendedOption
0x71873c52,0x71873c52,SymSetHomeDirectory
0xa26ec6e9,0xa26ec6e9,SymSetHomeDirectoryW
0x985c3dc0,0x985c3dc0,SymSetOptions
0xb32bd656,0xb32bd656,SymSetParentWindow
0x8e16cd1d,0x8e16cd1d,SymSetScopeFromAddr
0x5186af3a,0x5186af3a,SymSetScopeFromIndex
0x2c6156e6,0x2c6156e6,SymSetScopeFromInlineContext
0x4b082537,0x4b082537,SymSetSearchPath
0xac0ccc6e,0xac0ccc6e,SymSetSearchPathW
0x76d9430e,0x76d9430e,SymSrvDeltaName
0x5201a525,0x5201a525,SymSrvDeltaNameW
0x19b09da7,0x19b09da7,SymSrvGetFileIndexInfo
0x4fc452de,0x4fc452de,SymSrvGetFileIndexInfoW
0x60155212,0x60155212,SymSrvGetFileIndexString
0x62bf94a9,0x62bf94a9,SymSrvGetFileIndexStringW
0xcd7b5753,0xcd7b5753,SymSrvGetFileIndexes
0x7ce6420a,0x7ce6420a,SymSrvGetFileIndexesW
0x80749d10,0x80749d10,SymSrvGetSupplement
0x8f083f67,0x8f083f67,SymSrvGetSupplementW
0x9447a20c,0x9447a20c,SymSrvIsStore
0x1d3be3e3,0x1d3be3e3,SymSrvIsStoreW
0x487e130,0x0487e130,SymSrvStoreFile
0x95840787,0x95840787,SymSrvStoreFileW
0xcc92b35d,0xcc92b35d,SymSrvStoreSupplement
0x5ee91f54,0x5ee91f54,SymSrvStoreSupplementW
0x33d5b750,0x33d5b750,SymUnDName
0x8020d27a,0x8020d27a,SymUnDName64
0x740732d1,0x740732d1,SymUnloadModule
0x929f323b,0x929f323b,SymUnloadModule64
0x10a3ca0b,0x10a3ca0b,SystemFunction001
0x10a3ca0c,0x10a3ca0c,SystemFunction002
0x10a3ca0d,0x10a3ca0d,SystemFunction003
0x10a3ca0e,0x10a3ca0e,SystemFunction004
0x10a3ca0f,0x10a3ca0f,SystemFunction005
0x10a3ca10,0x10a3ca10,SystemFunction006
0x10a3ca11,0x10a3ca11,SystemFunction007
0x10a3ca12,0x10a3ca12,SystemFunction008
0x10a3ca13,0x10a3ca13,SystemFunction009
0x10a3ca2b,0x10a3ca2b,SystemFunction010
0x10a3ca2c,0x10a3ca2c,SystemFunction011
0x10a3ca2d,0x10a3ca2d,SystemFunction012
0x10a3ca2e,0x10a3ca2e,SystemFunction013
0x10a3ca2f,0x10a3ca2f,SystemFunction014
0x10a3ca30,0x10a3ca30,SystemFunction015
0x10a3ca31,0x10a3ca31,SystemFunction016
0x10a3ca32,0x10a3ca32,SystemFunction017
0x10a3ca33,0x10a3ca33,SystemFunction018
0x10a3ca34,0x10a3ca34,SystemFunction019
0x10a3ca4c,0x10a3ca4c,SystemFunction020
0x10a3ca4d,0x10a3ca4d,SystemFunction021
0x10a3ca4e,0x10a3ca4e,SystemFunction022
0x10a3ca4f,0x10a3ca4f,SystemFunction023
0x10a3ca50,0x10a3ca50,SystemFunction024
0x10a3ca51,0x10a3ca51,SystemFunction025
0x10a3ca52,0x10a3ca52,SystemFunction026
0x10a3ca53,0x10a3ca53,SystemFunction027
0x10a3ca54,0x10a3ca54,SystemFunction028
0x10a3ca55,0x10a3ca55,SystemFunction029
0x10a3ca6d,0x10a3ca6d,SystemFunction030
0x10a3ca6e,0x10a3ca6e,SystemFunction031
0x10a3ca6f,0x10a3ca6f,SystemFunction032
0x10a3ca70,0x10a3ca70,SystemFunction033
0x10a3ca71,0x10a3ca71,SystemFunction034
0x10a3ca72,0x10a3ca72,SystemFunction035
0x10a3ca73,0x10a3ca73,SystemFunction036
0x10a3ca8e,0x10a3ca8e,SystemFunction040
0x10a3ca8f,0x10a3ca8f,SystemFunction041
0x5cc47115,0x5cc47115,SystemParametersInfoA
0x5cc4712b,0x5cc4712b,SystemParametersInfoW
0x90a714d5,0x90a714d5,SystemPointer
0x6dfa3495,0x6dfa3495,SystemTimeToFileTime
0xc4e6de54,0xc4e6de54,SystemTimeToTzSpecificLocalTime
0x9a17cc91,0x9a17cc91,SystemTimeToTzSpecificLocalTimeEx
0x64868978,0x64868978,TMethodImplementationIntercept
0x897b890f,0x897b890f,TabbedTextOutA
0x897b8925,0x897b8925,TabbedTextOutW
0x618b3411,0x618b3411,TagInformation
0xdc744fbf,0xdc744fbf,TargetConfigureOPMProtectedOutput
0xcac742a9,0xcac742a9,TargetConfigureOPMProtectedOutput64
0xd04098d4,0xd04098d4,TargetCreateNamedPipeW
0xe2ca24fe,0xe2ca24fe,TargetCreateNamedPipeW64
0x80ad7804,0x80ad7804,TargetCreateOPMProtectedOutputs
0x61eb902e,0x61eb902e,TargetCreateOPMProtectedOutputs64
0x60d036ca,0x60d036ca,TargetCreateProcessA
0xd5b91874,0xd5b91874,TargetCreateProcessA64
0x60d036e0,0x60d036e0,TargetCreateProcessW
0xd5b9760a,0xd5b9760a,TargetCreateProcessW64
0xcaa898e2,0xcaa898e2,TargetCreateThread
0x1732608c,0x1732608c,TargetCreateThread64
0xebf0e047,0xebf0e047,TargetDestroyOPMProtectedOutput
0xabaa1531,0xabaa1531,TargetDestroyOPMProtectedOutput64
0x891aa205,0x891aa205,TargetEnumDisplayDevicesA
0x3a4b3e6f,0x3a4b3e6f,TargetEnumDisplayDevicesA64
0xc691b55c,0xc691b55c,TargetEnumDisplayMonitors
0xb1d48386,0xb1d48386,TargetEnumDisplayMonitors64
0xbe944558,0xbe944558,TargetGdiDllInitialize
0xb4bb0282,0xb4bb0282,TargetGdiDllInitialize64
0xc454b1f9,0xc454b1f9,TargetGetCertificate
0x2c491b63,0x2c491b63,TargetGetCertificate64
0x882f3300,0x882f3300,TargetGetCertificateByHandle
0x50c7fa2a,0x50c7fa2a,TargetGetCertificateByHandle64
0x630dcc54,0x630dcc54,TargetGetCertificateSize
0x5db2387e,0x5db2387e,TargetGetCertificateSize64
0xdb9e785b,0xdb9e785b,TargetGetCertificateSizeByHandle
0x3d1e0245,0x3d1e0245,TargetGetCertificateSizeByHandle64
0x4d9abbeb,0x4d9abbeb,TargetGetMonitorInfoA
0x1f3969d5,0x1f3969d5,TargetGetMonitorInfoA64
0x4d9abc01,0x4d9abc01,TargetGetMonitorInfoW
0x1f39c76b,0x1f39c76b,TargetGetMonitorInfoW64
0x70e00da8,0x70e00da8,TargetGetOPMInformation
0x291a1ed2,0x291a1ed2,TargetGetOPMInformation64
0xf858282c,0xf858282c,TargetGetOPMRandomNumber
0x6f02ea56,0x6f02ea56,TargetGetOPMRandomNumber64
0xf7623231,0xf7623231,TargetGetStockObject
0x58b7899b,0x58b7899b,TargetGetStockObject64
0x66f2d482,0x66f2d482,TargetGetSuggestedOPMProtectedOutputArraySize
0xeefa042c,0xeefa042c,TargetGetSuggestedOPMProtectedOutputArraySize64
0x987ecb2e,0x987ecb2e,TargetNtCreateEvent
0xb35e55d8,0xb35e55d8,TargetNtCreateEvent64
0x98042d8c,0x98042d8c,TargetNtCreateFile
0xa9c5c7b6,0xa9c5c7b6,TargetNtCreateFile64
0x98003535,0x98003535,TargetNtCreateKey
0x98e25d9f,0x98e25d9f,TargetNtCreateKey64
0xc144e381,0xc144e381,TargetNtCreateSection
0x260bceeb,0x260bceeb,TargetNtCreateSection64
0x889be25b,0x889be25b,TargetNtMapViewOfSection
0x1f1dec45,0x1f1dec45,TargetNtMapViewOfSection64
0x529eb22c,0x529eb22c,TargetNtOpenEvent
0x7513f456,0x7513f456,TargetNtOpenEvent64
0x8e242cca,0x8e242cca,TargetNtOpenFile
0xa7e28e74,0xa7e28e74,TargetNtOpenFile64
0x425e44b3,0x425e44b3,TargetNtOpenKey
0x5302449d,0x5302449d,TargetNtOpenKey64
0x530246b0,0x530246b0,TargetNtOpenKeyEx
0x1caeb9da,0x1caeb9da,TargetNtOpenKeyEx64
0xbb2e9f09,0xbb2e9f09,TargetNtOpenProcess
0x41528c73,0x41528c73,TargetNtOpenProcess64
0xe745112a,0xe745112a,TargetNtOpenProcessToken
0xccce0ad4,0xccce0ad4,TargetNtOpenProcessToken64
0xccce0ce7,0xccce0ce7,TargetNtOpenProcessTokenEx
0x3884e9d1,0x3884e9d1,TargetNtOpenProcessTokenEx64
0xc87bfa82,0xc87bfa82,TargetNtOpenThread
0xd764aa2c,0xd764aa2c,TargetNtOpenThread64
0xac638043,0xac638043,TargetNtOpenThreadToken
0x5344a42d,0x5344a42d,TargetNtOpenThreadToken64
0x5344a640,0x5344a640,TargetNtOpenThreadTokenEx
0x37073d6a,0x37073d6a,TargetNtOpenThreadTokenEx64
0x7bf24015,0x7bf24015,TargetNtQueryAttributesFile
0x4182a07f,0x4182a07f,TargetNtQueryAttributesFile64
0x9ad4da88,0x9ad4da88,TargetNtQueryFullAttributesFile
0xa375a3b2,0xa375a3b2,TargetNtQueryFullAttributesFile64
0xeb483d4a,0xeb483d4a,TargetNtSetInformationFile
0xde4cbef4,0xde4cbef4,TargetNtSetInformationFile64
0xfee62b02,0xfee62b02,TargetNtSetInformationThread
0x511cfaac,0x511cfaac,TargetNtSetInformationThread64
0x87c7419e,0x87c7419e,TargetNtUnmapViewOfSection
0x969e2848,0x969e2848,TargetNtUnmapViewOfSection64
0xeb9b2c48,0xeb9b2c48,TargetRegisterClassW
0x3f176572,0x3f176572,TargetRegisterClassW64
0x5d04e94e,0x5d04e94e,TargetSetOPMSigningKeyAndSequenceNumbers
0xb1e47bf8,0xb1e47bf8,TargetSetOPMSigningKeyAndSequenceNumbers64
0x2b636a2a,0x2b636a2a,TerminateJobObject
0x4a6516d7,0x4a6516d7,TerminateProcess
0x6fbbb090,0x6fbbb090,TerminateThread
0x2500929f,0x2500929f,TermsrvAppInstallMode
0x1bf85f4d,0x1bf85f4d,TextOutA
0x1bf85f63,0x1bf85f63,TextOutW
0xc167ea94,0xc167ea94,Thread32First
0x62f7f50b,0x62f7f50b,Thread32Next
0xc30877f7,0xc30877f7,ThreadAttributeList
0x491fbeec,0x491fbeec,TileChildWindows
0x7b1e23a8,0x7b1e23a8,TileWindows
0x29cc9fcd,0x29cc9fcd,TlsAlloc
0x3794acc4,0x3794acc4,TlsFree
0x3fc822ff,0x3fc822ff,TlsGetValue
0x52de1d8b,0x52de1d8b,TlsSetValue
0x3d554f3b,0x3d554f3b,ToAscii
0xe7e61338,0xe7e61338,ToAsciiEx
0x3efe8faa,0x3efe8faa,ToSecurityDescriptorA
0x3efe8fc0,0x3efe8fc0,ToSecurityDescriptorW
0xe0326939,0xe0326939,ToUnicode
0xb671a4b6,0xb671a4b6,ToUnicodeEx
0xd8ac620f,0xd8ac620f,Toolhelp32ReadProcessMemory
0x40a296c5,0x40a296c5,TowerConstruct
0x727becb1,0x727becb1,TowerExplode
0xa78a4998,0xa78a4998,TpAllocAlpcCompletion
0xb34318d5,0xb34318d5,TpAllocAlpcCompletionEx
0xbdb4fd33,0xbdb4fd33,TpAllocCleanupGroup
0x539b7f50,0x539b7f50,TpAllocIoCompletion
0xca59f018,0xca59f018,TpAllocPool
0x15dd01bf,0x15dd01bf,TpAllocTimer
0xca5d8a73,0xca5d8a73,TpAllocWait
0xca5dc721,0xca5dc721,TpAllocWork
0x8142b4e,0x08142b4e,TpAlpcRegisterCompletionList
0xfd13a391,0xfd13a391,TpAlpcUnregisterCompletionList
0x20cb79ae,0x20cb79ae,TpCallbackIndependent
0xc205c644,0xc205c644,TpCallbackLeaveCriticalSectionOnCompletion
0x567488ac,0x567488ac,TpCallbackMayRunLong
0xbf8e8aeb,0xbf8e8aeb,TpCallbackReleaseMutexOnCompletion
0xb13d74bc,0xb13d74bc,TpCallbackReleaseSemaphoreOnCompletion
0x40eaf3a5,0x40eaf3a5,TpCallbackSetEventOnCompletion
0xd5a78ad6,0xd5a78ad6,TpCallbackUnloadDllOnCompletion
0x93f129e0,0x93f129e0,TpCancelAsyncIoOperation
0xe058371a,0xe058371a,TpCaptureCaller
0xd87e7e14,0xd87e7e14,TpCheckTerminateWorker
0x28aa8109,0x28aa8109,TpDbgDumpHeapUsage
0x17ca8bce,0x17ca8bce,TpDbgGetFreeInfo
0x77993a14,0x77993a14,TpDbgSetLogRoutine
0x15667bff,0x15667bff,TpDisablePoolCallbackChecks
0x9aa29b7c,0x9aa29b7c,TpDisassociateCallback
0x10130bfc,0x10130bfc,TpIsTimerSet
0x66377e7c,0x66377e7c,TpPoolFreeUnusedNodes
0x2338e05c,0x2338e05c,TpPostWork
0x58be0a3f,0x58be0a3f,TpQueryPoolStackInformation
0x8b0992ae,0x8b0992ae,TpReleaseAlpcCompletion
0x758308c9,0x758308c9,TpReleaseCleanupGroup
0x20492654,0x20492654,TpReleaseCleanupGroupMembers
0xb698ae6,0x0b698ae6,TpReleaseIoCompletion
0xb938c5ae,0xb938c5ae,TpReleasePool
0xe0968a15,0xe0968a15,TpReleaseTimer
0xb93c6009,0xb93c6009,TpReleaseWait
0xb93c9cb7,0xb93c9cb7,TpReleaseWork
0x3009236f,0x3009236f,TpSetDefaultPoolMaxThreads
0x98b2a73a,0x98b2a73a,TpSetDefaultPoolStackInformation
0x10ee594a,0x10ee594a,TpSetPoolMaxThreads
0x7a3f9088,0x7a3f9088,TpSetPoolMinThreads
0x79fd9555,0x79fd9555,TpSetPoolStackInformation
0xe88570a0,0xe88570a0,TpSetTimer
0x1e532134,0x1e532134,TpSetWait
0x4d470a62,0x4d470a62,TpSimpleTryPost
0xcd44f5e8,0xcd44f5e8,TpStartAsyncIoOperation
0xc877f029,0xc877f029,TpWaitForAlpcCompletion
0x111c4da1,0x111c4da1,TpWaitForIoCompletion
0xec2b930,0x0ec2b930,TpWaitForTimer
0x36c197c4,0x36c197c4,TpWaitForWait
0x36c1d472,0x36c1d472,TpWaitForWork
0x8fa91c32,0x8fa91c32,TraceEnableFlags
0x9012319d,0x9012319d,TraceEnableLevel
0x76e31060,0x76e31060,TraceEvent
0xba52d735,0xba52d735,TraceEventInstance
0x7706c4ba,0x7706c4ba,TraceGuids
0x57df5c3b,0x57df5c3b,TraceGuidsA
0x57df5c51,0x57df5c51,TraceGuidsW
0x6e5179a0,0x6e5179a0,TraceInstanceId
0x36511c0a,0x36511c0a,TraceLoggerHandle
0xfd12a943,0xfd12a943,TraceMessage
0x8c62115a,0x8c62115a,TraceMessageVa
0x599658d0,0x599658d0,TraceSetInformation
0xa76a0d8f,0xa76a0d8f,TrackMouseEvent
0x5b776fcd,0x5b776fcd,TrackPopupMenu
0x1712a04a,0x1712a04a,TrackPopupMenuEx
0xe9b68962,0xe9b68962,TransactNamedPipe
0xd413c322,0xd413c322,TranslateAccelerator
0x568c27a3,0x568c27a3,TranslateAcceleratorA
0x568c27b9,0x568c27b9,TranslateAcceleratorW
0x24611353,0x24611353,TranslateCharsetInfo
0xc7259ace,0xc7259ace,TranslateMDISysAccel
0xcef869c2,0xcef869c2,TranslateMessage
0x6eb9eb7f,0x6eb9eb7f,TranslateMessageEx
0x484e80cb,0x484e80cb,TransmitCommChar
0xf364e561,0xf364e561,TransmitFile
0x552aaeac,0x552aaeac,TransmitPackets
0xbfafa663,0xbfafa663,TransparentBlt
0xe08c462c,0xe08c462c,TreeResetNamedSecurityInfoA
0xe08c4642,0xe08c4642,TreeResetNamedSecurityInfoW
0x8b6d9b35,0x8b6d9b35,TreeSetNamedSecurityInfoA
0x8b6d9b4b,0x8b6d9b4b,TreeSetNamedSecurityInfoW
0xb03aee55,0xb03aee55,TrustDecode
0x94b8edb0,0x94b8edb0,TrustFindIssuerCertificate
0xdf4e50d7,0xdf4e50d7,TrustFreeDecode
0xfd68cfb4,0xfd68cfb4,TrustIsCertificateSelfSigned
0xf3941e43,0xf3941e43,TrustOpenStores
0x9db25cc8,0x9db25cc8,TrusteeAccessToObjectA
0x9db25cde,0x9db25cde,TrusteeAccessToObjectW
0xfe08b455,0xfe08b455,TryAcquireSRWLockExclusive
0x1137cf74,0x1137cf74,TryAcquireSRWLockShared
0x65e826ac,0x65e826ac,TryEnterCriticalSection
0x94b61a01,0x94b61a01,TrySubmitThreadpoolCallback
0x86f68f74,0x86f68f74,TzSpecificLocalTimeToSystemTime
0x1ed845b1,0x1ed845b1,TzSpecificLocalTimeToSystemTimeEx
0x6b14fd94,0x6b14fd94,ULong
0x4fb06531,0x4fb06531,ULongCounterValue
0xc1ecaec4,0xc1ecaec4,ULongLong
0x44a9deab,0x44a9deab,UTIL_SetForkState
0xb32b6cbd,0xb32b6cbd,UTRegister
0x26673900,0x26673900,UTUnRegister
0x5d6b0790,0x5d6b0790,UnDecorateSymbolName
0xacbf9e7,0x0acbf9e7,UnDecorateSymbolNameW
0x5a1a583,0x05a1a583,UnRegisterForPrintAsyncNotifications
0xdf81a277,0xdf81a277,UnhandledExceptionFilter
0xf01862d3,0xf01862d3,UnhookWinEvent
0x7281739f,0x7281739f,UnhookWindowsHook
0x18ace09c,0x18ace09c,UnhookWindowsHookEx
0x97c18400,0x97c18400,UninitializeFlatSB
0xeb529b5d,0xeb529b5d,UninstallApplication
0xcf69de86,0xcf69de86,UnionRect
0xa530b201,0xa530b201,UnloadKeyboardLayout
0xe6321986,0xe6321986,UnloadNetworkFonts
0x6744689b,0x6744689b,UnlockFile
0x4a010498,0x4a010498,UnlockFileEx
0x618301c1,0x618301c1,UnlockServiceDatabase
0x985fcb34,0x985fcb34,UnlockUrlCacheEntryFile
0xa45931f5,0xa45931f5,UnlockUrlCacheEntryFileA
0xa459320b,0xa459320b,UnlockUrlCacheEntryFileW
0x4e9cd8e0,0x4e9cd8e0,UnlockUrlCacheEntryStream
0xd7be8ab5,0xd7be8ab5,UnlockWindowStation
0x3faae8e0,0x3faae8e0,UnmapViewOfFile
0x9909275b,0x9909275b,UnpackDDElParam
0x8f033215,0x8f033215,UnrealizeObject
0x392e6087,0x392e6087,UnregisterApplicationRecoveryCallback
0xc102d7f0,0xc102d7f0,UnregisterApplicationRestart
0x5becad0e,0x5becad0e,UnregisterClassA
0x5becad24,0x5becad24,UnregisterClassW
0x1df2865,0x01df2865,UnregisterConsoleIME
0xcd8f30e,0x0cd8f30e,UnregisterDeviceNotification
0x67d7092b,0x67d7092b,UnregisterHotKey
0x44313f08,0x44313f08,UnregisterIdleTask
0x7326246f,0x7326246f,UnregisterMessagePumpHook
0x54145929,0x54145929,UnregisterPowerSettingNotification
0xeb5cdde0,0xeb5cdde0,UnregisterSessionPort
0x83521832,0x83521832,UnregisterTouchWindow
0xbd673742,0xbd673742,UnregisterTraceGuids
0x7dbe99e1,0x7dbe99e1,UnregisterUserApiHook
0x24541d6c,0x24541d6c,UnregisterWait
0x89d131a9,0x89d131a9,UnregisterWaitEx
0x1c93209c,0x1c93209c,UnsealMessage
0x1557332b,0x1557332b,UpdateCalendarDayOfWeek
0xb186b3c4,0xb186b3c4,UpdateColors
0xba7664e6,0xba7664e6,UpdateDCOMSettings
0xe9372492,0xe9372492,UpdateICMRegKey
0x101bb713,0x101bb713,UpdateICMRegKeyA
0x101bb729,0x101bb729,UpdateICMRegKeyW
0xfa7e4e50,0xfa7e4e50,UpdateLayeredWindow
0x60c9c262,0x60c9c262,UpdateLayeredWindowIndirect
0x967ae531,0x967ae531,UpdatePerUserSystemParameters
0x14397432,0x14397432,UpdateProcThreadAttribute
0xb7a1aab9,0xb7a1aab9,UpdateProcessTracing
0xa220281b,0xa220281b,UpdateResourceA
0xa2202831,0xa2202831,UpdateResourceW
0xd95e7302,0xd95e7302,UpdateTraceA
0xd95e7318,0xd95e7318,UpdateTraceW
0x5fac0e1,0x05fac0e1,UpdateUrlCacheContentPath
0xdfc236ea,0xdfc236ea,UpdateWindow
0xd3b45fe6,0xd3b45fe6,UpdateWindowTransform
0xe790eed1,0xe790eed1,UploadPrinterDriverPackageA
0xe790eee7,0xe790eee7,UploadPrinterDriverPackageW
0x47e42dde,0x47e42dde,UrlApplySchemeA
0x47e42df4,0x47e42df4,UrlApplySchemeW
0x2fe015db,0x2fe015db,UrlCacheCheckEntriesExist
0x371e874a,0x371e874a,UrlCacheCloseEntryHandle
0xd9b8b402,0xd9b8b402,UrlCacheContainerSetEntryMaximumAge
0xfaa5392d,0xfaa5392d,UrlCacheCreateContainer
0x184addf1,0x184addf1,UrlCacheFindFirstEntry
0x371ded68,0x371ded68,UrlCacheFindNextEntry
0x4238b756,0x4238b756,UrlCacheFreeEntryInfo
0x7b463575,0x7b463575,UrlCacheFreeGlobalSpace
0x9a4432f1,0x9a4432f1,UrlCacheGetContentPaths
0x64c0ad14,0x64c0ad14,UrlCacheGetEntryInfo
0x456d3576,0x456d3576,UrlCacheGetGlobalCacheSize
0x5f204466,0x5f204466,UrlCacheGetGlobalLimit
0x1b13550,0x01b13550,UrlCacheReadEntryStream
0x57e288de,0x57e288de,UrlCacheReloadSettings
0x342ca36e,0x342ca36e,UrlCacheRetrieveEntryFile
0x1100a79a,0x1100a79a,UrlCacheRetrieveEntryStream
0xd4757c0d,0xd4757c0d,UrlCacheServer
0x2622f7f2,0x2622f7f2,UrlCacheSetGlobalLimit
0x66e1da49,0x66e1da49,UrlCacheUpdateEntryExtraData
0xba8958b3,0xba8958b3,UrlCanonicalizeA
0xba8958c9,0xba8958c9,UrlCanonicalizeW
0xed029700,0xed029700,UrlCombineA
0xed029716,0xed029716,UrlCombineW
0xedfb9c0a,0xedfb9c0a,UrlCompareA
0xedfb9c20,0xedfb9c20,UrlCompareW
0x742b1d8,0x0742b1d8,UrlCreateFromPathA
0x742b1ee,0x0742b1ee,UrlCreateFromPathW
0x5c2ef214,0x5c2ef214,UrlEscapeA
0x5c2ef22a,0x5c2ef22a,UrlEscapeW
0x520a9025,0x520a9025,UrlFixupW
0xb4c1cbfc,0xb4c1cbfc,UrlGetLocationA
0xb4c1cc12,0xb4c1cc12,UrlGetLocationW
0xad90ae5a,0xad90ae5a,UrlGetPartA
0xad90ae70,0xad90ae70,UrlGetPartW
0xd4108507,0xd4108507,UrlHashA
0xd410851d,0xd410851d,UrlHashW
0xce1f8a7f,0xce1f8a7f,UrlIsA
0x29012aae,0x29012aae,UrlIsNoHistoryA
0x29012ac4,0x29012ac4,UrlIsNoHistoryW
0xb35548ca,0xb35548ca,UrlIsOpaqueA
0xb35548e0,0xb35548e0,UrlIsOpaqueW
0xce1f8a95,0xce1f8a95,UrlIsW
0x9135dc77,0x9135dc77,UrlUnescapeA
0x9135dc8d,0x9135dc8d,UrlUnescapeW
0x57a3c15a,0x57a3c15a,UrlZonesDetach
0x7fe73f2c,0x7fe73f2c,UsePinForEncryptedFilesA
0x7fe73f42,0x7fe73f42,UsePinForEncryptedFilesW
0x79d73282,0x79d73282,User32InitializeImmEntryTable
0xd689203b,0xd689203b,UserClientDllInitialize
0x53a098a8,0x53a098a8,UserHandleGrantAccess
0x4610d922,0x4610d922,UserLpkPSMTextOut
0xff85e1f4,0xff85e1f4,UserLpkTabbedTextOut
0x633be69,0x0633be69,UserRealizePalette
0xb5fa3641,0xb5fa3641,UserRegisterWowHandlers
0x68b3446,0x068b3446,UspAllocCache
0x460d9ca8,0x460d9ca8,UspAllocTemp
0xcc7e2088,0xcc7e2088,UspFreeMem
0xdc5d308c,0xdc5d308c,UtConvertDvtd16toDvtd32
0x12808e8c,0x12808e8c,UtConvertDvtd32toDvtd16
0x1bf4427d,0x1bf4427d,UtGetDvtd16Info
0x205631bb,0x205631bb,UtGetDvtd32Info
0xf1a8f30d,0xf1a8f30d,UuidCompare
0x83a362da,0x83a362da,UuidCreate
0x3af9021d,0x3af9021d,UuidCreateNil
0x6540ff55,0x6540ff55,UuidCreateSequential
0x2aeacc9e,0x2aeacc9e,UuidEqual
0xe3961a52,0xe3961a52,UuidFromStringA
0xe3961a68,0xe3961a68,UuidFromStringW
0xb3baeaea,0xb3baeaea,UuidHash
0x2b342aa5,0x2b342aa5,UuidIsNil
0x94565b41,0x94565b41,UuidToStringA
0x94565b57,0x94565b57,UuidToStringW
0xc69443fa,0xc69443fa,VDMConsoleOperation
0x874e4a1e,0x874e4a1e,VDMOperationStarted
0xd5edc0e8,0xd5edc0e8,VFY_Begin
0x45422bfc,0x45422bfc,VFY_CreateContext
0x21402617,0x21402617,VFY_CreateContextDirect
0x2bf2382c,0x2bf2382c,VFY_CreateContextWithAlgorithmID
0xecca3212,0xecca3212,VFY_DestroyContext
0xc40444da,0xc40444da,VFY_End
0xb9d94c48,0xb9d94c48,VFY_EndWithSignature
0xc0bd2946,0xc0bd2946,VFY_Update
0xf921b752,0xf921b752,VFY_VerifyData
0xbb6c59ed,0xbb6c59ed,VFY_VerifyDataDirect
0x735d1cc2,0x735d1cc2,VFY_VerifyDataWithAlgorithmID
0xc8f692f8,0xc8f692f8,VFY_VerifyDigest
0x167cda13,0x167cda13,VFY_VerifyDigestDirect
0x228f27a8,0x228f27a8,VFY_VerifyDigestWithAlgorithmID
0xd5efde7,0x0d5efde7,VR_RuntimePath
0xe23024c1,0xe23024c1,VRipOutput
0xb44e3cf2,0xb44e3cf2,VTagOutput
0x470986b2,0x470986b2,ValidatePixelShader
0x5331dc7,0x05331dc7,ValidateRect
0x4dbbbb60,0x4dbbbb60,ValidateRgn
0x18c30dce,0x18c30dce,ValidateVertexShader
0x81fb910b,0x81fb910b,VariantCompare
0x168a7c07,0x168a7c07,VariantGetBooleanElem
0x995e5862,0x995e5862,VariantGetDoubleElem
0x2d427d37,0x2d427d37,VariantGetElementCount
0x36359bf9,0x36359bf9,VariantGetInt16Elem
0x3a978b37,0x3a978b37,VariantGetInt32Elem
0x41bb361c,0x41bb361c,VariantGetInt64Elem
0x774bbb3e,0x774bbb3e,VariantGetStringElem
0xd6e8106e,0xd6e8106e,VariantGetUInt16Elem
0xdb49ffac,0xdb49ffac,VariantGetUInt32Elem
0xe26daa91,0xe26daa91,VariantGetUInt64Elem
0x5b4bd167,0x5b4bd167,VariantToBoolean
0x9d605f26,0x9d605f26,VariantToBooleanArray
0xf0dafa31,0xf0dafa31,VariantToBooleanArrayAlloc
0x74f39468,0x74f39468,VariantToBooleanWithDefault
0x58811c21,0x58811c21,VariantToBuffer
0x48a6395a,0x48a6395a,VariantToDosDateTime
0x5cc703e2,0x5cc703e2,VariantToDouble
0x84955681,0x84955681,VariantToDoubleArray
0x7707c26c,0x7707c26c,VariantToDoubleArrayAlloc
0xc0b96403,0xc0b96403,VariantToDoubleWithDefault
0xa07a1bb6,0xa07a1bb6,VariantToFileTime
0x906e0eb0,0x906e0eb0,VariantToGUID
0x9e506b99,0x9e506b99,VariantToInt16
0x11f72898,0x11f72898,VariantToInt16Array
0x9a037ae3,0x9a037ae3,VariantToInt16ArrayAlloc
0x432c2b5a,0x432c2b5a,VariantToInt16WithDefault
0x9e506bd7,0x9e506bd7,VariantToInt32
0xa296ff96,0xa296ff96,VariantToInt32Array
0xe67760a1,0xe67760a1,VariantToInt32ArrayAlloc
0x1e1cc8d8,0x1e1cc8d8,VariantToInt32WithDefault
0x9e506c3c,0x9e506c3c,VariantToInt64
0x8e30071b,0x8e30071b,VariantToInt64Array
0x840ae346,0x840ae346,VariantToInt64ArrayAlloc
0x6e20a01d,0x6e20a01d,VariantToInt64WithDefault
0xfb5caebd,0xfb5caebd,VariantToPropVariant
0x801d7deb,0x801d7deb,VariantToStrRet
0x801d58be,0x801d58be,VariantToString
0x202bb2c9,0x202bb2c9,VariantToStringAlloc
0x202f14dd,0x202f14dd,VariantToStringArray
0x4502da48,0x4502da48,VariantToStringArrayAlloc
0x4e17775f,0x4e17775f,VariantToStringWithDefault
0x83fe95ee,0x83fe95ee,VariantToUInt16
0x7356100d,0x7356100d,VariantToUInt16Array
0x6eb65378,0x6eb65378,VariantToUInt16ArrayAlloc
0xae3a168f,0xae3a168f,VariantToUInt16WithDefault
0x83fe962c,0x83fe962c,VariantToUInt32
0x3f5e70b,0x03f5e70b,VariantToUInt32Array
0xbb2a3936,0xbb2a3936,VariantToUInt32ArrayAlloc
0x892ab40d,0x892ab40d,VariantToUInt32WithDefault
0x83fe9691,0x83fe9691,VariantToUInt64
0xef8eee90,0xef8eee90,VariantToUInt64Array
0x58bdbbdb,0x58bdbbdb,VariantToUInt64ArrayAlloc
0xd92e8b52,0xd92e8b52,VariantToUInt64WithDefault
0x25bb8713,0x25bb8713,VaultAddItem
0x8cb0dffd,0x8cb0dffd,VaultCloseVault
0x50eaa260,0x50eaa260,VaultCreateItemType
0xf071c31f,0xf071c31f,VaultDeleteItemType
0x57dddfa5,0x57dddfa5,VaultEnumerateItemTypes
0x24d92263,0x24d92263,VaultEnumerateItems
0xdd016fa0,0xdd016fa0,VaultEnumerateVaults
0x5bce9dfe,0x5bce9dfe,VaultFindItems
0xd9b0153d,0xd9b0153d,VaultFree
0x9ce398e1,0x9ce398e1,VaultGetInformation
0xf70fa44a,0xf70fa44a,VaultGetItem
0x83ac4e4c,0x83ac4e4c,VaultGetItemType
0x4d63f3f9,0x4d63f3f9,VaultOpenVault
0xb3f41d18,0xb3f41d18,VaultRemoveItem
0x362901be,0x362901be,VerFindFileA
0x362901d4,0x362901d4,VerFindFileW
0xc5e06ef4,0xc5e06ef4,VerInstallFileA
0xc5e06f0a,0xc5e06f0a,VerInstallFileW
0x9457ae42,0x9457ae42,VerLanguageNameA
0x9457ae58,0x9457ae58,VerLanguageNameW
0xf74765b0,0xf74765b0,VerQueryValueA
0xf74765c6,0xf74765c6,VerQueryValueW
0x8da0ecbb,0x8da0ecbb,VerSetConditionMask
0xa4125,0x000a4125,VerifyCdmHost_0
0xc0805f7b,0xc0805f7b,VerifyConsoleIoHandle
0x4d133dec,0x4d133dec,VerifyScripts
0x243f38d6,0x243f38d6,VerifySignature
0xf8de797,0x0f8de797,VerifyVersionInfoA
0xf8de7ad,0x0f8de7ad,VerifyVersionInfoW
0x3367e61e,0x3367e61e,VideoForWindowsVersion
0xe71b5a81,0xe71b5a81,VirtualAlloc
0x1b5c07fe,0x1b5c07fe,VirtualAllocEx
0xfa28104f,0xfa28104f,VirtualAllocExNuma
0x6bdce0f8,0x6bdce0f8,VirtualFree
0xd6990835,0xd6990835,VirtualFreeEx
0x6be01e3f,0x6be01e3f,VirtualLock
0xac3d9ab7,0xac3d9ab7,VirtualProtect
0xb20f2db4,0xb20f2db4,VirtualProtectEx
0xe841b4ac,0xe841b4ac,VirtualQuery
0xff8198e9,0xff8198e9,VirtualQueryEx
0xf9520882,0xf9520882,VirtualUnlock
0x53b1ed3f,0x53b1ed3f,VkKeyScanA
0x7e2559c,0x07e2559c,VkKeyScanExA
0x7e255b2,0x07e255b2,VkKeyScanExW
0x53b1ed55,0x53b1ed55,VkKeyScanW
0x9f0e13ab,0x9f0e13ab,WCSToMBEx
0xa711f1b,0x0a711f1b,WEP
0xc917592c,0xc917592c,WINNLSEnableIME
0x8744b195,0x8744b195,WINNLSGetEnableStatus
0xe8b70d9,0x0e8b70d9,WINNLSGetIMEHotkey
0xb9776b2a,0xb9776b2a,WOW32DriverCallback
0xdf1dbe08,0xdf1dbe08,WOW32ResolveMultiMediaHandle
0xf3a80cc7,0xf3a80cc7,WOWAppExit
0x5b486457,0x5b486457,WOWShellExecute
0xcc62848a,0xcc62848a,WSAAccept
0x9603911a,0x9603911a,WSAAddressToString
0xac5a8eac,0xac5a8eac,WSAAsyncGetHostByAddr
0xac61a3f2,0xac61a3f2,WSAAsyncGetHostByName
0x518627a8,0x518627a8,WSAAsyncGetProtoByName
0xcd189830,0xcd189830,WSAAsyncGetProtoByNumber
0xf9ac1af4,0xf9ac1af4,WSAAsyncGetServByName
0xf9ad6ff8,0xf9ad6ff8,WSAAsyncGetServByPort
0xb0296678,0xb0296678,WSAAsyncSelect
0xddab2d27,0xddab2d27,WSACancelAsyncRequest
0xd51b85,0x00d51b85,WSACancelBlockingCall
0x7c7f462,0x07c7f462,WSACleanup
0xda784bf2,0xda784bf2,WSACloseEvent
0xf714324,0x0f714324,WSAConnect
0x11b1fadb,0x11b1fadb,WSAConnectByList
0x11b2f0c0,0x11b2f0c0,WSAConnectByName
0x99c2e990,0x99c2e990,WSACreateEvent
0xa85bf4ea,0xa85bf4ea,WSADeleteSocketPeerTargetName
0xa3beb45e,0xa3beb45e,WSADuplicateSocket
0xf8a1f2da,0xf8a1f2da,WSAEnumNameSpaceProviders
0xa8ea1a97,0xa8ea1a97,WSAEnumNameSpaceProvidersEx
0x8a2e7f2e,0x8a2e7f2e,WSAEnumNetworkEvents
0xa28f4814,0xa28f4814,WSAEnumProtocols
0xd4a1239c,0xd4a1239c,WSAEventSelect
0xebb1c330,0xebb1c330,WSAGetFailConnectOnIcmpError
0xeed29388,0xeed29388,WSAGetIPUserMtu
0x374c7419,0x374c7419,WSAGetIcmpErrorInfo
0xdccd3118,0xdccd3118,WSAGetLastError
0x60affb2b,0x60affb2b,WSAGetOverlappedResult
0xe63f9f09,0xe63f9f09,WSAGetQOSByName
0xecc9b62d,0xecc9b62d,WSAGetServiceClassInfo
0x2c15f5a0,0x2c15f5a0,WSAGetServiceClassNameByClassId
0x11b22a97,0x11b22a97,WSAGetUdpRecvMaxCoalescedSize
0xb37995ed,0xb37995ed,WSAGetUdpSendMessageSize
0xdff0079f,0xdff0079f,WSAHtonl
0xdff007a6,0xdff007a6,WSAHtons
0x43dab376,0x43dab376,WSAImpersonateSocketPeer
0x9db30578,0x9db30578,WSAInstallServiceClass
0xdfff2ff5,0xdfff2ff5,WSAIoctl
0x1f18bf1f,0x1f18bf1f,WSAIsBlocking
0x67c08ba2,0x67c08ba2,WSAJoinLeaf
0xfba874a,0x0fba874a,WSALookupServiceBegin
0x7dc80abc,0x7dc80abc,WSALookupServiceEnd
0x36ce2e44,0x36ce2e44,WSALookupServiceNext
0x5cac1326,0x5cac1326,WSANSPIoctl
0xe05c99df,0xe05c99df,WSANtohl
0xe05c99e6,0xe05c99e6,WSANtohs
0x2d973651,0x2d973651,WSAPoll
0x26a83961,0x26a83961,WSAProviderConfigChange
0x26f73ff1,0x26f73ff1,WSAQuerySocketSecurity
0x2d98236a,0x2d98236a,WSARecv
0xb7da9674,0xb7da9674,WSARecvDisconnect
0xf42eaf27,0xf42eaf27,WSARecvEx
0xba97923e,0xba97923e,WSARecvFrom
0x2eb0934f,0x2eb0934f,WSARemoveServiceClass
0x8605183f,0x8605183f,WSAResetEvent
0xb5a5349a,0xb5a5349a,WSARevertImpersonation
0x2d98b124,0x2d98b124,WSASend
0xad0b14ae,0xad0b14ae,WSASendDisconnect
0xc7bc212b,0xc7bc212b,WSASendMsg
0xf6899547,0xf6899547,WSASendTo
0x57d39040,0x57d39040,WSASetBlockingHook
0xcd5607e8,0xcd5607e8,WSASetEvent
0xfcd5a73c,0xfcd5a73c,WSASetFailConnectOnIcmpError
0x3a3af414,0x3a3af414,WSASetIPUserMtu
0x283591a4,0x283591a4,WSASetLastError
0x89eebd77,0x89eebd77,WSASetService
0x6d252103,0x6d252103,WSASetSocketPeerTargetName
0x39096cc7,0x39096cc7,WSASetSocketSecurity
0x47529023,0x47529023,WSASetUdpRecvMaxCoalescedSize
0x801553f9,0x801553f9,WSASetUdpSendMessageSize
0xf7389e03,0xf7389e03,WSASocket
0xe9d60f6d,0xe9d60f6d,WSAStartup
0x60d9ad5a,0x60d9ad5a,WSAStringToAddress
0x92b46e48,0x92b46e48,WSAUnhookBlockingHook
0x227ce637,0x227ce637,WSAWaitForMultipleEvents
0xd9baee62,0xd9baee62,WSApSetPostRoutine
0x4150db7b,0x4150db7b,WSHEnumProtocols
0xa9922328,0xa9922328,WTHelperCertCheckValidSignature
0x5cb76aa7,0x5cb76aa7,WTHelperCertFindIssuerCertificate
0x5c676248,0x5c676248,WTHelperCertIsSelfSigned
0x75ebf0db,0x75ebf0db,WTHelperCheckCertUsage
0xd8f538bd,0xd8f538bd,WTHelperGetAgencyInfo
0xa11db2e6,0xa11db2e6,WTHelperGetFileHandle
0xf286b9bb,0xf286b9bb,WTHelperGetFileName
0x6acc13ef,0x6acc13ef,WTHelperGetKnownUsages
0xf6584bc6,0xf6584bc6,WTHelperGetProvCertFromChain
0x220bf66d,0x220bf66d,WTHelperGetProvPrivateDataFromChain
0x275d1460,0x275d1460,WTHelperGetProvSignerFromChain
0x4eb6921e,0x4eb6921e,WTHelperIsInRootStore
0x53660779,0x53660779,WTHelperOpenKnownStores
0x178a232a,0x178a232a,WTHelperProvDataFromStateData
0x101876ad,0x101876ad,WTSGetActiveConsoleSessionId
0x3df1b043,0x3df1b043,WVTAsn1CatMemberInfoDecode
0x40e9b56d,0x40e9b56d,WVTAsn1CatMemberInfoEncode
0x3ea2089d,0x3ea2089d,WVTAsn1CatNameValueDecode
0x419a0dc7,0x419a0dc7,WVTAsn1CatNameValueEncode
0xfaae9cd1,0xfaae9cd1,WVTAsn1SpcFinancialCriteriaInfoDecode
0xfda6a1fb,0xfda6a1fb,WVTAsn1SpcFinancialCriteriaInfoEncode
0xa51a794,0x0a51a794,WVTAsn1SpcIndirectDataContentDecode
0xd49acbe,0x0d49acbe,WVTAsn1SpcIndirectDataContentEncode
0x7842357b,0x7842357b,WVTAsn1SpcLinkDecode
0x7b3a3aa5,0x7b3a3aa5,WVTAsn1SpcLinkEncode
0x3f4a0c33,0x3f4a0c33,WVTAsn1SpcMinimalCriteriaInfoDecode
0x4242115d,0x4242115d,WVTAsn1SpcMinimalCriteriaInfoEncode
0xdb07f79f,0xdb07f79f,WVTAsn1SpcPeImageDataDecode
0xddfffcc9,0xddfffcc9,WVTAsn1SpcPeImageDataEncode
0x3f9364fc,0x3f9364fc,WVTAsn1SpcSigInfoDecode
0x428b6a26,0x428b6a26,WVTAsn1SpcSigInfoEncode
0x16dadd73,0x16dadd73,WVTAsn1SpcSpAgencyInfoDecode
0x19d2e29d,0x19d2e29d,WVTAsn1SpcSpAgencyInfoEncode
0x2e023063,0x2e023063,WVTAsn1SpcSpOpusInfoDecode
0x30fa358d,0x30fa358d,WVTAsn1SpcSpOpusInfoEncode
0x41c71f04,0x41c71f04,WVTAsn1SpcStatementTypeDecode
0x44bf242e,0x44bf242e,WVTAsn1SpcStatementTypeEncode
0x560e7d2,0x0560e7d2,WaitCommEvent
0xc62e0474,0xc62e0474,WaitForDebugEvent
0x81afe878,0x81afe878,WaitForExplorerRestartW
0x83c927f9,0x83c927f9,WaitForInputIdle
0x63211661,0x63211661,WaitForMultipleObjects
0xafc03bde,0xafc03bde,WaitForMultipleObjectsEx
0xb1371c95,0xb1371c95,WaitForPrinterChange
0x5be338c4,0x5be338c4,WaitForSingleObject
0xe1948301,0xe1948301,WaitForSingleObjectEx
0x8258f295,0x8258f295,WaitForThreadpoolIoCallbacks
0x2d8b309e,0x2d8b309e,WaitForThreadpoolTimerCallbacks
0x6f5b8bf2,0x6f5b8bf2,WaitForThreadpoolWaitCallbacks
0xa88dec60,0xa88dec60,WaitForThreadpoolWorkCallbacks
0x5a8d5509,0x5a8d5509,WaitMessage
0x14928718,0x14928718,WaitNamedPipeA
0x1492872e,0x1492872e,WaitNamedPipeW
0x84f9c59d,0x84f9c59d,WakeAllConditionVariable
0x223eb144,0x223eb144,WakeConditionVariable
0x35926880,0x35926880,WdtpInterfacePointer_UserFree
0xe3ce8faa,0xe3ce8faa,WdtpInterfacePointer_UserFree64
0x51c3b5e6,0x51c3b5e6,WdtpInterfacePointer_UserMarshal
0xd188ce90,0xd188ce90,WdtpInterfacePointer_UserMarshal64
0x359965d9,0x359965d9,WdtpInterfacePointer_UserSize
0x18a4743,0x018a4743,WdtpInterfacePointer_UserSize64
0xcaa2df49,0xcaa2df49,WdtpInterfacePointer_UserUnmarshal
0xfed7dcb3,0xfed7dcb3,WdtpInterfacePointer_UserUnmarshal64
0x3dfc296a,0x3dfc296a,WerGetFlags
0x349253c2,0x349253c2,WerRegisterFile
0x3f3fa466,0x3f3fa466,WerRegisterMemoryBlock
0x7b51565b,0x7b51565b,WerRegisterRuntimeExceptionModule
0x25d6eb2c,0x25d6eb2c,WerReportSQMEvent
0x511223f6,0x511223f6,WerSetFlags
0x759176c5,0x759176c5,WerUnregisterFile
0x503ee609,0x503ee609,WerUnregisterMemoryBlock
0x849a6c1e,0x849a6c1e,WerUnregisterRuntimeExceptionModule
0x7cc0d766,0x7cc0d766,WerpCleanupMessageMapping
0x66c20f3f,0x66c20f3f,WerpInitiateRemoteRecovery
0xb9aa7fe5,0xb9aa7fe5,WerpNotifyLoadStringResource
0xce4a1662,0xce4a1662,WerpNotifyLoadStringResourceEx
0x896d7cf2,0x896d7cf2,WerpNotifyUseStringResource
0x35b6661e,0x35b6661e,WerpStringLookup
0xe2138c67,0xe2138c67,WhichPlatform
0x27985cf8,0x27985cf8,WideCharToMultiByte
0x82e1aa73,0x82e1aa73,WidenPath
0x5c479bb5,0x5c479bb5,Win32DeleteFile
0xf2246997,0xf2246997,WinDbgExtensionDllInit
0x1728fbc2,0x1728fbc2,WinExec
0xfc747207,0xfc747207,WinHelpA
0xfc74721d,0xfc74721d,WinHelpW
0x5a1bd80b,0x5a1bd80b,WinHttpAddRequestHeaders
0x50721008,0x50721008,WinHttpAddRequestHeadersEx
0xcd328d69,0xcd328d69,WinHttpAutoProxySvcMain
0x6a9b4ac0,0x6a9b4ac0,WinHttpCheckPlatform
0x3534eebf,0x3534eebf,WinHttpCloseHandle
0x45c712c7,0x45c712c7,WinHttpConnect
0x14fb79ca,0x14fb79ca,WinHttpConnectionDeletePolicyEntries
0x5f83700e,0x5f83700e,WinHttpConnectionDeleteProxyInfo
0x2ee8738c,0x2ee8738c,WinHttpConnectionFreeNameList
0x6c808f3d,0x6c808f3d,WinHttpConnectionFreeProxyInfo
0x6c8220cd,0x6c8220cd,WinHttpConnectionFreeProxyList
0x22b536aa,0x22b536aa,WinHttpConnectionGetNameList
0xd9e5b61b,0xd9e5b61b,WinHttpConnectionGetProxyInfo
0xd9e747ab,0xd9e747ab,WinHttpConnectionGetProxyList
0x9431aa70,0x9431aa70,WinHttpConnectionOnlyConvert
0xfeb754f2,0xfeb754f2,WinHttpConnectionOnlyReceive
0xbe12cb99,0xbe12cb99,WinHttpConnectionOnlySend
0x7679c4e3,0x7679c4e3,WinHttpConnectionSetPolicyEntries
0x254e16a7,0x254e16a7,WinHttpConnectionSetProxyInfo
0x89024d5f,0x89024d5f,WinHttpConnectionUpdateIfIndexTable
0xc6819b14,0xc6819b14,WinHttpCrackUrl
0x42472d85,0x42472d85,WinHttpCreateProxyResolver
0xc68dc3a4,0xc68dc3a4,WinHttpCreateUrl
0x4fec2f1a,0x4fec2f1a,WinHttpDetectAutoProxyConfigUrl
0xf14939a0,0xf14939a0,WinHttpFreeProxyResult
0x687e2add,0x687e2add,WinHttpFreeProxyResultEx
0x57015172,0x57015172,WinHttpFreeProxySettings
0x1c9b7f2f,0x1c9b7f2f,WinHttpFreeProxySettingsEx
0x51644c91,0x51644c91,WinHttpFreeQueryConnectionGroupResult
0x5354e5fc,0x5354e5fc,WinHttpGetDefaultProxyConfiguration
0x170d930c,0x170d930c,WinHttpGetIEProxyConfigForCurrentUser
0x3335a3d9,0x3335a3d9,WinHttpGetProxyForUrl
0xd72e0756,0xd72e0756,WinHttpGetProxyForUrlEx
0xbceef248,0xbceef248,WinHttpGetProxyForUrlEx2
0x5acedc73,0x5acedc73,WinHttpGetProxyForUrlHvsi
0x4e7f21fe,0x4e7f21fe,WinHttpGetProxyResult
0xeacfa2bb,0xeacfa2bb,WinHttpGetProxyResultEx
0x792a668d,0x792a668d,WinHttpGetProxySettingsEx
0x5b4113cc,0x5b4113cc,WinHttpGetProxySettingsResultEx
0xf0c82956,0xf0c82956,WinHttpGetProxySettingsVersion
0xbeb3dfdc,0xbeb3dfdc,WinHttpGetTunnelSocket
0xebd6e7cf,0xebd6e7cf,WinHttpOpen
0x3e6d1fb8,0x3e6d1fb8,WinHttpOpenRequest
0x8077a38d,0x8077a38d,WinHttpPacJsWorkerMain
0xf1642bf4,0xf1642bf4,WinHttpPalAcquireNextInterface
0xfba90592,0xfba90592,WinHttpPalAcquireNextInterfaceAsync
0xf3dc82a9,0xf3dc82a9,WinHttpPalCancelRequest
0xb870baf1,0xb870baf1,WinHttpPalCreateCmSessionReference
0x5a7aca46,0x5a7aca46,WinHttpPalCreateRequestCtx
0x5b165f0a,0x5b165f0a,WinHttpPalDllInit
0x9629c999,0x9629c999,WinHttpPalDllUnload
0x4ac70faa,0x4ac70faa,WinHttpPalFreeProxyInfo
0x85126494,0x85126494,WinHttpPalFreeRequestCtx
0xf478930d,0xf478930d,WinHttpPalGetProxyCreds
0x57b63857,0x57b63857,WinHttpPalGetProxyForCurrentInterface
0xf93db90a,0xf93db90a,WinHttpPalIsImplemented
0xba516fc3,0xba516fc3,WinHttpPalOnSendRequestComplete
0xcb253c94,0xcb253c94,WinHttpProbeConnectivity
0x4d37ac8d,0x4d37ac8d,WinHttpQueryAuthSchemes
0xf9bf6d90,0xf9bf6d90,WinHttpQueryConnectionGroup
0xbf30286e,0xbf30286e,WinHttpQueryDataAvailable
0x1a0c0eaf,0x1a0c0eaf,WinHttpQueryHeaders
0xcd4a7fac,0xcd4a7fac,WinHttpQueryHeadersEx
0x407b5e8c,0x407b5e8c,WinHttpQueryOption
0xb5b5eb73,0xb5b5eb73,WinHttpReadData
0xfade9d70,0xfade9d70,WinHttpReadDataEx
0xd2270c6c,0xd2270c6c,WinHttpReadProxySettings
0x6e985686,0x6e985686,WinHttpReadProxySettingsHvsi
0x4b686f8f,0x4b686f8f,WinHttpReceiveResponse
0x4fc67c11,0x4fc67c11,WinHttpRegisterProxyChangeNotification
0x4bb7a9db,0x4bb7a9db,WinHttpResetAutoProxy
0x335314dc,0x335314dc,WinHttpSaveProxyCredentials
0x5396090,0x05396090,WinHttpSendRequest
0x41f3d2b7,0x41f3d2b7,WinHttpSetCredentials
0x72a4de88,0x72a4de88,WinHttpSetDefaultProxyConfiguration
0xb20e70a2,0xb20e70a2,WinHttpSetOption
0x856f6fe2,0x856f6fe2,WinHttpSetProxySettingsPerUser
0x437a7b14,0x437a7b14,WinHttpSetSecureLegacyServersAppCompat
0xc1e53efa,0xc1e53efa,WinHttpSetStatusCallback
0xe1424ac3,0xe1424ac3,WinHttpSetTimeouts
0xd476c6d4,0xd476c6d4,WinHttpTimeFromSystemTime
0xaa31cbe3,0xaa31cbe3,WinHttpTimeToSystemTime
0xb2e3fa34,0xb2e3fa34,WinHttpUnregisterProxyChangeNotification
0xa124edfa,0xa124edfa,WinHttpWebSocketClose
0xe07df6a5,0xe07df6a5,WinHttpWebSocketCompleteUpgrade
0x6960374,0x06960374,WinHttpWebSocketQueryCloseStatus
0xef8d1067,0xef8d1067,WinHttpWebSocketReceive
0x4abc332e,0x4abc332e,WinHttpWebSocketSend
0xdf691a40,0xdf691a40,WinHttpWebSocketShutdown
0x3f713de2,0x3f713de2,WinHttpWriteData
0xa1538bbb,0xa1538bbb,WinHttpWriteProxySettings
0xf7ebb7fe,0xf7ebb7fe,WinRTPropertyValueToPropVariant
0x1a39aed5,0x1a39aed5,WinSqmAddToAverageDWORD
0xc0550146,0xc0550146,WinSqmAddToStream
0x299a7403,0x299a7403,WinSqmAddToStreamEx
0xcdc65764,0xcdc65764,WinSqmCheckEscalationAddToStreamEx
0x4236fefb,0x4236fefb,WinSqmCheckEscalationSetDWORD
0xabf2b0e5,0xabf2b0e5,WinSqmCheckEscalationSetDWORD64
0xabdf76b2,0xabdf76b2,WinSqmCheckEscalationSetString
0xdf6bfce,0x0df6bfce,WinSqmCommonDatapointDelete
0x511a6b87,0x511a6b87,WinSqmCommonDatapointSetDWORD
0x1637071,0x01637071,WinSqmCommonDatapointSetDWORD64
0x24d13c10,0x24d13c10,WinSqmCommonDatapointSetStreamEx
0x973074be,0x973074be,WinSqmCommonDatapointSetString
0x1f847009,0x1f847009,WinSqmEndSession
0x90cd139b,0x90cd139b,WinSqmEventEnabled
0x520bd4db,0x520bd4db,WinSqmEventWrite
0xe7d0308d,0xe7d0308d,WinSqmGetEscalationRuleStatus
0x51185907,0x51185907,WinSqmGetInstrumentationProperty
0x4914ebd3,0x4914ebd3,WinSqmIncrementDWORD
0x68b759d,0x068b759d,WinSqmIsOptedIn
0xd73f5a1a,0xd73f5a1a,WinSqmIsOptedInEx
0x2eeffc3a,0x2eeffc3a,WinSqmSetDWORD
0xaadff9e4,0xaadff9e4,WinSqmSetDWORD64
0x7f1acc29,0x7f1acc29,WinSqmSetEscalationInfo
0xce0f112f,0xce0f112f,WinSqmSetIfMaxDWORD
0x1e8d60ed,0x1e8d60ed,WinSqmSetIfMinDWORD
0x2fb81bd1,0x2fb81bd1,WinSqmSetString
0x172a28e0,0x172a28e0,WinSqmStartSession
0xf4261e74,0xf4261e74,WinVerifyTrust
0x962794b1,0x962794b1,WinVerifyTrustEx
0xdaa1aa8a,0xdaa1aa8a,WinWatchClose
0x6d1ea56f,0x6d1ea56f,WinWatchDidStatusChange
0x810a83f8,0x810a83f8,WinWatchGetClipList
0x48b8980d,0x48b8980d,WinWatchNotify
0x924999e6,0x924999e6,WinWatchOpen
0x4e8429a0,0x4e8429a0,WindowFromAccessibleObject
0xc749f362,0xc749f362,WindowFromDC
0x6fafd082,0x6fafd082,WindowFromPhysicalPoint
0xf4ffcba5,0xf4ffcba5,WindowFromPoint
0xd0a0ad93,0xd0a0ad93,WintrustAddActionID
0xfd76c009,0xfd76c009,WintrustAddDefaultForUsage
0xb1e71c84,0xb1e71c84,WintrustCertificateTrust
0xe827cce0,0xe827cce0,WintrustGetDefaultForUsage
0x1f1b3a9a,0x1f1b3a9a,WintrustGetRegPolicyFlags
0x95ae4159,0x95ae4159,WintrustLoadFunctionPointers
0xb7cc2f98,0xb7cc2f98,WintrustRemoveActionID
0x151d2a6,0x0151d2a6,WintrustSetRegPolicyFlags
0xefe332c1,0xefe332c1,WithMultipleInheritance
0xdf6e297d,0xdf6e297d,WmiCloseBlock
0x637d893,0x0637d893,WmiDevInstToInstanceNameA
0x637d8a9,0x0637d8a9,WmiDevInstToInstanceNameW
0x965efc3e,0x965efc3e,WmiEnumerateGuids
0x2bf64611,0x2bf64611,WmiExecuteMethodA
0x2bf64627,0x2bf64627,WmiExecuteMethodW
0x3b277cc2,0x3b277cc2,WmiFileHandleToInstanceNameA
0x3b277cd8,0x3b277cd8,WmiFileHandleToInstanceNameW
0x308bc6f8,0x308bc6f8,WmiFreeBuffer
0x2be33e20,0x2be33e20,WmiMofEnumerateResourcesA
0x2be33e36,0x2be33e36,WmiMofEnumerateResourcesW
0x1247281f,0x1247281f,WmiNotificationRegistrationA
0x12472835,0x12472835,WmiNotificationRegistrationW
0x5e107d59,0x5e107d59,WmiOpenBlock
0xe40acc26,0xe40acc26,WmiQueryAllDataA
0x4dd21292,0x4dd21292,WmiQueryAllDataMultipleA
0x4dd212a8,0x4dd212a8,WmiQueryAllDataMultipleW
0xe40acc3c,0xe40acc3c,WmiQueryAllDataW
0xdc3eb681,0xdc3eb681,WmiQueryGuidInformation
0x167fe76a,0x167fe76a,WmiQuerySingleInstanceA
0x364031d6,0x364031d6,WmiQuerySingleInstanceMultipleA
0x364031ec,0x364031ec,WmiQuerySingleInstanceMultipleW
0x167fe780,0x167fe780,WmiQuerySingleInstanceW
0xdcec959a,0xdcec959a,WmiReceiveNotificationsA
0xdcec95b0,0xdcec95b0,WmiReceiveNotificationsW
0x5061b680,0x5061b680,WmiSetSingleInstanceA
0x5061b696,0x5061b696,WmiSetSingleInstanceW
0x58d8dc1a,0x58d8dc1a,WmiSetSingleItemA
0x58d8dc30,0x58d8dc30,WmiSetSingleItemW
0x905f69e2,0x905f69e2,Wow64DisableWow64FsRedirection
0xf704d595,0xf704d595,Wow64EnableWow64FsRedirection
0x4f5451b3,0x4f5451b3,Wow64GetThreadContext
0xed0d01a1,0xed0d01a1,Wow64GetThreadSelectorEntry
0xeffd6d06,0xeffd6d06,Wow64RevertWow64FsRedirection
0xe1d2183f,0xe1d2183f,Wow64SetThreadContext
0xe1d7fe30,0xe1d7fe30,Wow64SuspendThread
0x6b3c601a,0x6b3c601a,Write
0x42246c47,0x42246c47,WriteBuffers
0x4c642371,0x4c642371,WriteCabinetState
0xb370cc9e,0xb370cc9e,WriteClassStg
0xb370cca4,0xb370cca4,WriteClassStm
0xb8b041ce,0xb8b041ce,WriteConsoleA
0x3ee1a1de,0x3ee1a1de,WriteConsoleInputA
0x38106c85,0x38106c85,WriteConsoleInputVDMA
0x38106c9b,0x38106c9b,WriteConsoleInputVDMW
0x3ee1a1f4,0x3ee1a1f4,WriteConsoleInputW
0xf98d119f,0xf98d119f,WriteConsoleOutputA
0x5fa3afd2,0x5fa3afd2,WriteConsoleOutputAttribute
0x4adebccc,0x4adebccc,WriteConsoleOutputCharacterA
0x4adebce2,0x4adebce2,WriteConsoleOutputCharacterW
0xf98d11b5,0xf98d11b5,WriteConsoleOutputW
0xb8b041e4,0xb8b041e4,WriteConsoleW
0xe2c28a92,0xe2c28a92,WriteEncryptedFileRaw
0x2d2d5405,0x2d2d5405,WriteEndScenario
0x746a803a,0x746a803a,WriteFile
0x390b7ff7,0x390b7ff7,WriteFileEx
0xd5620c75,0xd5620c75,WriteFileGather
0xa701a2d0,0xa701a2d0,WriteFmtUserTypeStg
0x4e3c9de8,0x4e3c9de8,WriteOleStg
0x710f2f9e,0x710f2f9e,WritePrinter
0x283f925c,0x283f925c,WritePrivateProfileSectionA
0x283f9272,0x283f9272,WritePrivateProfileSectionW
0x253f17be,0x253f17be,WritePrivateProfileStringA
0x253f17d4,0x253f17d4,WritePrivateProfileStringW
0x25457f2c,0x25457f2c,WritePrivateProfileStructA
0x25457f42,0x25457f42,WritePrivateProfileStructW
0x45929a92,0x45929a92,WriteProcessMemory
0x94652021,0x94652021,WriteProfileSectionA
0x94652037,0x94652037,WriteProfileSectionW
0x6e5780e3,0x6e5780e3,WriteProfileStringA
0x6e5780f9,0x6e5780f9,WriteProfileStringW
0x1eb3607c,0x1eb3607c,WriteStorageProperties
0x5828fa11,0x5828fa11,WriteString
0x19d4de9d,0x19d4de9d,WriteStringStream
0x370bc68f,0x370bc68f,WriteTapemark
0x3152a85f,0x3152a85f,WriteTransfer
0x87cfcdfa,0x87cfcdfa,WsControl
0x8e0550be,0x8e0550be,X3DAudioCalculate
0x8c59fdc2,0x8c59fdc2,X3DAudioInitialize
0xe097e1e,0x0e097e1e,XInputEnable
0x98cf5fd8,0x98cf5fd8,XInputGetBatteryInformation
0x7327dbc1,0x7327dbc1,XInputGetCapabilities
0x8546222,0x08546222,XInputGetDSoundAudioDeviceGuids
0x4c4aab18,0x4c4aab18,XInputGetKeystroke
0x7a30638,0x07a30638,XInputGetState
0x1ab900c4,0x1ab900c4,XInputSetState
0x54ba071b,0x54ba071b,XRE_GetBootstrap
0x79b0dfa1,0x79b0dfa1,XRegThunkEntry
0x2d37ac11,0x2d37ac11,XcvDataW
0x59b38a76,0x59b38a76,ZombifyActCtx
0xa6f3e1df,0xa6f3e1df,ZwAcceptConnectPort
0x59eced30,0x59eced30,ZwAccessCheck
0x5a457507,0x5a457507,ZwAccessCheckAndAuditAlarm
0xd484a48d,0xd484a48d,ZwAccessCheckByType
0x81c37b84,0x81c37b84,ZwAccessCheckByTypeAndAuditAlarm
0xb26fa428,0xb26fa428,ZwAccessCheckByTypeResultList
0x537beff,0x0537beff,ZwAccessCheckByTypeResultListAndAuditAlarm
0x8b9e606,0x08b9e606,ZwAccessCheckByTypeResultListAndAuditAlarmByHandle
0xe1efe45a,0xe1efe45a,ZwAddAtom
0x602e22f,0x0602e22f,ZwAddBootEntry
0xcef942a7,0xcef942a7,ZwAddDriverEntry
0x4c2c116c,0x4c2c116c,ZwAdjustGroupsToken
0x2be2ae46,0x2be2ae46,ZwAdjustPrivilegesToken
0xbe11d481,0xbe11d481,ZwAlertResumeThread
0xb64c1430,0xb64c1430,ZwAlertThread
0x363ad8b9,0x363ad8b9,ZwAllocateLocallyUniqueId
0x2aaa3cd8,0x2aaa3cd8,ZwAllocateReserveObject
0xfe650671,0xfe650671,ZwAllocateUserPhysicalPages
0x4c793aaf,0x4c793aaf,ZwAllocateUuids
0xf5a9f3c5,0xf5a9f3c5,ZwAllocateVirtualMemory
0xa370145f,0xa370145f,ZwAlpcAcceptConnectPort
0x4513cceb,0x4513cceb,ZwAlpcCancelMessage
0x14ed222f,0x14ed222f,ZwAlpcConnectPort
0xc21f0d9,0x0c21f0d9,ZwAlpcCreatePort
0x9362c34e,0x9362c34e,ZwAlpcCreatePortSection
0x989c2178,0x989c2178,ZwAlpcCreateResourceReserve
0x3e19f484,0x3e19f484,ZwAlpcCreateSectionView
0x7cf19f51,0x7cf19f51,ZwAlpcCreateSecurityContext
0xeb7e9fad,0xeb7e9fad,ZwAlpcDeletePortSection
0x19fd1557,0x19fd1557,ZwAlpcDeleteResourceReserve
0x9635d0e3,0x9635d0e3,ZwAlpcDeleteSectionView
0xfe529330,0xfe529330,ZwAlpcDeleteSecurityContext
0x6af3112f,0x6af3112f,ZwAlpcDisconnectPort
0x9f132c0,0x09f132c0,ZwAlpcImpersonateClientOfPort
0x4e440292,0x4e440292,ZwAlpcOpenSenderProcess
0x33e90eb,0x033e90eb,ZwAlpcOpenSenderThread
0xd76ac33c,0xd76ac33c,ZwAlpcQueryInformation
0x6f041461,0x6f041461,ZwAlpcQueryInformationMessage
0x78c4a809,0x78c4a809,ZwAlpcRevokeSecurityContext
0x4fc73447,0x4fc73447,ZwAlpcSendWaitReceivePort
0x3a609652,0x3a609652,ZwAlpcSetInformation
0xe766707f,0xe766707f,ZwApphelpCacheControl
0xc9a11c49,0xc9a11c49,ZwAreMappedFilesTheSame
0x478c20f9,0x478c20f9,ZwAssignProcessToJobObject
0x6a4e82ad,0x6a4e82ad,ZwCallbackReturn
0x3a4035de,0x3a4035de,ZwCancelIoFile
0xcb252e9b,0xcb252e9b,ZwCancelIoFileEx
0xc00e3aa9,0xc00e3aa9,ZwCancelSynchronousIoFile
0x40974707,0x40974707,ZwCancelTimer
0x5fa81649,0x5fa81649,ZwClearEvent
0x1dfc8f76,0x1dfc8f76,ZwClose
0x215170f1,0x215170f1,ZwCloseObjectAuditAlarm
0x625903e2,0x625903e2,ZwCommitComplete
0xfa88772c,0xfa88772c,ZwCommitEnlistment
0x9b21b86f,0x9b21b86f,ZwCommitTransaction
0xbb202de3,0xbb202de3,ZwCompactKeys
0x6ec0a0bb,0x6ec0a0bb,ZwCompareTokens
0x3e8a32a8,0x3e8a32a8,ZwCompleteConnectPort
0xdc5ae975,0xdc5ae975,ZwCompressKey
0x8b04cfaf,0x8b04cfaf,ZwConnectPort
0x5fd61265,0x5fd61265,ZwContinue
0x4e2041b2,0x4e2041b2,ZwCreateDebugObject
0x403a8800,0x403a8800,ZwCreateDirectoryObject
0x9beee5b7,0x9beee5b7,ZwCreateEnlistment
0x5b44ad6,0x05b44ad6,ZwCreateEvent
0xa16c262,0x0a16c262,ZwCreateEventPair
0x1f345834,0x1f345834,ZwCreateFile
0x732ef326,0x732ef326,ZwCreateIoCompletion
0xf4d5a486,0xf4d5a486,ZwCreateJobObject
0xc76733bb,0xc76733bb,ZwCreateJobSet
0x3f01aadd,0x3f01aadd,ZwCreateKey
0x404a9506,0x404a9506,ZwCreateKeyTransacted
0x43354e48,0x43354e48,ZwCreateKeyedEvent
0x45dd8d9,0x045dd8d9,ZwCreateMailslotFile
0xcedcd40d,0xcedcd40d,ZwCreateMutant
0xdf17b6c7,0xdf17b6c7,ZwCreateNamedPipeFile
0x342f6d0a,0x342f6d0a,ZwCreatePagingFile
0x1f39ee59,0x1f39ee59,ZwCreatePort
0xb2df80bc,0xb2df80bc,ZwCreatePrivateNamespace
0x8a0d0a33,0x8a0d0a33,ZwCreateProcess
0x41786c30,0x41786c30,ZwCreateProcessEx
0x8a0ebf65,0x8a0ebf65,ZwCreateProfile
0x48bc35e2,0x48bc35e2,ZwCreateProfileEx
0xa1b5ffb7,0xa1b5ffb7,ZwCreateResourceManager
0x51d8ed29,0x51d8ed29,ZwCreateSection
0x1b81af8,0x01b81af8,ZwCreateSemaphore
0x30589cdb,0x30589cdb,ZwCreateSymbolicLinkObject
0xde44a86c,0xde44a86c,ZwCreateThread
0x82107ca9,0x82107ca9,ZwCreateThreadEx
0x6bcba55,0x06bcba55,ZwCreateTimer
0x6bffc15,0x06bffc15,ZwCreateToken
0x6955f85a,0x6955f85a,ZwCreateTransaction
0x919fb935,0x919fb935,ZwCreateTransactionManager
0xb73f15d2,0xb73f15d2,ZwCreateUserProcess
0xeb525c02,0xeb525c02,ZwCreateWaitablePort
0x4cc4b266,0x4cc4b266,ZwCreateWorkerFactory
0xb2c86022,0xb2c86022,ZwDebugActiveProcess
0x50731cc,0x050731cc,ZwDebugContinue
0xc8a0e3a3,0xc8a0e3a3,ZwDelayExecution
0xe2a062c4,0xe2a062c4,ZwDeleteAtom
0xd5f4f2d9,0xd5f4f2d9,ZwDeleteBootEntry
0x63b225d1,0x63b225d1,ZwDeleteDriverEntry
0xe2a2f173,0xe2a2f173,ZwDeleteFile
0xd852983c,0xd852983c,ZwDeleteKey
0x4959184e,0x4959184e,ZwDeleteObjectAuditAlarm
0x605ef07b,0x605ef07b,ZwDeletePrivateNamespace
0xd2688179,0xd2688179,ZwDeleteValueKey
0xc74d2e69,0xc74d2e69,ZwDeviceIoControlFile
0xbf88a27e,0xbf88a27e,ZwDisableLastKnownGood
0xb276a2d,0x0b276a2d,ZwDisplayString
0x14efb933,0x14efb933,ZwDrawText
0x762f2472,0x762f2472,ZwDuplicateObject
0x610db81c,0x610db81c,ZwDuplicateToken
0x22cb5111,0x22cb5111,ZwEnableLastKnownGood
0x5e352134,0x5e352134,ZwEnumerateBootEntries
0xff5a7aec,0xff5a7aec,ZwEnumerateDriverEntries
0xc690a42f,0xc690a42f,ZwEnumerateKey
0xf39e0ced,0xf39e0ced,ZwEnumerateSystemEnvironmentValuesEx
0xfbb4d223,0xfbb4d223,ZwEnumerateTransactionObject
0x36fafd4c,0x36fafd4c,ZwEnumerateValueKey
0x4fb798dd,0x4fb798dd,ZwExtendSection
0xc66a6647,0xc66a6647,ZwFilterToken
0x55985232,0x55985232,ZwFindAtom
0x36fc1c4f,0x36fc1c4f,ZwFlushBuffersFile
0x95a1e3db,0x95a1e3db,ZwFlushInstallUILanguage
0x608ff358,0x608ff358,ZwFlushInstructionCache
0x4dee438b,0x4dee438b,ZwFlushKey
0x2cf132f9,0x2cf132f9,ZwFlushProcessWriteBuffers
0xd401f882,0xd401f882,ZwFlushVirtualMemory
0x3f57d7e7,0x3f57d7e7,ZwFlushWriteBuffer
0x77cb958e,0x77cb958e,ZwFreeUserPhysicalPages
0x8a737c62,0x8a737c62,ZwFreeVirtualMemory
0x88baccfa,0x88baccfa,ZwFreezeRegistry
0x4ef67b1a,0x4ef67b1a,ZwFreezeTransactions
0x86a947da,0x86a947da,ZwFsControlFile
0xdcb9c7bd,0xdcb9c7bd,ZwGetContextThread
0x3e8c75ec,0x3e8c75ec,ZwGetCurrentProcessorNumber
0xc85fb59e,0xc85fb59e,ZwGetDevicePowerState
0x32af6af0,0x32af6af0,ZwGetMUIRegistryInfo
0xdc5b709e,0xdc5b709e,ZwGetNextProcess
0x3dda6d77,0x3dda6d77,ZwGetNextThread
0xcf278738,0xcf278738,ZwGetNlsSectionPtr
0x466f606a,0x466f606a,ZwGetNotificationResourceManager
0x5d8d450,0x05d8d450,ZwGetPlugPlayEvent
0x52b8c742,0x52b8c742,ZwGetWriteWatch
0x8b854671,0x8b854671,ZwImpersonateAnonymousToken
0x43792040,0x43792040,ZwImpersonateClientOfPort
0x72985bdf,0x72985bdf,ZwImpersonateThread
0x4dace772,0x4dace772,ZwInitializeNlsFiles
0xc81a932b,0xc81a932b,ZwInitializeRegistry
0xf6c642c2,0xf6c642c2,ZwInitiatePowerAction
0xa6ea1e2d,0xa6ea1e2d,ZwIsProcessInJob
0xf0c00199,0xf0c00199,ZwIsSystemResumeAutomatic
0x5ac7fe97,0x5ac7fe97,ZwIsUILanguageComitted
0xab0ab134,0xab0ab134,ZwListenPort
0xf7a0122c,0xf7a0122c,ZwLoadDriver
0x4a2473a9,0x4a2473a9,ZwLoadKey
0x8eb2e8fb,0x8eb2e8fb,ZwLoadKey2
0x65100b26,0x65100b26,ZwLoadKeyEx
0x93d93749,0x93d93749,ZwLockFile
0x9932a8f8,0x9932a8f8,ZwLockProductActivationKeys
0x83135aeb,0x83135aeb,ZwLockRegistryKey
0xf3e1d509,0xf3e1d509,ZwLockVirtualMemory
0x6214d01f,0x6214d01f,ZwMakePermanentObject
0xb0665d18,0xb0665d18,ZwMakeTemporaryObject
0xc95bf53a,0xc95bf53a,ZwMapCMFModule
0xc0f0d0ca,0xc0f0d0ca,ZwMapUserPhysicalPages
0xd20bd560,0xd20bd560,ZwMapUserPhysicalPagesScatter
0x45fb6b03,0x45fb6b03,ZwMapViewOfSection
0x3290a56e,0x3290a56e,ZwModifyBootEntry
0x5604d1a6,0x5604d1a6,ZwModifyDriverEntry
0x3efcb3b4,0x3efcb3b4,ZwNotifyChangeDirectoryFile
0x86e91d68,0x86e91d68,ZwNotifyChangeKey
0x130e23a7,0x130e23a7,ZwNotifyChangeMultipleKeys
0x4f1da8e3,0x4f1da8e3,ZwNotifyChangeSession
0x53a53a7e,0x53a53a7e,ZwOpenDirectoryObject
0x3a229175,0x3a229175,ZwOpenEnlistment
0xf9a027d4,0xf9a027d4,ZwOpenEvent
0x9a84ee60,0x9a84ee60,ZwOpenEventPair
0xaa798d72,0xaa798d72,ZwOpenFile
0x6cfc8664,0x6cfc8664,ZwOpenIoCompletion
0x8543d084,0x8543d084,ZwOpenJobObject
0x33b6305b,0x33b6305b,ZwOpenKey
0xfa03bc58,0xfa03bc58,ZwOpenKeyEx
0x73ca9004,0x73ca9004,ZwOpenKeyTransacted
0x90aeaa41,0x90aeaa41,ZwOpenKeyTransactedEx
0xe168fa06,0xe168fa06,ZwOpenKeyedEvent
0x404450cb,0x404450cb,ZwOpenMutant
0x1c9aaacd,0x1c9aaacd,ZwOpenObjectAuditAlarm
0x33a082fa,0x33a082fa,ZwOpenPrivateNamespace
0x28641eb1,0x28641eb1,ZwOpenProcess
0xa4a499d2,0xa4a499d2,ZwOpenProcessToken
0x60325f8f,0x60325f8f,ZwOpenProcessTokenEx
0xb520b235,0xb520b235,ZwOpenResourceManager
0xf03001a7,0xf03001a7,ZwOpenSection
0x922646f6,0x922646f6,ZwOpenSemaphore
0xf150fd56,0xf150fd56,ZwOpenSession
0xe5632699,0xe5632699,ZwOpenSymbolicLinkObject
0x4fac252a,0x4fac252a,ZwOpenThread
0xb22093eb,0xb22093eb,ZwOpenThreadToken
0xbc9543e8,0xbc9543e8,ZwOpenThreadTokenEx
0xfaa89753,0xfaa89753,ZwOpenTimer
0xcdff1bd8,0xcdff1bd8,ZwOpenTransaction
0x46aa42f3,0x46aa42f3,ZwOpenTransactionManager
0x6e7c37ef,0x6e7c37ef,ZwPlugPlayControl
0x57122c73,0x57122c73,ZwPowerInformation
0xdbe09a0f,0xdbe09a0f,ZwPrePrepareComplete
0xf44e4c99,0xf44e4c99,ZwPrePrepareEnlistment
0xf7e5a1c8,0xf7e5a1c8,ZwPrepareComplete
0x25b42692,0x25b42692,ZwPrepareEnlistment
0xf8657bc5,0xf8657bc5,ZwPrivilegeCheck
0x5a970362,0x5a970362,ZwPrivilegeObjectAuditAlarm
0x185b0c40,0x185b0c40,ZwPrivilegedServiceAuditAlarm
0xa862603d,0xa862603d,ZwPropagationComplete
0x72c29b89,0x72c29b89,ZwPropagationFailed
0x4156ec41,0x4156ec41,ZwProtectVirtualMemory
0x6da3758b,0x6da3758b,ZwPulseEvent
0x7be0e7bd,0x7be0e7bd,ZwQueryAttributesFile
0x4e188b98,0x4e188b98,ZwQueryBootEntryOrder
0xa07844f6,0xa07844f6,ZwQueryBootOptions
0xecd00284,0xecd00284,ZwQueryDebugFilterState
0x68ab24ab,0x68ab24ab,ZwQueryDefaultLocale
0x1a76ae9d,0x1a76ae9d,ZwQueryDefaultUILanguage
0x3c1c92eb,0x3c1c92eb,ZwQueryDirectoryFile
0xca0bac02,0xca0bac02,ZwQueryDirectoryObject
0xd5915650,0xd5915650,ZwQueryDriverEntryOrder
0x8dd7231c,0x8dd7231c,ZwQueryEaFile
0xdd8e2458,0xdd8e2458,ZwQueryEvent
0xbb9f1630,0xbb9f1630,ZwQueryFullAttributesFile
0xb2c9f32d,0xb2c9f32d,ZwQueryInformationAtom
0x1979ad5f,0x1979ad5f,ZwQueryInformationEnlistment
0xb2cc81dc,0xb2cc81dc,ZwQueryInformationFile
0xb2d2172e,0xb2d2172e,ZwQueryInformationJobObject
0xb2d21801,0xb2d21801,ZwQueryInformationPort
0xad7cb2db,0xad7cb2db,ZwQueryInformationProcess
0xdff7d05f,0xdff7d05f,ZwQueryInformationResourceManager
0xb88ddc14,0xb88ddc14,ZwQueryInformationThread
0xd5d5abd,0x0d5d5abd,ZwQueryInformationToken
0x9839b502,0x9839b502,ZwQueryInformationTransaction
0x26aba8dd,0x26aba8dd,ZwQueryInformationTransactionManager
0xc38a390e,0xc38a390e,ZwQueryInformationWorkerFactory
0xb8a8df2f,0xb8a8df2f,ZwQueryInstallUILanguage
0x4b70fec,0x04b70fec,ZwQueryIntervalProfile
0xa3c8c668,0xa3c8c668,ZwQueryIoCompletion
0x4333bdf,0x04333bdf,ZwQueryKey
0x4d9fe696,0x4d9fe696,ZwQueryLicenseValue
0x9b3eb8e8,0x9b3eb8e8,ZwQueryMultipleValueKey
0xa1f1ddcf,0xa1f1ddcf,ZwQueryMutant
0xa53ef14d,0xa53ef14d,ZwQueryObject
0x921e97ce,0x921e97ce,ZwQueryOpenSubKeys
0x9423cc8b,0x9423cc8b,ZwQueryOpenSubKeysEx
0x7cd86108,0x7cd86108,ZwQueryPerformanceCounter
0xc8ee3660,0xc8ee3660,ZwQueryPortInformationProcess
0xc7cfbe86,0xc7cfbe86,ZwQueryQuotaInformationFile
0x878f2f2b,0x878f2f2b,ZwQuerySection
0xfb240e76,0xfb240e76,ZwQuerySecurityAttributesToken
0x4e49f405,0x4e49f405,ZwQuerySecurityObject
0x7e06e57a,0x7e06e57a,ZwQuerySemaphore
0xc848599d,0xc848599d,ZwQuerySymbolicLinkObject
0xb9ea796d,0xb9ea796d,ZwQuerySystemEnvironmentValue
0xde6e91ea,0xde6e91ea,ZwQuerySystemEnvironmentValueEx
0x3eafcf21,0x3eafcf21,ZwQuerySystemInformation
0xa9e0249e,0xa9e0249e,ZwQuerySystemInformationEx
0x7f6e3cea,0x7f6e3cea,ZwQuerySystemTime
0xde9693d7,0xde9693d7,ZwQueryTimer
0x91fdc66b,0x91fdc66b,ZwQueryTimerResolution
0x1f5fe2fc,0x1f5fe2fc,ZwQueryValueKey
0xc14869d6,0xc14869d6,ZwQueryVirtualMemory
0xe95e71d4,0xe95e71d4,ZwQueryVolumeInformationFile
0xdd5e11b1,0xdd5e11b1,ZwQueueApcThread
0xad294b2e,0xad294b2e,ZwQueueApcThreadEx
0xafda9183,0xafda9183,ZwRaiseException
0x52f22afd,0x52f22afd,ZwRaiseHardError
0x1674d83c,0x1674d83c,ZwReadFile
0x4d32c892,0x4d32c892,ZwReadFileScatter
0xb2da6421,0xb2da6421,ZwReadOnlyEnlistment
0x78de7a3f,0x78de7a3f,ZwReadRequestData
0x599375c,0x0599375c,ZwReadVirtualMemory
0xf70b26f9,0xf70b26f9,ZwRecoverEnlistment
0x87975a39,0x87975a39,ZwRecoverResourceManager
0xe9821c77,0xe9821c77,ZwRecoverTransactionManager
0x203920c3,0x203920c3,ZwRegisterProtocolAddressInformation
0xcc16598b,0xcc16598b,ZwRegisterThreadTerminatePort
0x70204a75,0x70204a75,ZwReleaseKeyedEvent
0x565ec1ba,0x565ec1ba,ZwReleaseMutant
0x67edc585,0x67edc585,ZwReleaseSemaphore
0xbb4d038d,0xbb4d038d,ZwReleaseWorkerFactoryWorker
0xb77c1be0,0xb77c1be0,ZwRemoveIoCompletion
0x86f29d1d,0x86f29d1d,ZwRemoveIoCompletionEx
0xedfd0734,0xedfd0734,ZwRemoveProcessDebug
0xc741f1c1,0xc741f1c1,ZwRenameKey
0xf990fb99,0xf990fb99,ZwRenameTransactionManager
0xba9f2465,0xba9f2465,ZwReplaceKey
0x59d86396,0x59d86396,ZwReplacePartitionUnit
0x7bbe6b11,0x7bbe6b11,ZwReplyPort
0xa283029,0x0a283029,ZwReplyWaitReceivePort
0x34f4e7a6,0x34f4e7a6,ZwReplyWaitReceivePortEx
0xd26f9352,0xd26f9352,ZwReplyWaitReplyPort
0x2b9e726e,0x2b9e726e,ZwRequestPort
0x201e334f,0x201e334f,ZwRequestWaitReplyPort
0x910c68c5,0x910c68c5,ZwResetEvent
0x5594e185,0x5594e185,ZwResetWriteWatch
0x8ee316d,0x08ee316d,ZwRestoreKey
0x20c103f0,0x20c103f0,ZwResumeProcess
0xd351de89,0xd351de89,ZwResumeThread
0xf63804a3,0xf63804a3,ZwRollbackComplete
0x22aac2d,0x022aac2d,ZwRollbackEnlistment
0x970a8d90,0x970a8d90,ZwRollbackTransaction
0xa8c7f9af,0xa8c7f9af,ZwRollforwardTransactionManager
0x45d07318,0x45d07318,ZwSaveKey
0xfbb9a255,0xfbb9a255,ZwSaveKeyEx
0xe638f91f,0xe638f91f,ZwSaveMergedKeys
0x872f4616,0x872f4616,ZwSecureConnectPort
0xb158551c,0xb158551c,ZwSerializeBoot
0x4c842eee,0x4c842eee,ZwSetBootEntryOrder
0x21c8b80c,0x21c8b80c,ZwSetBootOptions
0x6f378e49,0x6f378e49,ZwSetContextThread
0x34b1d35a,0x34b1d35a,ZwSetDebugFilterState
0xe7b9fd7f,0xe7b9fd7f,ZwSetDefaultHardErrorPort
0x7fe4b541,0x7fe4b541,ZwSetDefaultLocale
0x5e929a33,0x5e929a33,ZwSetDefaultUILanguage
0x1d732726,0x1d732726,ZwSetDriverEntryOrder
0x1217d072,0x1217d072,ZwSetEaFile
0x2f237eee,0x2f237eee,ZwSetEvent
0x90548197,0x90548197,ZwSetEventBoostPriority
0x98029bba,0x98029bba,ZwSetHighEventPair
0xac1edf01,0xac1edf01,ZwSetHighWaitLowEventPair
0x143097b0,0x143097b0,ZwSetInformationDebugObject
0x9a2d73f5,0x9a2d73f5,ZwSetInformationEnlistment
0x7eac8ff2,0x7eac8ff2,ZwSetInformationFile
0xc63c6304,0xc63c6304,ZwSetInformationJobObject
0xf452e2db,0xf452e2db,ZwSetInformationKey
0xf08f06c9,0xf08f06c9,ZwSetInformationObject
0x75161131,0x75161131,ZwSetInformationProcess
0x3dd24b5,0x03dd24b5,ZwSetInformationResourceManager
0xfca9c7aa,0xfca9c7aa,ZwSetInformationThread
0x553f2b93,0x553f2b93,ZwSetInformationToken
0x2f664e58,0x2f664e58,ZwSetInformationTransaction
0x2aafa573,0x2aafa573,ZwSetInformationTransactionManager
0xd8427fe4,0xd8427fe4,ZwSetInformationWorkerFactory
0xd0971e02,0xd0971e02,ZwSetIntervalProfile
0x4f279c3e,0x4f279c3e,ZwSetIoCompletion
0xb77facfb,0xb77facfb,ZwSetIoCompletionEx
0x38e6ad4a,0x38e6ad4a,ZwSetLdtEntries
0xab3fed0c,0xab3fed0c,ZwSetLowEventPair
0x649a4fa1,0x649a4fa1,ZwSetLowWaitHighEventPair
0xdb3a0a5c,0xdb3a0a5c,ZwSetQuotaInformationFile
0x4cb5975b,0x4cb5975b,ZwSetSecurityObject
0x511712c3,0x511712c3,ZwSetSystemEnvironmentValue
0xf326d8c0,0xf326d8c0,ZwSetSystemEnvironmentValueEx
0x82cbbab7,0x82cbbab7,ZwSetSystemInformation
0xcf6f6c5f,0xcf6f6c5f,ZwSetSystemPowerState
0x6451a540,0x6451a540,ZwSetSystemTime
0x73d4d8b9,0x73d4d8b9,ZwSetThreadExecutionState
0x302bee6d,0x302bee6d,ZwSetTimer
0xeae146ea,0xeae146ea,ZwSetTimerEx
0x5dddd481,0x5dddd481,ZwSetTimerResolution
0xc5a0a144,0xc5a0a144,ZwSetUuidSeed
0xb6813dd2,0xb6813dd2,ZwSetValueKey
0x6a12386a,0x6a12386a,ZwSetVolumeInformationFile
0xf4147a41,0xf4147a41,ZwShutdownSystem
0x623de28e,0x623de28e,ZwShutdownWorkerFactory
0x7e06a7a6,0x7e06a7a6,ZwSignalAndWaitForSingleObject
0x20a557f0,0x20a557f0,ZwSinglePhaseReject
0xeedb99ff,0xeedb99ff,ZwStartProfile
0xb3630137,0xb3630137,ZwStopProfile
0x221b1141,0x221b1141,ZwSuspendProcess
0x7e0705ba,0x7e0705ba,ZwSuspendThread
0x45d2fd8d,0x45d2fd8d,ZwSystemDebugControl
0xd0ab301b,0xd0ab301b,ZwTerminateJobObject
0xbe70ac88,0xbe70ac88,ZwTerminateProcess
0xfee2d421,0xfee2d421,ZwTerminateThread
0x5c9aa038,0x5c9aa038,ZwTestAlert
0xe49265ed,0xe49265ed,ZwThawRegistry
0x8e07558d,0x8e07558d,ZwThawTransactions
0x7a30a070,0x7a30a070,ZwTraceControl
0x29e07551,0x29e07551,ZwTraceEvent
0x5056bd9b,0x5056bd9b,ZwTranslateFilePath
0x5acfd004,0x5acfd004,ZwUmsThreadYield
0xba87452f,0xba87452f,ZwUnloadDriver
0xf8e1cd8c,0xf8e1cd8c,ZwUnloadKey
0x151b7f3e,0x151b7f3e,ZwUnloadKey2
0xb88b69c9,0xb88b69c9,ZwUnloadKeyEx
0x1a41cd8c,0x1a41cd8c,ZwUnlockFile
0x6f1726ac,0x6f1726ac,ZwUnlockVirtualMemory
0x1b2b9446,0x1b2b9446,ZwUnmapViewOfSection
0xfe32f588,0xfe32f588,ZwVdmControl
0xbbac5045,0xbbac5045,ZwWaitForDebugEvent
0x3b3d2270,0x3b3d2270,ZwWaitForKeyedEvent
0x51cc6cd2,0x51cc6cd2,ZwWaitForMultipleObjects
0xf69af017,0xf69af017,ZwWaitForMultipleObjects32
0xaa23bcd5,0xaa23bcd5,ZwWaitForSingleObject
0x6f2ca771,0x6f2ca771,ZwWaitForWorkViaWorkerFactory
0x40c5b343,0x40c5b343,ZwWaitHighEventPair
0x62c9b775,0x62c9b775,ZwWaitLowEventPair
0x1a1094a1,0x1a1094a1,ZwWorkerFactoryWorkerReady
0x84543a13,0x84543a13,ZwWow64CallFunction64
0xcc6aeee2,0xcc6aeee2,ZwWow64CsrAllocateCaptureBuffer
0xcb03ac7a,0xcb03ac7a,ZwWow64CsrAllocateMessagePointer
0xd70553c2,0xd70553c2,ZwWow64CsrCaptureMessageBuffer
0xfea1905f,0xfea1905f,ZwWow64CsrCaptureMessageString
0x893c5661,0x893c5661,ZwWow64CsrClientCallServer
0x31472d12,0x31472d12,ZwWow64CsrClientConnectToServer
0x923847ff,0x923847ff,ZwWow64CsrFreeCaptureBuffer
0xc8b2285b,0xc8b2285b,ZwWow64CsrGetProcessId
0x358cedcf,0x358cedcf,ZwWow64CsrIdentifyAlertableThread
0x811f6fe8,0x811f6fe8,ZwWow64CsrVerifyRegion
0x919ef428,0x919ef428,ZwWow64DebuggerCall
0xdbcc10d0,0xdbcc10d0,ZwWow64GetCurrentProcessorNumberEx
0xe177de59,0xe177de59,ZwWow64GetNativeSystemInformation
0x9cce938b,0x9cce938b,ZwWow64InterlockedPopEntrySList
0xe4d76dac,0xe4d76dac,ZwWow64QueryInformationProcess64
0xfd9de307,0xfd9de307,ZwWow64QueryVirtualMemory64
0xfda2352d,0xfda2352d,ZwWow64ReadVirtualMemory64
0x9ddf1d7c,0x9ddf1d7c,ZwWow64WriteVirtualMemory64
0xb7e68b0b,0xb7e68b0b,ZwWriteFile
0x64893006,0x64893006,ZwWriteFileGather
0xc06f0e2e,0xc06f0e2e,ZwWriteRequestData
0x739e830b,0x739e830b,ZwWriteVirtualMemory
0xf1d8184b,0xf1d8184b,ZwYieldExecution
0x709eea00,0x709eea00,_CIacos
0x709f2d45,0x709f2d45,_CIasin
0x709f307e,0x709f307e,_CIatan
0x84854070,0x84854070,_CIatan2
0xe461f21f,0xe461f21f,_CIcos
0x70a03647,0x70a03647,_CIcosh
0xe461fbc7,0xe461fbc7,_CIexp
0x70a1d260,0x70a1d260,_CIfmod
0xe462185c,0xe462185c,_CIlog
0x8549a5dd,0x8549a5dd,_CIlog10
0xe4622970,0xe4622970,_CIpow
0xe4623564,0xe4623564,_CIsin
0x70a8e22c,0x70a8e22c,_CIsinh
0x70a904c4,0x70a904c4,_CIsqrt
0xe462389d,0xe462389d,_CItan
0x70a94c85,0x70a94c85,_CItanh
0x1a37bd72,0x1a37bd72,_CRT_RTC_INIT
0xc966e9b9,0xc966e9b9,_CreateFrameInfo
0x6a1fa944,0x6a1fa944,_CxxThrowException
0x94d3bf,0x0094d3bf,_EFN_DumpImage
0xb4c14bad,0xb4c14bad,_EH_prolog
0xddafc1e,0x0ddafc1e,_FindAndUnlinkFrame
0xe49bc553,0xe49bc553,_Form1
0xb5d6cf52,0xb5d6cf52,_GetFileExtensionFromUrl
0xb0689dff,0xb0689dff,_Getdays
0x82fde427,0x82fde427,_Getmonths
0x9338a8f6,0x9338a8f6,_Gettnames
0x6bc7d9b7,0x6bc7d9b7,_HUGE
0x244980d,0x0244980d,_IsExceptionObjectToBeDestroyed
0x551f1f0,0x0551f1f0,_NLG_Dispatch2
0x9f08c2ee,0x9f08c2ee,_NLG_Return
0x802120e0,0x802120e0,_NLG_Return2
0x3d44e4f1,0x3d44e4f1,_NSSUTIL_Access
0x65ad221f,0x65ad221f,_PK11_ContextGetAEADSimulation
0x47e3ba2b,0x47e3ba2b,_PK11_ContextSetAEADSimulation
0x852d6ae2,0x852d6ae2,_PR_AddSleepQ
0x516959fb,0x516959fb,_PR_CreateThread
0x36b678ce,0x36b678ce,_PR_DelSleepQ
0xcc019fca,0xcc019fca,_PR_GetPrimordialCPU
0x6b9524b9,0x6b9524b9,_PR_MD_FREE_CV
0xc217152e,0xc217152e,_PR_MD_INIT_LOCKS
0xd48f461,0x0d48f461,_PR_MD_NEW_CV
0x835c6b31,0x835c6b31,_PR_MD_NEW_LOCK
0xffacba29,0xffacba29,_PR_MD_NOTIFYALL_CV
0xed54d30,0x0ed54d30,_PR_MD_NOTIFY_CV
0x1e39a10b,0x1e39a10b,_PR_MD_UNLOCK
0x60dc168c,0x60dc168c,_PR_MD_WAIT_CV
0xc5045f42,0xc5045f42,_PR_NativeCreateThread
0x916b9e30,0x916b9e30,_SetWinRTOutOfMemoryExceptionCallback
0x4ebfee1c,0x4ebfee1c,_Strftime
0x69bd65ee,0x69bd65ee,_TrackMouseEvent
0x4762ee93,0x4762ee93,_UserTestTokenForInteractive
0x92e86653,0x92e86653,_XcptFilter
0xf58ec8fa,0xf58ec8fa,_Z10utf8ToUCS4PKcPPj
0x244a61f,0x0244a61f,_Z11localtime_rPKlP2tm
0x71d7c692,0x71d7c692,_Z11utf16ToUtf8PKtPi
0x46e0031e,0x46e0031e,_Z11utf16ToUtf8PKtiPci
0x221e2c41,0x221e2c41,_Z11utf8ToUtf16PKcPi
0x225692be,0x225692be,_Z11utf8ToUtf16PKciPti
0x59794836,0x59794836,_Z12appendToPathP9GooStringPKc
0x4f8a62ad,0x4f8a62ad,_Z13gbase64EncodeB5cxx11PKvj
0x2a0539d9,0x2a0539d9,_Z13utf8CountUCS4PKc
0x93840156,0x93840156,_Z15parseDateStringPK9GooStringPiS2_S2_S2_S2_S2_PcS2_S2_
0xee2505ed,0xee2505ed,_Z15unicodeToAscii7St4spanIjLj4294967295EEPPjPiPKiPS3_
0x6dbf128d,0x6dbf128d,_Z16TextStringToUCS4RKNSt7__cxx1112basic_stringIcSt11char_traitsIcESaIcEEE
0x4dc0a735,0x4dc0a735,_Z16TextStringToUtf8RKNSt7__cxx1112basic_stringIcSt11char_traitsIcESaIcEEE
0xa227c0c6,0xa227c0c6,_Z16dateStringToTimePK9GooString
0x785e2d85,0x785e2d85,_Z16setErrorCallbackPFv13ErrorCategoryxPKcE
0xe198f7dd,0xe198f7dd,_Z16timeToDateStringPKl
0xa8657d8b,0xa8657d8b,_Z18utf8ToUtf16WithBomRKNSt7__cxx1112basic_stringIcSt11char_traitsIcESaIcEEE
0x99ef3bae,0x99ef3bae,_Z19utf16CountUtf8BytesPKt
0x5fd7c77e,0x5fd7c77e,_Z20unicodeNormalizeNFKCPKjiPiPS1_
0x5ad0b780,0x5ad0b780,_Z20unicodeNormalizeNFKCPKjiPiPS1_b
0x6eb3a657,0x6eb3a657,_Z21ft_new_face_from_fileP14FT_LibraryRec_PKclPP11FT_FaceRec_
0x155c5354,0x155c5354,_Z21pdfDocEncodingToUTF16RKNSt7__cxx1112basic_stringIcSt11char_traitsIcESaIcEEEPi
0x19c628ca,0x19c628ca,_Z22make_GfxLCMSProfilePtrPv
0xb140cb0b,0xb140cb0b,_Z22timeToStringWithFormatB5cxx11PKlPKc
0xf1e9b31f,0xf1e9b31f,_Z23utf8CountUtf16CodeUnitsPKc
0xea2f55b0,0xea2f55b0,_Z26getFileSpecNameForPlatformPK6Object
0xee39bc43,0xee39bc43,_Z5error13ErrorCategoryxPKcz
0xe93c37ae,0xe93c37ae,_Z6GfseekP6_iobufxi
0xbdf18b16,0xbdf18b16,_Z6GftellP6_iobuf
0xcf5f2aa4,0xcf5f2aa4,_Z6timegmP2tm
0xd49e81d,0x0d49e81d,_Z7getLinePciP6_iobuf
0x1ea8c42a,0x1ea8c42a,_Z7mapUTF8jPci
0x8c7e7a7e,0x8c7e7a7e,_Z8gmtime_rPKlP2tm
0x34679f2,0x034679f2,_Z8openFilePKcS0_
0x410bf92e,0x410bf92e,_Z9gbasenameB5cxx11PKc
0xae07c99e,0xae07c99e,_ZN10ActualText3endEPK8GfxState
0xd81ef4de,0xd81ef4de,_ZN10ActualText5beginEPK8GfxStatePK9GooString
0x2884d343,0x2884d343,_ZN10ActualText7addCharEPK8GfxStateddddjiPKji
0x5cba9839,0x5cba9839,_ZN10ActualTextC1EP8TextPage
0x8dadf59a,0x8dadf59a,_ZN10ActualTextC2EP8TextPage
0x6524b9c6,0x6524b9c6,_ZN10ActualTextD1Ev
0x6524be07,0x6524be07,_ZN10ActualTextD2Ev
0x84d4c87c,0x84d4c87c,_ZN10AnnotCaret10initializeEP6PDFDocP4Dict
0xd6d6c217,0xd6d6c217,_ZN10AnnotCaret9setSymbolENS_16AnnotCaretSymbolE
0xe0db0430,0xe0db0430,_ZN10AnnotCaretC1EP6PDFDocO6ObjectPKS2_
0xb89e3a57,0xb89e3a57,_ZN10AnnotCaretC1EP6PDFDocP12PDFRectangle
0xa910a2f1,0xa910a2f1,_ZN10AnnotCaretC2EP6PDFDocO6ObjectPKS2_
0x64b68d58,0x64b68d58,_ZN10AnnotCaretC2EP6PDFDocP12PDFRectangle
0xf042bfd5,0xf042bfd5,_ZN10AnnotCaretD0Ev
0xf042c416,0xf042c416,_ZN10AnnotCaretD1Ev
0xf042c857,0xf042c857,_ZN10AnnotCaretD2Ev
0x8b9c4190,0x8b9c4190,_ZN10AnnotColor11adjustColorEi
0x475cfd5c,0x475cfd5c,_ZN10AnnotColorC1EP5Arrayi
0x252dd4b3,0x252dd4b3,_ZN10AnnotColorC1Ed
0x27f5d67b,0x27f5d67b,_ZN10AnnotColorC1Eddd
0x26b0a61f,0x26b0a61f,_ZN10AnnotColorC1Edddd
0x252dd4c5,0x252dd4c5,_ZN10AnnotColorC1Ev
0x4b678e7d,0x4b678e7d,_ZN10AnnotColorC2EP5Arrayi
0x252dd8f4,0x252dd8f4,_ZN10AnnotColorC2Ed
0x2807eefc,0x2807eefc,_ZN10AnnotColorC2Eddd
0x2905cec0,0x2905cec0,_ZN10AnnotColorC2Edddd
0x252dd906,0x252dd906,_ZN10AnnotColorC2Ev
0xc4fd19ad,0xc4fd19ad,_ZN10AnnotMovie10initializeEP6PDFDocP4Dict
0xdba19788,0xdba19788,_ZN10AnnotMovie4drawEP3Gfxb
0x577c7b01,0x577c7b01,_ZN10AnnotMovieC1EP6PDFDocO6ObjectPKS2_
0x8631924d,0x8631924d,_ZN10AnnotMovieC1EP6PDFDocP12PDFRectangleP5Movie
0x1fb219c2,0x1fb219c2,_ZN10AnnotMovieC2EP6PDFDocO6ObjectPKS2_
0xeb905a2e,0xeb905a2e,_ZN10AnnotMovieC2EP6PDFDocP12PDFRectangleP5Movie
0xa4e6f426,0xa4e6f426,_ZN10AnnotMovieD0Ev
0xa4e6f867,0xa4e6f867,_ZN10AnnotMovieD1Ev
0xa4e6fca8,0xa4e6fca8,_ZN10AnnotMovieD2Ev
0x1844ec1,0x01844ec1,_ZN10AnnotPopup10initializeEP6PDFDocP4Dict
0x190f2b47,0x190f2b47,_ZN10AnnotPopup7setOpenEb
0xbbf7f764,0xbbf7f764,_ZN10AnnotPopup9setParentEP5Annot
0xffa5a895,0xffa5a895,_ZN10AnnotPopupC1EP6PDFDocO6ObjectPKS2_
0xb4a38bfc,0xb4a38bfc,_ZN10AnnotPopupC1EP6PDFDocP12PDFRectangle
0xc7db4756,0xc7db4756,_ZN10AnnotPopupC2EP6PDFDocO6ObjectPKS2_
0x60bbdefd,0x60bbdefd,_ZN10AnnotPopupC2EP6PDFDocP12PDFRectangle
0x5143cfba,0x5143cfba,_ZN10AnnotPopupD0Ev
0x5143d3fb,0x5143d3fb,_ZN10AnnotPopupD1Ev
0x5143d83c,0x5143d83c,_ZN10AnnotPopupD2Ev
0x809cfab2,0x809cfab2,_ZN10AnnotStamp10initializeEP6PDFDocP4Dict
0x20e4ff8b,0x20e4ff8b,_ZN10AnnotStamp14setCustomImageEP21AnnotStampImageHelper
0x7a51bbc3,0x7a51bbc3,_ZN10AnnotStamp16clearCustomImageEv
0xcbf1341d,0xcbf1341d,_ZN10AnnotStamp29generateStampCustomAppearanceEv
0x4517701f,0x4517701f,_ZN10AnnotStamp30generateStampDefaultAppearanceEv
0x7b00ef2d,0x7b00ef2d,_ZN10AnnotStamp4drawEP3Gfxb
0xf31f13f2,0xf31f13f2,_ZN10AnnotStamp7setIconEP9GooString
0x71d77226,0x71d77226,_ZN10AnnotStampC1EP6PDFDocO6ObjectPKS2_
0x7a6dfdcd,0x7a6dfdcd,_ZN10AnnotStampC1EP6PDFDocP12PDFRectangle
0x3a0d10e7,0x3a0d10e7,_ZN10AnnotStampC2EP6PDFDocO6ObjectPKS2_
0x268650ce,0x268650ce,_ZN10AnnotStampC2EP6PDFDocP12PDFRectangle
0xb6af76cb,0xb6af76cb,_ZN10AnnotStampD0Ev
0xb6af7b0c,0xb6af7b0c,_ZN10AnnotStampD1Ev
0xb6af7f4d,0xb6af7f4d,_ZN10AnnotStampD2Ev
0xd97e5d4b,0xd97e5d4b,_ZN10BaseStreamC1EO6Objectx
0x5edb128c,0x5edb128c,_ZN10BaseStreamC2EO6Objectx
0x58e0eb4d,0x58e0eb4d,_ZN10BaseStreamD0Ev
0x58e0ef8e,0x58e0ef8e,_ZN10BaseStreamD1Ev
0x58e0f3cf,0x58e0f3cf,_ZN10BaseStreamD2Ev
0x12e9b05e,0x12e9b05e,_ZN10CachedFile4readEPvjj
0x5fa0f0e5,0x5fa0f0e5,_ZN10CachedFile4seekEli
0x4b1050af,0x4b1050af,_ZN10CachedFile4tellEv
0xb4a5e87e,0xb4a5e87e,_ZN10CachedFile5cacheERKSt6vectorI10_ByteRangeSaIS1_EE
0xcb548551,0xcb548551,_ZN10CachedFile5cacheEjj
0xd9afacf1,0xd9afacf1,_ZN10CachedFile9decRefCntEv
0x98de515f,0x98de515f,_ZN10CachedFile9incRefCntEv
0xd930200e,0xd930200e,_ZN10CachedFileC1EP16CachedFileLoader
0x2a3d1a8f,0x2a3d1a8f,_ZN10CachedFileC2EP16CachedFileLoader
0xce91665f,0xce91665f,_ZN10CachedFileD1Ev
0xce916aa0,0xce916aa0,_ZN10CachedFileD2Ev
0xfff81e46,0xfff81e46,_ZN10CryptoSign7Factory12createActiveEv
0xe38ffeb7,0xe38ffeb7,_ZN10CryptoSign7Factory12getAvailableEv
0x1bf0256f,0x1bf0256f,_ZN10CryptoSign7Factory14typeFromStringESt17basic_string_viewIcSt11char_traitsIcEE
0xa9e2a44b,0xa9e2a44b,_ZN10CryptoSign7Factory16preferredBackendE
0x4cf0e3d4,0x4cf0e3d4,_ZN10CryptoSign7Factory19setPreferredBackendENS_7Backend4TypeE
0x8e2db061,0x8e2db061,_ZN10CryptoSign7Factory6createENS_7Backend4TypeE
0xd1eaf28,0x0d1eaf28,_ZN10CryptoSign7Factory9getActiveEv
0x121ee38e,0x121ee38e,_ZN10FileStream13makeSubStreamExbxO6Object
0x4165616d,0x4165616d,_ZN10FileStream4copyEv
0x533e8569,0x533e8569,_ZN10FileStream5closeEv
0xc5d4ecd6,0xc5d4ecd6,_ZN10FileStream5resetEv
0x6d9a6e3d,0x6d9a6e3d,_ZN10FileStream6setPosExi
0xc649e959,0xc649e959,_ZN10FileStream7fillBufEv
0xd11dd91e,0xd11dd91e,_ZN10FileStream9moveStartEx
0x3d293256,0x3d293256,_ZN10FileStreamC1EP7GooFilexbxO6Object
0xafd57cf7,0xafd57cf7,_ZN10FileStreamC2EP7GooFilexbxO6Object
0x6a329032,0x6a329032,_ZN10FileStreamD0Ev
0x6a329473,0x6a329473,_ZN10FileStreamD1Ev
0x6a3298b4,0x6a3298b4,_ZN10FileStreamD2Ev
0x26348b94,0x26348b94,_ZN10FoFiType1C11readCharsetEv
0xb9902781,0xb9902781,_ZN10FoFiType1C11readTopDictEv
0x6dca0c55,0x6dca0c55,_ZN10FoFiType1C12readFDSelectEv
0x74c2d6c7,0x74c2d6c7,_ZN10FoFiType1C13buildEncodingEv
0x911288aa,0x911288aa,_ZN10FoFiType1C13cvtGlyphWidthEbP9GooStringPK17Type1CPrivateDict
0x6ff5ccba,0x6ff5ccba,_ZN10FoFiType1C13eexecCvtGlyphEP14Type1CEexecBufPKciiPK11Type1CIndexPK17Type1CPrivateDict
0x17350da6,0x17350da6,_ZN10FoFiType1C14convertToType0EPKcPKiiPFvPvS1_jES4_
0x2f79dcce,0x2f79dcce,_ZN10FoFiType1C14convertToType1EPKcPS1_bPFvPvS1_jES3_
0xbe011d16,0xbe011d16,_ZN10FoFiType1C15readPrivateDictEiiP17Type1CPrivateDict
0x57c33859,0x57c33859,_ZN10FoFiType1C17convertToCIDType0EPKcPKiiPFvPvS1_jES4_
0x5cee0cc8,0x5cee0cc8,_ZN10FoFiType1C4loadEPKc
0x87adfb94,0x87adfb94,_ZN10FoFiType1C4makeEPKhi
0x2573dc47,0x2573dc47,_ZN10FoFiType1C5getOpEibPb
0x702a77dc,0x702a77dc,_ZN10FoFiType1C5parseEv
0x36ece691,0x36ece691,_ZN10FoFiType1C6readFDEiiP17Type1CPrivateDict
0xc4c5a5de,0xc4c5a5de,_ZN10FoFiType1C8cvtGlyphEiiP9GooStringPK11Type1CIndexPK17Type1CPrivateDictbRSt3setIiSt4lessIiESaIiEE
0x12a2dc78,0x12a2dc78,_ZN10FoFiType1CC1EPKhib
0x5f9d1939,0x5f9d1939,_ZN10FoFiType1CC2EPKhib
0x82190b40,0x82190b40,_ZN10FoFiType1CD0Ev
0x82190f81,0x82190f81,_ZN10FoFiType1CD1Ev
0x821913c2,0x821913c2,_ZN10FoFiType1CD2Ev
0x1f330082,0x1f330082,_ZN10FormWidget11setReadOnlyEb
0x212db2a5,0x212db2a5,_ZN10FormWidget14setPartialNameERK9GooString
0x7ce7824,0x07ce7824,_ZN10FormWidget19getActivationActionEv
0xe6b52e24,0xe6b52e24,_ZN10FormWidget19getAdditionalActionEN5Annot25FormAdditionalActionsTypeE
0x349763f0,0x349763f0,_ZN10FormWidget19setAdditionalActionEN5Annot25FormAdditionalActionsTypeERKNSt7__cxx1112basic_stringIcSt11char_traitsIcESaIcEEE
0x7cee82ee,0x7cee82ee,_ZN10FormWidget21getFullyQualifiedNameEv
0xfaf83fe1,0xfaf83fe1,_ZN10FormWidget22createWidgetAnnotationEv
0x3f0043df,0x3f0043df,_ZN10FormWidget5printEi
0xf64930e3,0xf64930e3,_ZN10FormWidget8decodeIDEjPjS0_
0xb4bb011b,0xb4bb011b,_ZN10FormWidget8encodeIDEjj
0xa4543c96,0xa4543c96,_ZN10FormWidgetC1EP6PDFDocP6Objectj3RefP9FormField
0xdc8480b7,0xdc8480b7,_ZN10FormWidgetC2EP6PDFDocP6Objectj3RefP9FormField
0x5e06303e,0x5e06303e,_ZN10FormWidgetD0Ev
0x5e06347f,0x5e06347f,_ZN10FormWidgetD1Ev
0x5e0638c0,0x5e0638c0,_ZN10FormWidgetD2Ev
0xe07b4f29,0xe07b4f29,_ZN10GfxCIDFont12mapCodeToGIDEP12FoFiTrueTypeijb
0xd8e665d0,0xd8e665d0,_ZN10GfxCIDFont15getCodeToGIDMapEP12FoFiTrueTypePi
0x7d116196,0x7d116196,_ZN10GfxCIDFontC1EP4XRefPKc3RefOSt8optionalINSt7__cxx1112basic_stringIcSt11char_traitsIcESaIcEEEE11GfxFontTypeS4_P4Dict
0xb72bea57,0xb72bea57,_ZN10GfxCIDFontC2EP4XRefPKc3RefOSt8optionalINSt7__cxx1112basic_stringIcSt11char_traitsIcESaIcEEEE11GfxFontTypeS4_P4Dict
0x955608b2,0x955608b2,_ZN10GfxCIDFontD0Ev
0x95560cf3,0x95560cf3,_ZN10GfxCIDFontD1Ev
0x95561134,0x95561134,_ZN10GfxCIDFontD2Ev
0xbb70ab4b,0xbb70ab4b,_ZN10GfxFontLoc7setPathEP9GooString
0x34eaa48b,0x34eaa48b,_ZN10GfxFontLocC1EOS_
0xd053e740,0xd053e740,_ZN10GfxFontLocC1Ev
0x34fcbd0c,0x34fcbd0c,_ZN10GfxFontLocC2EOS_
0xd053eb81,0xd053eb81,_ZN10GfxFontLocC2Ev
0xd05473a1,0xd05473a1,_ZN10GfxFontLocD1Ev
0xd05477e2,0xd05477e2,_ZN10GfxFontLocD2Ev
0x32a7946b,0x32a7946b,_ZN10GfxFontLocaSEOS_
0x7f228229,0x7f228229,_ZN10GfxShading4initEP12GfxResourcesP4DictP9OutputDevP8GfxState
0xbe287d66,0xbe287d66,_ZN10GfxShading5parseEP12GfxResourcesP6ObjectP9OutputDevP8GfxState
0x72d66e0,0x072d66e0,_ZN10GfxShadingC1EPKS_
0xe2549b9c,0xe2549b9c,_ZN10GfxShadingC1Ei
0x9828f81,0x09828f81,_ZN10GfxShadingC2EPKS_
0xe2549fdd,0xe2549fdd,_ZN10GfxShadingC2Ei
0xe25523c9,0xe25523c9,_ZN10GfxShadingD0Ev
0xe255280a,0xe255280a,_ZN10GfxShadingD1Ev
0xe2552c4b,0xe2552c4b,_ZN10GfxShadingD2Ev
0x72a1af5e,0x72a1af5e,_ZN10JpegWriter10setQualityEi
0x5e16b500,0x5e16b500,_ZN10JpegWriter11setOptimizeEb
0x469921a8,0x469921a8,_ZN10JpegWriter11supportCMYKEv
0xc081b293,0xc081b293,_ZN10JpegWriter13writePointersEPPhi
0x74114c0b,0x74114c0b,_ZN10JpegWriter14setProgressiveEb
0x343c413b,0x343c413b,_ZN10JpegWriter4initEP6_iobufiidd
0xbd62b1c0,0xbd62b1c0,_ZN10JpegWriter5closeEv
0x27cffde2,0x27cffde2,_ZN10JpegWriter8writeRowEPPh
0x36c42b37,0x36c42b37,_ZN10JpegWriterC1ENS_6FormatE
0x7d5a54c2,0x7d5a54c2,_ZN10JpegWriterC1EibNS_6FormatE
0x862334b8,0x862334b8,_ZN10JpegWriterC2ENS_6FormatE
0x20a1c283,0x20a1c283,_ZN10JpegWriterC2EibNS_6FormatE
0x9c182909,0x9c182909,_ZN10JpegWriterD0Ev
0x9c182d4a,0x9c182d4a,_ZN10JpegWriterD1Ev
0x9c18318b,0x9c18318b,_ZN10JpegWriterD2Ev
0xc3394dde,0xc3394dde,_ZN10LinkAction11parseActionEPK6ObjectRKSt8optionalINSt7__cxx1112basic_stringIcSt11char_traitsIcESaIcEEEE
0xd27af03f,0xd27af03f,_ZN10LinkAction11parseActionEPK6ObjectRKSt8optionalINSt7__cxx1112basic_stringIcSt11char_traitsIcESaIcEEEEPSt3setIiSt4lessIiESaIiEE
0x31df2ff4,0x31df2ff4,_ZN10LinkAction9parseDestEPK6Object
0x77eb94d2,0x77eb94d2,_ZN10LinkActionC1Ev
0x77eb9913,0x77eb9913,_ZN10LinkActionC2Ev
0x77ec1cf2,0x77ec1cf2,_ZN10LinkActionD0Ev
0x77ec2133,0x77ec2133,_ZN10LinkActionD1Ev
0x77ec2574,0x77ec2574,_ZN10LinkActionD2Ev
0xc94906c1,0xc94906c1,_ZN10SplashPath19addStrokeAdjustHintEiiii
0xca1a8050,0xca1a8050,_ZN10SplashPath4growEi
0xb7c246a1,0xb7c246a1,_ZN10SplashPath5closeEb
0xf9f80204,0xf9f80204,_ZN10SplashPath6appendEPS_
0x9c8609fd,0x9c8609fd,_ZN10SplashPath6lineToEdd
0x25f5e4c,0x025f5e4c,_ZN10SplashPath6moveToEdd
0xecff7f79,0xecff7f79,_ZN10SplashPath6offsetEdd
0x289d600b,0x289d600b,_ZN10SplashPath7curveToEdddddd
0x2b36c330,0x2b36c330,_ZN10SplashPath7reserveEi
0x8c48370,0x08c48370,_ZN10SplashPath8getCurPtEPdS0_
0x849f4029,0x849f4029,_ZN10SplashPathC1EOS_
0x2c51035e,0x2c51035e,_ZN10SplashPathC1Ev
0x84b158aa,0x84b158aa,_ZN10SplashPathC2EOS_
0x2c51079f,0x2c51079f,_ZN10SplashPathC2Ev
0x2c518fbf,0x2c518fbf,_ZN10SplashPathD1Ev
0x2c519400,0x2c519400,_ZN10SplashPathD2Ev
0x54debe76,0x54debe76,_ZN10TiffWriter13writePointersEPPhi
0xa8c77317,0xa8c77317,_ZN10TiffWriter20setCompressionStringEPKc
0x490ef85e,0x490ef85e,_ZN10TiffWriter4initEP6_iobufiidd
0x6f389123,0x6f389123,_ZN10TiffWriter5closeEv
0x5c17f325,0x5c17f325,_ZN10TiffWriter8writeRowEPPh
0xf40ac8da,0xf40ac8da,_ZN10TiffWriterC1ENS_6FormatE
0x4369d25b,0x4369d25b,_ZN10TiffWriterC2ENS_6FormatE
0x6c97ceec,0x6c97ceec,_ZN10TiffWriterD0Ev
0x6c97d32d,0x6c97d32d,_ZN10TiffWriterD1Ev
0x6c97d76e,0x6c97d76e,_ZN10TiffWriterD2Ev
0xb59ae954,0xb59ae954,_ZN10UnicodeMap4swapERS_
0x4c978431,0x4c978431,_ZN10UnicodeMap5parseERKNSt7__cxx1112basic_stringIcSt11char_traitsIcESaIcEEE
0x9287f4f6,0x9287f4f6,_ZN10UnicodeMapC1EOS_
0x7c8cb2ff,0x7c8cb2ff,_ZN10UnicodeMapC1EPKcbPFijPciE
0x2772131,0x02772131,_ZN10UnicodeMapC1EPKcbPK15UnicodeMapRangei
0xeb12f475,0xeb12f475,_ZN10UnicodeMapC1ERKNSt7__cxx1112basic_stringIcSt11char_traitsIcESaIcEEE
0x929a0d77,0x929a0d77,_ZN10UnicodeMapC2EOS_
0xb7cceca0,0xb7cceca0,_ZN10UnicodeMapC2EPKcbPFijPciE
0x3199d452,0x3199d452,_ZN10UnicodeMapC2EPKcbPK15UnicodeMapRangei
0xf457af56,0xf457af56,_ZN10UnicodeMapC2ERKNSt7__cxx1112basic_stringIcSt11char_traitsIcESaIcEEE
0xe2fcad4c,0xe2fcad4c,_ZN10UnicodeMapD1Ev
0xe2fcb18d,0xe2fcb18d,_ZN10UnicodeMapD2Ev
0x9044e4d6,0x9044e4d6,_ZN10UnicodeMapaSEOS_
0xdd6c26b7,0xdd6c26b7,_ZN11AnnotBorder14parseDashArrayEP6Object
0xf0a34a65,0xf0a34a65,_ZN11AnnotBorderC1Ev
0xf0a34ea6,0xf0a34ea6,_ZN11AnnotBorderC2Ev
0xf0a3d285,0xf0a3d285,_ZN11AnnotBorderD0Ev
0x9002eff9,0x9002eff9,__AdjustPointer
0xf7ce78f7,0xf7ce78f7,__BuildCatchObject
0x59382897,0x59382897,__BuildCatchObjectHelper
0x18ab51de,0x18ab51de,__CERT_AddTempCertToPerm
0x61f89078,0x61f89078,__CERT_ClosePermCertDB
0xe67c91c,0x0e67c91c,__CERT_DecodeDERCertificate
0x5bc1e59d,0x5bc1e59d,__CERT_NewTempCertificate
0xdc9dc68,0x0dc9dc68,__CERT_TraversePermCertsForNickname
0x66ebb032,0x66ebb032,__CERT_TraversePermCertsForSubject
0x9e54c492,0x9e54c492,__C_specific_handler
0xbfe197,0x00bfe197,__C_specific_handler_noexcept
0xcc905f75,0xcc905f75,__CppXcptFilter
0xd563d1ca,0xd563d1ca,__CxxCallUnwindDtor
0xb7487628,0xb7487628,__CxxCallUnwindVecDtor
0xe7bdec04,0xe7bdec04,__CxxDetectRethrow
0xa7605935,0xa7605935,__CxxExceptionFilter
0x271a9f89,0x271a9f89,__CxxFrameHandler
0xa6e90db,0x0a6e90db,__CxxFrameHandler2
0xa6e90dc,0x0a6e90dc,__CxxFrameHandler3
0x78b4962c,0x78b4962c,__CxxLongjmpUnwind
0x99c9ac60,0x99c9ac60,__CxxQueryExceptionSize
0xd389f36b,0xd389f36b,__CxxRegisterExceptionObject
0x8542434e,0x8542434e,__CxxUnregisterExceptionObject
0x34afe881,0x34afe881,__DestructExceptionObject
0xcab6aa33,0xcab6aa33,__FrameUnwindFilter
0x756e2b2d,0x756e2b2d,__GetPlatformExceptionInfo
0xa65c3a6f,0xa65c3a6f,__NLG_Dispatch2
0xbcb13d9f,0xbcb13d9f,__NLG_Return2
0xbc31117c,0xbc31117c,__PBE_CreateContext
0x4195c792,0x4195c792,__PBE_DestroyContext
0x43280b00,0x43280b00,__PBE_GenerateBits
0xf2297d10,0xf2297d10,__PK11_CreateContextByRawKey
0x56fdef2c,0x56fdef2c,__PK11_GetKeyData
0xff6a8fbe,0xff6a8fbe,__PK11_SetCertificateNickname
0xf94d9893,0xf94d9893,__RTCastToVoid
0xfd4d6a3,0x0fd4d6a3,__RTDynamicCast
0x7f0a3622,0x7f0a3622,__RTtypeid
0xc1d382b7,0xc1d382b7,__STRINGTOLD
0x83ca991c,0x83ca991c,__TypeMatch
0xaf039b8a,0xaf039b8a,__WSAFDIsSet
0xe52c1347,0xe52c1347,___CPPdebugHook
0x1d35e11d,0x1d35e11d,___lc_codepage_func
0x5289339b,0x5289339b,___lc_collate_cp_func
0x11ee41d1,0x11ee41d1,___lc_handle_func
0x314645b4,0x314645b4,___mb_cur_max_func
0x7830410d,0x7830410d,___setlc_active_func
0x49a8b5e3,0x49a8b5e3,___unguarded_readlc_active_add_func
0xe6587bea,0xe6587bea,__argc
0xe6587bfd,0xe6587bfd,__argv
0x9aa0f658,0x9aa0f658,__badioinfo
0x50b2b037,0x50b2b037,__buffer_overrun
0x91e2b235,0x91e2b235,__crtCompareStringA
0x91e2b24b,0x91e2b24b,__crtCompareStringW
0x1c2ea549,0x1c2ea549,__crtGetLocaleInfoW
0xaab1bf86,0xaab1bf86,__crtGetStringTypeW
0x383e213b,0x383e213b,__crtLCMapStringA
0x383e2151,0x383e2151,__crtLCMapStringW
0x3a75231e,0x3a75231e,__current_exception
0x19638922,0x19638922,__current_exception_context
0x202ab8c0,0x202ab8c0,__dllonexit
0xecfa019,0x0ecfa019,__doserrno
0x2760f243,0x2760f243,__fpecode
0x34ce247f,0x34ce247f,__getmainargs
0x9f6e28a,0x09f6e28a,__initenv
0x29791e72,0x29791e72,__intrinsic_setjmp
0x6c3a8c2f,0x6c3a8c2f,__intrinsic_setjmpex
0x86410b12,0x86410b12,__iob_func
0x150f5412,0x150f5412,__isascii
0xf1209a45,0xf1209a45,__iscsym
0x1533e32b,0x1533e32b,__iscsymf
0xf0f9b3a3,0xf0f9b3a3,__lc_clike
0xb7b9b2f3,0xb7b9b2f3,__lc_codepage
0xe8325af1,0xe8325af1,__lc_collate_cp
0x1b1586e7,0x1b1586e7,__lc_handle
0xb9b93f42,0xb9b93f42,__lconv_init
0xbb6fb50a,0xbb6fb50a,__mb_cur_max
0x759e3fbd,0x759e3fbd,__nss_InitLock
0x77d657c0,0x77d657c0,__nss_base_version
0xf5477f7,0x0f5477f7,__p___argc
0xf54780a,0x0f54780a,__p___argv
0x5f487f77,0x5f487f77,__p___initenv
0xb12dc6d7,0xb12dc6d7,__p___mb_cur_max
0xfb686f21,0xfb686f21,__p___wargv
0xbdf9b32e,0xbdf9b32e,__p___winitenv
0xb40a1bca,0xb40a1bca,__p__acmdln
0xc7ae2d98,0xc7ae2d98,__p__amblksiz
0xeb44f13f,0xeb44f13f,__p__commode
0x265e2db1,0x265e2db1,__p__daylight
0x420c5a05,0x420c5a05,__p__dstbias
0x8384fb5c,0x8384fb5c,__p__environ
0x47e21f47,0x47e21f47,__p__fileinfo
0xd969ac6,0x0d969ac6,__p__fmode
0x25d0b75,0x025d0b75,__p__iob
0x404fa9a4,0x404fa9a4,__p__mbcasemap
0xce074e4f,0xce074e4f,__p__mbctype
0xe3cdf8a,0x0e3cdf8a,__p__osver
0xd70badb0,0xd70badb0,__p__pctype
0xd7501355,0xd7501355,__p__pgmptr
0xe5f259c7,0xe5f259c7,__p__pwctype
0x35da43e6,0x35da43e6,__p__timezone
0xe1fcd30a,0xe1fcd30a,__p__tzname
0xe75b99a0,0xe75b99a0,__p__wcmdln
0xca365333,0xca365333,__p__wenviron
0xfd77e4a2,0xfd77e4a2,__p__winmajor
0xfd7c58ae,0xfd7c58ae,__p__winminor
0xe7c904b6,0xe7c904b6,__p__winver
0xf0ba4c4c,0xf0ba4c4c,__p__wpgmptr
0x6a9cb4ed,0x6a9cb4ed,__pctype_func
0x198b70c1,0x198b70c1,__pioinfo
0x209f9d1d,0x209f9d1d,__processing_throw
0x76e5a4,0x0076e5a4,__pwctype_func
0xeefd1151,0xeefd1151,__pxcptinfoptrs
0x34ebba4a,0x34ebba4a,__report_gsfailure
0x831c012b,0x831c012b,__security_error_handler
0x6c5d45da,0x6c5d45da,__set_app_type
0xf799285f,0xf799285f,__set_buffer_overrun_handler
0xfd55c903,0xfd55c903,__setlc_active
0x4cc6f6ab,0x4cc6f6ab,__setusermatherr
0xa76a5240,0xa76a5240,__std_exception_copy
0xca1fc3af,0xca1fc3af,__std_exception_destroy
0x6e0fae00,0x6e0fae00,__std_terminate
0xfcad73ea,0xfcad73ea,__std_type_info_compare
0x38638948,0x38638948,__std_type_info_destroy_list
0x1202d0e7,0x1202d0e7,__std_type_info_hash
0x12061a64,0x12061a64,__std_type_info_name
0xac89168a,0xac89168a,__telemetry_main_invoke_trigger
0xea633d5e,0xea633d5e,__telemetry_main_return_trigger
0xa0278551,0xa0278551,__threadhandle
0xb5b68d92,0xb5b68d92,__threadid
0x5a7b4dd9,0x5a7b4dd9,__toascii
0xa553e595,0xa553e595,__unDName
0x49e3a812,0x49e3a812,__unDNameEx
0xa73a8fba,0xa73a8fba,__uncaught_exception
0x8e8c874d,0x8e8c874d,__uncaught_exceptions
0xb233cff1,0xb233cff1,__unguarded_readlc_active
0xa7ad83a9,0xa7ad83a9,__vcrt_GetModuleFileNameW
0x56b0cc54,0x56b0cc54,__vcrt_GetModuleHandleW
0x85dd4a9a,0x85dd4a9a,__vcrt_InitializeCriticalSectionEx
0xab50c834,0xab50c834,__vcrt_LoadLibraryExW
0xb2ecf174,0xb2ecf174,__wargv
0xfbf793e4,0xfbf793e4,__wcserror
0x7bc6ee16,0x7bc6ee16,__wgetmainargs
0x7af8f613,0x7af8f613,__wine_get_ui_window
0x80ea15da,0x80ea15da,__wine_get_vulkan_driver
0xccc48293,0xccc48293,__wine_get_wgl_driver
0x7ab0feea,0x7ab0feea,__wine_make_gdi_object_system
0x470a79bb,0x470a79bb,__wine_register_window
0x8ca4b76b,0x8ca4b76b,__wine_set_display_driver
0x9526099b,0x9526099b,__wine_set_visible_region
0x3236e25e,0x3236e25e,__wine_unregister_window
0xbe7478a1,0xbe7478a1,__winitenv
0x4a9e63,0x004a9e63,_abnormal_termination
0x6b892780,0x6b892780,_access
0x6b8e9e1d,0x6b8e9e1d,_acmdln
0x5ffcb2a1,0x5ffcb2a1,_adj_fdiv_m16i
0x6f83c796,0x6f83c796,_adj_fdiv_m32
0x5ffcba9f,0x5ffcba9f,_adj_fdiv_m32i
0x6f83c7fb,0x6f83c7fb,_adj_fdiv_m64
0x6f4b5896,0x6f4b5896,_adj_fdiv_r
0x4294f2d3,0x4294f2d3,_adj_fdivr_m16i
0x5f1bc988,0x5f1bc988,_adj_fdivr_m32
0x4294fad1,0x4294fad1,_adj_fdivr_m32i
0x5f1bc9ed,0x5f1bc9ed,_adj_fdivr_m64
0x70200f36,0x70200f36,_adj_fpatan
0x3661856,0x03661856,_adj_fprem
0x70292347,0x70292347,_adj_fprem1
0x3662055,0x03662055,_adj_fptan
0x2db09bc1,0x2db09bc1,_adjust_fdiv
0xf30b549c,0xf30b549c,_aexit_rtn
0x4ea89fc3,0x4ea89fc3,_aligned_free
0xaa741739,0xaa741739,_aligned_malloc
0x6118eb9f,0x6118eb9f,_aligned_offset_malloc
0xda71949,0x0da71949,_aligned_offset_realloc
0x8267b823,0x8267b823,_aligned_realloc
0x6c30edea,0x6c30edea,_alldiv
0xf24ee240,0xf24ee240,_alldvrm
0x6c3115b5,0x6c3115b5,_allmul
0xe1e12351,0xe1e12351,_alloca_probe
0xb5a04857,0xb5a04857,_alloca_probe_16
0xdeb74808,0xdeb74808,_alloca_probe_8
0x6c3128eb,0x6c3128eb,_allrem
0x6c312d8e,0x6c312d8e,_allshl
0x6c312d94,0x6c312d94,_allshr
0xd0455e6f,0xd0455e6f,_amsg_exit
0x6cb37580,0x6cb37580,_assert
0x6cc35624,0x6cc35624,_atodbl
0x6cc369c5,0x6cc369c5,_atoi64
0x5328530,0x05328530,_atoldbl
0x751653f,0x0751653f,_aulldiv
0xf17e4435,0xf17e4435,_aulldvrm
0x751a040,0x0751a040,_aullrem
0x751a4e9,0x0751a4e9,_aullshr
0x6bc44b2a,0x6bc44b2a,_beep
0xc40fc8eb,0xc40fc8eb,_beginthread
0x725b8e8,0x0725b8e8,_beginthreadex
0x722f8f2a,0x722f8f2a,_c_exit
0x6bc4c627,0x6bc4c627,_cabs
0xc67a62fc,0xc67a62fc,_callnewh
0xe460192b,0xe460192b,_cexit
0xe460e284,0xe460e284,_cgets
0x707d33db,0x707d33db,_cgetws
0xe4616938,0xe4616938,_chdir
0x82656bb3,0x82656bb3,_chdrive
0x829c3fb1,0x829c3fb1,_chgsign
0x7092564c,0x7092564c,_chkesp
0x709291f6,0x709291f6,_chkstk
0xe4619039,0xe4619039,_chmod
0x7096cb34,0x7096cb34,_chsize
0x8bc2f88b,0x8bc2f88b,_clearfp
0xe463cac4,0xe463cac4,_close
0x71123b57,0x71123b57,_commit
0x9359bdf2,0x9359bdf2,_commode
0x2e4bd27e,0x2e4bd27e,_control87
0x2e4bd465,0x2e4bd465,_controlfp
0x66c637a,0x066c637a,_copysign
0x96072d64,0x96072d64,_cprintf
0xe46615fd,0xe46615fd,_cputs
0x7128d674,0x7128d674,_cputws
0xe466e83d,0xe466e83d,_creat
0x7154ef1c,0x7154ef1c,_cscanf
0x9ebafaaa,0x9ebafaaa,_ctime64
0xe4699626,0xe4699626,_cwait
0x6dba391b,0x6dba391b,_cwprintf
0xa669dff3,0xa669dff3,_cwscanf
0xd10c90c4,0xd10c90c4,_daylight
0xea2126b8,0xea2126b8,_dstbias
0x58996237,0x58996237,_dup
0x6bc5a949,0x6bc5a949,_dup2
0x6bc5ea00,0x6bc5ea00,_ecvt
0x2889139d,0x2889139d,_endthread
0x6f1c781a,0x6f1c781a,_endthreadex
0x2b99c80f,0x2b99c80f,_environ
0x589965a8,0x589965a8,_eof
0xe48b5234,0xe48b5234,_errno
0xe78b7626,0xe78b7626,_except_handler2
0xe78b7627,0xe78b7627,_except_handler3
0x127b41f0,0x127b41f0,_except_handler4_common
0xe48e63bf,0xe48e63bf,_execl
0x765adbe4,0x765adbe4,_execle
0x765adbef,0x765adbef,_execlp
0x41b65a14,0x41b65a14,_execlpe
0xe48e63c9,0xe48e63c9,_execv
0x765add2e,0x765add2e,_execve
0x765add39,0x765add39,_execvp
0x41b6849e,0x41b6849e,_execvpe
0x6bc641a8,0x6bc641a8,_exit
0x7660dbce,0x7660dbce,_expand
0xd31956e3,0xd31956e3,_fcloseall
0x6bc67661,0x6bc67661,_fcvt
0x774bccaa,0x774bccaa,_fdopen
0x4953f792,0x4953f792,_fgetchar
0x73cc1a05,0x73cc1a05,_fltused
0x6bc6bdc3,0x6bc6bdc3,_ftol
0xb6795e02,0xb6795e02,_get_purecall_handler
0x8ad95982,0x8ad95982,_get_unexpected
0x80c48925,0x80c48925,_global_unwind2
0xe4c162b2,0xe4c162b2,_hread
0x7d4f78c1,0x7d4f78c1,_hwrite
0x7d3f3385,0x7d3f3385,_i64toa
0xc9da3557,0xc9da3557,_i64toa_s
0x7d3f339b,0x7d3f339b,_i64tow
0xc9da92ed,0xc9da92ed,_i64tow_s
0x634db7ae,0x634db7ae,_is_exception_typeof
0x6bc862db,0x6bc862db,_itoa
0x7f6c922d,0x7f6c922d,_itoa_s
0x6bc862f1,0x6bc862f1,_itow
0x7f6cefc3,0x7f6cefc3,_itow_s
0x85370050,0x85370050,_lclose
0x853a1dc9,0x853a1dc9,_lcreat
0xe50342db,0xe50342db,_lfind
0x85dd872e,0x85dd872e,_llseek
0x456d772d,0x456d772d,_local_unwind
0xf31c5cff,0xf31c5cff,_local_unwind2
0xf31c5d01,0xf31c5d01,_local_unwind4
0x27c6f162,0x27c6f162,_longjmpex
0xe5084eec,0xe5084eec,_lopen
0xe509c4b6,0xe509c4b6,_lread
0x6bca07fe,0x6bca07fe,_ltoa
0x866c0c10,0x866c0c10,_ltoa_s
0x6bca0814,0x6bca0814,_ltow
0x866c69a6,0x866c69a6,_ltow_s
0x86a41b45,0x86a41b45,_lwrite
0x744f95cb,0x744f95cb,_makepath_s
0x7dc6d9fc,0x7dc6d9fc,_memccpy
0x7dca23d6,0x7dca23d6,_memicmp
0x55b32735,0x55b32735,_pr_push_ipv6toipv4_layer
0x84503f3b,0x84503f3b,_pr_test_ipv6_socket
0xd6d91f26,0xd6d91f26,_purecall
0x51126158,0x51126158,_seh_longjmp_unwind
0x735e8c8c,0x735e8c8c,_seh_longjmp_unwind4
0x484f8a8e,0x484f8a8e,_set_purecall_handler
0x453db5a,0x0453db5a,_set_se_translator
0x4c26f314,0x4c26f314,_setjmp3
0x7d0b6462,0x7d0b6462,_snprintf
0xed761174,0xed761174,_snprintf_s
0xe1d8496c,0xe1d8496c,_snscanf_s
0x35454fd9,0x35454fd9,_snwprintf
0x9bd8b6ab,0x9bd8b6ab,_snwprintf_s
0xa14fa3c3,0xa14fa3c3,_snwscanf_s
0xaedc1147,0xaedc1147,_splitpath
0xd6258b99,0xd6258b99,_splitpath_s
0x6efc4cf0,0x6efc4cf0,_strcmpi
0x6eff6c50,0x6eff6c50,_stricmp
0x96c1fb5c,0x96c1fb5c,_strlwr
0x4f4a907e,0x4f4a907e,_strnicmp
0x3952ce13,0x3952ce13,_strnset_s
0x4fa32425,0x4fa32425,_strset_s
0x96c220be,0x96c220be,_strupr
0x31d7872b,0x31d7872b,_swprintf
0xed453d5a,0xed453d5a,_ui64toa
0x538a086c,0x538a086c,_ui64toa_s
0xed453d70,0xed453d70,_ui64tow
0x538a6602,0x538a6602,_ui64tow_s
0xe5a99893,0xe5a99893,_ultoa
0xf67215e5,0xf67215e5,_ultoa_s
0xe5a998a9,0xe5a998a9,_ultow
0xf672737b,0xf672737b,_ultow_s
0xd225f104,0xd225f104,_vscwprintf
0x7b37a878,0x7b37a878,_vsnprintf
0x27c3b30a,0x27c3b30a,_vsnprintf_s
0xf8fa16af,0xf8fa16af,_vsnwprintf
0x1fda8b01,0x1fda8b01,_vsnwprintf_s
0x3003cb41,0x3003cb41,_vswprintf
0x7b52c524,0x7b52c524,_wcsicmp
0x9ee389b0,0x9ee389b0,_wcslwr
0xe60903d2,0xe60903d2,_wcsnicmp
0xa7dfabe7,0xa7dfabe7,_wcsnset_s
0xe6619779,0xe6619779,_wcsset_s
0xb59ecf86,0xb59ecf86,_wcstoui64
0x9ee3af12,0x9ee3af12,_wcsupr
0x33f9eca2,0x33f9eca2,_wmakepath_s
0x8b1abd50,0x8b1abd50,_wsplitpath_s
0x6bd01031,0x6bd01031,_wtoi
0xa014e79b,0xa014e79b,_wtoi64
0x6bd01034,0x6bd01034,_wtol
0xa70c125,0x0a70c125,abs
0x9e63ed9f,0x9e63ed9f,accept
0x56a8c8f6,0x56a8c8f6,acmDriverAddA
0x56a8c90c,0x56a8c90c,acmDriverAddW
0x2beaad22,0x2beaad22,acmDriverClose
0xd66bef53,0xd66bef53,acmDriverDetailsA
0xd66bef69,0xd66bef69,acmDriverDetailsW
0x56ab2741,0x56ab2741,acmDriverEnum
0x84e610b9,0x84e610b9,acmDriverID
0xc3051b31,0xc3051b31,acmDriverMessage
0x56b0a97e,0x56b0a97e,acmDriverOpen
0xb9907aae,0xb9907aae,acmDriverPriority
0xcbbddffa,0xcbbddffa,acmDriverRemove
0x3624b668,0x3624b668,acmFilterChooseA
0x3624b67e,0x3624b67e,acmFilterChooseW
0xab5baad,0x0ab5baad,acmFilterDetailsA
0xab5bac3,0x0ab5bac3,acmFilterDetailsW
0x975c093c,0x975c093c,acmFilterEnumA
0x975c0952,0x975c0952,acmFilterEnumW
0x6e8772e9,0x6e8772e9,acmFilterTagDetailsA
0x6e8772ff,0x6e8772ff,acmFilterTagDetailsW
0x7ce24af8,0x7ce24af8,acmFilterTagEnumA
0x7ce24b0e,0x7ce24b0e,acmFilterTagEnumW
0x664d140b,0x664d140b,acmFormatChooseA
0x664d1421,0x664d1421,acmFormatChooseW
0x3fe9ccb0,0x3fe9ccb0,acmFormatDetailsA
0x3fe9ccc6,0x3fe9ccc6,acmFormatDetailsW
0xc57aa21f,0xc57aa21f,acmFormatEnumA
0xc57aa235,0xc57aa235,acmFormatEnumW
0x53ae8f8b,0x53ae8f8b,acmFormatSuggest
0x111bea0c,0x111bea0c,acmFormatTagDetailsA
0x111bea22,0x111bea22,acmFormatTagDetailsW
0xb2165cfb,0xb2165cfb,acmFormatTagEnumA
0xb2165d11,0xb2165d11,acmFormatTagEnumW
0x9f54da86,0x9f54da86,acmGetVersion
0x3528b9ea,0x3528b9ea,acmMessage32
0x6cb95397,0x6cb95397,acmMetrics
0x2cdc8622,0x2cdc8622,acmStreamClose
0xdd05a80d,0xdd05a80d,acmStreamConvert
0xc7d13431,0xc7d13431,acmStreamMessage
0xa44b627e,0xa44b627e,acmStreamOpen
0x17e20f44,0x17e20f44,acmStreamPrepareHeader
0x2de82e4f,0x2de82e4f,acmStreamReset
0xa44d78e7,0xa44d78e7,acmStreamSize
0x2d656267,0x2d656267,acmStreamUnprepareHeader
0x8bec6dfe,0x8bec6dfe,aiaConnectionCache
0x4b1c210a,0x4b1c210a,aom_codec_av1_cx
0x4b1c212b,0x4b1c212b,aom_codec_av1_dx
0x8433c9cd,0x8433c9cd,aom_codec_build_config
0x3a479cc9,0x3a479cc9,aom_codec_control
0xac5a50b3,0xac5a50b3,aom_codec_dec_init_ver
0x50f1952c,0x50f1952c,aom_codec_decode
0x7048bdd2,0x7048bdd2,aom_codec_destroy
0xfdf36b97,0xfdf36b97,aom_codec_enc_config_default
0x8d900d5d,0x8d900d5d,aom_codec_enc_init_ver
0x53e99a56,0x53e99a56,aom_codec_encode
0x5bcb5ee9,0x5bcb5ee9,aom_codec_err_to_string
0x6f288d52,0x6f288d52,aom_codec_error
0xf6093c44,0xf6093c44,aom_codec_error_detail
0x4139b6ce,0x4139b6ce,aom_codec_get_caps
0x7d85e7fb,0x7d85e7fb,aom_codec_get_cx_data
0x68afec32,0x68afec32,aom_codec_get_frame
0xaaf71ea3,0xaaf71ea3,aom_codec_peek_stream_info
0xc410d86c,0xc410d86c,aom_codec_set_option
0xd9ce382e,0xd9ce382e,aom_codec_version
0x9a02366,0x09a02366,aom_codec_version_str
0x6f8bb6e9,0x6f8bb6e9,aom_img_free
0x547de4f,0x0547de4f,aom_img_plane_height
0x37881816,0x37881816,aom_img_plane_width
0x6f9508e1,0x6f9508e1,aom_img_wrap
0x6b34348e,0x6b34348e,api-ms-win-core-com-l1-1-0.CLSIDFromProgID
0x72598dc0,0x72598dc0,api-ms-win-core-com-l1-1-0.CLSIDFromString
0xaec3e614,0xaec3e614,api-ms-win-core-com-l1-1-0.CoAddRefServerProcess
0x1ef04d08,0x1ef04d08,api-ms-win-core-com-l1-1-0.CoAllowUnmarshalerCLSID
0x3884a53a,0x3884a53a,api-ms-win-core-com-l1-1-0.CoCancelCall
0x9496e8b5,0x9496e8b5,api-ms-win-core-com-l1-1-0.CoCopyProxy
0xc39a398e,0xc39a398e,api-ms-win-core-com-l1-1-0.CoCreateFreeThreadedMarshaler
0x2f046cf5,0x2f046cf5,api-ms-win-core-com-l1-1-0.CoCreateGuid
0x9af1f7a1,0x9af1f7a1,api-ms-win-core-com-l1-1-0.CoCreateInstance
0x1f4e6d1e,0x1f4e6d1e,api-ms-win-core-com-l1-1-0.CoCreateInstanceEx
0xad1180f6,0xad1180f6,api-ms-win-core-com-l1-1-0.CoCreateInstanceFromApp
0x9caea86,0x09caea86,api-ms-win-core-com-l1-1-0.CoDecrementMTAUsage
0x75118b95,0x75118b95,api-ms-win-core-com-l1-1-0.CoDisableCallCancellation
0x89f57467,0x89f57467,api-ms-win-core-com-l1-1-0.CoDisconnectContext
0x5d4df519,0x5d4df519,api-ms-win-core-com-l1-1-0.CoDisconnectObject
0x7018de48,0x7018de48,api-ms-win-core-com-l1-1-0.CoEnableCallCancellation
0x12e961eb,0x12e961eb,api-ms-win-core-com-l1-1-0.CoFreeUnusedLibraries
0x72c991e8,0x72c991e8,api-ms-win-core-com-l1-1-0.CoFreeUnusedLibrariesEx
0x96e40766,0x96e40766,api-ms-win-core-com-l1-1-0.CoGetApartmentType
0xb8078bd9,0xb8078bd9,api-ms-win-core-com-l1-1-0.CoGetCallContext
0xc2057f2c,0xc2057f2c,api-ms-win-core-com-l1-1-0.CoGetCallerTID
0x9b54fe75,0x9b54fe75,api-ms-win-core-com-l1-1-0.CoGetCancelObject
0x27b4e6e5,0x27b4e6e5,api-ms-win-core-com-l1-1-0.CoGetClassObject
0x4b579dfe,0x4b579dfe,api-ms-win-core-com-l1-1-0.CoGetContextToken
0x6f086db,0x06f086db,api-ms-win-core-com-l1-1-0.CoGetCurrentLogicalThreadId
0x5b86a45a,0x5b86a45a,api-ms-win-core-com-l1-1-0.CoGetCurrentProcess
0xe238b702,0xe238b702,api-ms-win-core-com-l1-1-0.CoGetDefaultContext
0x2ac33c09,0x2ac33c09,api-ms-win-core-com-l1-1-0.CoGetInterfaceAndReleaseStream
0x42ce9f90,0x42ce9f90,api-ms-win-core-com-l1-1-0.CoGetMalloc
0x9070b9c1,0x9070b9c1,api-ms-win-core-com-l1-1-0.CoGetMarshalSizeMax
0xddfd8af4,0xddfd8af4,api-ms-win-core-com-l1-1-0.CoGetObjectContext
0xaceb58aa,0xaceb58aa,api-ms-win-core-com-l1-1-0.CoGetPSClsid
0x660b4df1,0x660b4df1,api-ms-win-core-com-l1-1-0.CoGetStandardMarshal
0x1b718448,0x1b718448,api-ms-win-core-com-l1-1-0.CoGetStdMarshalEx
0x3bd0e0c2,0x3bd0e0c2,api-ms-win-core-com-l1-1-0.CoGetTreatAsClass
0x4722d43e,0x4722d43e,api-ms-win-core-com-l1-1-0.CoImpersonateClient
0x55eaa974,0x55eaa974,api-ms-win-core-com-l1-1-0.CoIncrementMTAUsage
0x77986d67,0x77986d67,api-ms-win-core-com-l1-1-0.CoInitializeEx
0x25a5be62,0x25a5be62,api-ms-win-core-com-l1-1-0.CoInitializeSecurity
0xed46d305,0xed46d305,api-ms-win-core-com-l1-1-0.CoIsHandlerConnected
0x1f5dcbbb,0x1f5dcbbb,api-ms-win-core-com-l1-1-0.CoLockObjectExternal
0x7421f907,0x7421f907,api-ms-win-core-com-l1-1-0.CoMarshalHresult
0x4e0936ce,0x4e0936ce,api-ms-win-core-com-l1-1-0.CoMarshalInterThreadInterfaceInStream
0x29c0ef11,0x29c0ef11,api-ms-win-core-com-l1-1-0.CoMarshalInterface
0xdae7af2,0x0dae7af2,api-ms-win-core-com-l1-1-0.CoQueryAuthenticationServices
0x5211c00e,0x5211c00e,api-ms-win-core-com-l1-1-0.CoQueryClientBlanket
0xac6ef411,0xac6ef411,api-ms-win-core-com-l1-1-0.CoQueryProxyBlanket
0xd6f551f5,0xd6f551f5,api-ms-win-core-com-l1-1-0.CoRegisterActivationFilter
0xf71e1d0a,0xf71e1d0a,api-ms-win-core-com-l1-1-0.CoRegisterClassObject
0x5bad444f,0x5bad444f,api-ms-win-core-com-l1-1-0.CoRegisterPSClsid
0xc2679779,0xc2679779,api-ms-win-core-com-l1-1-0.CoRegisterSurrogate
0xce8f721b,0xce8f721b,api-ms-win-core-com-l1-1-0.CoReleaseMarshalData
0x4cae32f,0x04cae32f,api-ms-win-core-com-l1-1-0.CoReleaseServerProcess
0x728cbca9,0x728cbca9,api-ms-win-core-com-l1-1-0.CoResumeClassObjects
0xf918169d,0xf918169d,api-ms-win-core-com-l1-1-0.CoRevertToSelf
0x76b26611,0x76b26611,api-ms-win-core-com-l1-1-0.CoRevokeClassObject
0x42ae2381,0x42ae2381,api-ms-win-core-com-l1-1-0.CoSetCancelObject
0x98c0bbe7,0x98c0bbe7,api-ms-win-core-com-l1-1-0.CoSetProxyBlanket
0xa4da7b9a,0xa4da7b9a,api-ms-win-core-com-l1-1-0.CoSuspendClassObjects
0x6b1df04b,0x6b1df04b,api-ms-win-core-com-l1-1-0.CoSwitchCallContext
0xc30f0b55,0xc30f0b55,api-ms-win-core-com-l1-1-0.CoTaskMemAlloc
0x24f3c74c,0x24f3c74c,api-ms-win-core-com-l1-1-0.CoTaskMemFree
0xce809f0c,0xce809f0c,api-ms-win-core-com-l1-1-0.CoTaskMemRealloc
0x3a5ee9e,0x03a5ee9e,api-ms-win-core-com-l1-1-0.CoTestCancel
0xb710d2ad,0xb710d2ad,api-ms-win-core-com-l1-1-0.CoUninitialize
0x5844438a,0x5844438a,api-ms-win-core-com-l1-1-0.CoUnmarshalHresult
0x9f9fe654,0x9f9fe654,api-ms-win-core-com-l1-1-0.CoUnmarshalInterface
0xdad3e9f,0x0dad3e9f,api-ms-win-core-com-l1-1-0.CoWaitForMultipleHandles
0x2a92168a,0x2a92168a,api-ms-win-core-com-l1-1-0.CoWaitForMultipleObjects
0xd1fb7f5c,0xd1fb7f5c,api-ms-win-core-com-l1-1-0.CreateStreamOnHGlobal
0xa2f7c1df,0xa2f7c1df,api-ms-win-core-com-l1-1-0.GetHGlobalFromStream
0xf79b87e7,0xf79b87e7,api-ms-win-core-com-l1-1-0.IIDFromString
0xed81f8ee,0xed81f8ee,api-ms-win-core-com-l1-1-0.ProgIDFromCLSID
0xec198378,0xec198378,api-ms-win-core-com-l1-1-0.RoGetAgileReference
0x44cbca60,0x44cbca60,api-ms-win-core-com-l1-1-0.StringFromCLSID
0x4518f08c,0x4518f08c,api-ms-win-core-com-l1-1-0.StringFromGUID2
0x316e1107,0x316e1107,api-ms-win-core-com-l1-1-0.StringFromIID
0x7443db18,0x7443db18,api-ms-win-core-com-private-l1-1-0.CLSIDFromOle1Class
0xbae51daa,0xbae51daa,api-ms-win-core-com-private-l1-1-0.CoCreateErrorInfo
0xebe56b67,0xebe56b67,api-ms-win-core-com-private-l1-1-0.CoCreateObjectInContext
0xf7fa7771,0xf7fa7771,api-ms-win-core-com-private-l1-1-0.CoDeactivateObject
0x2a331ff3,0x2a331ff3,api-ms-win-core-com-private-l1-1-0.CoGetActivationState
0xb1f8be79,0xb1f8be79,api-ms-win-core-com-private-l1-1-0.CoGetApartmentID
0xb43dd0fd,0xb43dd0fd,api-ms-win-core-com-private-l1-1-0.CoGetCallState
0x7ad3099c,0x7ad3099c,api-ms-win-core-com-private-l1-1-0.CoGetClassVersion
0x225ad136,0x225ad136,api-ms-win-core-com-private-l1-1-0.CoGetErrorInfo
0x8b081109,0x8b081109,api-ms-win-core-com-private-l1-1-0.CoGetInstanceFromFile
0xdd639ac7,0xdd639ac7,api-ms-win-core-com-private-l1-1-0.CoGetInstanceFromIStorage
0x4943be8,0x04943be8,api-ms-win-core-com-private-l1-1-0.CoGetModuleType
0x17e2c4a2,0x17e2c4a2,api-ms-win-core-com-private-l1-1-0.CoGetProcessIdentifier
0x6e233039,0x6e233039,api-ms-win-core-com-private-l1-1-0.CoGetSystemSecurityPermissions
0x1a8c5d30,0x1a8c5d30,api-ms-win-core-com-private-l1-1-0.CoInvalidateRemoteMachineBindings
0x6bee038,0x06bee038,api-ms-win-core-com-private-l1-1-0.CoPopServiceDomain
0x95be07e9,0x95be07e9,api-ms-win-core-com-private-l1-1-0.CoPushServiceDomain
0xa2e289bf,0xa2e289bf,api-ms-win-core-com-private-l1-1-0.CoReactivateObject
0xc92f4733,0xc92f4733,api-ms-win-core-com-private-l1-1-0.CoRegisterInitializeSpy
0xbb535c99,0xbb535c99,api-ms-win-core-com-private-l1-1-0.CoRegisterMallocSpy
0x2e7af7e2,0x2e7af7e2,api-ms-win-core-com-private-l1-1-0.CoRetireServer
0x82e533fa,0x82e533fa,api-ms-win-core-com-private-l1-1-0.CoRevokeInitializeSpy
0xaa9bfde0,0xaa9bfde0,api-ms-win-core-com-private-l1-1-0.CoRevokeMallocSpy
0x6dc331c2,0x6dc331c2,api-ms-win-core-com-private-l1-1-0.CoSetErrorInfo
0x3d6b2b05,0x3d6b2b05,api-ms-win-core-com-private-l1-1-0.CoVrfCheckThreadState
0x72d56e07,0x72d56e07,api-ms-win-core-com-private-l1-1-0.CoVrfGetThreadState
0x1aa13448,0x1aa13448,api-ms-win-core-com-private-l1-1-0.CoVrfReleaseThreadState
0x588306be,0x588306be,api-ms-win-core-com-private-l1-1-0.DllDebugObjectRPCHook
0x2caea97d,0x2caea97d,api-ms-win-core-com-private-l1-1-0.EnableHookObject
0x34ee3c89,0x34ee3c89,api-ms-win-core-com-private-l1-1-0.GetCatalogHelper
0x9598d090,0x9598d090,api-ms-win-core-com-private-l1-1-0.GetHookInterface
0xdd2b309d,0xdd2b309d,api-ms-win-core-com-private-l1-1-0.HkOleRegisterObject
0xb03ad3c1,0xb03ad3c1,api-ms-win-core-com-private-l1-1-0.NdrOleInitializeExtension
0xa9deb05,0x0a9deb05,api-ms-win-core-com-private-l1-1-0.UpdateDCOMSettings
0xafc33498,0xafc33498,api-ms-win-core-com-private-l1-1-0.UpdateProcessTracing
0x58893053,0x58893053,atan
0x5889321c,0x5889321c,atoi
0x5889321f,0x5889321f,atol
0x77620807,0x77620807,aux32Message
0xa4a19e44,0xa4a19e44,auxGetDevCapsA
0xa4a19e5a,0xa4a19e5a,auxGetDevCapsW
0x888b14df,0x888b14df,auxGetNumDevs
0x5c3121f5,0x5c3121f5,auxGetVolume
0x7ecea0da,0x7ecea0da,auxOutMessage
0xd2066e01,0xd2066e01,auxSetVolume
0x758bdc4e,0x758bdc4e,av1_apply_encoding_flags
0x143e8eb1,0x143e8eb1,av1_change_config
0x894f35d0,0x894f35d0,av1_convert_sect5obus_to_annexb
0x298e6199,0x298e6199,av1_copy_new_frame_enc
0x6aaebd14,0x6aaebd14,av1_copy_reference_enc
0x50a7f5b6,0x50a7f5b6,av1_create_compressor
0xcdbc2a4e,0xcdbc2a4e,av1_get_active_map
0xc7840e23,0xc7840e23,av1_get_compressed_data
0x3ee535a1,0x3ee535a1,av1_get_global_headers
0xda4b3d93,0xda4b3d93,av1_get_last_show_frame
0x145f54aa,0x145f54aa,av1_get_preview_raw_frame
0x4f1d1d38,0x4f1d1d38,av1_get_quantizer
0x17c4a83d,0x17c4a83d,av1_initialize_enc
0xd296ea3,0x0d296ea3,av1_qindex_to_quantizer
0x5812cf63,0x5812cf63,av1_quantizer_to_qindex
0x3397e56c,0x3397e56c,av1_receive_raw_frame
0x4335ef30,0x4335ef30,av1_remove_compressor
0x94beddda,0x94beddda,av1_set_active_map
0xb9c08998,0xb9c08998,av1_set_internal_size
0x40dde45,0x040dde45,av1_set_reference_enc
0x486dd7a4,0x486dd7a4,av1_use_as_reference
0x58898f8c,0x58898f8c,bind
0x69bd2a9a,0x69bd2a9a,block
0xdd506e67,0xdd506e67,bsearch
0x22acefa0,0x22acefa0,cachedCertChainTable
0x2f9e55e0,0x2f9e55e0,cachedCertSigTable
0xcc6fe55d,0xcc6fe55d,cachedCertTable
0x7f218342,0x7f218342,cachedCrlEntryTable
0xf5d99a13,0xf5d99a13,cachedCrlSigTable
0x22780be0,0x22780be0,cachedObjectType
0x588a0a4c,0x588a0a4c,ceil
0x6900eb74,0x6900eb74,cert_AVAOidTagToMaxLen
0xf7d1e260,0xf7d1e260,cert_AcquireNamedCRLCache
0x6e7bb917,0x6e7bb917,cert_AddSubjectKeyIDMapping
0xe3614e5f,0xe3614e5f,cert_AddToVerifyLog
0x7ff0588b,0x7ff0588b,cert_CacheCRLByGeneralName
0x41bc1746,0x41bc1746,cert_CheckCertRevocationStatus
0x2d7eb1b4,0x2d7eb1b4,cert_CheckLeafTrust
0xb5efeec0,0xb5efeec0,cert_CombineConstraintsLists
0x833537c,0x0833537c,cert_CombineNamesLists
0x519161b8,0x519161b8,cert_CompareNameWithConstraints
0x5060fcc9,0x5060fcc9,cert_ComputeCertType
0xbad76a18,0xbad76a18,cert_CopyOneGeneralName
0x8756f7fb,0x8756f7fb,cert_CountDNSPatterns
0xd489e23e,0xd489e23e,cert_CreateSingleCertOCSPRequest
0x51022382,0x51022382,cert_CreateSubjectKeyIDHashTable
0xaf31403a,0xaf31403a,cert_CreateSubjectKeyIDSlotCheckHash
0xf67febd2,0xf67febd2,cert_DecodeGeneralNames
0x6ebcebc6,0x6ebcebc6,cert_DecodeNameConstraint
0x465a64d9,0x465a64d9,cert_DecodeNameConstraints
0x4dc8e7f8,0x4dc8e7f8,cert_DestroyGeneralNames
0x4c3e2ea2,0x4c3e2ea2,cert_DestroyLocks
0x7da81738,0x7da81738,cert_DestroySubjectKeyIDHashTable
0xe0761ef0,0xe0761ef0,cert_DestroySubjectKeyIDSlotCheckHash
0xe3efffc,0x0e3efffc,cert_EncodeGeneralNames
0xa8848b8a,0xa8848b8a,cert_EncodeNameConstraintSubTree
0xc4c800c3,0xc4c800c3,cert_EncodeNameConstraints
0x4c90fa1f,0x4c90fa1f,cert_ExtractDNEmailAddrs
0xef0dd178,0xef0dd178,cert_FindCRLByGeneralName
0x87ed09e7,0x87ed09e7,cert_FindDERCertBySubjectKeyID
0x2dd5069a,0x2dd5069a,cert_FindExtension
0x85ffaf91,0x85ffaf91,cert_FindExtensionByOID
0x1f22070c,0x1f22070c,cert_GetCertType
0x4fe86c65,0x4fe86c65,cert_GetCertificateEmailAddresses
0x91f37758,0x91f37758,cert_GetDNSPatternsFromGeneralNames
0x4a777ef2,0x4a777ef2,cert_GetKeyID
0xb57884ca,0xb57884ca,cert_GetSubjectAltNameList
0x66e29f89,0x66e29f89,cert_GetTargetCertConstraints
0xee79e3c0,0xee79e3c0,cert_HasCriticalExtension
0x3da7e2d7,0x3da7e2d7,cert_HasUnknownCriticalExten
0x9767a3ec,0x9767a3ec,cert_InitLocks
0xa6809ac8,0xa6809ac8,cert_IsIPsecOID
0xff81118e,0xff81118e,cert_PKIXMakeOIDList
0x3134a25f,0x3134a25f,cert_ProcessOCSPResponse
0x55b23757,0x55b23757,cert_ReleaseNamedCRLCache
0x22f91085,0x22f91085,cert_RememberOCSPProcessingFailure
0x9b90f8dc,0x9b90f8dc,cert_RemoveSubjectKeyIDMapping
0xe0bea39a,0xe0bea39a,cert_StartExtensions
0x45339b0d,0x45339b0d,cert_SubjectKeyIDSlotCheckSeries
0xb43a43c5,0xb43a43c5,cert_UpdateSubjectKeyIDSlotCheck
0x73d54d42,0x73d54d42,cert_VerifyCertChain
0xcc8b455e,0xcc8b455e,cert_VerifyCertChainPkix
0x863027a8,0x863027a8,cert_VerifyCertWithFlags
0xa16a9f43,0xa16a9f43,cert_VerifySubjectAltName
0x4b01c513,0x4b01c513,cert_check_crl_entries
0x527dbcdf,0x527dbcdf,cert_check_crl_version
0x32fea4a1,0x32fea4a1,cert_get_crl_version
0xe2e1064e,0xe2e1064e,cert_pkixDestroyValOutParam
0x406d84d5,0x406d84d5,cert_pkixSetParam
0x2ee550da,0x2ee550da,cert_pkix_FindOutputParam
0xc14ccfa4,0xc14ccfa4,certdb_SaveSingleProfile
0xa36d591e,0xa36d591e,chksym
0xa0fc2ed6,0xa0fc2ed6,classTableLock
0xa2f18e8e,0xa2f18e8e,closesocket
0x25918b61,0x25918b61,closesockinfo
0x219fced9,0x219fced9,connect
0xa70cb54,0x0a70cb54,cos
0xc4a5365d,0xc4a5365d,crl_storeCRL
0x4fc506c5,0x4fc506c5,dbghelp
0x69dd4ff6,0x69dd4ff6,debug
0x812eefb,0x0812eefb,dh
0x9a07cc60,0x9a07cc60,dn_expand
0xf983d83a,0xf983d83a,ekuOidStrings
0x588b9d8b,0x588b9d8b,fabs
0x6a058e31,0x6a058e31,floor
0x588bdfab,0x588bdfab,fptr
0xe0a6b878,0xe0a6b878,freeaddrinfo
0x731cc2c5,0x731cc2c5,gMozCrashReason
0x6db38d01,0x6db38d01,gMozillaPoisonBase
0x6dbd0261,0x6dbd0261,gMozillaPoisonSize
0x258efbc3,0x258efbc3,gMozillaPoisonValue
0xcfef7339,0xcfef7339,gSharedInfo
0xb542da,0x00b542da,gWinEventLogSourceName
0x18143a65,0x18143a65,g_ck_class_cert
0x360106c1,0x360106c1,g_ck_class_privkey
0x8d781cc7,0x8d781cc7,g_ck_class_pubkey
0xa9add1cd,0xa9add1cd,g_ck_false
0x4afdb742,0x4afdb742,g_ck_true
0x7e4b311e,0x7e4b311e,g_default_crypto_context
0x20f3ba92,0x20f3ba92,g_default_trust_domain
0xa7b6832b,0xa7b6832b,g_handles_to_close
0x2a3dce1c,0x2a3dce1c,g_interceptions
0x588cab17,0x588cab17,g_nt
0x306fab1d,0x306fab1d,g_originals
0xa2e90381,0xa2e90381,g_shared_IPC_size
0x48e4d338,0x48e4d338,g_shared_delayed_integrity_level
0xd012d8ea,0xd012d8ea,g_shared_delayed_mitigations
0xea7d1975,0xea7d1975,g_shared_policy_size
0xc0efa60,0x0c0efa60,g_shared_section
0xa7468ae2,0xa7468ae2,gai_strerror
0xaee75360,0xaee75360,gapfnScSendMessage
0x380a8d52,0x380a8d52,gdiPlaySpoolStream
0xd629ab56,0xd629ab56,getaddrinfo
0x8724ac03,0x8724ac03,gethostbyaddr
0x872bc149,0x872bc149,gethostbyname
0xbddb33ae,0xbddb33ae,gethostname
0x5d125fa9,0x5d125fa9,getipv4sourcefilter
0x2a5f39c,0x02a5f39c,getnameinfo
0x1d655cd2,0x1d655cd2,getnetbyname
0xfd57115c,0xfd57115c,getpeername
0x8593efdf,0x8593efdf,getprotobyname
0x3bb94a27,0x3bb94a27,getprotobynumber
0xd476384b,0xd476384b,getservbyname
0xd4778d4f,0xd4778d4f,getservbyport
0xbeb9f2c0,0xbeb9f2c0,getsockname
0xc7b81552,0xc7b81552,getsockopt
0x114ecc66,0x114ecc66,getsourcefilter
0x6d14cc70,0x6d14cc70,hashParameterTemplate
0xa26bf337,0xa26bf337,homedir
0x6a2e220c,0x6a2e220c,htond
0x6a2e220e,0x6a2e220e,htonf
0x6a2e2214,0x6a2e2214,htonl
0xaff264e0,0xaff264e0,htonll
0x6a2e221b,0x6a2e221b,htons
0x46ac4e4c,0x46ac4e4c,httpSocketCache
0x327fb499,0x327fb499,inet_addr
0xe556f948,0xe556f948,inet_network
0x32871af0,0x32871af0,inet_ntoa
0x327d2f9b,0x327d2f9b,inlinedbg
0x6081b393,0x6081b393,ioctlsocket
0xc4313229,0xc4313229,isIssuerCertAllowedAtCertIssuanceTime
0xf7e5af28,0xf7e5af28,isalnum
0xf7e5b5f1,0xf7e5b5f1,isalpha
0xf80b120e,0xf80b120e,iscntrl
0xf81a343c,0xf81a343c,isdigit
0xf855547d,0xf855547d,isgraph
0xf8ae8614,0xf8ae8614,islower
0xf8f852d8,0xf8f852d8,isprint
0xf8fa0bd5,0xf8fa0bd5,ispunct
0xf92d6017,0xf92d6017,isspace
0xf951d137,0xf951d137,isupper
0x2724d608,0x2724d608,iswalpha
0x274d9167,0x274d9167,iswctype
0x27595453,0x27595453,iswdigit
0x27eda62b,0x27eda62b,iswlower
0x286c802e,0x286c802e,iswspace
0x40d19feb,0x40d19feb,iswxdigit
0x29ae7cf4,0x29ae7cf4,isxdigit
0xd2deac8a,0xd2deac8a,itoldyouso
0x13cea20b,0x13cea20b,joy32Message
0xc63afa41,0xc63afa41,joyConfigChanged
0xe9cc948,0x0e9cc948,joyGetDevCapsA
0xe9cc95e,0x0e9cc95e,joyGetDevCapsW
0xb28aef63,0xb28aef63,joyGetNumDevs
0x76abcbf3,0x76abcbf3,joyGetPos
0xd0ce9df0,0xd0ce9df0,joyGetPosEx
0xc0c525ee,0xc0c525ee,joyGetThreshold
0xb2b0a8d6,0xb2b0a8d6,joyReleaseCapture
0x65e14721,0x65e14721,joySetCapture
0xc2d867a,0x0c2d867a,joySetThreshold
0x5c63905f,0x5c63905f,keybd_event
0x588ee7d1,0x588ee7d1,labs
0xfe18b2b6,0xfe18b2b6,libVersionPoint
0xb88243fe,0xb88243fe,listen
0xa70f151,0x0a70f151,lmi
0xb8c510d4,0xb8c510d4,lminfo
0xa70f191,0x0a70f191,log
0xd6683186,0xd6683186,longjmp
0xe02f4fec,0xe02f4fec,lstrcat
0xe6194dad,0xe6194dad,lstrcatA
0xe6194dc3,0xe6194dc3,lstrcatW
0xe02f5174,0xe02f5174,lstrcmp
0xe6198035,0xe6198035,lstrcmpA
0xe619804b,0xe619804b,lstrcmpW
0xe619803d,0xe619803d,lstrcmpi
0xa949881e,0xa949881e,lstrcmpiA
0xa9498834,0xa9498834,lstrcmpiW
0xe02f51e0,0xe02f51e0,lstrcpy
0xe6198e21,0xe6198e21,lstrcpyA
0xe6198e37,0xe6198e37,lstrcpyW
0xe6198e2e,0xe6198e2e,lstrcpyn
0xa94b542f,0xa94b542f,lstrcpynA
0xa94b5445,0xa94b5445,lstrcpynW
0xe02f76b3,0xe02f76b3,lstrlen
0xe61e4d54,0xe61e4d54,lstrlenA
0xe61e4d6a,0xe61e4d6a,lstrlenW
0xb3931221,0xb3931221,mbstowcs
0x25a72912,0x25a72912,mci32Message
0x2cfeecad,0x2cfeecad,mciDriverNotify
0x30ac35ab,0x30ac35ab,mciDriverYield
0xaf99777b,0xaf99777b,mciExecute
0x2f8c8791,0x2f8c8791,mciFreeCommandResource
0x7b0f22b,0x07b0f22b,mciGetCreatorTask
0x1d35e2a6,0x1d35e2a6,mciGetDeviceIDA
0x3dfd0c51,0x3dfd0c51,mciGetDeviceIDFromElementIDA
0x3dfd0c67,0x3dfd0c67,mciGetDeviceIDFromElementIDW
0x1d35e2bc,0x1d35e2bc,mciGetDeviceIDW
0x9d3402ae,0x9d3402ae,mciGetDriverData
0x52fd360a,0x52fd360a,mciGetErrorStringA
0x52fd3620,0x52fd3620,mciGetErrorStringW
0x46ec34b3,0x46ec34b3,mciGetYieldProc
0x32cbd8cf,0x32cbd8cf,mciLoadCommandResource
0x670b04b2,0x670b04b2,mciSendCommandA
0x670b04c8,0x670b04c8,mciSendCommandW
0xb039d0ea,0xb039d0ea,mciSendStringA
0xb039d100,0xb039d100,mciSendStringW
0x55a874ba,0x55a874ba,mciSetDriverData
0x9254953f,0x9254953f,mciSetYieldProc
0xba8b786b,0xba8b786b,memchr
0xba8b790e,0xba8b790e,memcmp
0xba8b797a,0xba8b797a,memcpy
0x8b4fcc8c,0x8b4fcc8c,memcpy_s
0xc002025,0x0c002025,memmove
0xc88c9f7,0x0c88c9f7,memmove_s
0xba8bbc1a,0xba8bbc1a,memset
0x319e92f3,0x319e92f3,mid32Message
0xed307dbc,0xed307dbc,midiConnect
0x13e3737c,0x13e3737c,midiDisconnect
0x9098e4ec,0x9098e4ec,midiInAddBuffer
0xb7f0c7df,0xb7f0c7df,midiInClose
0xb45d9fd0,0xb45d9fd0,midiInGetDevCapsA
0xb45d9fe6,0xb45d9fe6,midiInGetDevCapsW
0x433d7bd9,0x433d7bd9,midiInGetErrorTextA
0x433d7bef,0x433d7bef,midiInGetErrorTextW
0xb8356736,0xb8356736,midiInGetID
0x90c714eb,0x90c714eb,midiInGetNumDevs
0x68fcd92e,0x68fcd92e,midiInMessage
0xdecfe09b,0xdecfe09b,midiInOpen
0xf86be01,0x0f86be01,midiInPrepareHeader
0xb8fc700c,0xb8fc700c,midiInReset
0xb9167757,0xb9167757,midiInStart
0xded2246f,0xded2246f,midiInStop
0xa0f0b464,0xa0f0b464,midiInUnprepareHeader
0xbd42bc3e,0xbd42bc3e,midiOutCacheDrumPatches
0x6bebe66,0x06bebe66,midiOutCachePatches
0x816f8c60,0x816f8c60,midiOutClose
0x84f80111,0x84f80111,midiOutGetDevCapsA
0x84f80127,0x84f80127,midiOutGetDevCapsW
0xa3f5315a,0xa3f5315a,midiOutGetErrorTextA
0xa3f53170,0xa3f53170,midiOutGetErrorTextW
0x81b42bb7,0x81b42bb7,midiOutGetID
0x5909d20c,0x5909d20c,midiOutGetNumDevs
0x72066d82,0x72066d82,midiOutGetVolume
0x57374101,0x57374101,midiOutLongMsg
0x8d3ec1ef,0x8d3ec1ef,midiOutMessage
0x975798fc,0x975798fc,midiOutOpen
0x703e7382,0x703e7382,midiOutPrepareHeader
0x827b348d,0x827b348d,midiOutReset
0xe7dbb98e,0xe7dbb98e,midiOutSetVolume
0x9c347f21,0x9c347f21,midiOutShortMsg
0xe6bce25,0x0e6bce25,midiOutUnprepareHeader
0xb8747814,0xb8747814,midiStreamClose
0xded3de30,0xded3de30,midiStreamOpen
0xfefeaa56,0xfefeaa56,midiStreamOut
0xb959c7fc,0xb959c7fc,midiStreamPause
0x84bc1d73,0x84bc1d73,midiStreamPosition
0x62ccca03,0x62ccca03,midiStreamProperty
0x1a112843,0x1a112843,midiStreamRestart
0xded62204,0xded62204,midiStreamStop
0x344147aa,0x344147aa,mixerClose
0xa05324bc,0xa05324bc,mixerGetControlDetailsA
0xa05324d2,0xa05324d2,mixerGetControlDetailsW
0x5b3f8bdb,0x5b3f8bdb,mixerGetDevCapsA
0x5b3f8bf1,0x5b3f8bf1,mixerGetDevCapsW
0x3485e701,0x3485e701,mixerGetID
0x409bc151,0x409bc151,mixerGetLineControlsA
0x409bc167,0x409bc167,mixerGetLineControlsW
0xb583c409,0xb583c409,mixerGetLineInfoA
0xb583c41f,0xb583c41f,mixerGetLineInfoW
0x57c62b96,0x57c62b96,mixerGetNumDevs
0x3b6c77b9,0x3b6c77b9,mixerMessage
0xf9da1306,0xf9da1306,mixerOpen
0x44299927,0x44299927,mixerSetControlDetails
0x7c7b0e6c,0x7c7b0e6c,mmDrvInstall
0x776bb03f,0x776bb03f,mmGetCurrentTask
0xa8884087,0xa8884087,mmTaskBlock
0xbc4c8a30,0xbc4c8a30,mmTaskCreate
0xe0fd855a,0xe0fd855a,mmTaskSignal
0xaa26a593,0xaa26a593,mmTaskYield
0x1a408573,0x1a408573,mmioAdvance
0x992accf,0x0992accf,mmioAscend
0x3e7a5657,0x3e7a5657,mmioClose
0x2b25c2e,0x02b25c2e,mmioCreateChunk
0x34f0eb7,0x034f0eb7,mmioDescend
0x3eb0b963,0x3eb0b963,mmioFlush
0xea534d0d,0xea534d0d,mmioGetInfo
0xb9474f65,0xb9474f65,mmioInstallIOProcA
0xb9474f7b,0xb9474f7b,mmioInstallIOProcW
0x3f5582b4,0x3f5582b4,mmioOpenA
0x3f5582ca,0x3f5582ca,mmioOpenW
0xeaa6f5dd,0xeaa6f5dd,mmioRead
0x38a2eeda,0x38a2eeda,mmioRenameA
0x38a2eef0,0x38a2eef0,mmioRenameW
0xeaa782c9,0xeaa782c9,mmioSeek
0xe7695a30,0xe7695a30,mmioSendMessage
0x325a8267,0x325a8267,mmioSetBuffer
0x860e2619,0x860e2619,mmioSetInfo
0x64ae5a5e,0x64ae5a5e,mmioStringToFOURCCA
0x64ae5a74,0x64ae5a74,mmioStringToFOURCCW
0x3fe7714c,0x3fe7714c,mmioWrite
0x8a7698b4,0x8a7698b4,mmsystemGetVersion
0x51cad279,0x51cad279,mod32Message
0xbaee41d9,0xbaee41d9,mouse_event
0x552fe7b8,0x552fe7b8,moz_arena_calloc
0xeaedc04c,0xeaedc04c,moz_arena_free
0x6c837e02,0x6c837e02,moz_arena_malloc
0xd0d09274,0xd0d09274,moz_arena_memalign
0x8663f80c,0x8663f80c,moz_arena_realloc
0xb49af41c,0xb49af41c,moz_create_arena_with_params
0xaec64261,0xaec64261,moz_dispose_arena
0x95ae0b2b,0x95ae0b2b,moz_malloc_enclosing_size_of
0xe425efaa,0xe425efaa,moz_malloc_size_of
0xa1cd5491,0xa1cd5491,moz_malloc_usable_size
0x8966c22a,0x8966c22a,moz_xcalloc
0xa0ba5874,0xa0ba5874,moz_xmalloc
0xee27d166,0xee27d166,moz_xmemalign
0xa10325a4,0xa10325a4,moz_xmemdup
0x417620be,0x417620be,moz_xrealloc
0xb01446de,0xb01446de,moz_xstrdup
0xeb4574c7,0xeb4574c7,mozalloc_abort
0x8821e7de,0x8821e7de,mozilla_dump_image
0x42201e44,0x42201e44,mscat32DllRegisterServer
0x94763cc7,0x94763cc7,mscat32DllUnregisterServer
0xc4afe2d8,0xc4afe2d8,mssip32DllRegisterServer
0xfa09765b,0xfa09765b,mssip32DllUnregisterServer
0x20d31c2,0x020d31c2,mxd32Message
0x1895f40b,0x1895f40b,nssArenaHashAllocOps
0x754b61bd,0x754b61bd,nssArena_Create
0x4e668153,0x4e668153,nssArena_Destroy
0x608292d4,0x608292d4,nssArena_Mark
0x838ea6ca,0x838ea6ca,nssArena_Release
0xdea37f25,0xdea37f25,nssArena_Shutdown
0x9f043dd7,0x9f043dd7,nssArena_Unmark
0x7f297dca,0x7f297dca,nssCKObject_GetAttributeItem
0x6cfcb5ce,0x6cfcb5ce,nssCKObject_GetAttributes
0xfe09da97,0xfe09da97,nssCKObject_IsAttributeTrue
0xa8160c37,0xa8160c37,nssCKObject_IsTokenObjectTemplate
0x257127da,0x257127da,nssCKObject_SetAttributes
0x205c11ac,0x205c11ac,nssCRLArray_Destroy
0x301c9c83,0x301c9c83,nssCRLCollection_Create
0xf91551a9,0xf91551a9,nssCRL_AddRef
0xfebd3ff7,0xfebd3ff7,nssCRL_Create
0x63a12f5e,0x63a12f5e,nssCRL_DeleteStoredObject
0x61426cd,0x061426cd,nssCRL_Destroy
0x8a7697ea,0x8a7697ea,nssCRL_GetEncoding
0x841512ee,0x841512ee,nssCertificateArray_Destroy
0x5b41a636,0x5b41a636,nssCertificateArray_FindBestCertificate
0xda8a794,0x0da8a794,nssCertificateArray_Join
0x89aa1590,0x89aa1590,nssCertificateArray_Traverse
0xdf186ec5,0xdf186ec5,nssCertificateCollection_Create
0x56914f8c,0x56914f8c,nssCertificateList_AddReferences
0x1d12b561,0x1d12b561,nssCertificateList_DoCallback
0xbf496ba7,0xbf496ba7,nssCertificateStore_AddSMIMEProfile
0x92b727dd,0x92b727dd,nssCertificateStore_AddTrust
0xc125d366,0xc125d366,nssCertificateStore_Create
0x158f281c,0x158f281c,nssCertificateStore_Destroy
0xfcdb5421,0xfcdb5421,nssCertificateStore_DumpStoreInfo
0xc4df7186,0xc4df7186,nssCertificateStore_FindCertificateByEncodedCertificate
0x857d9948,0x857d9948,nssCertificateStore_FindCertificateByIssuerAndSerialNumber
0xd6b678ec,0xd6b678ec,nssCertificateStore_FindCertificatesByEmail
0x447d240a,0x447d240a,nssCertificateStore_FindCertificatesByNickname
0xa6a38b94,0xa6a38b94,nssCertificateStore_FindCertificatesBySubject
0xa98f195d,0xa98f195d,nssCertificateStore_FindOrAdd
0x805062c9,0x805062c9,nssCertificateStore_FindSMIMEProfileForCertificate
0xaab4f07f,0xaab4f07f,nssCertificateStore_FindTrustForCertificate
0x6892337b,0x6892337b,nssCertificateStore_Lock
0xd9d5b2a0,0xd9d5b2a0,nssCertificateStore_RemoveCertLOCKED
0xeade5cbe,0xeade5cbe,nssCertificateStore_Unlock
0x1aff096b,0x1aff096b,nssCertificate_AddRef
0xba42bc58,0xba42bc58,nssCertificate_BuildChain
0x20a6f7b9,0x20a6f7b9,nssCertificate_Create
0x6534d6cf,0x6534d6cf,nssCertificate_Destroy
0xc9fee20b,0xc9fee20b,nssCertificate_GetCryptoContext
0x49858142,0x49858142,nssCertificate_GetDecoding
0x22c29a33,0x22c29a33,nssCertificate_GetEmailAddress
0xea9378ec,0xea9378ec,nssCertificate_GetEncoding
0x16a0d9a0,0x16a0d9a0,nssCertificate_GetIssuer
0xb7bdbcab,0xb7bdbcab,nssCertificate_GetNickname
0x2a508fae,0x2a508fae,nssCertificate_GetSerialNumber
0xeff31415,0xeff31415,nssCertificate_GetSubject
0xe728c3f,0x0e728c3f,nssCertificate_GetTrustDomain
0x48ab5ab9,0x48ab5ab9,nssCertificate_SubjectListSort
0x93d6e63c,0x93d6e63c,nssCryptoContext_Create
0xb3b822aa,0xb3b822aa,nssCryptoContext_FindCertificatesBySubject
0x482cd79f,0x482cd79f,nssCryptoContext_FindSMIMEProfileForCertificate
0xea6cca15,0xea6cca15,nssCryptoContext_FindTrustForCertificate
0x95bfdaf,0x095bfdaf,nssCryptoContext_ImportSMIMEProfile
0x1d72e5,0x001d72e5,nssCryptoContext_ImportTrust
0x7e9a825f,0x7e9a825f,nssCryptokiCRL_GetAttributes
0x7cc950e1,0x7cc950e1,nssCryptokiCertificate_GetAttributes
0x76ec13d7,0x76ec13d7,nssCryptokiObjectArray_Destroy
0x122adfdf,0x122adfdf,nssCryptokiObject_Clone
0x57edbde2,0x57edbde2,nssCryptokiObject_Create
0x85546218,0x85546218,nssCryptokiObject_Destroy
0x1251e6a6,0x1251e6a6,nssCryptokiObject_Equal
0xd41168a,0x0d41168a,nssCryptokiPrivateKey_SetCertificate
0x657e3440,0x657e3440,nssCryptokiTrust_GetAttributes
0xb9e69c0c,0xb9e69c0c,nssDecodedCert_Create
0x26690582,0x26690582,nssDecodedCert_Destroy
0xe03f0cbd,0xe03f0cbd,nssDecodedPKIXCertificate_Create
0x17cf8c53,0x17cf8c53,nssDecodedPKIXCertificate_Destroy
0xf0fc7fef,0xf0fc7fef,nssHash_Add
0x2246c38f,0x2246c38f,nssHash_Count
0x6b4c81da,0x6b4c81da,nssHash_Create
0x49d487d,0x049d487d,nssHash_CreateCertificate
0x5f375509,0x5f375509,nssHash_CreateItem
0x65f05f7b,0x65f05f7b,nssHash_CreatePointer
0x21bb6bd1,0x21bb6bd1,nssHash_CreateString
0x48ba510,0x048ba510,nssHash_Destroy
0x7065e446,0x7065e446,nssHash_Exists
0xa76d7eb4,0xa76d7eb4,nssHash_Iterate
0x801a4c80,0x801a4c80,nssHash_Lookup
0x8d634394,0x8d634394,nssHash_Remove
0x7becf6e5,0x7becf6e5,nssItem_Create
0x293abb7b,0x293abb7b,nssItem_Destroy
0x2cb30cec,0x2cb30cec,nssItem_Duplicate
0x60fc8b49,0x60fc8b49,nssItem_Equal
0x4d7eae52,0x4d7eae52,nssListIterator_Destroy
0x73e41989,0x73e41989,nssListIterator_Finish
0x72d76667,0x72d76667,nssListIterator_Next
0xce2685b6,0xce2685b6,nssListIterator_Start
0xaaedf87,0x0aaedf87,nssList_Add
0x340388fe,0x340388fe,nssList_AddUnique
0x720d7e45,0x720d7e45,nssList_Clear
0x720daa6f,0x720daa6f,nssList_Clone
0x720f6927,0x720f6927,nssList_Count
0xb429da72,0xb429da72,nssList_Create
0xec94b11c,0xec94b11c,nssList_CreateIterator
0x691410a8,0x691410a8,nssList_Destroy
0xaaef93e,0x0aaef93e,nssList_Get
0x5159055d,0x5159055d,nssList_GetArray
0xd137066b,0xd137066b,nssList_GetCompareFunction
0xd6409c2c,0xd6409c2c,nssList_Remove
0xfa409ff7,0xfa409ff7,nssList_SetCompareFunction
0x3ef92ef8,0x3ef92ef8,nssList_SetSortFunction
0x4b5f852e,0x4b5f852e,nssPKCS11String_Length
0x44382d2,0x044382d2,nssPKIObjectCollection_AddInstanceAsObject
0x8f0143da,0x8f0143da,nssPKIObjectCollection_AddInstances
0x19d188c9,0x19d188c9,nssPKIObjectCollection_AddObject
0x20db9e32,0x20db9e32,nssPKIObjectCollection_Count
0xfbc1b473,0xfbc1b473,nssPKIObjectCollection_Destroy
0xe2b9305d,0xe2b9305d,nssPKIObjectCollection_GetCRLs
0x1381449f,0x1381449f,nssPKIObjectCollection_GetCertificates
0xf6eae7b5,0xf6eae7b5,nssPKIObjectCollection_Traverse
0xd7dcf21b,0xd7dcf21b,nssPKIObject_AddInstance
0xae0d4d83,0xae0d4d83,nssPKIObject_AddRef
0xb3b53bd1,0xb3b53bd1,nssPKIObject_Create
0x857c238,0x0857c238,nssPKIObject_DeleteStoredObject
0x5a0b9de7,0x5a0b9de7,nssPKIObject_Destroy
0x91113f30,0x91113f30,nssPKIObject_DestroyLock
0xbf352d65,0xbf352d65,nssPKIObject_GetInstances
0xae97ffeb,0xae97ffeb,nssPKIObject_GetNicknameForToken
0xb5a17db1,0xb5a17db1,nssPKIObject_GetTokens
0x4490d28e,0x4490d28e,nssPKIObject_HasInstance
0x7cc68526,0x7cc68526,nssPKIObject_Lock
0x5c15ee10,0x5c15ee10,nssPKIObject_NewLock
0x3d55bc88,0x3d55bc88,nssPKIObject_RemoveInstanceForToken
0xdd6dc529,0xdd6dc529,nssPKIObject_Unlock
0x21363439,0x21363439,nssPKIX509_GetIssuerAndSerialFromDER
0xf09de4f4,0xf09de4f4,nssSMIMEProfile_AddRef
0xf645d342,0xf645d342,nssSMIMEProfile_Create
0xeeaf2378,0xeeaf2378,nssSMIMEProfile_Destroy
0x16f8b7b0,0x16f8b7b0,nssSession_Destroy
0x12e9936c,0x12e9936c,nssSession_EnterMonitor
0x92b55a88,0x92b55a88,nssSession_ExitMonitor
0x4ae3c28c,0x4ae3c28c,nssSession_ImportNSS3Session
0x1fbbdf89,0x1fbbdf89,nssSession_IsReadWrite
0x38ad8194,0x38ad8194,nssSlotArray_Clone
0x5706450d,0x5706450d,nssSlotArray_Destroy
0x8e38d04a,0x8e38d04a,nssSlot_AddRef
0x3717bfdc,0x3717bfdc,nssSlot_CreateSession
0x3fa7798e,0x3fa7798e,nssSlot_Destroy
0x11d2300a,0x11d2300a,nssSlot_EnterMonitor
0x168ddb66,0x168ddb66,nssSlot_ExitMonitor
0xaddb3b84,0xaddb3b84,nssSlot_GetCryptokiEPV
0x26a4b565,0x26a4b565,nssSlot_GetName
0xfbaf9a25,0xfbaf9a25,nssSlot_GetToken
0x78ed321d,0x78ed321d,nssSlot_IsFriendly
0x16fe6909,0x16fe6909,nssSlot_IsLoggedIn
0xeaa7968a,0xeaa7968a,nssSlot_IsPermanent
0x800fac82,0x800fac82,nssSlot_IsTokenPresent
0x6eb2af76,0x6eb2af76,nssSlot_ResetDelay
0x15dfc70c,0x15dfc70c,nssTokenArray_Destroy
0x74d83f15,0x74d83f15,nssTokenObjectCache_Clear
0x104cb542,0x104cb542,nssTokenObjectCache_Create
0x49924578,0x49924578,nssTokenObjectCache_Destroy
0x93540bd0,0x93540bd0,nssTokenObjectCache_FindObjectsByTemplate
0x8d6def8c,0x8d6def8c,nssTokenObjectCache_GetObjectAttributes
0x947e665f,0x947e665f,nssTokenObjectCache_HaveObjectClass
0x5c2cb240,0x5c2cb240,nssTokenObjectCache_ImportObject
0xc136173,0x0c136173,nssTokenObjectCache_RemoveObject
0x80d47f09,0x80d47f09,nssToken_AddRef
0xc77957e8,0xc77957e8,nssToken_BeginDigest
0x46602668,0x46602668,nssToken_ContinueDigest
0x19a41316,0x19a41316,nssToken_CreateFromPK11SlotInfo
0xfa2f6cbe,0xfa2f6cbe,nssToken_DeleteStoredObject
0x85b9002d,0x85b9002d,nssToken_Destroy
0x882fe323,0x882fe323,nssToken_Digest
0x5994463,0x05994463,nssToken_FindCRLsBySubject
0xb317ed17,0xb317ed17,nssToken_FindCertificateByEncodedCertificate
0xac77b739,0xac77b739,nssToken_FindCertificateByIssuerAndSerialNumber
0x100852fd,0x100852fd,nssToken_FindCertificatesByEmail
0x86f312a2,0x86f312a2,nssToken_FindCertificatesByID
0xbfc2107b,0xbfc2107b,nssToken_FindCertificatesByNickname
0x7bd42de5,0x7bd42de5,nssToken_FindCertificatesBySubject
0xc79542ee,0xc79542ee,nssToken_FindObjects
0x7138df45,0x7138df45,nssToken_FindObjectsByTemplate
0x88759c50,0x88759c50,nssToken_FindPrivateKeyByID
0xac5a045b,0xac5a045b,nssToken_FindPrivateKeys
0xa4944d94,0xa4944d94,nssToken_FindPublicKeyByID
0xe406ca90,0xe406ca90,nssToken_FindTrustForCertificate
0x71dbf604,0x71dbf604,nssToken_FinishDigest
0x7b928bb9,0x7b928bb9,nssToken_GetCachedObjectAttributes
0x891d3943,0x891d3943,nssToken_GetCryptokiEPV
0xa733866c,0xa733866c,nssToken_GetDefaultSession
0x6cb63c04,0x6cb63c04,nssToken_GetName
0x6cb92905,0x6cb92905,nssToken_GetSlot
0x3dbabfdd,0x3dbabfdd,nssToken_GetTrustDomain
0xad5216a1,0xad5216a1,nssToken_GetTrustOrder
0x8de0853f,0x8de0853f,nssToken_ImportCRL
0x6723be41,0x6723be41,nssToken_ImportCertificate
0x894aa2e0,0x894aa2e0,nssToken_ImportTrust
0x51390339,0x51390339,nssToken_IsLoginRequired
0x1d7f3980,0x1d7f3980,nssToken_IsPresent
0xaa7c7744,0xaa7c7744,nssToken_IsPrivateKeyAvailable
0x9e929641,0x9e929641,nssToken_NeedsPINInitialization
0x63f44e9c,0x63f44e9c,nssToken_NotifyCertsNotVisible
0xba7bc492,0xba7bc492,nssToken_Refresh
0xa8932f11,0xa8932f11,nssToken_Remove
0x86d468c5,0x86d468c5,nssToken_TraverseCertificates
0x92c0a287,0x92c0a287,nssToken_UpdateName
0x85bf7a7d,0x85bf7a7d,nssTrustDomain_AddCertsToCache
0x47a3ae76,0x47a3ae76,nssTrustDomain_CreateCryptoContext
0x92cba11a,0x92cba11a,nssTrustDomain_DestroyCache
0x7aaf2bd2,0x7aaf2bd2,nssTrustDomain_DumpCacheInfo
0x16c1cccf,0x16c1cccf,nssTrustDomain_FindBestCertificateByNickname
0x30e3afb9,0x30e3afb9,nssTrustDomain_FindBestCertificateBySubject
0xe9465bdc,0xe9465bdc,nssTrustDomain_FindCRLsBySubject
0xa66f18d0,0xa66f18d0,nssTrustDomain_FindCertificateByEncodedCertificate
0x8c687452,0x8c687452,nssTrustDomain_FindCertificateByIssuerAndSerialNumber
0xf217a014,0xf217a014,nssTrustDomain_FindCertificatesByNickname
0xf979ae5e,0xf979ae5e,nssTrustDomain_FindCertificatesBySubject
0xf32fd8c9,0xf32fd8c9,nssTrustDomain_FindTrustForCertificate
0x5519ecc8,0x5519ecc8,nssTrustDomain_GetCertByDERFromCache
0x2601c9e8,0x2601c9e8,nssTrustDomain_GetCertForIssuerAndSNFromCache
0xb0436ada,0xb0436ada,nssTrustDomain_GetCertsForEmailAddressFromCache
0xcf20acd2,0xcf20acd2,nssTrustDomain_GetCertsForNicknameFromCache
0x69c2e79c,0x69c2e79c,nssTrustDomain_GetCertsForSubjectFromCache
0xc2fb9745,0xc2fb9745,nssTrustDomain_GetCertsFromCache
0xde173e2e,0xde173e2e,nssTrustDomain_GetDefaultCallback
0x6654bb02,0x6654bb02,nssTrustDomain_InitializeCache
0xd5a56527,0xd5a56527,nssTrustDomain_LockCertCache
0x32f06a72,0x32f06a72,nssTrustDomain_RemoveCertFromCacheLOCKED
0xbeedae74,0xbeedae74,nssTrustDomain_RemoveTokenCertsFromCache
0x4d2ebf,0x004d2ebf,nssTrustDomain_TraverseCertificatesByNickname
0xa49293a9,0xa49293a9,nssTrustDomain_TraverseCertificatesBySubject
0x10bc44a,0x010bc44a,nssTrustDomain_UnlockCertCache
0x57902119,0x57902119,nssTrustDomain_UpdateCachedTokenCerts
0x21ad756a,0x21ad756a,nssTrust_AddRef
0x275563b8,0x275563b8,nssTrust_Create
0x41b0c2ae,0x41b0c2ae,nssTrust_Destroy
0x89c4c37,0x089c4c37,nssTrust_GetCERTCertTrustForCert
0x903eab98,0x903eab98,nssTrust_IsSafeToIgnoreCertHash
0xc24c716,0x0c24c716,nssUTF8_CaseIgnoreMatch
0xfdd52f48,0xfdd52f48,nssUTF8_CopyIntoFixedBuffer
0xcf5b707d,0xcf5b707d,nssUTF8_Create
0x340e3f84,0x340e3f84,nssUTF8_Duplicate
0x2d3631e1,0x2d3631e1,nssUTF8_Equal
0x9e060c30,0x9e060c30,nssUTF8_GetEncoding
0xe373a88b,0xe373a88b,nssUTF8_Length
0x702fc0d7,0x702fc0d7,nssUTF8_PrintableMatch
0x75c35ee4,0x75c35ee4,nssUTF8_Size
0x30ce7b29,0x30ce7b29,nss_ClearErrorStack
0xb01e3e4c,0xb01e3e4c,nss_DestroyErrorStack
0x9795d7fb,0x9795d7fb,nss_DumpCertificateCacheInfo
0x292edea0,0x292edea0,nss_DumpModuleLog
0x7923a929,0x7923a929,nss_InsertDeviceLog
0x40632b07,0x40632b07,nss_MkConfigString
0x45965a2c,0x45965a2c,nss_RemoveList
0x8dd4458,0x08dd4458,nss_SetError
0xf328d9be,0xf328d9be,nss_Shutdown
0xbce4cc7,0x0bce4cc7,nss_ZAlloc
0x91aa43ad,0x91aa43ad,nss_ZFreeIf
0x441604fe,0x441604fe,nss_ZRealloc
0xa293823f,0xa293823f,nssdbg_prof_data
0xa29bdec0,0xa29bdec0,nssdbg_prof_size
0x5df3f8db,0x5df3f8db,nsslibc_memcmp
0x5df3f947,0x5df3f947,nsslibc_memcpy
0xaafc1c13,0xaafc1c13,nsslibc_memequal
0x5df43be7,0x5df43be7,nsslibc_memset
0x6a9ab44c,0x6a9ab44c,ntohd
0x6a9ab44e,0x6a9ab44e,ntohf
0x6a9ab454,0x6a9ab454,ntohl
0xbdf13f20,0xbdf13f20,ntohll
0x6a9ab45b,0x6a9ab45b,ntohs
0x4c47d906,0x4c47d906,num_pk11_default_mechanisms
0xbf9d4d88,0xbf9d4d88,ocsp_CacheSingleResponse
0xfdb1555a,0xfdb1555a,ocsp_CertHasGoodStatus
0xd6cf0aba,0xd6cf0aba,ocsp_CertIDTemplate
0x6be4d9d9,0x6be4d9d9,ocsp_CertIsOCSPDefaultResponder
0x68fe90c9,0x68fe90c9,ocsp_CreateCertStatus
0x118e4a20,0x118e4a20,ocsp_DigestValue
0xf6c310ba,0xf6c310ba,ocsp_FetchingFailureIsVerificationFailure
0xf553dea3,0xf553dea3,ocsp_GetCachedOCSPResponseStatus
0x6fc1830e,0x6fc1830e,ocsp_GetResponderLocation
0x5dee0b8c,0x5dee0b8c,ocsp_GetResponseData
0xa1be2084,0xa1be2084,ocsp_GetResponseSignature
0xd608ca0e,0xd608ca0e,ocsp_GetSignerCertificate
0x17a31c84,0x17a31c84,ocsp_GetVerifiedSingleResponseForCertID
0x3ae25343,0x3ae25343,ocsp_OCSPResponseTemplate
0xd52b6db9,0xd52b6db9,ocsp_PointerToResponseBytesTemplate
0xb9c16915,0xb9c16915,ocsp_PointerToSignatureTemplate
0x6d2ee002,0x6d2ee002,ocsp_ResponderIDByKeyTemplate
0xf600eb9a,0xf600eb9a,ocsp_ResponderIDByNameTemplate
0xd90a3d95,0xd90a3d95,ocsp_ResponseBytesTemplate
0x82c94228,0x82c94228,ocsp_ResponseDataTemplate
0x997de1b,0x0997de1b,ocsp_RevokedInfoTemplate
0x7d5b318a,0x7d5b318a,ocsp_SingleRequestTemplate
0xf31bc6b0,0xf31bc6b0,ocsp_SingleResponseTemplate
0x1873511,0x01873511,ocsp_TBSRequestTemplate
0xbf113486,0xbf113486,ocsp_UrlEncodeBase64Buf
0x9ee962d9,0x9ee962d9,ocsp_VerifyResponseSignature
0xe42b4ec4,0xe42b4ec4,ogg_calloc_func
0x7b653f98,0x7b653f98,ogg_free_func
0x19ca634e,0x19ca634e,ogg_malloc_func
0xb1feb02b,0xb1feb02b,ogg_page_bos
0xcebc1e27,0xcebc1e27,ogg_page_granulepos
0x428c0ce4,0x428c0ce4,ogg_page_serialno
0xc8376bb8,0xc8376bb8,ogg_realloc_func
0x8048b1ad,0x8048b1ad,ogg_set_mem_functions
0x5d73ebb4,0x5d73ebb4,ogg_stream_check
0x5d761cfd,0x5d761cfd,ogg_stream_clear
0xbf7082bd,0xbf7082bd,ogg_stream_eos
0x5dacacd8,0x5dacacd8,ogg_stream_flush
0xad8306aa,0xad8306aa,ogg_stream_init
0xae377ce5,0xae377ce5,ogg_stream_packetin
0x75273446,0x75273446,ogg_stream_packetout
0x29c6e82a,0x29c6e82a,ogg_stream_pagein
0x62a4082b,0x62a4082b,ogg_stream_pageout
0x5e81f1f9,0x5e81f1f9,ogg_stream_reset
0x2361181,0x02361181,ogg_sync_buffer
0x1e4b8e,0x001e4b8e,ogg_sync_clear
0x8ba7271b,0x8ba7271b,ogg_sync_init
0x5257ea4c,0x5257ea4c,ogg_sync_pageseek
0x12a208a,0x012a208a,ogg_sync_reset
0x18bacd8,0x018bacd8,ogg_sync_wrote
0x5890bfdc,0x5890bfdc,omap
0x48ad7e65,0x48ad7e65,optdbgdump
0xc684f7e0,0xc684f7e0,optdbgdumpaddr
0x5c16de19,0x5c16de19,opus_decode
0x3c6b13fe,0x3c6b13fe,opus_decoder_create
0x7363af2d,0x7363af2d,opus_decoder_ctl
0xf97c7bb4,0xf97c7bb4,opus_decoder_destroy
0x5f0ee343,0x5f0ee343,opus_encode
0xdda2d618,0xdda2d618,opus_encode_float
0x4202a328,0x4202a328,opus_encoder_create
0x1d1f7e97,0x1d1f7e97,opus_encoder_ctl
0xb205f01e,0xb205f01e,opus_encoder_destroy
0xa97364d0,0xa97364d0,opus_get_version_string
0xb805cecf,0xb805cecf,opus_multistream_decode
0x65b73aa4,0x65b73aa4,opus_multistream_decode_float
0x20c25ab4,0x20c25ab4,opus_multistream_decoder_create
0xf2b381a3,0xf2b381a3,opus_multistream_decoder_ctl
0x68bc992a,0x68bc992a,opus_multistream_decoder_destroy
0xbafdd3f9,0xbafdd3f9,opus_multistream_encode
0x46ecf74e,0x46ecf74e,opus_multistream_encode_float
0x2659e9de,0x2659e9de,opus_multistream_encoder_create
0x9c6f510d,0x9c6f510d,opus_multistream_encoder_ctl
0x21460d94,0x21460d94,opus_multistream_encoder_destroy
0x4603805f,0x4603805f,opus_multistream_surround_encoder_create
0xf11237c6,0xf11237c6,opus_packet_get_nb_channels
0xe3410178,0xe3410178,opus_packet_get_nb_frames
0x9e8d5ff0,0x9e8d5ff0,opus_packet_get_samples_per_frame
0xd00b4107,0xd00b4107,opus_packet_parse
0x3a1c2c58,0x3a1c2c58,opus_strerror
0xdbb14f7,0x0dbb14f7,pbe_PK11AlgidToParam
0x13fbc48e,0x13fbc48e,pfnFreeRoutines
0x19751380,0x19751380,pfnMarshallRoutines
0x750ff06e,0x750ff06e,pfnRealizePalette
0xe16ff8a2,0xe16ff8a2,pfnSelectPalette
0x34f30ae7,0x34f30ae7,pfnSizeRoutines
0x4030ed83,0x4030ed83,pfnUnmarshallRoutines
0x82c68e7d,0x82c68e7d,pk11_AttrFlagsToAttributes
0x1663590a,0x1663590a,pk11_AuthenticateUnfriendly
0xd4008d3a,0xd4008d3a,pk11_BadAttrFlags
0xdaea5505,0xdaea5505,pk11_CloseSession
0xab972b6b,0xab972b6b,pk11_CopyToSlot
0xb0f1f79f,0xb0f1f79f,pk11_CopyToSlotPerm
0x763b4ff3,0x763b4ff3,pk11_CreateGenericObjectHelper
0xbb9c3fa,0x0bb9c3fa,pk11_DoKeys
0xf290bffd,0xf290bffd,pk11_Finalize
0x68fe93da,0x68fe93da,pk11_FindAttrInTemplate
0x705ea55a,0x705ea55a,pk11_FindObjectByTemplate
0xaa2eb9cd,0xaa2eb9cd,pk11_FindObjectsByTemplate
0xa08ab65f,0xa08ab65f,pk11_FindPrivateKeyFromCertID
0x25d7846d,0x25d7846d,pk11_FindPubKeyByAnyCert
0x64d977c,0x064d977c,pk11_ForceSlot
0x2c800768,0x2c800768,pk11_ForceSlotMultiple
0x745bc015,0x745bc015,pk11_GenerateNewParamWithKeyLen
0x5243afbe,0x5243afbe,pk11_GetLowLevelKeyFromHandle
0x6bb81299,0x6bb81299,pk11_GetNewSession
0x278b0f18,0x278b0f18,pk11_GetPBECryptoMechanism
0x73e885cc,0x73e885cc,pk11_GetPredefinedKeyLength
0xb7d22251,0xb7d22251,pk11_GetTrustField
0xc1850f30,0xc1850f30,pk11_HandleTrustObject
0xe7d8e54f,0xe7d8e54f,pk11_HasAttributeSet_Lock
0x11211374,0x11211374,pk11_InDelayPeriod
0xdb51df17,0xdb51df17,pk11_KeyExchange
0xa082328d,0xa082328d,pk11_LoginStillRequired
0xd80486f,0x0d80486f,pk11_MatchString
0xea094035,0xea094035,pk11_MatchUriTokenInfo
0x53ca265d,0x53ca265d,pk11_MoveListToList
0x519be9a1,0x519be9a1,pk11_OpFlagsToAttributes
0xe6a8350a,0xe6a8350a,pk11_ParamFromIVWithLen
0xf49b1b76,0xf49b1b76,pk11_RawPBEKeyGenWithKeyType
0x5555fa05,0x5555fa05,pk11_RetrieveCrls
0x560abe7f,0x560abe7f,pk11_SetInternalKeySlot
0x93322b76,0x93322b76,pk11_SetInternalKeySlotIfFirst
0xb1cdcb45,0xb1cdcb45,pk11_SignedToUnsigned
0xaf1453ee,0xaf1453ee,pk11_SwapInternalKeySlot
0x55e800f6,0x55e800f6,pk11_TokenKeyGenWithFlagsAndKeyType
0x2e722f45,0x2e722f45,pk11_TraverseAllSlots
0xcd0db430,0xcd0db430,pk11_encrypt
0xa81a9d93,0xa81a9d93,pk11_filterSlot
0x19d116cf,0x19d116cf,pk11_getFinalizeModulesOption
0xeb525164,0xeb525164,pk11_getPrivateKeyUsage
0x46890e04,0x46890e04,pk11_isID0
0xfeea72e,0x0feea72e,pk11_mapWrapKeyType
0x5ddb970f,0x5ddb970f,pk11_mergeTrustEntry
0x559bea87,0x559bea87,pk11_mkcertKeyID
0xbfc9bead,0xbfc9bead,pk11_newMergeLogNode
0x23125844,0x23125844,pk11_notify
0xb079dc74,0xb079dc74,pk11_restoreContext
0x6485b77f,0x6485b77f,pk11_saveContext
0x5de326b4,0x5de326b4,pk11_setGlobalOptions
0x7847ae68,0x7847ae68,pk11sdr_Init
0x20a21390,0x20a21390,pk11sdr_Shutdown
0x67e46043,0x67e46043,pk11slot_GetFIPSStatus
0xab62ad,0x00ab62ad,pkixLog
0xe97aa14,0x0e97aa14,pkixLoggerLock
0x57ef107e,0x57ef107e,pkixLoggers
0x59c8b994,0x59c8b994,pkixLoggersDebugTrace
0x7d1315bb,0x7d1315bb,pkixLoggersErrors
0x2a21db68,0x2a21db68,pkix_BasicConstraintsCheckerState_RegisterSelf
0x5718fa56,0x5718fa56,pkix_BasicConstraintsChecker_Check
0x19491fea,0x19491fea,pkix_BasicConstraintsChecker_Initialize
0xdf17928c,0xdf17928c,pkix_BuildResult_Create
0x65b27467,0x65b27467,pkix_BuildResult_RegisterSelf
0x3a55453f,0x3a55453f,pkix_CRLSelector_Create
0x4be6215a,0x4be6215a,pkix_CRLSelector_RegisterSelf
0x5ec0764b,0x5ec0764b,pkix_CRLSelector_Select
0x660e9657,0x660e9657,pkix_CacheCertChain_Add
0xc035a9e8,0xc035a9e8,pkix_CacheCertChain_Lookup
0xcd7ea0fc,0xcd7ea0fc,pkix_CacheCertChain_Remove
0xef7bf214,0xef7bf214,pkix_CacheCert_Add
0xa0d0c885,0xa0d0c885,pkix_CacheCert_Lookup
0x5446dad9,0x5446dad9,pkix_CacheCrlEntry_Add
0xc8feb72a,0xc8feb72a,pkix_CacheCrlEntry_Lookup
0x57cd615e,0x57cd615e,pkix_CertChainChecker_RegisterSelf
0xe38caea7,0xe38caea7,pkix_CertSelector_RegisterSelf
0x11ce4dd8,0x11ce4dd8,pkix_CertSelector_Select
0xaf1e38f3,0xaf1e38f3,pkix_CertStore_RegisterSelf
0x87f9088b,0x87f9088b,pkix_CheckChain
0x32b4114a,0x32b4114a,pkix_CheckType
0x89363add,0x89363add,pkix_CheckTypes
0x17a8aba0,0x17a8aba0,pkix_ComCRLSelParams_RegisterSelf
0x4bd1e66d,0x4bd1e66d,pkix_ComCertSelParams_RegisterSelf
0x647afa60,0x647afa60,pkix_CrlChecker_CheckExternal
0xd6195b48,0xd6195b48,pkix_CrlChecker_CheckLocal
0x10d864d3,0x10d864d3,pkix_CrlChecker_Create
0x86af9fee,0x86af9fee,pkix_CrlChecker_RegisterSelf
0xcdd9a192,0xcdd9a192,pkix_EkuChecker_RegisterSelf
0xf2c7c262,0xf2c7c262,pkix_Error_RegisterSelf
0x4d162805,0x4d162805,pkix_EscASCII_to_UTF16
0x1734a41f,0x1734a41f,pkix_ExpirationChecker_Check
0x2ef34f53,0x2ef34f53,pkix_ExpirationChecker_Initialize
0xd8be3e15,0xd8be3e15,pkix_ForwardBuilderState_RegisterSelf
0xebadf33e,0xebadf33e,pkix_HttpCertStore_FindSocketConnection
0x2f8aed0b,0x2f8aed0b,pkix_IsCertSelfIssued
0x99326af9,0x99326af9,pkix_List_AppendList
0xc4cc7814,0xc4cc7814,pkix_List_AppendUnique
0xc8e8dd9,0x0c8e8dd9,pkix_List_BubbleSort
0x94bd3b64,0x94bd3b64,pkix_List_Contains
0x26615ca4,0x26615ca4,pkix_List_MergeLists
0x6ced660a,0x6ced660a,pkix_List_QuickSort
0x3f749f94,0x3f749f94,pkix_List_RegisterSelf
0x70eee1b3,0x70eee1b3,pkix_List_Remove
0xb54725f5,0xb54725f5,pkix_List_RemoveItems
0x7451290a,0x7451290a,pkix_LockObject
0xd1643a87,0xd1643a87,pkix_Logger_Check
0x9b86cc9e,0x9b86cc9e,pkix_Logger_CheckWithCode
0xb61b73f8,0xb61b73f8,pkix_Logger_RegisterSelf
0x6f5e96be,0x6f5e96be,pkix_NameChainingChecker_Check
0xfc08bd52,0xfc08bd52,pkix_NameChainingChecker_Initialize
0x3da3c147,0x3da3c147,pkix_NameConstraintsCheckerState_RegisterSelf
0x63fd72a9,0x63fd72a9,pkix_NameConstraintsChecker_Initialize
0x6cf6f234,0x6cf6f234,pkix_OcspChecker_CheckExternal
0x6f0439c,0x06f0439c,pkix_OcspChecker_CheckLocal
0xcf004327,0xcf004327,pkix_OcspChecker_Create
0xd5f00ff,0x0d5f00ff,pkix_OcspChecker_MapResultCodeToRevStatus
0x48e1ed42,0x48e1ed42,pkix_OcspChecker_RegisterSelf
0xb430e3fe,0xb430e3fe,pkix_PolicyCheckerState_RegisterSelf
0x4a164540,0x4a164540,pkix_PolicyChecker_Initialize
0xd98cee8b,0xd98cee8b,pkix_PolicyChecker_MapContains
0xc831e37b,0xc831e37b,pkix_PolicyChecker_MapGetMappedPolicies
0x6b1e67cc,0x6b1e67cc,pkix_PolicyChecker_MapGetSubjectDomainPolicies
0x9e2d3115,0x9e2d3115,pkix_PolicyNode_AddToParent
0x6244b0f3,0x6244b0f3,pkix_PolicyNode_Create
0xe2eb8bd2,0xe2eb8bd2,pkix_PolicyNode_GetChildrenMutable
0x3e5d729,0x03e5d729,pkix_PolicyNode_Prune
0x226c840e,0x226c840e,pkix_PolicyNode_RegisterSelf
0x42acdd19,0x42acdd19,pkix_ProcessingParams_RegisterSelf
0x31c791f2,0x31c791f2,pkix_ResourceLimits_RegisterSelf
0x437f5807,0x437f5807,pkix_RevocationChecker_RegisterSelf
0xdb3074df,0xdb3074df,pkix_RevocationMethod_Duplicate
0x6067a6b8,0x6067a6b8,pkix_RevocationMethod_Init
0x2ee3d2a0,0x2ee3d2a0,pkix_SignatureCheckerState_RegisterSelf
0xb5e45d8e,0xb5e45d8e,pkix_SignatureChecker_Check
0xe04b4622,0xe04b4622,pkix_SignatureChecker_Initialize
0x8a17023b,0x8a17023b,pkix_SinglePolicyNode_ToString
0xbd49a7c0,0xbd49a7c0,pkix_SingleVerifyNode_ToString
0xf0aeb888,0xf0aeb888,pkix_TargetCertCheckerState_Create
0xfda52763,0xfda52763,pkix_TargetCertCheckerState_RegisterSelf
0x9b4235d1,0x9b4235d1,pkix_TargetCertChecker_Check
0x1e59c045,0x1e59c045,pkix_TargetCertChecker_Initialize
0x279571be,0x279571be,pkix_Throw
0x3aa86575,0x3aa86575,pkix_TrustAnchor_RegisterSelf
0x623f8e5,0x0623f8e5,pkix_UTF16_to_EscASCII
0xd9b242e8,0xd9b242e8,pkix_UTF16_to_UTF8
0x1acfc8e8,0x1acfc8e8,pkix_UTF8_to_UTF16
0xa3ef4e8d,0xa3ef4e8d,pkix_UnlockObject
0x636f9e6,0x0636f9e6,pkix_ValidateParams_RegisterSelf
0x6ec29d06,0x6ec29d06,pkix_ValidateResult_Create
0x3f3df261,0x3f3df261,pkix_ValidateResult_RegisterSelf
0x888407b3,0x888407b3,pkix_VerifyNode_AddToChain
0x70c7ac40,0x70c7ac40,pkix_VerifyNode_AddToTree
0x1b163138,0x1b163138,pkix_VerifyNode_Create
0x303cd2af,0x303cd2af,pkix_VerifyNode_FindError
0x51d06413,0x51d06413,pkix_VerifyNode_RegisterSelf
0x381483fa,0x381483fa,pkix_VerifyNode_SetError
0x71ae97df,0x71ae97df,pkix_cAddCount
0x9a7851b0,0x9a7851b0,pkix_cLookupCount
0x8d9ad544,0x8d9ad544,pkix_cRemoveCount
0xcd2dccc2,0xcd2dccc2,pkix_ccAddCount
0xd6977fb3,0xd6977fb3,pkix_ccLookupCount
0xc9ba0347,0xc9ba0347,pkix_ccRemoveCount
0xb626aec4,0xb626aec4,pkix_ceAddCount
0x387e3a75,0x387e3a75,pkix_ceLookupCount
0xdf1e09b2,0xdf1e09b2,pkix_countArray
0x921285,0x00921285,pkix_duplicateImmutable
0xda62ae4e,0xda62ae4e,pkix_hash
0x26babc4a,0x26babc4a,pkix_hex2i
0x26c2280a,0x26c2280a,pkix_i2hex
0x30136fdf,0x30136fdf,pkix_isPlaintext
0x542a0956,0x542a0956,pkix_pl_AIAMgr_GetHTTPCerts
0xab6bfcf7,0xab6bfcf7,pkix_pl_AIAMgr_GetLDAPCerts
0xa9be6f84,0xa9be6f84,pkix_pl_AIAMgr_RegisterSelf
0x5fd9b278,0x5fd9b278,pkix_pl_BigInt_CreateWithBytes
0x8853fdd0,0x8853fdd0,pkix_pl_BigInt_RegisterSelf
0xe542bde6,0xe542bde6,pkix_pl_ByteArray_RegisterSelf
0xf9470a36,0xf9470a36,pkix_pl_ByteArray_ToHexString
0x245584ab,0x245584ab,pkix_pl_CRLEntry_Create
0xc46b41c6,0xc46b41c6,pkix_pl_CRLEntry_RegisterSelf
0x6091f5f0,0x6091f5f0,pkix_pl_CRLEntry_ToString_Helper
0x998735d0,0x998735d0,pkix_pl_CRL_CreateWithSignedCRL
0x29fa7834,0x29fa7834,pkix_pl_CRL_RegisterSelf
0x54002d60,0x54002d60,pkix_pl_CertBasicConstraints_Create
0x3060de3b,0x3060de3b,pkix_pl_CertBasicConstraints_RegisterSelf
0x1c7a73de,0x1c7a73de,pkix_pl_CertNameConstraints_CheckNameSpaceNssNames
0xb985c85f,0xb985c85f,pkix_pl_CertNameConstraints_Create
0x8a2e38fb,0x8a2e38fb,pkix_pl_CertNameConstraints_Merge
0x1b747c7a,0x1b747c7a,pkix_pl_CertNameConstraints_RegisterSelf
0xf5635e02,0xf5635e02,pkix_pl_CertPolicyInfo_Create
0xb1c2805d,0xb1c2805d,pkix_pl_CertPolicyInfo_RegisterSelf
0xb9268cd4,0xb9268cd4,pkix_pl_CertPolicyMap_Create
0x17f604af,0x17f604af,pkix_pl_CertPolicyMap_RegisterSelf
0xe4c9e38,0x0e4c9e38,pkix_pl_CertPolicyQualifier_Create
0xe1649113,0xe1649113,pkix_pl_CertPolicyQualifier_RegisterSelf
0xe115403f,0xe115403f,pkix_pl_Cert_CheckExtendedKeyUsage
0x36e4ba05,0x36e4ba05,pkix_pl_Cert_CreateToList
0xc2d6b884,0xc2d6b884,pkix_pl_Cert_CreateWithNSSCert
0xf66ef715,0xf66ef715,pkix_pl_Cert_DecodeInhibitAnyPolicy
0x6f0f0fe1,0x6f0f0fe1,pkix_pl_Cert_RegisterSelf
0x9d59d22b,0x9d59d22b,pkix_pl_Cert_ToString_Helper
0x118cd4df,0x118cd4df,pkix_pl_CollectionCertStoreContext_RegisterSelf
0xf8193b8c,0xf8193b8c,pkix_pl_CollectionCertStore_GetCRL
0xfb4076d9,0xfb4076d9,pkix_pl_CollectionCertStore_GetCert
0xfa0094ad,0xfa0094ad,pkix_pl_CrlDp_Create
0x2c16cb48,0x2c16cb48,pkix_pl_CrlDp_RegisterSelf
0xd480bc9b,0xd480bc9b,pkix_pl_Date_CreateFromPRTime
0x5da93313,0x5da93313,pkix_pl_Date_GetPRTime
0x9edfd571,0x9edfd571,pkix_pl_Date_RegisterSelf
0xe77f6dbb,0xe77f6dbb,pkix_pl_Date_ToString_Helper
0xf7235f17,0xf7235f17,pkix_pl_GeneralName_Create
0x33688eb6,0x33688eb6,pkix_pl_GeneralName_GetNssGeneralName
0x4e463d32,0x4e463d32,pkix_pl_GeneralName_RegisterSelf
0xcd6464ff,0xcd6464ff,pkix_pl_HashTable_RegisterSelf
0x788e7053,0x788e7053,pkix_pl_HttpCertStoreContext_RegisterSelf
0x2c4140c0,0x2c4140c0,pkix_pl_HttpCertStore_CreateRequestSession
0x52995539,0x52995539,pkix_pl_HttpCertStore_CreateWithAsciiName
0xa079dadd,0xa079dadd,pkix_pl_HttpCertStore_DecodeCertPackage
0x8af12a80,0x8af12a80,pkix_pl_HttpCertStore_GetCRL
0xe732eb05,0xe732eb05,pkix_pl_HttpCertStore_GetCRLContinue
0xe916444d,0xe916444d,pkix_pl_HttpCertStore_GetCert
0x90781d2,0x090781d2,pkix_pl_HttpCertStore_GetCertContinue
0x2e7e22fb,0x2e7e22fb,pkix_pl_HttpCertStore_ProcessCertResponse
0x5e20fc4e,0x5e20fc4e,pkix_pl_HttpCertStore_ProcessCrlResponse
0x96baf7b,0x096baf7b,pkix_pl_HttpCertStore_Shutdown
0xac7b3f91,0xac7b3f91,pkix_pl_HttpDefaultClient_AddHeaderFcn
0x12139b4e,0x12139b4e,pkix_pl_HttpDefaultClient_Cancel
0x925db345,0x925db345,pkix_pl_HttpDefaultClient_CancelFcn
0xf817f2a0,0xf817f2a0,pkix_pl_HttpDefaultClient_CreateSession
0x19c3a157,0x19c3a157,pkix_pl_HttpDefaultClient_CreateSessionFcn
0x627bada1,0x627bada1,pkix_pl_HttpDefaultClient_FreeFcn
0xdc552825,0xdc552825,pkix_pl_HttpDefaultClient_FreeSessionFcn
0x7a0d8fe2,0x7a0d8fe2,pkix_pl_HttpDefaultClient_KeepAliveSession
0xa9d44f59,0xa9d44f59,pkix_pl_HttpDefaultClient_KeepAliveSessionFcn
0x980a63b7,0x980a63b7,pkix_pl_HttpDefaultClient_RegisterSelf
0x13fea265,0x13fea265,pkix_pl_HttpDefaultClient_RequestCreate
0xd44bf6fc,0xd44bf6fc,pkix_pl_HttpDefaultClient_RequestCreateFcn
0xd3e7d9b4,0xd3e7d9b4,pkix_pl_HttpDefaultClient_SetPostData
0x15e91feb,0x15e91feb,pkix_pl_HttpDefaultClient_SetPostDataFcn
0xae93a467,0xae93a467,pkix_pl_HttpDefaultClient_TrySendAndReceive
0xe3dad1be,0xe3dad1be,pkix_pl_HttpDefaultClient_TrySendAndReceiveFcn
0xb710aa32,0xb710aa32,pkix_pl_InfoAccess_CreateList
0xcaaf0336,0xcaaf0336,pkix_pl_InfoAccess_ParseLocation
0x9203231,0x09203231,pkix_pl_InfoAccess_RegisterSelf
0xf907059a,0xf907059a,pkix_pl_LdapCertStore_BuildCertList
0xd7da832d,0xd7da832d,pkix_pl_LdapCertStore_BuildCrlList
0x2c8c8628,0x2c8c8628,pkix_pl_LdapCertStore_DecodeCrossCertPair
0x242f781,0x0242f781,pkix_pl_LdapCertStore_GetCRL
0x3a7e2906,0x3a7e2906,pkix_pl_LdapCertStore_GetCRLContinue
0x4aa1b16e,0x4aa1b16e,pkix_pl_LdapCertStore_GetCert
0xc5ba7ff3,0xc5ba7ff3,pkix_pl_LdapCertStore_GetCertContinue
0x9752b44b,0x9752b44b,pkix_pl_LdapDefaultClient_BindContinue
0x96400f7d,0x96400f7d,pkix_pl_LdapDefaultClient_CreateHelper
0x3f5d893f,0x3f5d893f,pkix_pl_LdapDefaultClient_GetPollDesc
0xeb1d25f8,0xeb1d25f8,pkix_pl_LdapDefaultClient_RegisterSelf
0xd4983862,0xd4983862,pkix_pl_LdapRequest_AttrStringToBit
0x79ef678d,0x79ef678d,pkix_pl_LdapRequest_AttrTypeToBit
0xeacd4402,0xeacd4402,pkix_pl_LdapRequest_Create
0x7b99c040,0x7b99c040,pkix_pl_LdapRequest_GetEncoded
0x2480e65d,0x2480e65d,pkix_pl_LdapRequest_RegisterSelf
0xe1372eac,0xe1372eac,pkix_pl_LdapResponse_Append
0xe5ff9888,0xe5ff9888,pkix_pl_LdapResponse_Create
0xe768a358,0xe768a358,pkix_pl_LdapResponse_Decode
0xab32975b,0xab32975b,pkix_pl_LdapResponse_GetAttributes
0x3f486122,0x3f486122,pkix_pl_LdapResponse_GetCapacity
0xd460d39,0x0d460d39,pkix_pl_LdapResponse_GetMessage
0x2fbb96bb,0x2fbb96bb,pkix_pl_LdapResponse_GetMessageType
0x1f83bb8e,0x1f83bb8e,pkix_pl_LdapResponse_GetResultCode
0x702deba9,0x702deba9,pkix_pl_LdapResponse_IsComplete
0xa41e0763,0xa41e0763,pkix_pl_LdapResponse_RegisterSelf
0x9ebb43a4,0x9ebb43a4,pkix_pl_MonitorLock_RegisterSelf
0x10743066,0x10743066,pkix_pl_Mutex_RegisterSelf
0x9efe6b7b,0x9efe6b7b,pkix_pl_NssContext_GetCertSignatureCheck
0xcb2ded80,0xcb2ded80,pkix_pl_NssContext_GetCertUsage
0xbd6a4486,0xbd6a4486,pkix_pl_NssContext_GetWincx
0x6b9a2987,0x6b9a2987,pkix_pl_NssContext_SetCertSignatureCheck
0x16964e0c,0x16964e0c,pkix_pl_NssContext_SetCertUsage
0xd0803f12,0xd0803f12,pkix_pl_NssContext_SetWincx
0xd5eb2977,0xd5eb2977,pkix_pl_OID_GetCriticalExtensionOIDs
0x24f395ef,0x24f395ef,pkix_pl_OID_RegisterSelf
0x8477976a,0x8477976a,pkix_pl_Object_RegisterSelf
0x87303fd9,0x87303fd9,pkix_pl_Object_RetrieveEqualsCallback
0x6cff79c3,0x6cff79c3,pkix_pl_OcspCertID_RegisterSelf
0xfdf27236,0xfdf27236,pkix_pl_OcspRequest_Create
0xdd52e874,0xdd52e874,pkix_pl_OcspRequest_GetEncoded
0x4982879b,0x4982879b,pkix_pl_OcspRequest_GetLocation
0xd924eb91,0xd924eb91,pkix_pl_OcspRequest_RegisterSelf
0x5dca8d3c,0x5dca8d3c,pkix_pl_OcspResponse_Create
0x5f33980c,0x5f33980c,pkix_pl_OcspResponse_Decode
0xce3bf20c,0xce3bf20c,pkix_pl_OcspResponse_GetStatus
0x36d39a21,0x36d39a21,pkix_pl_OcspResponse_GetStatusForCert
0xed42b317,0xed42b317,pkix_pl_OcspResponse_RegisterSelf
0x2dec8b8f,0x2dec8b8f,pkix_pl_OcspResponse_VerifySignature
0x41935a0a,0x41935a0a,pkix_pl_Pk11CertStore_GetCert
0x1e8671d1,0x1e8671d1,pkix_pl_PrimHashTable_Add
0x1cd8c07c,0x1cd8c07c,pkix_pl_PrimHashTable_Create
0xe79fb7f2,0xe79fb7f2,pkix_pl_PrimHashTable_Destroy
0x6f58cc61,0x6f58cc61,pkix_pl_PrimHashTable_GetBucketSize
0x31a68b22,0x31a68b22,pkix_pl_PrimHashTable_Lookup
0x3eef8236,0x3eef8236,pkix_pl_PrimHashTable_Remove
0x52d94f9a,0x52d94f9a,pkix_pl_PrimHashTable_RemoveFIFO
0x6f48f27b,0x6f48f27b,pkix_pl_PublicKey_RegisterSelf
0xa95ccf05,0xa95ccf05,pkix_pl_RWLock_RegisterSelf
0x2a52a741,0x2a52a741,pkix_pl_Socket_Create
0x9d545d12,0x9d545d12,pkix_pl_Socket_CreateByHostAndPort
0x8968369d,0x8968369d,pkix_pl_Socket_CreateByName
0x46de9136,0x46de9136,pkix_pl_Socket_GetCallbackList
0x83c8c6ae,0x83c8c6ae,pkix_pl_Socket_GetPRFileDesc
0xead97cdc,0xead97cdc,pkix_pl_Socket_RegisterSelf
0xcee2086a,0xcee2086a,pkix_pl_String_RegisterSelf
0xfdbffe50,0xfdbffe50,pkix_pl_UInt32_Overflows
0xedfa4581,0xedfa4581,pkix_pl_X500Name_GetCERTName
0x2d9e2edc,0x2d9e2edc,pkix_pl_X500Name_GetCommonName
0xfc8f3647,0xfc8f3647,pkix_pl_X500Name_GetCountryName
0x1ddf4a6e,0x1ddf4a6e,pkix_pl_X500Name_GetDERName
0x8a2be95b,0x8a2be95b,pkix_pl_X500Name_GetOrgName
0xb0fc1c81,0xb0fc1c81,pkix_pl_X500Name_RegisterSelf
0xd0e36ae7,0xd0e36ae7,pkix_pl_helperBytes2Ascii
0xff01783b,0xff01783b,pkix_pl_initialized
0xcf92793b,0xcf92793b,pkix_pl_ipAddrBytes2Ascii
0xdea1a606,0xdea1a606,pkix_pl_lifecycle_ObjectLeakCheck
0x30112e3,0x030112e3,pkix_pl_oidBytes2Ascii
0xc8be291f,0xc8be291f,pkix_pl_socket_tracebuff
0xa7102a5,0x0a7102a5,pow
0xb9250bf,0x0b9250bf,pstackConnect
0x6ad072c8,0x6ad072c8,qsort
0x58923bf5,0x58923bf5,rcmd
0x5892433f,0x5892433f,recv
0x12979493,0x12979493,recvfrom
0x6adb0286,0x6adb0286,rexec
0xf8f76646,0xf8f76646,rresvport
0xed69993b,0xed69993b,s_perror
0x319b412d,0x319b412d,sec_DecodeRSAPSSParams
0xb483f25,0x0b483f25,sec_DecodeRSAPSSParamsToMechanism
0x3da73aa4,0x3da73aa4,sec_DecodeSigAlg
0x20f6f6be,0x20f6f6be,sec_GetEncAlgFromSigAlg
0x4e8cbd17,0x4e8cbd17,sec_pkcs5CreateAlgorithmID
0x719dc794,0x719dc794,sec_pkcs5GetCryptoFromAlgTag
0xdd6b3dd6,0xdd6b3dd6,sec_pkcs5_v2_destroy_v2_param
0xb6ef1bac,0xb6ef1bac,sec_pkcs5_v2_get_v2_param
0xc63d6c5d,0xc63d6c5d,seckey_GetKeyType
0x8fb33f45,0x8fb33f45,secmodCreateMutext
0xcbbe277b,0xcbbe277b,secmodDestroyMutext
0x36ecf51a,0x36ecf51a,secmodLockMutext
0x83f36a9d,0x83f36a9d,secmodUnlockMutext
0x2a0fae77,0x2a0fae77,secmod_AddModuleToList
0xabcf2b4d,0xabcf2b4d,secmod_FindModuleByFuncPtr
0x8a7e5cf1,0x8a7e5cf1,secmod_FindSlotFromModuleSpec
0x75b67e94,0x75b67e94,secmod_FreeChildren
0xc709d07d,0xc709d07d,secmod_FreeConfigList
0xd988439b,0xd988439b,secmod_GetConfigList
0x5026049d,0x5026049d,secmod_GetSlotIDFromModuleSpec
0xd3e77db5,0xd3e77db5,secmod_HandleWaitForSlotEvent
0x64f8544d,0x64f8544d,secmod_IsInternalKeySlot
0x379b59e2,0x379b59e2,secmod_LoadPKCS11Module
0xd2dd5088,0xd2dd5088,secmod_MatchConfigList
0xb499d289,0xb499d289,secmod_MkAppendTokensList
0x44267283,0x44267283,secmod_ModuleInit
0x7f561470,0x7f561470,secmod_ParseModuleSpecForTokens
0x308bafb,0x0308bafb,secmod_PolicyOnly
0x76798b3,0x076798b3,secmod_PrivateModuleCount
0x14b4f8f7,0x14b4f8f7,secmod_SetInternalKeySlotFlag
0xde036ef1,0xde036ef1,secmod_getOperationString
0xefc1edb6,0xefc1edb6,secmod_setPolicyOperation
0xc889e7af,0xc889e7af,select
0x5892d0f9,0x5892d0f9,send
0xc88afe5c,0xc88afe5c,sendto
0x1787f5e0,0x1787f5e0,service-winsvc-l
0xb0d1c48f,0xb0d1c48f,set_unexpected
0xfe33b2ba,0xfe33b2ba,sethostname
0xa74f2ab5,0xa74f2ab5,setipv4sourcefilter
0xf836e2de,0xf836e2de,setsockopt
0xb8a7f172,0xb8a7f172,setsourcefilter
0xd124b9de,0xd124b9de,sgn_DigestInfoTemplate
0xf9fa58b,0x0f9fa58b,shutdown
0xa710e99,0x0a710e99,sin
0xca0480f,0x0ca0480f,sndOpenSound
0x707b6014,0x707b6014,sndPlaySoundA
0x707b602a,0x707b602a,sndPlaySoundW
0xc93a0718,0xc93a0718,socket
0xf3de9015,0xf3de9015,sprintf
0x65c2f5e7,0x65c2f5e7,sprintf_s
0x3ee2f8c0,0x3ee2f8c0,sqlite3_activate_see
0xf786d7e,0x0f786d7e,sqlite3_aggregate_context
0x4bf1e262,0x4bf1e262,sqlite3_aggregate_count
0x25680248,0x25680248,sqlite3_auto_extension
0x4a702ac,0x04a702ac,sqlite3_autovacuum_pages
0xe88b7fa9,0xe88b7fa9,sqlite3_backup_finish
0x342c2afc,0x342c2afc,sqlite3_backup_init
0x6c3104ce,0x6c3104ce,sqlite3_backup_pagecount
0xcb25d7e2,0xcb25d7e2,sqlite3_backup_remaining
0x3431bfc4,0x3431bfc4,sqlite3_backup_step
0x490ce40e,0x490ce40e,sqlite3_bind_blob
0xbfd626b8,0xbfd626b8,sqlite3_bind_blob64
0xc4ba0eaa,0xc4ba0eaa,sqlite3_bind_double
0x8dd9b85a,0x8dd9b85a,sqlite3_bind_int
0x6b293e04,0x6b293e04,sqlite3_bind_int64
0x49139e8a,0x49139e8a,sqlite3_bind_null
0x3a4e95b8,0x3a4e95b8,sqlite3_bind_parameter_count
0x3aba52e7,0x3aba52e7,sqlite3_bind_parameter_index
0x6e654470,0x6e654470,sqlite3_bind_parameter_name
0xf6e44dd0,0xf6e44dd0,sqlite3_bind_pointer
0x4916a654,0x4916a654,sqlite3_bind_text
0xe95991db,0xe95991db,sqlite3_bind_text16
0xe959927e,0xe959927e,sqlite3_bind_text64
0x6c0d3dac,0x6c0d3dac,sqlite3_bind_value
0x2140be0e,0x2140be0e,sqlite3_bind_zeroblob
0x746880b8,0x746880b8,sqlite3_bind_zeroblob64
0x1a734b18,0x1a734b18,sqlite3_blob_bytes
0x1a7e2f27,0x1a7e2f27,sqlite3_blob_close
0x56297ee3,0x56297ee3,sqlite3_blob_open
0x562af4ad,0x562af4ad,sqlite3_blob_read
0x8cc2bd7a,0x8cc2bd7a,sqlite3_blob_reopen
0x1beb4a1c,0x1beb4a1c,sqlite3_blob_write
0x5181a573,0x5181a573,sqlite3_busy_handler
0xffd4463c,0xffd4463c,sqlite3_busy_timeout
0xc98d376d,0xc98d376d,sqlite3_cancel_auto_extension
0x9b9eba0c,0x9b9eba0c,sqlite3_changes
0xfe357436,0xfe357436,sqlite3_changes64
0xc03202a7,0xc03202a7,sqlite3_clear_bindings
0x14d6d989,0x14d6d989,sqlite3_close
0x6460f850,0x6460f850,sqlite3_close_v2
0x8be435dc,0x8be435dc,sqlite3_collation_needed
0x15c92363,0x15c92363,sqlite3_collation_needed16
0xd88f041f,0xd88f041f,sqlite3_column_blob
0xea76bee7,0xea76bee7,sqlite3_column_bytes
0x63221b2e,0x63221b2e,sqlite3_column_bytes16
0xea836109,0xea836109,sqlite3_column_count
0x4dcdf175,0x4dcdf175,sqlite3_column_database_name
0xf910293c,0xf910293c,sqlite3_column_database_name16
0x75349e9a,0x75349e9a,sqlite3_column_decltype
0x94d6b3a1,0x94d6b3a1,sqlite3_column_decltype16
0x3d4476fb,0x3d4476fb,sqlite3_column_double
0x449f9a4b,0x449f9a4b,sqlite3_column_int
0xeaef6035,0xeaef6035,sqlite3_column_int64
0xd89569a1,0xd89569a1,sqlite3_column_name
0x53965c68,0x53965c68,sqlite3_column_name16
0xd57f18e8,0xd57f18e8,sqlite3_column_origin_name
0x31a8f96f,0x31a8f96f,sqlite3_column_origin_name16
0xf4ba3848,0xf4ba3848,sqlite3_column_table_name
0xc2970cf,0x0c2970cf,sqlite3_column_table_name16
0xd898c665,0xd898c665,sqlite3_column_text
0x61e3fa2c,0x61e3fa2c,sqlite3_column_text16
0xd8991a62,0xd8991a62,sqlite3_column_type
0xebd35fdd,0xebd35fdd,sqlite3_column_value
0xc51625ec,0xc51625ec,sqlite3_commit_hook
0xcfe4a834,0xcfe4a834,sqlite3_compileoption_get
0xcc8195e5,0xcc8195e5,sqlite3_compileoption_used
0x46727bac,0x46727bac,sqlite3_complete
0xad001d33,0xad001d33,sqlite3_complete16
0xafe79149,0xafe79149,sqlite3_config
0xf8f32348,0xf8f32348,sqlite3_context_db_handle
0x535ceeeb,0x535ceeeb,sqlite3_create_collation
0x9e545c32,0x9e545c32,sqlite3_create_collation16
0x68e0aa72,0x68e0aa72,sqlite3_create_collation_v2
0xca6b4627,0xca6b4627,sqlite3_create_filename
0x6aafac0c,0x6aafac0c,sqlite3_create_function
0xd54ae593,0xd54ae593,sqlite3_create_function16
0x7ea85ff3,0x7ea85ff3,sqlite3_create_function_v2
0xcfce4aec,0xcfce4aec,sqlite3_create_module
0x8e2512d3,0x8e2512d3,sqlite3_create_module_v2
0xd0c3083,0x0d0c3083,sqlite3_create_window_function
0x718b2015,0x718b2015,sqlite3_data_count
0x71973ca1,0x71973ca1,sqlite3_data_directory
0x9dcce91d,0x9dcce91d,sqlite3_database_file_object
0x27f3c96e,0x27f3c96e,sqlite3_db_cacheflush
0xd566c64e,0xd566c64e,sqlite3_db_config
0xbc5fe8b9,0xbc5fe8b9,sqlite3_db_filename
0xe0133244,0xe0133244,sqlite3_db_handle
0x73caf9eb,0x73caf9eb,sqlite3_db_mutex
0xdcb8c999,0xdcb8c999,sqlite3_db_name
0x81d2dc76,0x81d2dc76,sqlite3_db_readonly
0x5d45dc51,0x5d45dc51,sqlite3_db_release_memory
0xfb0ce71c,0xfb0ce71c,sqlite3_db_status
0xce2a8a6,0x0ce2a8a6,sqlite3_dbdata_init
0x8f43ed8f,0x8f43ed8f,sqlite3_declare_vtab
0x13ebcd04,0x13ebcd04,sqlite3_deserialize
0x9ba7c8e0,0x9ba7c8e0,sqlite3_drop_modules
0xe174e1b5,0xe174e1b5,sqlite3_enable_load_extension
0xc4c6aea3,0xc4c6aea3,sqlite3_enable_shared_cache
0x4e148417,0x4e148417,sqlite3_errcode
0xb4ca7ca3,0xb4ca7ca3,sqlite3_errmsg
0x115c37ea,0x115c37ea,sqlite3_errmsg16
0xce9af3e3,0xce9af3e3,sqlite3_error_offset
0xb4ca9655,0xb4ca9655,sqlite3_errstr
0x75000b38,0x75000b38,sqlite3_exec
0xa10e16eb,0xa10e16eb,sqlite3_expanded_sql
0x5bf29e04,0x5bf29e04,sqlite3_expired
0xe7b2087,0x0e7b2087,sqlite3_extended_errcode
0x6b35edaf,0x6b35edaf,sqlite3_extended_result_codes
0x3ec1b9d3,0x3ec1b9d3,sqlite3_file_control
0x3715a728,0x3715a728,sqlite3_filename_database
0x2e5c19ce,0x2e5c19ce,sqlite3_filename_journal
0xef270b37,0xef270b37,sqlite3_filename_wal
0x3ea058a5,0x3ea058a5,sqlite3_finalize
0x75007e15,0x75007e15,sqlite3_free
0x1b2a2c75,0x1b2a2c75,sqlite3_free_filename
0x931cdf5c,0x931cdf5c,sqlite3_free_table
0x19c397ad,0x19c397ad,sqlite3_fts3_may_be_corrupt
0x80c83034,0x80c83034,sqlite3_get_autocommit
0x1829891a,0x1829891a,sqlite3_get_auxdata
0x61e0ec8b,0x61e0ec8b,sqlite3_get_clientdata
0xea84b63a,0xea84b63a,sqlite3_get_table
0x95556419,0x95556419,sqlite3_global_recover
0x420fd177,0x420fd177,sqlite3_hard_heap_limit64
0xcc5889e5,0xcc5889e5,sqlite3_initialize
0xe50d66a0,0xe50d66a0,sqlite3_interrupt
0xe58479a4,0xe58479a4,sqlite3_is_interrupted
0xd500177c,0xd500177c,sqlite3_key
0xc1e25563,0xc1e25563,sqlite3_key_v2
0x563c4e95,0x563c4e95,sqlite3_keyword_check
0x56406ac0,0x56406ac0,sqlite3_keyword_count
0x296c9878,0x296c9878,sqlite3_keyword_name
0xa986dfbf,0xa986dfbf,sqlite3_last_insert_rowid
0xae1482f0,0xae1482f0,sqlite3_libversion
0xc8623f98,0xc8623f98,sqlite3_libversion_number
0x15780732,0x15780732,sqlite3_limit
0x77e48b2f,0x77e48b2f,sqlite3_load_extension
0xd5001cf5,0xd5001cf5,sqlite3_log
0xc63cd20b,0xc63cd20b,sqlite3_malloc
0x48b987f5,0x48b987f5,sqlite3_malloc64
0xd3697758,0xd3697758,sqlite3_memory_alarm
0xf18ada2e,0xf18ada2e,sqlite3_memory_highwater
0x6b4c577c,0x6b4c577c,sqlite3_memory_used
0xb13f60f3,0xb13f60f3,sqlite3_mprintf
0x158f8c9b,0x158f8c9b,sqlite3_msize
0x7a82a510,0x7a82a510,sqlite3_mutex_alloc
0x7acc40a3,0x7acc40a3,sqlite3_mutex_enter
0xd52d95a7,0xd52d95a7,sqlite3_mutex_free
0x7b45ae12,0x7b45ae12,sqlite3_mutex_leave
0x2d3facc4,0x2d3facc4,sqlite3_mutex_try
0x34fd3a79,0x34fd3a79,sqlite3_next_stmt
0x75056505,0x75056505,sqlite3_open
0xcbf2c0cc,0xcbf2c0cc,sqlite3_open16
0x4a4ba24c,0x4a4ba24c,sqlite3_open_v2
0xcc3729ab,0xcc3729ab,sqlite3_os_end
0x531e9188,0x531e9188,sqlite3_os_init
0x232e1114,0x232e1114,sqlite3_overload_function
0x9bf0c902,0x9bf0c902,sqlite3_prepare
0x5b471809,0x5b471809,sqlite3_prepare16
0x7716a6d0,0x7716a6d0,sqlite3_prepare16_v2
0x7716a6d1,0x7716a6d1,sqlite3_prepare16_v3
0xc42ae129,0xc42ae129,sqlite3_prepare_v2
0xc42ae12a,0xc42ae12a,sqlite3_prepare_v3
0x9ca06384,0x9ca06384,sqlite3_profile
0x4b9bfc85,0x4b9bfc85,sqlite3_progress_handler
0xe2e4640d,0xe2e4640d,sqlite3_randomness
0x1747cd35,0x1747cd35,sqlite3_realloc
0x86ff59f,0x086ff59f,sqlite3_realloc64
0x15e25fb3,0x15e25fb3,sqlite3_rekey
0x171dc63a,0x171dc63a,sqlite3_rekey_v2
0x1ef3724c,0x1ef3724c,sqlite3_release_memory
0x15e281b6,0x15e281b6,sqlite3_reset
0x9530028a,0x9530028a,sqlite3_reset_auto_extension
0x70ffc5b0,0x70ffc5b0,sqlite3_result_blob
0xb007f8da,0xb007f8da,sqlite3_result_blob64
0xb4ebe0cc,0xb4ebe0cc,sqlite3_result_double
0x91321e3b,0x91321e3b,sqlite3_result_error
0xa6329f82,0xa6329f82,sqlite3_result_error16
0xabb26975,0xabb26975,sqlite3_result_error_code
0x22c6cc36,0x22c6cc36,sqlite3_result_error_nomem
0x89a0527e,0x89a0527e,sqlite3_result_error_toobig
0x6845edbc,0x6845edbc,sqlite3_result_int
0x917853e6,0x917853e6,sqlite3_result_int64
0x7106802c,0x7106802c,sqlite3_result_null
0xed506432,0xed506432,sqlite3_result_pointer
0xe1c2c39d,0xe1c2c39d,sqlite3_result_subtype
0x710987f6,0x710987f6,sqlite3_result_text
0xd98b63fd,0xd98b63fd,sqlite3_result_text16
0x69f46004,0x69f46004,sqlite3_result_text16be
0x69f4614e,0x69f4614e,sqlite3_result_text16le
0xd98b64a0,0xd98b64a0,sqlite3_result_text64
0x925c538e,0x925c538e,sqlite3_result_value
0xe52fa0b0,0xe52fa0b0,sqlite3_result_zeroblob
0xef9a93da,0xef9a93da,sqlite3_result_zeroblob64
0x64d6570d,0x64d6570d,sqlite3_rollback_hook
0xe7560b2c,0xe7560b2c,sqlite3_rtree_geometry_callback
0x67317716,0x67317716,sqlite3_rtree_query_callback
0x91c2611b,0x91c2611b,sqlite3_serialize
0x492570cb,0x492570cb,sqlite3_set_authorizer
0x58820826,0x58820826,sqlite3_set_auxdata
0x28e3a017,0x28e3a017,sqlite3_set_clientdata
0x7362d0ca,0x7362d0ca,sqlite3_set_last_insert_rowid
0x2a58f6f,0x02a58f6f,sqlite3_shutdown
0x15f8354c,0x15f8354c,sqlite3_sleep
0xc4b7b907,0xc4b7b907,sqlite3_snprintf
0xdb65152a,0xdb65152a,sqlite3_soft_heap_limit
0x48ff0ed4,0x48ff0ed4,sqlite3_soft_heap_limit64
0x1d584ef1,0x1d584ef1,sqlite3_sourceid
0xd5003b03,0xd5003b03,sqlite3_sql
0xd58db217,0xd58db217,sqlite3_status
0x6fc29b01,0x6fc29b01,sqlite3_status64
0x7507a78f,0x7507a78f,sqlite3_step
0x47cfefd,0x047cfefd,sqlite3_stmt_busy
0xfc80ddcb,0xfc80ddcb,sqlite3_stmt_explain
0x23264a87,0x23264a87,sqlite3_stmt_isexplain
0xb1db8178,0xb1db8178,sqlite3_stmt_readonly
0x3f44639e,0x3f44639e,sqlite3_stmt_status
0x3b263ce3,0x3b263ce3,sqlite3_str_append
0x52ca549c,0x52ca549c,sqlite3_str_appendall
0xac15eec1,0xac15eec1,sqlite3_str_appendchar
0x9fedd989,0x9fedd989,sqlite3_str_appendf
0xd8a43a4f,0xd8a43a4f,sqlite3_str_errcode
0x4650556c,0x4650556c,sqlite3_str_finish
0x5406decd,0x5406decd,sqlite3_str_length
0x887d7e75,0x887d7e75,sqlite3_str_new
0x9e1f49ee,0x9e1f49ee,sqlite3_str_reset
0x9e655ea8,0x9e655ea8,sqlite3_str_value
0x7d283a7f,0x7d283a7f,sqlite3_str_vappendf
0x88704e10,0x88704e10,sqlite3_strglob
0x88714055,0x88714055,sqlite3_stricmp
0x8872feb1,0x8872feb1,sqlite3_strlike
0x96f6e523,0x96f6e523,sqlite3_strnicmp
0x2842b81d,0x2842b81d,sqlite3_system_errno
0xedf7be88,0xedf7be88,sqlite3_table_column_metadata
0xdcde0ddd,0xdcde0ddd,sqlite3_temp_directory
0xc6329713,0xc6329713,sqlite3_test_control
0x66efcbf2,0x66efcbf2,sqlite3_thread_cleanup
0xf719c36a,0xf719c36a,sqlite3_threadsafe
0x357e020f,0x357e020f,sqlite3_total_changes
0x8d06c8f9,0x8d06c8f9,sqlite3_total_changes64
0x160d86c2,0x160d86c2,sqlite3_trace
0xc0d3c6e9,0xc0d3c6e9,sqlite3_trace_v2
0xcad7fd05,0xcad7fd05,sqlite3_transfer_bindings
0x8fd422ed,0x8fd422ed,sqlite3_txn_state
0xb586a8ea,0xb586a8ea,sqlite3_unsupported_selecttrace
0x29f2bce6,0x29f2bce6,sqlite3_update_hook
0xd4c8d462,0xd4c8d462,sqlite3_uri_boolean
0xf92a7477,0xf92a7477,sqlite3_uri_int64
0x1d24bd6b,0x1d24bd6b,sqlite3_uri_key
0x6b5d0e43,0x6b5d0e43,sqlite3_uri_parameter
0x94b8988b,0x94b8988b,sqlite3_user_data
0x2114b30e,0x2114b30e,sqlite3_value_blob
0x43b24bb6,0x43b24bb6,sqlite3_value_bytes
0xf97417bd,0xf97417bd,sqlite3_value_bytes16
0xbdf19daa,0xbdf19daa,sqlite3_value_double
0x8ca392f8,0x8ca392f8,sqlite3_value_dup
0x770163d6,0x770163d6,sqlite3_value_encoding
0x2116fcd1,0x2116fcd1,sqlite3_value_free
0xb304c980,0xb304c980,sqlite3_value_frombind
0x8ca3a75a,0x8ca3a75a,sqlite3_value_int
0x442aed04,0x442aed04,sqlite3_value_int64
0x11cbe032,0x11cbe032,sqlite3_value_nochange
0xeb92a3c3,0xeb92a3c3,sqlite3_value_numeric_type
0x170dbcd0,0x170dbcd0,sqlite3_value_pointer
0xb801c3b,0x0b801c3b,sqlite3_value_subtype
0x211e7554,0x211e7554,sqlite3_value_text
0xe29120db,0xe29120db,sqlite3_value_text16
0xcb5ccc62,0xcb5ccc62,sqlite3_value_text16be
0xcb5ccdac,0xcb5ccdac,sqlite3_value_text16le
0x211ec951,0x211ec951,sqlite3_value_type
0x4c682ab9,0x4c682ab9,sqlite3_version
0x29944ee2,0x29944ee2,sqlite3_vfs_find
0x36674786,0x36674786,sqlite3_vfs_register
0x6804ea09,0x6804ea09,sqlite3_vfs_unregister
0x3c82fae9,0x3c82fae9,sqlite3_vmprintf
0xb86e91bd,0xb86e91bd,sqlite3_vsnprintf
0xbad6b6c4,0xbad6b6c4,sqlite3_vtab_collation
0x973e1eb5,0x973e1eb5,sqlite3_vtab_config
0x8a4c5141,0x8a4c5141,sqlite3_vtab_distinct
0x6e28f5f6,0x6e28f5f6,sqlite3_vtab_in
0xc3794cfd,0xc3794cfd,sqlite3_vtab_in_first
0x4bc22e54,0x4bc22e54,sqlite3_vtab_in_next
0x6c8bfbe2,0x6c8bfbe2,sqlite3_vtab_nochange
0x8611b0ad,0x8611b0ad,sqlite3_vtab_on_conflict
0x60efd5c8,0x60efd5c8,sqlite3_vtab_rhs_value
0xb2b0f9b7,0xb2b0f9b7,sqlite3_wal_autocheckpoint
0x2c9e321e,0x2c9e321e,sqlite3_wal_checkpoint
0x6b5b04c5,0x6b5b04c5,sqlite3_wal_checkpoint_v2
0x84a00a07,0x84a00a07,sqlite3_wal_hook
0xbb873502,0xbb873502,sqlite3_win32_is_nt
0xfd47c1b2,0xfd47c1b2,sqlite3_win32_mbcs_to_utf8
0x361f5bd9,0x361f5bd9,sqlite3_win32_mbcs_to_utf8_v2
0x5a0a1605,0x5a0a1605,sqlite3_win32_set_directory
0x4e7b1cc,0x04e7b1cc,sqlite3_win32_set_directory16
0x9b4cd6dd,0x9b4cd6dd,sqlite3_win32_set_directory8
0xbc37e39e,0xbc37e39e,sqlite3_win32_sleep
0x6a412314,0x6a412314,sqlite3_win32_unicode_to_utf8
0xa86283b2,0xa86283b2,sqlite3_win32_utf8_to_mbcs
0xad5addd9,0xad5addd9,sqlite3_win32_utf8_to_mbcs_v2
0x318e3214,0x318e3214,sqlite3_win32_utf8_to_unicode
0x9b160ef6,0x9b160ef6,sqlite3_win32_write_debug
0x58930499,0x58930499,sqrt
0xe66e818a,0xe66e818a,srcfiles
0xc9823fad,0xc9823fad,sscanf
0x3310eb7f,0x3310eb7f,sscanf_s
0xcfd6b0e9,0xcfd6b0e9,stack_force_ebp
0x7b835692,0x7b835692,stackdbg
0xc99c98c0,0xc99c98c0,strcat
0xa325d552,0xa325d552,strcat_s
0xc99c99a5,0xc99c99a5,strchr
0xc99c9a48,0xc99c9a48,strcmp
0xc99c9ab4,0xc99c9ab4,strcpy
0xa32e2446,0xa32e2446,strcpy_s
0xfd2ffd1c,0xfd2ffd1c,strcspn
0x13fb9b1b,0x13fb9b1b,stringFromUserNotice
0xc99cbf87,0xc99cbf87,strlen
0xfd35bf4e,0xfd35bf4e,strncat
0x21a2d760,0x21a2d760,strncat_s
0xfd35c0d6,0xfd35c0d6,strncmp
0xfd35c142,0xfd35c142,strncpy
0x21ab2654,0x21ab2654,strncpy_s
0xfd35e615,0xfd35e615,strnlen
0xfd36d5f7,0xfd36d5f7,strpbrk
0xfd37f1b7,0xfd37f1b7,strrchr
0xc99cdeb9,0xc99cdeb9,strspn
0xc99cdf41,0xc99cdf41,strstr
0xa460fce8,0xa460fce8,strtok_s
0xc99ce2d7,0xc99ce2d7,strtol
0xfd393f2c,0xfd393f2c,strtoul
0x867df1ec,0x867df1ec,swprintf
0x1dc2297e,0x1dc2297e,swprintf_s
0x199c8836,0x199c8836,swscanf_s
0xa7110a8,0x0a7110a8,sym
0xc9f49ba3,0xc9f49ba3,symsrv
0xa0647ac2,0xa0647ac2,systemClasses
0xa7111d2,0x0a7111d2,tan
0xba0bdde3,0xba0bdde3,th_comment_clear
0xb05142d0,0xb05142d0,th_comment_init
0xe2b247d8,0xe2b247d8,th_decode_alloc
0xc10fff6f,0xc10fff6f,th_decode_free
0xa55f348d,0xa55f348d,th_decode_headerin
0xd8adeddc,0xd8adeddc,th_decode_packetin
0x809d2bd7,0x809d2bd7,th_decode_ycbcr_out
0x3ae78962,0x3ae78962,th_granule_frame
0x2e3eb59c,0x2e3eb59c,th_info_clear
0x473b8769,0x473b8769,th_info_init
0x903a2286,0x903a2286,th_packet_isheader
0x84393d91,0x84393d91,th_packet_iskeyframe
0xd6b9b2dc,0xd6b9b2dc,th_setup_free
0x8846209a,0x8846209a,tid32Message
0xbdb63786,0xbdb63786,timeBeginPeriod
0xc69b4e38,0xc69b4e38,timeEndPeriod
0xb2619184,0xb2619184,timeGetDevCaps
0xa9dc5852,0xa9dc5852,timeGetSystemTime
0x1717644d,0x1717644d,timeGetTime
0x42bc2fcc,0x42bc2fcc,timeKillEvent
0xc11794c,0x0c11794c,timeSetEvent
0x3e1a7fdb,0x3e1a7fdb,tolower
0x3ebdcafe,0x3ebdcafe,toupper
0x1ad8d8d2,0x1ad8d8d2,towlower
0x1b7c23f5,0x1b7c23f5,towupper
0xc428bf24,0xc428bf24,unexpected
0x36301458,0x36301458,uprofiler_backtrace_into_buffer
0x5629e066,0x5629e066,uprofiler_get
0xf1a443dd,0xf1a443dd,uprofiler_is_active
0x4c420e4c,0x4c420e4c,uprofiler_native_backtrace
0x92b57802,0x92b57802,uprofiler_register_thread
0xc8193df2,0xc8193df2,uprofiler_simple_event_marker
0xcf6ddfa,0x0cf6ddfa,uprofiler_simple_event_marker_capture_stack
0x4de45442,0x4de45442,uprofiler_simple_event_marker_with_stack
0x15ec2e65,0x15ec2e65,uprofiler_unregister_thread
0xb71bd0dc,0xb71bd0dc,vDbgPrintEx
0x769a4c6,0x0769a4c6,vDbgPrintExWithPrefix
0xc5763cbd,0xc5763cbd,vSetDdrawflag
0xcf59b284,0xcf59b284,vc7fpo
0x57e784e6,0x57e784e6,vfy_ImportPublicKey
0xa705a467,0xa705a467,vorbis_analysis
0x7c7dd229,0x7c7dd229,vorbis_analysis_blockout
0x5b3c8800,0x5b3c8800,vorbis_analysis_buffer
0x1d90ba47,0x1d90ba47,vorbis_analysis_headerout
0x574ff1da,0x574ff1da,vorbis_analysis_init
0x424dcf77,0x424dcf77,vorbis_analysis_wrote
0xf723ea61,0xf723ea61,vorbis_bitrate_addblock
0x3ed47be7,0x3ed47be7,vorbis_bitrate_flushpacket
0xd2b03db4,0xd2b03db4,vorbis_block_clear
0xb1106c81,0xb1106c81,vorbis_block_init
0x59a0c5f9,0x59a0c5f9,vorbis_comment_add_tag
0x1d27c97c,0x1d27c97c,vorbis_comment_clear
0xf1619f49,0xf1619f49,vorbis_comment_init
0x2fe23b30,0x2fe23b30,vorbis_dsp_clear
0x1caf29d3,0x1caf29d3,vorbis_encode_ctl
0x8729ebf4,0x8729ebf4,vorbis_encode_setup_init
0x39d300cd,0x39d300cd,vorbis_encode_setup_managed
0xcdcb2d6a,0xcdcb2d6a,vorbis_encode_setup_vbr
0x306b9fd5,0x306b9fd5,vorbis_info_clear
0xb3e78e82,0xb3e78e82,vorbis_info_init
0xdba11420,0xdba11420,vorbis_packet_blocksize
0xd9717f8d,0xd9717f8d,vorbis_synthesis
0xdb000b8e,0xdb000b8e,vorbis_synthesis_blockin
0x891b8cac,0x891b8cac,vorbis_synthesis_headerin
0xf700b4c0,0xf700b4c0,vorbis_synthesis_init
0xc9901b24,0xc9901b24,vorbis_synthesis_pcmout
0xf7057cc8,0xf7057cc8,vorbis_synthesis_read
0x9aa14651,0x9aa14651,vorbis_synthesis_restart
0x311e1ae,0x0311e1ae,vpx_codec_build_config
0x242e85a9,0x242e85a9,vpx_codec_control_
0x2b386894,0x2b386894,vpx_codec_dec_init_ver
0x8057984d,0x8057984d,vpx_codec_decode
0x8c6f2513,0x8c6f2513,vpx_codec_destroy
0xceb62838,0xceb62838,vpx_codec_enc_config_default
0x7010aebf,0x7010aebf,vpx_codec_enc_config_set
0x9d8064e8,0x9d8064e8,vpx_codec_enc_init_multi_ver
0xc6e253e,0x0c6e253e,vpx_codec_enc_init_ver
0x834f9d77,0x834f9d77,vpx_codec_encode
0xb66c72ea,0xb66c72ea,vpx_codec_err_to_string
0x785a3053,0x785a3053,vpx_codec_error
0x74e75425,0x74e75425,vpx_codec_error_detail
0xe22d062f,0xe22d062f,vpx_codec_get_caps
0x892007bc,0x892007bc,vpx_codec_get_cx_data
0x280d27b3,0x280d27b3,vpx_codec_get_frame
0x8086f3f0,0x8086f3f0,vpx_codec_set_frame_buffer_functions
0xf5f49f6f,0xf5f49f6f,vpx_codec_version
0x153a4327,0x153a4327,vpx_codec_version_str
0xab15bd01,0xab15bd01,vpx_codec_vp8_cx
0xab15bd22,0xab15bd22,vpx_codec_vp8_dx
0xab164962,0xab164962,vpx_codec_vp9_cx
0xab164983,0xab164983,vpx_codec_vp9_dx
0xcf5fdd53,0xcf5fdd53,vpx_img_alloc
0x2553518a,0x2553518a,vpx_img_free
0x255ca382,0x255ca382,vpx_img_wrap
0x175a7d8b,0x175a7d8b,vsprintf
0x57f018dd,0x57f018dd,vsprintf_s
0x5593ab34,0x5593ab34,vswprintf_s
0xe84296fc,0xe84296fc,waveInAddBuffer
0x4cf3f1ef,0x4cf3f1ef,waveInClose
0x9d3c15e0,0x9d3c15e0,waveInGetDevCapsA
0x9d3c15f6,0x9d3c15f6,waveInGetDevCapsW
0xdd91b5e9,0xdd91b5e9,waveInGetErrorTextA
0xdd91b5ff,0xdd91b5ff,waveInGetErrorTextW
0x4d389146,0x4d389146,waveInGetID
0xdda708fb,0xdda708fb,waveInGetNumDevs
0xab8fd60e,0xab8fd60e,waveInGetPosition
0x4b72c73e,0x4b72c73e,waveInMessage
0xcc0e08ab,0xcc0e08ab,waveInOpen
0xa9daf811,0xa9daf811,waveInPrepareHeader
0x4dff9a1c,0x4dff9a1c,waveInReset
0x4e19a167,0x4e19a167,waveInStart
0xcc104c7f,0xcc104c7f,waveInStop
0x213bb274,0x213bb274,waveInUnprepareHeader
0xc3e19c39,0xc3e19c39,waveOutBreakLoop
0xb6d7f870,0xb6d7f870,waveOutClose
0x89a53921,0x89a53921,waveOutGetDevCapsA
0x89a53937,0x89a53937,waveOutGetDevCapsW
0x88d0ad6a,0x88d0ad6a,waveOutGetErrorTextA
0x88d0ad80,0x88d0ad80,waveOutGetErrorTextW
0xb71c97c7,0xb71c97c7,waveOutGetID
0x41e8481c,0x41e8481c,waveOutGetNumDevs
0x5592e12,0x05592e12,waveOutGetPitch
0xc1dccc8d,0xc1dccc8d,waveOutGetPlaybackRate
0x97f8f94f,0x97f8f94f,waveOutGetPosition
0xbee66192,0xbee66192,waveOutGetVolume
0xbe7271ff,0xbe7271ff,waveOutMessage
0x2c5ac30c,0x2c5ac30c,waveOutOpen
0xb7bd4858,0xb7bd4858,waveOutPause
0x5519ef92,0x5519ef92,waveOutPrepareHeader
0xb7e3a09d,0xb7e3a09d,waveOutReset
0x3f562f9f,0x3f562f9f,waveOutRestart
0x186f289e,0x186f289e,waveOutSetPitch
0x6935f199,0x6935f199,waveOutSetPlaybackRate
0x34bbad9e,0x34bbad9e,waveOutSetVolume
0x98168e35,0x98168e35,waveOutUnprepareHeader
0xb8451365,0xb8451365,waveOutWrite
0xd1be2714,0xd1be2714,wcscat
0x39e448a6,0x39e448a6,wcscat_s
0xd1be27f9,0xd1be27f9,wcschr
0xd1be289c,0xd1be289c,wcscmp
0xd1be2908,0xd1be2908,wcscpy
0x39ec979a,0x39ec979a,wcscpy_s
0x98355f0,0x098355f0,wcscspn
0xd1be4ddb,0xd1be4ddb,wcslen
0x9891822,0x09891822,wcsncat
0x902fb534,0x902fb534,wcsncat_s
0x98919aa,0x098919aa,wcsncmp
0x9891a16,0x09891a16,wcsncpy
0x90380428,0x90380428,wcsncpy_s
0x9893ee9,0x09893ee9,wcsnlen
0x98a2ecb,0x098a2ecb,wcspbrk
0x98b4a8b,0x098b4a8b,wcsrchr
0xd1be6d0d,0xd1be6d0d,wcsspn
0xd1be6d95,0xd1be6d95,wcsstr
0xd1be712b,0xd1be712b,wcstol
0x3b1f7501,0x3b1f7501,wcstombs
0x98c9800,0x098c9800,wcstoul
0x1b2038bd,0x1b2038bd,wid32Message
0x47f4209c,0x47f4209c,winmmDbgOut
0xa8ad7402,0xa8ad7402,winmmSetDebugLevel
0x15d34d32,0x15d34d32,winmmbaseFreeMMEHandles
0xbfcc689b,0xbfcc689b,winmmbaseGetWOWHandle
0x7911a68a,0x7911a68a,winmmbaseHandle32FromHandle16
0xb34c927,0x0b34c927,winmmbaseSetWOWHandle
0x54fe5b3b,0x54fe5b3b,wnsprintfA
0x54fe5b51,0x54fe5b51,wnsprintfW
0x3b4c7843,0x3b4c7843,wod32Message
0x19823247,0x19823247,wrapMechanismCount
0xd23f153a,0xd23f153a,wrapMechanismList
0x7726a02d,0x7726a02d,wsprintfA
0x7726a043,0x7726a043,wsprintfW
0xe220111,0x0e220111,wvnsprintfA
0xe220127,0x0e220127,wvnsprintfW
0xf8e1e343,0xf8e1e343,wvsprintfA
0xf8e1e359,0xf8e1e359,wvsprintfW
0x65b18ef6,0x65b18ef6,zeroStdVars
